drug_id,drug_name,molecule_types,first_approval,approved_crohn_chembl,approved_crohn_label_or_regulator,known_crohn_indication,has_curated_moa,has_human_moa,linked_nc_genes,linked_genetic_genes,direction_assessable_genes,direction_consistency,human_moa_signature,matched_crohn_trial_count,genetic_score,combined_score,direction_score
CHEMBL1000,CETIRIZINE,"[""Small molecule""]",1995,False,False,False,True,True,[],[],[],[],"[[""CHEMBL231"", ""ANTAGONIST""]]",0,0,0.0,0.0
CHEMBL100116,PENTAZOCINE,"[""Small molecule""]",1967,False,False,False,True,True,[],[],[],[],"[[""CHEMBL287"", ""MODULATOR""]]",0,0,0,0
CHEMBL1002,LEVOSALBUTAMOL,"[""Small molecule""]",1999,False,False,False,True,True,[],[],[],[],"[[""CHEMBL210"", ""AGONIST""]]",0,0,0.0,0.0
CHEMBL1004,DOXYLAMINE,"[""Small molecule""]",1948,False,False,False,True,True,[],[],[],[],"[[""CHEMBL231"", ""ANTAGONIST""]]",0,0,0.0,0.0
CHEMBL1005,REMIFENTANIL,"[""Small molecule""]",1996,False,False,False,True,True,[],[],[],[],"[[""CHEMBL233"", ""AGONIST""]]",0,0,0.0,0.0
CHEMBL1006,AMIFOSTINE,"[""Small molecule""]",1995,False,False,False,True,False,[],[],[],[],[],0,0,0,0
CHEMBL1007,GONADORELIN,"[""Protein""]",1982,False,False,False,True,True,[],[],[],[],"[[""CHEMBL1855"", ""AGONIST""]]",0,0,0,0
CHEMBL1008,BEPRIDIL,"[""Small molecule""]",1990,False,False,False,True,True,"[""CACNA1C"", ""CACNA1E"", ""CACNA1H"", ""CACNA1I""]",[],[],[],"[[""CHEMBL2363032"", ""BLOCKER""]]",0,0,0.010619848119575958,0.010619848119575958
CHEMBL1009,LEVODOPA,"[""Small molecule""]",1970,False,False,False,True,True,[],[],[],[],"[[""CHEMBL234"", ""AGONIST""]]",0,0,0,0
CHEMBL1013,LORACARBEF ANHYDROUS,"[""Small molecule""]",1991,False,False,False,True,False,[],[],[],[],[],0,0,0,0
CHEMBL1014,CANDESARTAN CILEXETIL,"[""Small molecule""]",1998,False,False,False,True,True,[],[],[],[],"[[""CHEMBL227"", ""ANTAGONIST""]]",0,0,0.0,0.0
CHEMBL1015,EVANS BLUE FREE ACID,"[""Small molecule""]",1982,False,False,False,False,False,[],[],[],[],[],0,0,0,0
CHEMBL1017,TELMISARTAN,"[""Small molecule""]",1998,False,False,False,True,True,[],[],[],[],"[[""CHEMBL227"", ""ANTAGONIST""]]",0,0,0.0,0.0
CHEMBL1020,TOLMETIN,"[""Small molecule""]",1976,False,False,False,True,True,"[""PTGS2""]",[],[],[],"[[""CHEMBL2094253"", ""INHIBITOR""]]",0,0,0.08012979869524581,0.08012979869524581
CHEMBL1021,NEPAFENAC,"[""Small molecule""]",2005,False,False,False,True,True,"[""PTGS2""]",[],[],[],"[[""CHEMBL2094253"", ""INHIBITOR""]]",0,0,0.08012979869524581,0.08012979869524581
CHEMBL1023,BEXAROTENE,"[""Small molecule""]",1999,False,False,False,True,True,[],[],[],[],"[[""CHEMBL2363070"", ""AGONIST""]]",0,0,0.0,0.0
CHEMBL1024,IFOSFAMIDE,"[""Small molecule""]",1988,False,False,False,True,False,[],[],[],[],[],0,0,0,0
CHEMBL1025,ISOFLUROPHATE,"[""Small molecule""]",1957,False,False,False,True,True,"[""ACHE""]",[],[],[],"[[""CHEMBL220"", ""INHIBITOR""]]",0,0,0.0037763442209485785,0.0037763442209485785
CHEMBL1027,TIAGABINE,"[""Small molecule""]",1997,False,False,False,True,True,[],[],[],[],"[[""CHEMBL1903"", ""INHIBITOR""]]",0,0,0,0
CHEMBL1029,MIGLUSTAT,"[""Small molecule""]",2002,False,False,False,True,True,[],[],[],[],"[[""CHEMBL2063"", ""INHIBITOR""]]",0,0,0,0
CHEMBL103,PROGESTERONE,"[""Small molecule""]",1976,False,False,False,True,True,"[""PGR""]",[],[],[],"[[""CHEMBL208"", ""AGONIST""]]",0,0,0.003002948450748786,0.003002948450748786
CHEMBL1037,GUANADREL,"[""Small molecule""]",1982,False,False,False,True,True,[],[],[],[],"[[""CHEMBL222"", ""SUBSTRATE""]]",0,0,0.0,0.0
CHEMBL104,CLOTRIMAZOLE,"[""Small molecule""]",1975,False,False,False,True,False,[],[],[],[],[],0,0,0,0
CHEMBL1040,CALCIFEDIOL ANHYDROUS,"[""Small molecule""]",1980,False,False,False,True,True,[],[],[],[],"[[""CHEMBL1977"", ""AGONIST""]]",0,0,0.0,0.0
CHEMBL1042,CHOLECALCIFEROL,"[""Small molecule""]",1999,False,False,False,True,True,[],[],[],[],"[[""CHEMBL1977"", ""AGONIST""]]",3,0,0.0,0.0
CHEMBL1043,DAPSONE,"[""Small molecule""]",1979,False,False,False,True,False,[],[],[],[],[],0,0,0,0
CHEMBL1046,AMINOCAPROIC ACID,"[""Small molecule""]",1964,False,False,False,True,True,[],[],[],[],"[[""CHEMBL1801"", ""INHIBITOR""], [""CHEMBL1873"", ""INHIBITOR""]]",0,0,0.0,0.0
CHEMBL105,MITOMYCIN,"[""Small molecule""]",1981,False,False,False,True,False,[],[],[],[],[],0,0,0,0
CHEMBL1051,LATANOPROST,"[""Small molecule""]",1996,False,False,False,True,True,[],[],[],[],"[[""CHEMBL1987"", ""AGONIST""]]",0,0,0,0
CHEMBL1054,TRICHLORMETHIAZIDE,"[""Small molecule""]",1960,False,False,False,True,True,[],[],[],[],"[[""CHEMBL1876"", ""INHIBITOR""]]",0,0,0.0,0.0
CHEMBL1055,CHLORTHALIDONE,"[""Small molecule""]",1960,False,False,False,True,True,[],[],[],[],"[[""CHEMBL1876"", ""INHIBITOR""]]",0,0,0.0,0.0
CHEMBL1057,FLUORESCEIN,"[""Small molecule""]",1976,False,False,False,True,False,[],[],[],[],[],0,0,0,0
CHEMBL1059,PREGABALIN,"[""Small molecule""]",2004,False,False,False,True,True,"[""CACNA1C"", ""CACNA1E"", ""CACNA1H"", ""CACNA1I""]",[],[],[],"[[""CHEMBL2363032"", ""MODULATOR""]]",0,0,0.010619848119575958,0.010619848119575958
CHEMBL106,FLUCONAZOLE,"[""Small molecule""]",1990,False,False,False,True,False,[],[],[],[],[],4,0,0,0
CHEMBL1060,"SODIUM PHOSPHATE, DIBASIC, ANHYDROUS","[""Small molecule""]",1957,False,False,False,True,False,[],[],[],[],[],0,0,0,0
CHEMBL1064,SIMVASTATIN,"[""Small molecule""]",1991,False,False,False,True,True,[],[],[],[],"[[""CHEMBL402"", ""INHIBITOR""]]",0,0,0.0,0.0
CHEMBL1065,METHYSERGIDE,"[""Small molecule""]",1962,False,False,False,True,True,[],[],[],[],"[[""CHEMBL1833"", ""ANTAGONIST""], [""CHEMBL214"", ""PARTIAL AGONIST""], [""CHEMBL225"", ""ANTAGONIST""]]",0,0,0,0
CHEMBL1068,OXCARBAZEPINE,"[""Small molecule""]",2000,False,False,False,True,True,"[""SCN4A"", ""SCN7A""]",[],[],[],"[[""CHEMBL2331043"", ""BLOCKER""]]",0,0,0.003247364880461054,0.003247364880461054
CHEMBL1069,VALSARTAN,"[""Small molecule""]",1996,False,False,False,True,True,[],[],[],[],"[[""CHEMBL227"", ""ANTAGONIST""]]",0,0,0.0,0.0
CHEMBL107,COLCHICINE,"[""Small molecule""]",1961,False,False,False,True,True,"[""TUBB2B"", ""TUBB6""]",[],[],[],"[[""CHEMBL2095182"", ""INHIBITOR""]]",0,0,0.0030526420852343686,0.0030526420852343686
CHEMBL1070,NABUMETONE,"[""Small molecule""]",1991,False,False,False,True,True,"[""PTGS2""]",[],[],[],"[[""CHEMBL230"", ""INHIBITOR""]]",0,0,0.08012979869524581,0.08012979869524581
CHEMBL1071,OXAPROZIN,"[""Small molecule""]",1992,False,False,False,True,True,"[""PTGS2""]",[],[],[],"[[""CHEMBL2094253"", ""INHIBITOR""]]",0,0,0.08012979869524581,0.08012979869524581
CHEMBL1072,BUMETANIDE,"[""Small molecule""]",1983,False,False,False,True,True,[],[],[],[],"[[""CHEMBL1874"", ""INHIBITOR""]]",0,0,0,0
CHEMBL1073,GLIPIZIDE,"[""Small molecule""]",1984,False,False,False,True,True,[],[],[],[],"[[""CHEMBL2096972"", ""BLOCKER""]]",0,0,0,0
CHEMBL1075,MORICIZINE,"[""Small molecule""]",1990,False,False,False,True,True,"[""SCN4A"", ""SCN7A""]",[],[],[],"[[""CHEMBL2331043"", ""BLOCKER""]]",0,0,0.003247364880461054,0.003247364880461054
CHEMBL1076903,VARENICLINE,"[""Small molecule""]",2006,False,False,False,True,True,[],[],[],[],"[[""CHEMBL1907589"", ""AGONIST""], [""CHEMBL1907589"", ""PARTIAL AGONIST""]]",0,0,0.0,0.0
CHEMBL1077896,ROPIVACAINE,"[""Small molecule""]",1996,False,False,False,True,True,"[""SCN4A"", ""SCN7A""]",[],[],[],"[[""CHEMBL2331043"", ""BLOCKER""]]",0,0,0.003247364880461054,0.003247364880461054
CHEMBL1078178,MOMELOTINIB,"[""Small molecule""]",2023,False,False,False,True,True,"[""JAK2""]","[""JAK2""]",[],[],"[[""CHEMBL2835"", ""INHIBITOR""], [""CHEMBL2971"", ""INHIBITOR""], [""CHEMBL5903"", ""INHIBITOR""]]",0,0.8162692203864558,0.6530153763091646,0.6530153763091646
CHEMBL1078261,PROPIVERINE,"[""Small molecule""]",,False,False,False,False,False,[],[],[],[],[],0,0,0,0
CHEMBL1079,TIZANIDINE,"[""Small molecule""]",1996,False,False,False,True,True,"[""ADRA2A"", ""ADRA2C""]","[""ADRA2A""]",[],[],"[[""CHEMBL2095158"", ""AGONIST""]]",0,0.21032116470427323,0.1682569317634186,0.1682569317634186
CHEMBL1079604,METAXALONE,"[""Small molecule""]",1962,False,False,False,True,False,[],[],[],[],[],0,0,0,0
CHEMBL108,CARBAMAZEPINE,"[""Small molecule""]",1968,False,False,False,True,True,"[""SCN4A"", ""SCN7A""]",[],[],[],"[[""CHEMBL2331043"", ""BLOCKER""]]",0,0,0.003247364880461054,0.003247364880461054
CHEMBL1082,AMOXICILLIN,"[""Small molecule""]",1974,False,False,False,True,False,[],[],[],[],[],0,0,0,0
CHEMBL1082407,ENZALUTAMIDE,"[""Small molecule""]",2012,False,False,False,True,True,[],[],[],[],"[[""CHEMBL1871"", ""ANTAGONIST""]]",0,0,0.0,0.0
CHEMBL1083659,SUVOREXANT,"[""Small molecule""]",2014,False,False,False,True,True,[],[],[],[],"[[""CHEMBL3307226"", ""ANTAGONIST""]]",0,0,0.0,0.0
CHEMBL1085,ACETOPHENAZINE,"[""Small molecule""]",1961,False,False,False,True,True,[],[],[],[],"[[""CHEMBL217"", ""ANTAGONIST""]]",0,0,0.0,0.0
CHEMBL108545,METHYL SALICYLATE,"[""Small molecule""]",2008,False,False,False,True,False,[],[],[],[],[],0,0,0,0
CHEMBL1086,DIBUCAINE,"[""Small molecule""]",1982,False,False,False,True,True,[],[],[],[],"[[""CHEMBL1980"", ""BLOCKER""], [""CHEMBL5451"", ""BLOCKER""]]",0,0,0.0,0.0
CHEMBL1086440,TRICLABENDAZOLE,"[""Small molecule""]",2019,False,False,False,True,False,[],[],[],[],[],0,0,0,0
CHEMBL1087,MEPIVACAINE,"[""Small molecule""]",1960,False,False,False,True,True,"[""SCN4A"", ""SCN7A""]",[],[],[],"[[""CHEMBL2331043"", ""BLOCKER""]]",0,0,0.003247364880461054,0.003247364880461054
CHEMBL10878,AGOMELATINE,"[""Small molecule""]",2009,False,False,False,True,True,"[""MTNR1A""]",[],[],[],"[[""CHEMBL2094268"", ""AGONIST""], [""CHEMBL225"", ""ANTAGONIST""]]",0,0,0.0065564537913512765,0.0065564537913512765
CHEMBL1088,MESORIDAZINE,"[""Small molecule""]",1970,False,False,False,True,True,[],[],[],[],"[[""CHEMBL217"", ""ANTAGONIST""], [""CHEMBL224"", ""ANTAGONIST""]]",0,0,0.0,0.0
CHEMBL1089,PHENELZINE,"[""Small molecule""]",1961,False,False,False,True,True,"[""MAOA"", ""MAOB""]",[],[],[],"[[""CHEMBL2095205"", ""INHIBITOR""]]",0,0,0.05615710500065266,0.05615710500065266
CHEMBL1089318,OPICAPONE,"[""Small molecule""]",2016,False,False,False,True,True,[],[],[],[],"[[""CHEMBL2023"", ""INHIBITOR""]]",0,0,0,0
CHEMBL1089641,TRYPAN BLUE FREE ACID,"[""Small molecule""]",2004,False,False,False,True,False,[],[],[],[],[],0,0,0,0
CHEMBL109,VALPROIC ACID,"[""Small molecule""]",1978,False,False,False,True,True,[],[],[],[],"[[""CHEMBL1911"", ""INHIBITOR""]]",0,0,0,0
CHEMBL1090,VIDARABINE,"[""Small molecule""]",1976,False,False,False,True,False,[],[],[],[],[],0,0,0,0
CHEMBL1091,HYDROCORTISONE ACETATE,"[""Small molecule""]",1951,False,False,False,True,True,[],[],[],[],"[[""CHEMBL2034"", ""AGONIST""]]",0,0,0.0,0.0
CHEMBL1091250,INDIGOTINDISULFONATE,"[""Small molecule""]",2022,False,False,False,True,False,[],[],[],[],[],0,0,0,0
CHEMBL1093,ARTICAINE,"[""Small molecule""]",2000,False,False,False,True,True,"[""SCN4A"", ""SCN7A""]",[],[],[],"[[""CHEMBL2331043"", ""BLOCKER""]]",0,0,0.003247364880461054,0.003247364880461054
CHEMBL1094,FELBAMATE,"[""Small molecule""]",1993,False,False,False,True,True,"[""GRIN2D"", ""GRIN3A""]",[],[],[],"[[""CHEMBL2094124"", ""ANTAGONIST""]]",0,0,0.029717314452763127,0.029717314452763127
CHEMBL1094636,NIRAPARIB,"[""Small molecule""]",2017,False,False,False,True,True,[],[],[],[],"[[""CHEMBL3105"", ""INHIBITOR""], [""CHEMBL5366"", ""INHIBITOR""]]",0,0,0.0,0.0
CHEMBL1094966,PIRBUTEROL,"[""Small molecule""]",1986,False,False,False,True,True,[],[],[],[],"[[""CHEMBL210"", ""AGONIST""]]",0,0,0.0,0.0
CHEMBL1095,ETHOTOIN,"[""Small molecule""]",1957,False,False,False,True,True,"[""SCN4A"", ""SCN7A""]",[],[],[],"[[""CHEMBL2331043"", ""BLOCKER""]]",0,0,0.003247364880461054,0.003247364880461054
CHEMBL1095097,EPLERENONE,"[""Small molecule""]",2002,False,False,False,True,True,[],[],[],[],"[[""CHEMBL1994"", ""ANTAGONIST""]]",0,0,0,0
CHEMBL1095777,INDACATEROL,"[""Small molecule""]",2009,False,False,False,True,True,[],[],[],[],"[[""CHEMBL210"", ""AGONIST""]]",0,0,0.0,0.0
CHEMBL1095930,CEFUROXIME AXETIL,"[""Small molecule""]",1987,False,False,False,True,False,[],[],[],[],[],0,0,0,0
CHEMBL1096,AMLEXANOX,"[""Small molecule""]",1996,False,False,False,True,True,"[""PDE4A"", ""PDE4B"", ""PDE4D""]","[""PDE4A"", ""PDE4D""]",[],[],"[[""CHEMBL2093863"", ""INHIBITOR""]]",0,0.23243057389068916,0.18594445911255134,0.18594445911255134
CHEMBL1096146,PONESIMOD,"[""Small molecule""]",2021,False,False,False,True,True,[],[],[],[],"[[""CHEMBL4333"", ""AGONIST""]]",0,0,0.0,0.0
CHEMBL1096562,METHYL AMINOLEVULINATE,"[""Small molecule""]",2004,False,False,False,True,False,[],[],[],[],[],0,0,0,0
CHEMBL1096882,FLUDARABINE PHOSPHATE,"[""Small molecule""]",1991,False,False,False,True,True,"[""RRM2""]",[],[],[],"[[""CHEMBL2095215"", ""INHIBITOR""], [""CHEMBL2363042"", ""INHIBITOR""]]",1,0,0.004647417914846161,0.004647417914846161
CHEMBL1096885,VALRUBICIN,"[""Small molecule""]",1998,False,False,False,True,True,[],[],[],[],"[[""CHEMBL1806"", ""INHIBITOR""]]",0,0,0.0,0.0
CHEMBL1098,BUPIVACAINE,"[""Small molecule""]",1972,False,False,False,True,True,"[""SCN4A""]",[],[],[],"[[""CHEMBL2072"", ""BLOCKER""]]",1,0,0.003247364880461054,0.003247364880461054
CHEMBL1098319,2-MERCAPTOETHANESULFONIC ACID,"[""Small molecule""]",1988,False,False,False,True,False,[],[],[],[],[],3,0,0,0
CHEMBL1098659,WATER,"[""Small molecule""]",1982,False,False,False,False,False,[],[],[],[],[],0,0,0,0
CHEMBL11,IMIPRAMINE,"[""Small molecule""]",1959,False,False,False,True,True,"[""SLC6A4""]",[],[],[],"[[""CHEMBL222"", ""INHIBITOR""], [""CHEMBL228"", ""INHIBITOR""]]",0,0,0.09284028451546111,0.09284028451546111
CHEMBL110,BENZNIDAZOLE,"[""Small molecule""]",2017,False,False,False,True,False,[],[],[],[],[],0,0,0,0
CHEMBL1100,PARAMETHADIONE,"[""Small molecule""]",1949,False,False,False,True,True,"[""CACNA1H"", ""CACNA1I""]",[],[],[],"[[""CHEMBL2362995"", ""BLOCKER""]]",0,0,0.005942409532649595,0.005942409532649595
CHEMBL1101,BIPERIDEN,"[""Small molecule""]",1959,False,False,False,True,True,[],[],[],[],"[[""CHEMBL216"", ""ANTAGONIST""]]",0,0,0,0
CHEMBL1102,GLUTETHIMIDE,"[""Small molecule""]",1976,False,False,False,True,True,"[""GABRA2"", ""GABRA4"", ""GABRA5"", ""GABRB2"", ""GABRE"", ""GABRG1"", ""GABRP""]",[],[],[],"[[""CHEMBL2093872"", ""POSITIVE MODULATOR""]]",0,0,0.014213049242877394,0.014213049242877394
CHEMBL1103,FURAZOLIDONE,"[""Small molecule""]",1958,False,False,False,True,False,[],[],[],[],[],0,0,0,0
CHEMBL1104,EDROPHONIUM,"[""Small molecule""]",1951,False,False,False,True,True,"[""ACHE""]",[],[],[],"[[""CHEMBL220"", ""INHIBITOR""]]",0,0,0.0037763442209485785,0.0037763442209485785
CHEMBL110458,MIGALASTAT,"[""Small molecule""]",2016,False,False,False,True,True,[],[],[],[],"[[""CHEMBL2524"", ""STABILISER""]]",0,0,0,0
CHEMBL1106,EPINASTINE,"[""Small molecule""]",2003,False,False,False,True,True,[],[],[],[],"[[""CHEMBL231"", ""ANTAGONIST""]]",0,0,0.0,0.0
CHEMBL1107,HALOFANTRINE,"[""Small molecule""]",1992,False,False,False,True,False,[],[],[],[],[],0,0,0,0
CHEMBL1109,SULFAPHENAZOLE,"[""Small molecule""]",1982,False,False,False,True,False,[],[],[],[],[],0,0,0,0
CHEMBL1110,ALOSETRON,"[""Small molecule""]",2000,False,False,False,True,True,"[""HTR3A""]",[],[],[],"[[""CHEMBL1899"", ""ANTAGONIST""]]",0,0,0.008402029746276662,0.008402029746276662
CHEMBL1111,AMBRISENTAN,"[""Small molecule""]",2007,False,False,False,True,True,"[""EDNRA""]",[],[],[],"[[""CHEMBL2096678"", ""ANTAGONIST""]]",0,0,0.028141993232330517,0.028141993232330517
CHEMBL1112,ARIPIPRAZOLE,"[""Small molecule""]",2002,False,False,False,True,True,[],[],[],[],"[[""CHEMBL214"", ""PARTIAL AGONIST""], [""CHEMBL217"", ""PARTIAL AGONIST""], [""CHEMBL224"", ""ANTAGONIST""]]",0,0,0.0,0.0
CHEMBL1113,AMOXAPINE,"[""Small molecule""]",1980,False,False,False,True,True,"[""DRD5"", ""SLC6A4""]",[],[],[],"[[""CHEMBL2096905"", ""ANTAGONIST""], [""CHEMBL222"", ""INHIBITOR""], [""CHEMBL228"", ""INHIBITOR""]]",0,0,0.09284028451546111,0.09284028451546111
CHEMBL1115,PYRIDOSTIGMINE,"[""Small molecule""]",1955,False,False,False,True,True,"[""ACHE""]",[],[],[],"[[""CHEMBL220"", ""INHIBITOR""]]",0,0,0.0037763442209485785,0.0037763442209485785
CHEMBL1117,IDARUBICIN,"[""Small molecule""]",1990,False,False,False,True,True,[],[],[],[],"[[""CHEMBL1806"", ""INHIBITOR""]]",0,0,0.0,0.0
CHEMBL1118,DESVENLAFAXINE,"[""Small molecule""]",2008,False,False,False,True,True,"[""SLC6A4""]",[],[],[],"[[""CHEMBL222"", ""INHIBITOR""], [""CHEMBL228"", ""INHIBITOR""]]",0,0,0.09284028451546111,0.09284028451546111
CHEMBL112,ACETAMINOPHEN,"[""Small molecule""]",1968,False,False,False,True,True,"[""PTGS2""]",[],[],[],"[[""CHEMBL2094253"", ""INHIBITOR""], [""CHEMBL2243"", ""INHIBITOR""], [""CHEMBL4794"", ""OPENER""]]",1,0,0.08012979869524581,0.08012979869524581
CHEMBL1120,BISMUTH SUBSALICYLATE,"[""Small molecule""]",1996,False,False,False,True,True,"[""PTGS2""]",[],[],[],"[[""CHEMBL2094253"", ""INHIBITOR""]]",0,0,0.08012979869524581,0.08012979869524581
CHEMBL1121,SINCALIDE,"[""Protein""]",1976,False,False,False,True,True,[],[],[],[],"[[""CHEMBL1901"", ""AGONIST""]]",0,0,0,0
CHEMBL1123,DICYCLOMINE,"[""Small molecule""]",1950,False,False,False,True,True,"[""CHRM3""]",[],[],[],"[[""CHEMBL216"", ""ANTAGONIST""], [""CHEMBL245"", ""ANTAGONIST""]]",0,0,0.008889800073886641,0.008889800073886641
CHEMBL1129,TRIFLURIDINE,"[""Small molecule""]",1980,False,False,False,True,False,[],[],[],[],[],0,0,0,0
CHEMBL113,CAFFEINE,"[""Small molecule""]",1948,False,False,False,True,True,"[""ADORA2B"", ""ADORA3""]",[],[],[],"[[""CHEMBL2111329"", ""ANTAGONIST""]]",1,0,0.03865531502588768,0.03865531502588768
CHEMBL1131,ACITRETIN,"[""Small molecule""]",1996,False,False,False,True,True,[],[],[],[],"[[""CHEMBL2363071"", ""AGONIST""]]",0,0,0.0,0.0
CHEMBL113178,SELENOMETHIONINE,"[""Small molecule""]",1973,False,False,False,False,False,[],[],[],[],[],0,0,0,0
CHEMBL11359,CISPLATIN,"[""Small molecule""]",1978,False,False,False,True,False,[],[],[],[],[],0,0,0,0
CHEMBL1136,TELITHROMYCIN,"[""Small molecule""]",2001,False,False,False,True,False,[],[],[],[],[],0,0,0,0
CHEMBL1138,EZETIMIBE,"[""Small molecule""]",2002,False,False,False,True,True,"[""NPC1L1""]",[],[],[],"[[""CHEMBL2027"", ""INHIBITOR""]]",0,0,0.008983998486763635,0.008983998486763635
CHEMBL1139,EPOPROSTENOL,"[""Small molecule""]",1995,False,False,False,True,True,"[""PTGIR""]",[],[],[],"[[""CHEMBL1995"", ""AGONIST""]]",0,0,0.0018104339901936226,0.0018104339901936226
CHEMBL114,SAQUINAVIR,"[""Small molecule""]",1995,False,False,False,True,False,[],[],[],[],[],0,0,0,0
CHEMBL1140,NIACINAMIDE,"[""Small molecule""]",1982,False,False,False,False,False,[],[],[],[],[],0,0,0,0
CHEMBL1141,POTASSIUM IODIDE,"[""Small molecule""]",1979,False,False,False,True,False,[],[],[],[],[],0,0,0,0
CHEMBL1144,PRAVASTATIN,"[""Small molecule""]",1991,False,False,False,True,True,[],[],[],[],"[[""CHEMBL402"", ""INHIBITOR""]]",1,0,0.0,0.0
CHEMBL1146,CEFAMANDOLE,"[""Small molecule""]",,False,False,False,True,False,[],[],[],[],[],0,0,0,0
CHEMBL1148,TORSEMIDE,"[""Small molecule""]",1993,False,False,False,True,True,[],[],[],[],"[[""CHEMBL1874"", ""INHIBITOR""]]",0,0,0,0
CHEMBL1149,LEVOCARNITINE,"[""Small molecule""]",1985,False,False,False,False,False,[],[],[],[],[],0,0,0,0
CHEMBL115,INDINAVIR ANHYDROUS,"[""Small molecule""]",1996,False,False,False,True,False,[],[],[],[],[],0,0,0,0
CHEMBL1152,PREDNISOLONE ACETATE,"[""Small molecule""]",1955,False,False,False,True,True,[],[],[],[],"[[""CHEMBL2034"", ""AGONIST""]]",0,0,0.0,0.0
CHEMBL1159,PINACIDIL ANHYDROUS,"[""Small molecule""]",1989,False,False,False,True,True,"[""ABCC9""]",[],[],[],"[[""CHEMBL2095198"", ""OPENER""]]",0,0,0.0029822057239989428,0.0029822057239989428
CHEMBL1159650,CLOBETASOL PROPIONATE,"[""Small molecule""]",1985,False,False,False,True,True,[],[],[],[],"[[""CHEMBL2034"", ""AGONIST""]]",0,0,0.0,0.0
CHEMBL116,AMPRENAVIR,"[""Small molecule""]",1999,False,False,False,True,False,[],[],[],[],[],0,0,0,0
CHEMBL1160819,"AMMONIA SOLUTION, STRONG","[""Small molecule""]",2007,False,False,False,True,False,[],[],[],[],[],0,0,0,0
CHEMBL1161,MOMETASONE FUROATE,"[""Small molecule""]",1987,False,False,False,True,True,[],[],[],[],"[[""CHEMBL2034"", ""AGONIST""]]",0,0,0.0,0.0
CHEMBL1161681,NITROUS ACID,"[""Small molecule""]",2011,False,False,False,False,False,[],[],[],[],[],0,0,0,0
CHEMBL1162,NORETHINDRONE,"[""Small molecule""]",1962,False,False,False,True,True,"[""PGR""]",[],[],[],"[[""CHEMBL208"", ""AGONIST""]]",0,0,0.003002948450748786,0.003002948450748786
CHEMBL1163,ATAZANAVIR,"[""Small molecule""]",2003,False,False,False,True,False,[],[],[],[],[],0,0,0,0
CHEMBL1164729,FEBUXOSTAT,"[""Small molecule""]",2008,False,False,False,True,True,"[""XDH""]",[],[],[],"[[""CHEMBL1929"", ""INHIBITOR""]]",0,0,0.005840445480362922,0.005840445480362922
CHEMBL1165,MOEXIPRIL,"[""Small molecule""]",1995,False,False,False,True,True,"[""ACE""]",[],[],[],"[[""CHEMBL1808"", ""INHIBITOR""]]",0,0,0.04760386061120864,0.04760386061120864
CHEMBL1165268,IODIPAMIDE,"[""Small molecule""]",1982,False,False,False,False,False,[],[],[],[],[],0,0,0,0
CHEMBL1166,ARGATROBAN,"[""Small molecule""]",2000,False,False,False,True,True,[],[],[],[],"[[""CHEMBL204"", ""INHIBITOR""]]",0,0,0.0,0.0
CHEMBL11662,OZAGREL,"[""Small molecule""]",1988,False,False,False,True,True,"[""TBXAS1""]",[],[],[],"[[""CHEMBL1835"", ""INHIBITOR""]]",0,0,0.005237050370238135,0.005237050370238135
CHEMBL1167,SPECTINOMYCIN,"[""Small molecule""]",1971,False,False,False,True,False,[],[],[],[],[],0,0,0,0
CHEMBL1168,RAMIPRIL,"[""Small molecule""]",1991,False,False,False,True,True,"[""ACE""]",[],[],[],"[[""CHEMBL1808"", ""INHIBITOR""]]",0,0,0.04760386061120864,0.04760386061120864
CHEMBL1169,AMINOSALICYLIC ACID,"[""Small molecule""]",1950,False,False,False,True,False,[],[],[],[],[],3,0,0,0
CHEMBL1170,TESTOSTERONE PROPIONATE,"[""Small molecule""]",1974,False,False,False,True,True,[],[],[],[],"[[""CHEMBL1871"", ""AGONIST""]]",0,0,0.0,0.0
CHEMBL1171837,PONATINIB,"[""Small molecule""]",2012,False,False,False,True,True,[],[],[],[],"[[""CHEMBL2096618"", ""INHIBITOR""]]",0,0,0.0,0.0
CHEMBL1172,DESLORATADINE,"[""Small molecule""]",2001,False,False,False,True,True,[],[],[],[],"[[""CHEMBL231"", ""ANTAGONIST""]]",0,0,0.0,0.0
CHEMBL117287,PRUCALOPRIDE,"[""Small molecule""]",2009,False,False,False,True,True,"[""HTR4""]",[],[],[],"[[""CHEMBL1875"", ""AGONIST""]]",1,0,0.013096963665383078,0.013096963665383078
CHEMBL1173055,RUCAPARIB,"[""Small molecule""]",2016,False,False,False,True,True,[],[],[],[],"[[""CHEMBL3390820"", ""INHIBITOR""]]",0,0,0.0,0.0
CHEMBL1173655,AFATINIB,"[""Small molecule""]",2013,False,False,False,True,True,[],[],[],[],"[[""CHEMBL1824"", ""INHIBITOR""], [""CHEMBL203"", ""INHIBITOR""], [""CHEMBL3009"", ""INHIBITOR""]]",0,0,0.0,0.0
CHEMBL1174,EPTIFIBATIDE,"[""Protein""]",1998,False,False,False,True,True,[],[],[],[],"[[""CHEMBL2093869"", ""INHIBITOR""]]",0,0,0.0,0.0
CHEMBL1175,DULOXETINE,"[""Small molecule""]",2004,False,False,False,True,True,"[""SLC6A4""]",[],[],[],"[[""CHEMBL222"", ""INHIBITOR""], [""CHEMBL228"", ""INHIBITOR""]]",0,0,0.09284028451546111,0.09284028451546111
CHEMBL117785,TETRABENAZINE,"[""Small molecule""]",2008,False,False,False,True,True,[],[],[],[],"[[""CHEMBL1893"", ""INHIBITOR""]]",0,0,0,0
CHEMBL1179047,CHLOROPROCAINE,"[""Small molecule""]",1955,False,False,False,True,True,"[""SCN4A"", ""SCN7A""]",[],[],[],"[[""CHEMBL2331043"", ""BLOCKER""]]",0,0,0.003247364880461054,0.003247364880461054
CHEMBL118,CELECOXIB,"[""Small molecule""]",1998,False,False,False,True,True,"[""PTGS2""]",[],[],[],"[[""CHEMBL230"", ""INHIBITOR""]]",1,0,0.08012979869524581,0.08012979869524581
CHEMBL1180725,PROPANTHELINE,"[""Small molecule""]",1953,False,False,False,True,True,"[""CHRM2"", ""CHRM3""]",[],[],[],"[[""CHEMBL211"", ""ANTAGONIST""], [""CHEMBL216"", ""ANTAGONIST""], [""CHEMBL245"", ""ANTAGONIST""]]",0,0,0.008889800073886641,0.008889800073886641
CHEMBL1182833,MIVACURIUM,"[""Small molecule""]",1992,False,False,False,True,True,"[""CHRNA1""]",[],[],[],"[[""CHEMBL2362997"", ""ANTAGONIST""]]",0,0,0.019017436200454825,0.019017436200454825
CHEMBL1183349,ISAVUCONAZONIUM,"[""Small molecule""]",2015,False,False,False,True,False,[],[],[],[],[],0,0,0,0
CHEMBL1185,ZOLMITRIPTAN,"[""Small molecule""]",1997,False,False,False,True,True,"[""HTR1B"", ""HTR1D""]",[],[],[],"[[""CHEMBL1898"", ""AGONIST""], [""CHEMBL1983"", ""AGONIST""]]",0,0,0.055666787679624435,0.055666787679624435
CHEMBL1186579,METHYLNALTREXONE,"[""Small molecule""]",2008,False,False,False,True,True,[],[],[],[],"[[""CHEMBL233"", ""ANTAGONIST""]]",0,0,0.0,0.0
CHEMBL1186610,ANISOTROPINE,"[""Small molecule""]",1962,False,False,False,True,True,"[""CHRM3""]",[],[],[],"[[""CHEMBL216"", ""ANTAGONIST""], [""CHEMBL245"", ""ANTAGONIST""]]",0,0,0.008889800073886641,0.008889800073886641
CHEMBL1187,PHOSPHORIC ACID,"[""Small molecule""]",1982,False,False,False,False,False,[],[],[],[],[],0,0,0,0
CHEMBL1187833,UMECLIDINIUM,"[""Small molecule""]",2013,False,False,False,True,True,"[""CHRM3""]",[],[],[],"[[""CHEMBL245"", ""ANTAGONIST""]]",0,0,0.008889800073886641,0.008889800073886641
CHEMBL1189432,OLOPATADINE,"[""Small molecule""]",1996,False,False,False,True,True,[],[],[],[],"[[""CHEMBL231"", ""ANTAGONIST""]]",0,0,0.0,0.0
CHEMBL1189679,PALONOSETRON,"[""Small molecule""]",2003,False,False,False,True,True,"[""HTR3A""]",[],[],[],"[[""CHEMBL1899"", ""ANTAGONIST""]]",0,0,0.008402029746276662,0.008402029746276662
CHEMBL119,TRIMETREXATE,"[""Small molecule""]",1993,False,False,False,True,False,[],[],[],[],[],0,0,0,0
CHEMBL1190,DECAMETHONIUM,"[""Small molecule""]",1982,False,False,False,True,True,"[""CHRNA1""]",[],[],[],"[[""CHEMBL2362997"", ""PARTIAL AGONIST""]]",0,0,0.019017436200454825,0.019017436200454825
CHEMBL1193,PHENIRAMINE,"[""Small molecule""]",1994,False,False,False,True,True,[],[],[],[],"[[""CHEMBL231"", ""ANTAGONIST""]]",0,0,0.0,0.0
CHEMBL1194,PRILOCAINE,"[""Small molecule""]",1965,False,False,False,True,True,"[""SCN4A"", ""SCN7A""]",[],[],[],"[[""CHEMBL2331043"", ""BLOCKER""]]",0,0,0.003247364880461054,0.003247364880461054
CHEMBL119423,TISOPURINE,"[""Small molecule""]",,False,False,False,False,False,[],[],[],[],[],0,0,0,0
CHEMBL1194325,ACLIDINIUM,"[""Small molecule""]",2012,False,False,False,True,True,"[""CHRM3""]",[],[],[],"[[""CHEMBL245"", ""ANTAGONIST""]]",0,0,0.008889800073886641,0.008889800073886641
CHEMBL1195,PROPOXYCAINE,"[""Small molecule""]",1982,False,False,False,True,True,"[""SCN4A"", ""SCN7A""]",[],[],[],"[[""CHEMBL2331043"", ""BLOCKER""]]",0,0,0.003247364880461054,0.003247364880461054
CHEMBL1196,PROPARACAINE,"[""Small molecule""]",1953,False,False,False,True,True,"[""SCN4A"", ""SCN7A""]",[],[],[],"[[""CHEMBL2331043"", ""BLOCKER""]]",0,0,0.003247364880461054,0.003247364880461054
CHEMBL1197,HEXYLCAINE,"[""Small molecule""]",1982,False,False,False,True,True,"[""SCN4A"", ""SCN7A""]",[],[],[],"[[""CHEMBL2331043"", ""BLOCKER""]]",0,0,0.003247364880461054,0.003247364880461054
CHEMBL1198,PRAMOXINE,"[""Small molecule""]",1976,False,False,False,True,False,[],[],[],[],[],0,0,0,0
CHEMBL1198857,VILANTEROL,"[""Small molecule""]",2013,False,False,False,True,True,[],[],[],[],"[[""CHEMBL210"", ""AGONIST""]]",0,0,0.0,0.0
CHEMBL1199080,BRETYLIUM,"[""Small molecule""]",1982,False,False,False,True,True,[],[],[],[],"[[""CHEMBL222"", ""SUBSTRATE""]]",0,0,0.0,0.0
CHEMBL1199307,DISTIGMINE,"[""Small molecule""]",,False,False,False,True,True,"[""ACHE""]",[],[],[],"[[""CHEMBL220"", ""INHIBITOR""]]",0,0,0.0037763442209485785,0.0037763442209485785
CHEMBL1199324,FOSAPREPITANT,"[""Small molecule""]",2008,False,False,False,True,True,[],[],[],[],"[[""CHEMBL249"", ""ANTAGONIST""]]",0,0,0.0,0.0
CHEMBL12,DIAZEPAM,"[""Small molecule""]",1963,False,False,False,True,True,"[""GABRA2"", ""GABRA4"", ""GABRA5"", ""GABRB2"", ""GABRE"", ""GABRG1"", ""GABRP""]",[],[],[],"[[""CHEMBL2093872"", ""POSITIVE ALLOSTERIC MODULATOR""]]",0,0,0.014213049242877394,0.014213049242877394
CHEMBL1200,BENOXINATE,"[""Small molecule""]",1982,False,False,False,True,True,"[""SCN4A"", ""SCN7A""]",[],[],[],"[[""CHEMBL2331043"", ""BLOCKER""]]",0,0,0.003247364880461054,0.003247364880461054
CHEMBL1200335,TESTOSTERONE ENANTHATE,"[""Small molecule""]",1953,False,False,False,True,True,[],[],[],[],"[[""CHEMBL1871"", ""AGONIST""]]",0,0,0.0,0.0
CHEMBL1200342,PARAMETHASONE ACETATE,"[""Small molecule""]",1982,False,False,False,True,True,[],[],[],[],"[[""CHEMBL2034"", ""AGONIST""]]",0,0,0.0,0.0
CHEMBL1200345,SODIUM SUCCINATE,"[""Small molecule""]",1982,False,False,False,False,False,[],[],[],[],[],0,0,0,0
CHEMBL1200346,GADODIAMIDE,"[""Small molecule""]",1993,False,False,False,True,False,[],[],[],[],[],0,0,0,0
CHEMBL1200356,CYCLACILLIN,"[""Small molecule""]",1979,False,False,False,True,False,[],[],[],[],[],0,0,0,0
CHEMBL1200358,SODIUM PHENYLACETATE,"[""Small molecule""]",1987,False,False,False,True,False,[],[],[],[],[],0,0,0,0
CHEMBL1200359,SULFAMETER,"[""Small molecule""]",1966,False,False,False,True,False,[],[],[],[],[],0,0,0,0
CHEMBL1200368,BENTIROMIDE,"[""Small molecule""]",1983,False,False,False,False,False,[],[],[],[],[],0,0,0,0
CHEMBL1200370,BENZOYL PEROXIDE,"[""Small molecule""]",1984,False,False,False,True,False,[],[],[],[],[],0,0,0,0
CHEMBL1200374,EXEMESTANE,"[""Small molecule""]",1999,False,False,False,True,True,"[""CYP19A1""]",[],[],[],"[[""CHEMBL1978"", ""INHIBITOR""]]",0,0,0.005994639905445553,0.005994639905445553
CHEMBL1200375,EDETATE CALCIUM DISODIUM ANHYDROUS,"[""Small molecule""]",1953,False,False,False,True,False,[],[],[],[],[],0,0,0,0
CHEMBL1200376,BETAMETHASONE BENZOATE,"[""Small molecule""]",1982,False,False,False,True,True,[],[],[],[],"[[""CHEMBL2034"", ""AGONIST""]]",0,0,0.0,0.0
CHEMBL1200381,ARGININE HYDROCHLORIDE,"[""Small molecule""]",1982,False,False,False,False,False,[],[],[],[],[],0,0,0,0
CHEMBL1200384,BETAMETHASONE DIPROPIONATE,"[""Small molecule""]",1975,False,False,False,True,True,[],[],[],[],"[[""CHEMBL2034"", ""AGONIST""]]",0,0,0.0,0.0
CHEMBL1200386,PREDNICARBATE,"[""Small molecule""]",1991,False,False,False,True,True,[],[],[],[],"[[""CHEMBL2034"", ""AGONIST""]]",0,0,0.0,0.0
CHEMBL1200391,TROMETHAMINE,"[""Small molecule""]",1965,False,False,False,True,False,[],[],[],[],[],0,0,0,0
CHEMBL1200406,DIMENHYDRINATE,"[""Small molecule""]",1972,False,False,False,True,True,[],[],[],[],"[[""CHEMBL231"", ""ANTAGONIST""]]",0,0,0.0,0.0
CHEMBL1200412,NANDROLONE PHENPROPIONATE,"[""Small molecule""]",1959,False,False,False,True,True,[],[],[],[],"[[""CHEMBL1871"", ""AGONIST""]]",0,0,0.0,0.0
CHEMBL1200430,ESTRADIOL ACETATE,"[""Small molecule""]",2003,False,False,False,True,True,"[""ESR1""]",[],[],[],"[[""CHEMBL206"", ""AGONIST""]]",0,0,0.0026647551378045638,0.0026647551378045638
CHEMBL1200431,GADOPENTETATE DIMEGLUMINE,"[""Small molecule""]",1988,False,False,False,True,False,[],[],[],[],[],0,0,0,0
CHEMBL1200436,OXANDROLONE,"[""Small molecule""]",1964,False,False,False,True,True,[],[],[],[],"[[""CHEMBL1871"", ""AGONIST""]]",0,0,0.0,0.0
CHEMBL1200438,TIOCONAZOLE,"[""Small molecule""]",1983,False,False,False,True,False,[],[],[],[],[],0,0,0,0
CHEMBL1200443,MERETHOXYLLINE PROCAINE,"[""Small molecule""]",1982,False,False,False,True,True,"[""SCN4A"", ""SCN7A""]",[],[],[],"[[""CHEMBL2331043"", ""BLOCKER""]]",0,0,0.003247364880461054,0.003247364880461054
CHEMBL1200449,TRIAMCINOLONE DIACETATE,"[""Small molecule""]",1959,False,False,False,True,True,[],[],[],[],"[[""CHEMBL2034"", ""AGONIST""]]",0,0,0.0,0.0
CHEMBL1200453,DOCOSANOL,"[""Small molecule""]",2000,False,False,False,True,False,[],[],[],[],[],0,0,0,0
CHEMBL1200455,IOHEXOL,"[""Small molecule""]",1985,False,False,False,True,False,[],[],[],[],[],0,0,0,0
CHEMBL1200457,GADOVERSETAMIDE,"[""Small molecule""]",1999,False,False,False,True,False,[],[],[],[],[],0,0,0,0
CHEMBL1200458,POTASSIUM CITRATE ANHYDROUS,"[""Small molecule""]",1985,False,False,False,False,False,[],[],[],[],[],0,0,0,0
CHEMBL1200459,"POTASSIUM PHOSPHATE, DIBASIC","[""Small molecule""]",1982,False,False,False,False,False,[],[],[],[],[],0,0,0,0
CHEMBL1200468,MALATHION,"[""Small molecule""]",1982,False,False,False,True,False,[],[],[],[],[],0,0,0,0
CHEMBL1200472,QUAZEPAM,"[""Small molecule""]",1985,False,False,False,True,True,"[""GABRA2"", ""GABRA4"", ""GABRA5"", ""GABRB2"", ""GABRE"", ""GABRG1"", ""GABRP""]",[],[],[],"[[""CHEMBL2093872"", ""POSITIVE ALLOSTERIC MODULATOR""]]",0,0,0.014213049242877394,0.014213049242877394
CHEMBL1200490,CETRORELIX,"[""Protein""]",1999,False,False,False,True,True,[],[],[],[],"[[""CHEMBL1855"", ""ANTAGONIST""]]",0,0,0,0
CHEMBL1200496,CALCIUM,"[""Small molecule""]",1982,False,False,False,False,False,[],[],[],[],[],0,0,0,0
CHEMBL1200500,BECLOMETHASONE DIPROPIONATE,"[""Small molecule""]",1976,False,False,False,True,True,[],[],[],[],"[[""CHEMBL2034"", ""AGONIST""]]",0,0,0.0,0.0
CHEMBL1200507,IODIXANOL,"[""Unknown""]",1996,False,False,False,True,False,[],[],[],[],[],0,0,0,0
CHEMBL1200515,DESERPIDINE,"[""Small molecule""]",1957,False,False,False,True,True,[],[],[],[],"[[""CHEMBL1893"", ""INHIBITOR""]]",0,0,0,0
CHEMBL1200522,AVOBENZONE,"[""Small molecule""]",1992,False,False,False,False,False,[],[],[],[],[],0,0,0,0
CHEMBL1200528,CHROMIC CHLORIDE,"[""Small molecule""]",1986,False,False,False,False,False,[],[],[],[],[],0,0,0,0
CHEMBL1200538,BETAMETHASONE ACETATE,"[""Small molecule""]",1965,False,False,False,True,True,[],[],[],[],"[[""CHEMBL2034"", ""AGONIST""]]",0,0,0.0,0.0
CHEMBL1200539,CALCIUM CARBONATE,"[""Small molecule""]",2000,False,False,False,False,False,[],[],[],[],[],0,0,0,0
CHEMBL1200542,DESOXYCORTICOSTERONE ACETATE,"[""Small molecule""]",1939,False,False,False,True,True,[],[],[],[],"[[""CHEMBL1994"", ""AGONIST""]]",0,0,0,0
CHEMBL1200545,DIFLORASONE DIACETATE,"[""Small molecule""]",1977,False,False,False,True,True,[],[],[],[],"[[""CHEMBL2034"", ""AGONIST""]]",0,0,0.0,0.0
CHEMBL1200553,CUPRIC CHLORIDE ANHYDROUS,"[""Small molecule""]",1986,False,False,False,True,False,[],[],[],[],[],0,0,0,0
CHEMBL1200555,IOTROLAN,"[""Unknown""]",1989,False,False,False,False,False,[],[],[],[],[],0,0,0,0
CHEMBL1200557,MANGANESE SULFATE ANHYDROUS,"[""Small molecule""]",1987,False,False,False,True,False,[],[],[],[],[],0,0,0,0
CHEMBL1200558,BACITRACIN,"[""Protein""]",1948,False,False,False,True,False,[],[],[],[],[],0,0,0,0
CHEMBL1200559,LACTIC ACID,"[""Small molecule""]",2006,False,False,False,True,False,[],[],[],[],[],0,0,0,0
CHEMBL1200562,HYDROCORTISONE VALERATE,"[""Small molecule""]",1978,False,False,False,True,True,[],[],[],[],"[[""CHEMBL2034"", ""AGONIST""]]",0,0,0.0,0.0
CHEMBL1200570,MEGLUMINE,"[""Small molecule""]",1982,False,False,False,False,False,[],[],[],[],[],0,0,0,0
CHEMBL1200571,GADOBENATE DIMEGLUMINE,"[""Small molecule""]",2004,False,False,False,True,False,[],[],[],[],[],0,0,0,0
CHEMBL1200572,MAGNESIUM OXIDE,"[""Small molecule""]",1982,False,False,False,False,False,[],[],[],[],[],0,0,0,0
CHEMBL1200574,SODIUM CHLORIDE,"[""Small molecule""]",1982,False,False,False,False,False,[],[],[],[],[],1,0,0,0
CHEMBL1200585,OXYMETHOLONE,"[""Small molecule""]",1972,False,False,False,True,True,[],[],[],[],"[[""CHEMBL1871"", ""AGONIST""]]",0,0,0.0,0.0
CHEMBL1200592,DESOXYCORTICOSTERONE PIVALATE,"[""Small molecule""]",1982,False,False,False,True,True,[],[],[],[],"[[""CHEMBL1994"", ""AGONIST""]]",0,0,0,0
CHEMBL1200593,GADOTERIDOL,"[""Small molecule""]",1992,False,False,False,True,False,[],[],[],[],[],0,0,0,0
CHEMBL1200596,CHLOROXINE,"[""Small molecule""]",1976,False,False,False,True,False,[],[],[],[],[],0,0,0,0
CHEMBL1200598,DIETHYLSTILBESTROL DIPHOSPHATE,"[""Small molecule""]",1982,False,False,False,True,True,"[""ESR1""]",[],[],[],"[[""CHEMBL2093866"", ""AGONIST""]]",0,0,0.0026647551378045638,0.0026647551378045638
CHEMBL1200600,FLUOROMETHOLONE,"[""Small molecule""]",1972,False,False,False,True,True,[],[],[],[],"[[""CHEMBL2034"", ""AGONIST""]]",0,0,0.0,0.0
CHEMBL1200604,TROPICAMIDE,"[""Small molecule""]",1960,False,False,False,True,True,"[""CHRM3""]",[],[],[],"[[""CHEMBL245"", ""ANTAGONIST""]]",0,0,0.008889800073886641,0.008889800073886641
CHEMBL1200607,PERFLEXANE,"[""Small molecule""]",2002,False,False,False,True,False,[],[],[],[],[],0,0,0,0
CHEMBL1200614,IOVERSOL,"[""Small molecule""]",1988,False,False,False,False,False,[],[],[],[],[],0,0,0,0
CHEMBL1200617,RIMEXOLONE,"[""Small molecule""]",1994,False,False,False,True,True,[],[],[],[],"[[""CHEMBL2034"", ""AGONIST""]]",0,0,0.0,0.0
CHEMBL1200622,PARICALCITOL,"[""Small molecule""]",1998,False,False,False,True,True,[],[],[],[],"[[""CHEMBL1977"", ""AGONIST""]]",0,0,0.0,0.0
CHEMBL1200623,ETHYLESTRENOL,"[""Small molecule""]",1964,False,False,False,True,True,[],[],[],[],"[[""CHEMBL1871"", ""AGONIST""]]",0,0,0.0,0.0
CHEMBL1200624,ETHYNODIOL DIACETATE,"[""Small molecule""]",1966,False,False,False,True,True,"[""PGR""]",[],[],[],"[[""CHEMBL208"", ""AGONIST""]]",0,0,0.003002948450748786,0.003002948450748786
CHEMBL1200627,PROPIOLACTONE,"[""Small molecule""]",1982,False,False,False,False,False,[],[],[],[],[],0,0,0,0
CHEMBL1200640,FERROUS FUMARATE,"[""Small molecule""]",1982,False,False,False,True,False,[],[],[],[],[],0,0,0,0
CHEMBL1200645,ETOPOSIDE PHOSPHATE,"[""Small molecule""]",1996,False,False,False,True,True,[],[],[],[],"[[""CHEMBL1806"", ""INHIBITOR""]]",0,0,0.0,0.0
CHEMBL1200649,QUINUPRISTIN,"[""Small molecule""]",1999,False,False,False,True,False,[],[],[],[],[],0,0,0,0
CHEMBL1200656,NATAMYCIN,"[""Small molecule""]",1978,False,False,False,True,False,[],[],[],[],[],0,0,0,0
CHEMBL1200660,ISOSORBIDE,"[""Small molecule""]",1974,False,False,False,True,False,[],[],[],[],[],0,0,0,0
CHEMBL1200661,UNOPROSTONE ISOPROPYL,"[""Small molecule""]",2000,False,False,False,True,False,[],[],[],[],[],0,0,0,0
CHEMBL1200664,POTASSIUM LACTATE,"[""Small molecule""]",1986,False,False,False,False,False,[],[],[],[],[],0,0,0,0
CHEMBL1200666,CALCIPOTRIENE,"[""Small molecule""]",1993,False,False,False,True,True,[],[],[],[],"[[""CHEMBL1977"", ""AGONIST""]]",0,0,0.0,0.0
CHEMBL1200668,CALCIUM CHLORIDE,"[""Small molecule""]",1982,False,False,False,False,False,[],[],[],[],[],0,0,0,0
CHEMBL1200679,ZINC CHLORIDE,"[""Small molecule""]",1986,False,False,False,False,False,[],[],[],[],[],0,0,0,0
CHEMBL1200680,SELENIUM SULFIDE,"[""Small molecule""]",1951,False,False,False,True,False,[],[],[],[],[],0,0,0,0
CHEMBL1200686,PIMECROLIMUS,"[""Small molecule""]",2001,False,False,False,True,True,[],[],[],[],"[[""CHEMBL1902"", ""INHIBITOR""]]",0,0,0.0,0.0
CHEMBL1200688,ERYTHROMYCIN ETHYLSUCCINATE,"[""Small molecule""]",1965,False,False,False,True,False,[],[],[],[],[],0,0,0,0
CHEMBL1200689,NITRIC OXIDE,"[""Small molecule""]",1999,False,False,False,True,True,"[""GUCY1A1"", ""GUCY1B1""]",[],[],[],"[[""CHEMBL2111348"", ""ACTIVATOR""]]",0,0,0.005366061384146901,0.005366061384146901
CHEMBL1200690,LYPRESSIN,"[""Protein""]",1982,False,False,False,True,True,"[""AVPR1A""]",[],[],[],"[[""CHEMBL2363078"", ""AGONIST""]]",0,0,0.015075052817374793,0.015075052817374793
CHEMBL1200691,MAGNESIUM ACETATE,"[""Small molecule""]",1982,False,False,False,False,False,[],[],[],[],[],0,0,0,0
CHEMBL1200692,OLMESARTAN MEDOXOMIL,"[""Small molecule""]",2002,False,False,False,True,True,[],[],[],[],"[[""CHEMBL227"", ""ANTAGONIST""]]",0,0,0.0,0.0
CHEMBL1200693,MANGANESE CHLORIDE ANHYDROUS,"[""Small molecule""]",1986,False,False,False,False,False,[],[],[],[],[],0,0,0,0
CHEMBL1200694,SEVOFLURANE,"[""Small molecule""]",1995,False,False,False,True,True,"[""GABRA2"", ""GABRA4"", ""GABRA5"", ""GABRB2"", ""GABRE"", ""GABRG1"", ""GABRP"", ""GLRB"", ""KCNK9""]",[],[],[],"[[""CHEMBL2093872"", ""POSITIVE ALLOSTERIC MODULATOR""], [""CHEMBL2321613"", ""OPENER""], [""CHEMBL2321614"", ""OPENER""], [""CHEMBL2321615"", ""OPENER""], [""CHEMBL2331041"", ""OPENER""], [""CHEMBL2331042"", ""OPENER""], [""CHEMBL2363052"", ""POSITIVE MODULATOR""]]",0,0,0.014213049242877394,0.014213049242877394
CHEMBL1200696,POTASSIUM PERCHLORATE,"[""Small molecule""]",1974,False,False,False,False,False,[],[],[],[],[],0,0,0,0
CHEMBL1200706,ALUMINUM HYDROXIDE,"[""Small molecule""]",1983,False,False,False,True,False,[],[],[],[],[],0,0,0,0
CHEMBL1200711,OMEGA-3-ACID ETHYL ESTERS,"[""Small molecule""]",2004,False,False,False,True,False,[],[],[],[],[],0,0,0,0
CHEMBL1200718,MAGNESIUM HYDROXIDE,"[""Small molecule""]",2000,False,False,False,True,False,[],[],[],[],[],0,0,0,0
CHEMBL1200731,POTASSIUM CHLORIDE,"[""Small molecule""]",1982,False,False,False,True,False,[],[],[],[],[],0,0,0,0
CHEMBL1200732,AMCINONIDE,"[""Small molecule""]",1979,False,False,False,True,True,[],[],[],[],"[[""CHEMBL2034"", ""AGONIST""]]",0,0,0.0,0.0
CHEMBL1200733,DESFLURANE,"[""Small molecule""]",1992,False,False,False,True,True,"[""GABRA2"", ""GABRA4"", ""GABRA5"", ""GABRB2"", ""GABRE"", ""GABRG1"", ""GABRP"", ""GLRB"", ""KCNK9""]",[],[],[],"[[""CHEMBL2093872"", ""POSITIVE ALLOSTERIC MODULATOR""], [""CHEMBL2321613"", ""OPENER""], [""CHEMBL2321614"", ""OPENER""], [""CHEMBL2321615"", ""OPENER""], [""CHEMBL2331041"", ""OPENER""], [""CHEMBL2331042"", ""OPENER""], [""CHEMBL2363052"", ""POSITIVE MODULATOR""]]",0,0,0.014213049242877394,0.014213049242877394
CHEMBL1200736,MAGNESIUM CARBONATE,"[""Small molecule""]",1990,False,False,False,True,False,[],[],[],[],[],0,0,0,0
CHEMBL1200737,COLFOSCERIL PALMITATE,"[""Small molecule""]",1990,False,False,False,True,False,[],[],[],[],[],0,0,0,0
CHEMBL1200747,AMMONIUM LACTATE,"[""Small molecule""]",1985,False,False,False,True,False,[],[],[],[],[],0,0,0,0
CHEMBL1200761,CHLOROTRIANISENE,"[""Small molecule""]",1982,False,False,False,True,True,[],[],[],[],"[[""CHEMBL242"", ""MODULATOR""]]",0,0,0.0,0.0
CHEMBL1200770,IOCETAMIC ACID,"[""Small molecule""]",1982,False,False,False,False,False,[],[],[],[],[],0,0,0,0
CHEMBL1200774,FLUPREDNISOLONE,"[""Small molecule""]",1982,False,False,False,True,True,[],[],[],[],"[[""CHEMBL2034"", ""AGONIST""]]",0,0,0.0,0.0
CHEMBL1200790,METHYPRYLON,"[""Small molecule""]",1982,False,False,False,True,True,"[""GABRA2"", ""GABRA4"", ""GABRA5"", ""GABRB2"", ""GABRE"", ""GABRG1"", ""GABRP""]",[],[],[],"[[""CHEMBL2093872"", ""POSITIVE ALLOSTERIC MODULATOR""]]",0,0,0.014213049242877394,0.014213049242877394
CHEMBL1200799,TRAVOPROST,"[""Small molecule""]",2001,False,False,False,True,True,[],[],[],[],"[[""CHEMBL1987"", ""AGONIST""]]",0,0,0,0
CHEMBL1200800,CALCIUM ACETATE,"[""Small molecule""]",1982,False,False,False,True,False,[],[],[],[],[],0,0,0,0
CHEMBL1200802,TALBUTAL,"[""Small molecule""]",1982,False,False,False,True,True,"[""GABRA2"", ""GABRA4"", ""GABRA5"", ""GABRB2"", ""GABRE"", ""GABRG1"", ""GABRP""]",[],[],[],"[[""CHEMBL2093872"", ""POSITIVE ALLOSTERIC MODULATOR""]]",0,0,0.014213049242877394,0.014213049242877394
CHEMBL1200807,NORELGESTROMIN,"[""Small molecule""]",2001,False,False,False,True,True,"[""PGR""]",[],[],[],"[[""CHEMBL208"", ""AGONIST""]]",0,0,0.003002948450748786,0.003002948450748786
CHEMBL1200810,DOXERCALCIFEROL,"[""Small molecule""]",1999,False,False,False,True,True,[],[],[],[],"[[""CHEMBL1977"", ""AGONIST""]]",0,0,0.0,0.0
CHEMBL1200821,PROPYLIODONE,"[""Small molecule""]",1982,False,False,False,False,False,[],[],[],[],[],0,0,0,0
CHEMBL1200823,IRON SUCROSE,"[""Small molecule""]",2000,False,False,False,True,False,[],[],[],[],[],1,0,0,0
CHEMBL1200826,LITHIUM CARBONATE,"[""Small molecule""]",1970,False,False,False,True,True,[],[],[],[],"[[""CHEMBL1786"", ""INHIBITOR""], [""CHEMBL2095188"", ""INHIBITOR""]]",0,0,0.0,0.0
CHEMBL1200829,GLUCONOLACTONE,"[""Small molecule""]",1990,False,False,False,False,False,[],[],[],[],[],0,0,0,0
CHEMBL1200830,FERROUS SULFATE,"[""Small molecule""]",1982,False,False,False,True,False,[],[],[],[],[],1,0,0,0
CHEMBL1200845,HALCINONIDE,"[""Small molecule""]",1974,False,False,False,True,True,[],[],[],[],"[[""CHEMBL2034"", ""AGONIST""]]",0,0,0.0,0.0
CHEMBL1200853,DYDROGESTERONE,"[""Small molecule""]",1982,False,False,False,True,True,"[""PGR""]",[],[],[],"[[""CHEMBL208"", ""AGONIST""]]",0,0,0.003002948450748786,0.003002948450748786
CHEMBL1200854,FLUPHENAZINE DECANOATE,"[""Small molecule""]",1972,False,False,False,True,True,[],[],[],[],"[[""CHEMBL217"", ""ANTAGONIST""]]",0,0,0.0,0.0
CHEMBL1200862,METYROSINE,"[""Small molecule""]",1979,False,False,False,True,True,[],[],[],[],"[[""CHEMBL1969"", ""INHIBITOR""]]",0,0,0.0,0.0
CHEMBL1200865,LOTEPREDNOL ETABONATE,"[""Small molecule""]",1998,False,False,False,True,True,[],[],[],[],"[[""CHEMBL2034"", ""AGONIST""]]",0,0,0.0,0.0
CHEMBL1200866,PERFLUBRON,"[""Small molecule""]",1993,False,False,False,False,False,[],[],[],[],[],0,0,0,0
CHEMBL1200868,PHENYL AMINOSALICYLATE,"[""Small molecule""]",1982,False,False,False,True,False,[],[],[],[],[],0,0,0,0
CHEMBL1200877,FLUMETHASONE PIVALATE,"[""Small molecule""]",1982,False,False,False,True,True,[],[],[],[],"[[""CHEMBL2034"", ""AGONIST""]]",0,0,0.0,0.0
CHEMBL1200878,TRIAMCINOLONE HEXACETONIDE,"[""Small molecule""]",1969,False,False,False,True,True,[],[],[],[],"[[""CHEMBL2034"", ""AGONIST""]]",0,0,0.0,0.0
CHEMBL1200907,TRILOSTANE,"[""Small molecule""]",1984,False,False,False,True,True,"[""HSD3B2""]",[],[],[],"[[""CHEMBL3670"", ""INHIBITOR""]]",0,0,0.0318419339323398,0.0318419339323398
CHEMBL1200908,HALOBETASOL PROPIONATE,"[""Small molecule""]",1990,False,False,False,True,True,[],[],[],[],"[[""CHEMBL2034"", ""AGONIST""]]",0,0,0.0,0.0
CHEMBL1200909,PREDNISOLONE TEBUTATE,"[""Small molecule""]",1956,False,False,False,True,True,[],[],[],[],"[[""CHEMBL2034"", ""AGONIST""]]",0,0,0.0,0.0
CHEMBL1200910,SULFISOXAZOLE ACETYL,"[""Small molecule""]",1953,False,False,False,True,False,[],[],[],[],[],0,0,0,0
CHEMBL1200922,MEBUTAMATE,"[""Small molecule""]",1982,False,False,False,True,False,[],[],[],[],[],0,0,0,0
CHEMBL1200925,"POTASSIUM PHOSPHATE, MONOBASIC","[""Small molecule""]",1982,False,False,False,False,False,[],[],[],[],[],0,0,0,0
CHEMBL1200928,ZINC ACETATE ANHYDROUS,"[""Small molecule""]",1982,False,False,False,True,False,[],[],[],[],[],0,0,0,0
CHEMBL1200929,ZINC SULFATE,"[""Small molecule""]",1987,False,False,False,False,False,[],[],[],[],[],0,0,0,0
CHEMBL1200932,IOPAMIDOL,"[""Small molecule""]",1985,False,False,False,True,False,[],[],[],[],[],0,0,0,0
CHEMBL1200934,NORGESTIMATE,"[""Small molecule""]",1989,False,False,False,True,True,"[""PGR""]",[],[],[],"[[""CHEMBL208"", ""AGONIST""]]",0,0,0.003002948450748786,0.003002948450748786
CHEMBL1200937,DALFOPRISTIN,"[""Small molecule""]",1999,False,False,False,True,False,[],[],[],[],[],0,0,0,0
CHEMBL1200939,AMMONIUM CHLORIDE,"[""Small molecule""]",1982,False,False,False,False,False,[],[],[],[],[],0,0,0,0
CHEMBL1200943,MERSALYL,"[""Small molecule""]",1982,False,False,False,True,False,[],[],[],[],[],0,0,0,0
CHEMBL1200946,NANDROLONE DECANOATE,"[""Small molecule""]",1983,False,False,False,True,True,[],[],[],[],"[[""CHEMBL1871"", ""AGONIST""]]",0,0,0.0,0.0
CHEMBL1200951,FLUPHENAZINE ENANTHATE,"[""Small molecule""]",1967,False,False,False,True,True,[],[],[],[],"[[""CHEMBL217"", ""ANTAGONIST""]]",0,0,0.0,0.0
CHEMBL1200953,HYDROCORTISONE PROBUTATE,"[""Small molecule""]",1997,False,False,False,True,True,[],[],[],[],"[[""CHEMBL2034"", ""AGONIST""]]",0,0,0.0,0.0
CHEMBL1200959,METHDILAZINE,"[""Small molecule""]",1982,False,False,False,True,True,[],[],[],[],"[[""CHEMBL231"", ""ANTAGONIST""]]",0,0,0.0,0.0
CHEMBL1200963,BIMATOPROST,"[""Small molecule""]",2001,False,False,False,True,True,[],[],[],[],"[[""CHEMBL1987"", ""AGONIST""]]",0,0,0,0
CHEMBL1200969,DUTASTERIDE,"[""Small molecule""]",2001,False,False,False,True,True,[],[],[],[],"[[""CHEMBL2363075"", ""INHIBITOR""]]",0,0,0,0
CHEMBL1200971,CEPHALOGLYCIN,"[""Small molecule""]",1970,False,False,False,True,False,[],[],[],[],[],0,0,0,0
CHEMBL1200973,ESTRADIOL CYPIONATE,"[""Small molecule""]",1979,False,False,False,True,True,"[""ESR1""]",[],[],[],"[[""CHEMBL206"", ""AGONIST""]]",0,0,0.0026647551378045638,0.0026647551378045638
CHEMBL1200975,CLOCORTOLONE PIVALATE,"[""Small molecule""]",1977,False,False,False,True,True,[],[],[],[],"[[""CHEMBL2034"", ""AGONIST""]]",0,0,0.0,0.0
CHEMBL1200979,DEXPANTHENOL,"[""Small molecule""]",1985,False,False,False,False,False,[],[],[],[],[],0,0,0,0
CHEMBL1200983,GALLIUM NITRATE,"[""Small molecule""]",1991,False,False,False,True,True,"[""RRM2""]",[],[],[],"[[""CHEMBL2095215"", ""INHIBITOR""]]",0,0,0.004647417914846161,0.004647417914846161
CHEMBL1200986,HALOPERIDOL DECANOATE,"[""Small molecule""]",1986,False,False,False,True,True,[],[],[],[],"[[""CHEMBL224"", ""ANTAGONIST""], [""CHEMBL2331075"", ""INVERSE AGONIST""]]",0,0,0.0,0.0
CHEMBL1200989,ALCLOMETASONE DIPROPIONATE,"[""Small molecule""]",1982,False,False,False,True,True,[],[],[],[],"[[""CHEMBL2034"", ""AGONIST""]]",0,0,0.0,0.0
CHEMBL1201,THIOTHIXENE,"[""Small molecule""]",1967,False,False,False,True,True,[],[],[],[],"[[""CHEMBL217"", ""ANTAGONIST""], [""CHEMBL224"", ""ANTAGONIST""]]",0,0,0.0,0.0
CHEMBL1201010,FLUDROCORTISONE ACETATE,"[""Small molecule""]",1955,False,False,False,True,True,[],[],[],[],"[[""CHEMBL1994"", ""AGONIST""]]",0,0,0,0
CHEMBL1201012,FLURANDRENOLIDE,"[""Small molecule""]",1965,False,False,False,True,True,[],[],[],[],"[[""CHEMBL2034"", ""AGONIST""]]",0,0,0.0,0.0
CHEMBL1201015,ALUMINUM ACETATE,"[""Small molecule""]",1976,False,False,False,True,False,[],[],[],[],[],0,0,0,0
CHEMBL1201016,CEFPODOXIME PROXETIL,"[""Small molecule""]",1992,False,False,False,True,False,[],[],[],[],[],0,0,0,0
CHEMBL1201038,ACRISORCIN,"[""Small molecule""]",1982,False,False,False,True,False,[],[],[],[],[],0,0,0,0
CHEMBL1201039,BENZTHIAZIDE,"[""Small molecule""]",1960,False,False,False,True,True,[],[],[],[],"[[""CHEMBL1876"", ""INHIBITOR""]]",0,0,0.0,0.0
CHEMBL1201046,CEFORANIDE,"[""Small molecule""]",1984,False,False,False,True,False,[],[],[],[],[],0,0,0,0
CHEMBL1201048,DROMOSTANOLONE PROPIONATE,"[""Small molecule""]",1982,False,False,False,True,True,[],[],[],[],"[[""CHEMBL1871"", ""AGONIST""]]",0,0,0.0,0.0
CHEMBL1201056,SULFACYTINE,"[""Small molecule""]",1975,False,False,False,True,False,[],[],[],[],[],0,0,0,0
CHEMBL1201058,POTASSIUM ACETATE,"[""Small molecule""]",1982,False,False,False,False,False,[],[],[],[],[],0,0,0,0
CHEMBL1201064,FLUOROMETHOLONE ACETATE,"[""Small molecule""]",1986,False,False,False,True,True,[],[],[],[],"[[""CHEMBL2034"", ""AGONIST""]]",0,0,0.0,0.0
CHEMBL1201073,SUCCIMER,"[""Small molecule""]",1991,False,False,False,True,False,[],[],[],[],[],0,0,0,0
CHEMBL1201075,IOXILAN,"[""Small molecule""]",1995,False,False,False,True,False,[],[],[],[],[],0,0,0,0
CHEMBL1201087,CABERGOLINE,"[""Small molecule""]",1996,False,False,False,True,True,[],[],[],[],"[[""CHEMBL217"", ""AGONIST""]]",0,0,0.0,0.0
CHEMBL1201101,TESTOSTERONE CYPIONATE,"[""Small molecule""]",1978,False,False,False,True,True,[],[],[],[],"[[""CHEMBL1871"", ""AGONIST""]]",0,0,0.0,0.0
CHEMBL1201109,DESONIDE,"[""Small molecule""]",1972,False,False,False,True,True,[],[],[],[],"[[""CHEMBL2034"", ""AGONIST""]]",0,0,0.0,0.0
CHEMBL1201112,NELARABINE,"[""Small molecule""]",2005,False,False,False,True,False,[],[],[],[],[],0,0,0,0
CHEMBL1201116,HETACILLIN,"[""Small molecule""]",1982,False,False,False,True,False,[],[],[],[],[],0,0,0,0
CHEMBL1201117,METHOCARBAMOL,"[""Small molecule""]",1957,False,False,False,True,True,"[""CA1""]",[],[],[],"[[""CHEMBL261"", ""INHIBITOR""]]",0,0,0.050939294576648475,0.050939294576648475
CHEMBL1201129,DECITABINE,"[""Small molecule""]",2006,False,False,False,True,True,"[""DNMT3A""]","[""DNMT3A""]",[],[],"[[""CHEMBL1992"", ""INHIBITOR""], [""CHEMBL1993"", ""INHIBITOR""]]",0,0.5010332484856818,0.40082659878854543,0.40082659878854543
CHEMBL1201131,PIPERONYL BUTOXIDE,"[""Small molecule""]",2000,False,False,False,True,False,[],[],[],[],[],0,0,0,0
CHEMBL1201134,LUBIPROSTONE,"[""Small molecule""]",2006,False,False,False,True,True,"[""CLCN2""]",[],[],[],"[[""CHEMBL1628478"", ""OPENER""]]",0,0,0.016220222179257265,0.016220222179257265
CHEMBL1201136,TITANIUM DIOXIDE,"[""Small molecule""]",2006,False,False,False,False,False,[],[],[],[],[],0,0,0,0
CHEMBL1201139,MEGESTROL ACETATE,"[""Small molecule""]",1971,False,False,False,True,True,"[""PGR""]",[],[],[],"[[""CHEMBL208"", ""AGONIST""]]",0,0,0.003002948450748786,0.003002948450748786
CHEMBL1201146,NORETHINDRONE ACETATE,"[""Small molecule""]",1973,False,False,False,True,True,"[""PGR""]",[],[],[],"[[""CHEMBL208"", ""AGONIST""]]",0,0,0.003002948450748786,0.003002948450748786
CHEMBL1201147,OCTOCRYLENE,"[""Small molecule""]",2006,False,False,False,True,False,[],[],[],[],[],0,0,0,0
CHEMBL1201148,MEPREDNISONE,"[""Small molecule""]",1982,False,False,False,True,True,[],[],[],[],"[[""CHEMBL2034"", ""AGONIST""]]",0,0,0.0,0.0
CHEMBL1201151,MESTRANOL,"[""Small molecule""]",1961,False,False,False,True,True,"[""ESR1""]",[],[],[],"[[""CHEMBL206"", ""AGONIST""]]",0,0,0.0026647551378045638,0.0026647551378045638
CHEMBL1201165,QUINESTROL,"[""Small molecule""]",1982,False,False,False,True,True,"[""ESR1""]",[],[],[],"[[""CHEMBL2093866"", ""AGONIST""]]",0,0,0.0026647551378045638,0.0026647551378045638
CHEMBL1201170,LITHIUM CITRATE ANHYDROUS,"[""Small molecule""]",1980,False,False,False,True,True,[],[],[],[],"[[""CHEMBL1786"", ""INHIBITOR""], [""CHEMBL2095188"", ""INHIBITOR""]]",0,0,0.0,0.0
CHEMBL1201173,MEDRYSONE,"[""Small molecule""]",1969,False,False,False,True,True,[],[],[],[],"[[""CHEMBL2034"", ""AGONIST""]]",0,0,0.0,0.0
CHEMBL1201182,TEMSIROLIMUS,"[""Small molecule""]",2007,False,False,False,True,True,[],[],[],[],"[[""CHEMBL1902"", ""INHIBITOR""]]",0,0,0.0,0.0
CHEMBL1201185,LANREOTIDE,"[""Protein""]",2007,False,False,False,True,True,[],[],[],[],"[[""CHEMBL1792"", ""AGONIST""], [""CHEMBL1804"", ""AGONIST""]]",0,0,0.0,0.0
CHEMBL1201186,BISMUTH SUBCITRATE POTASSIUM,"[""Small molecule""]",2006,False,False,False,False,False,[],[],[],[],[],0,0,0,0
CHEMBL1201191,LEVOCETIRIZINE,"[""Small molecule""]",2007,False,False,False,True,True,[],[],[],[],"[[""CHEMBL231"", ""ANTAGONIST""]]",0,0,0.0,0.0
CHEMBL1201192,ARMODAFINIL,"[""Small molecule""]",2007,False,False,False,True,True,[],[],[],[],"[[""CHEMBL238"", ""INHIBITOR""]]",0,0,0.0,0.0
CHEMBL1201193,LEVOBUPIVACAINE,"[""Small molecule""]",1999,False,False,False,True,True,"[""SCN4A""]",[],[],[],"[[""CHEMBL2072"", ""BLOCKER""]]",0,0,0.003247364880461054,0.003247364880461054
CHEMBL1201195,CEFMETAZOLE,"[""Small molecule""]",1989,False,False,False,True,False,[],[],[],[],[],0,0,0,0
CHEMBL1201196,SERTACONAZOLE,"[""Small molecule""]",2003,False,False,False,True,False,[],[],[],[],[],0,0,0,0
CHEMBL1201198,PEMIROLAST,"[""Small molecule""]",1999,False,False,False,True,False,[],[],[],[],[],0,0,0,0
CHEMBL1201199,LEUPROLIDE,"[""Protein""]",1985,False,False,False,True,True,[],[],[],[],"[[""CHEMBL1855"", ""AGONIST""]]",0,0,0,0
CHEMBL1201201,METHAMPHETAMINE,"[""Small molecule""]",1943,False,False,False,True,True,"[""SLC6A4""]",[],[],[],"[[""CHEMBL2363064"", ""INHIBITOR""]]",0,0,0.09284028451546111,0.09284028451546111
CHEMBL1201202,FONDAPARINUX,"[""Oligosaccharide""]",2001,False,False,False,True,True,[],[],[],[],"[[""CHEMBL1950"", ""ACTIVATOR""]]",0,0,0.0,0.0
CHEMBL1201203,BENZTROPINE,"[""Small molecule""]",1954,False,False,False,True,True,[],[],[],[],"[[""CHEMBL216"", ""ANTAGONIST""]]",0,0,0,0
CHEMBL1201204,CEFPIRAMIDE,"[""Small molecule""]",1989,False,False,False,True,False,[],[],[],[],[],0,0,0,0
CHEMBL1201206,PIPECURONIUM,"[""Small molecule""]",1990,False,False,False,True,True,"[""CHRNA1""]",[],[],[],"[[""CHEMBL2362997"", ""ANTAGONIST""]]",0,0,0.019017436200454825,0.019017436200454825
CHEMBL1201207,BETAMETHASONE PHOSPHORIC ACID,"[""Small molecule""]",1965,False,False,False,True,True,[],[],[],[],"[[""CHEMBL2034"", ""AGONIST""]]",0,0,0.0,0.0
CHEMBL1201208,PHENMETRAZINE,"[""Small molecule""]",1982,False,False,False,True,True,[],[],[],[],"[[""CHEMBL222"", ""INHIBITOR""], [""CHEMBL238"", ""INHIBITOR""]]",0,0,0.0,0.0
CHEMBL1201210,PROPIOMAZINE,"[""Small molecule""]",1960,False,False,False,True,True,[],[],[],[],"[[""CHEMBL231"", ""ANTAGONIST""]]",0,0,0.0,0.0
CHEMBL1201212,MIDODRINE,"[""Small molecule""]",1996,False,False,False,True,True,"[""ADRA1B"", ""ADRA1D""]",[],[],[],"[[""CHEMBL2094251"", ""AGONIST""]]",0,0,0.019518269322654547,0.019518269322654547
CHEMBL1201213,ISOETHARINE,"[""Small molecule""]",1979,False,False,False,True,True,[],[],[],[],"[[""CHEMBL210"", ""AGONIST""]]",0,0,0.0,0.0
CHEMBL1201216,DAPIPRAZOLE,"[""Small molecule""]",1990,False,False,False,True,True,[],[],[],[],"[[""CHEMBL229"", ""ANTAGONIST""]]",0,0,0,0
CHEMBL1201217,DYCLONINE,"[""Small molecule""]",1982,False,False,False,True,True,"[""SCN4A"", ""SCN7A""]",[],[],[],"[[""CHEMBL2331043"", ""BLOCKER""]]",0,0,0.003247364880461054,0.003247364880461054
CHEMBL1201218,CEFAMANDOLE NAFATE FREE BASE,"[""Small molecule""]",1978,False,False,False,True,False,[],[],[],[],[],0,0,0,0
CHEMBL1201219,VECURONIUM,"[""Small molecule""]",1984,False,False,False,True,True,"[""CHRNA1""]",[],[],[],"[[""CHEMBL2362997"", ""ANTAGONIST""]]",0,0,0.019017436200454825,0.019017436200454825
CHEMBL1201220,DIATRIZOIC ACID,"[""Small molecule""]",1954,False,False,False,True,False,[],[],[],[],[],0,0,0,0
CHEMBL1201222,LISDEXAMFETAMINE,"[""Small molecule""]",2007,False,False,False,True,True,[],[],[],[],"[[""CHEMBL1893"", ""INHIBITOR""], [""CHEMBL222"", ""RELEASING AGENT""], [""CHEMBL238"", ""RELEASING AGENT""]]",0,0,0.0,0.0
CHEMBL1201224,CEFMENOXIME,"[""Small molecule""]",1987,False,False,False,True,False,[],[],[],[],[],0,0,0,0
CHEMBL1201227,CYCRIMINE,"[""Small molecule""]",1982,False,False,False,True,True,[],[],[],[],"[[""CHEMBL216"", ""ANTAGONIST""]]",0,0,0,0
CHEMBL1201229,DEMECARIUM,"[""Small molecule""]",1959,False,False,False,True,True,"[""ACHE""]",[],[],[],"[[""CHEMBL220"", ""INHIBITOR""]]",0,0,0.0037763442209485785,0.0037763442209485785
CHEMBL1201231,PREDNISOLONE PHOSPHORIC ACID,"[""Small molecule""]",1973,False,False,False,True,True,[],[],[],[],"[[""CHEMBL2034"", ""AGONIST""]]",0,0,0.0,0.0
CHEMBL1201232,ISOPROPAMIDE,"[""Small molecule""]",1957,False,False,False,True,True,"[""CHRM3""]",[],[],[],"[[""CHEMBL216"", ""ANTAGONIST""], [""CHEMBL245"", ""ANTAGONIST""]]",0,0,0.008889800073886641,0.008889800073886641
CHEMBL1201233,METHYLDOPATE,"[""Small molecule""]",1962,False,False,False,True,True,"[""ADRA2A"", ""ADRA2C""]","[""ADRA2A""]",[],[],"[[""CHEMBL2095158"", ""AGONIST""]]",0,0.21032116470427323,0.1682569317634186,0.1682569317634186
CHEMBL1201234,MEPHENTERMINE,"[""Small molecule""]",1951,False,False,False,True,True,"[""ADRA1B"", ""ADRA1D"", ""ADRA2A"", ""ADRA2C"", ""ADRB1""]","[""ADRA2A""]",[],[],"[[""CHEMBL2331074"", ""AGONIST""]]",0,0.21032116470427323,0.1682569317634186,0.1682569317634186
CHEMBL1201235,METHYLHOMATROPINE,"[""Small molecule""]",1943,False,False,False,True,False,[],[],[],[],[],0,0,0,0
CHEMBL1201236,CARBIDOPA ANHYDROUS,"[""Small molecule""]",1975,False,False,False,True,True,"[""DDC""]",[],[],[],"[[""CHEMBL1843"", ""INHIBITOR""]]",0,0,0.032309062657431546,0.032309062657431546
CHEMBL1201237,LEVOBUNOLOL,"[""Small molecule""]",1985,False,False,False,True,True,"[""ADRB1""]",[],[],[],"[[""CHEMBL210"", ""ANTAGONIST""], [""CHEMBL213"", ""ANTAGONIST""]]",0,0,0.02299311236507951,0.02299311236507951
CHEMBL1201239,IODAMIDE,"[""Small molecule""]",1982,False,False,False,False,False,[],[],[],[],[],0,0,0,0
CHEMBL1201242,INDECAINIDE,"[""Small molecule""]",1989,False,False,False,True,True,"[""SCN4A"", ""SCN7A""]",[],[],[],"[[""CHEMBL2331043"", ""BLOCKER""]]",0,0,0.003247364880461054,0.003247364880461054
CHEMBL1201243,IPODATE,"[""Small molecule""]",1962,False,False,False,False,False,[],[],[],[],[],0,0,0,0
CHEMBL1201244,ROCURONIUM,"[""Small molecule""]",1994,False,False,False,True,True,"[""CHRNA1""]",[],[],[],"[[""CHEMBL2362997"", ""ANTAGONIST""]]",0,0,0.019017436200454825,0.019017436200454825
CHEMBL1201245,BROMODIPHENHYDRAMINE,"[""Small molecule""]",1954,False,False,False,True,True,[],[],[],[],"[[""CHEMBL231"", ""ANTAGONIST""]]",0,0,0.0,0.0
CHEMBL1201247,GOSERELIN,"[""Protein""]",1989,False,False,False,True,True,[],[],[],[],"[[""CHEMBL1855"", ""AGONIST""]]",0,0,0,0
CHEMBL1201248,CISATRACURIUM,"[""Small molecule""]",1995,False,False,False,True,True,"[""CHRNA1""]",[],[],[],"[[""CHEMBL2362997"", ""ANTAGONIST""]]",0,0,0.019017436200454825,0.019017436200454825
CHEMBL1201250,BENZQUINAMIDE,"[""Small molecule""]",1974,False,False,False,True,True,[],[],[],[],"[[""CHEMBL217"", ""MODULATOR""]]",0,0,0.0,0.0
CHEMBL1201251,ARBUTAMINE,"[""Small molecule""]",1997,False,False,False,False,False,[],[],[],[],[],0,0,0,0
CHEMBL1201255,HISTRELIN,"[""Protein""]",1991,False,False,False,True,True,[],[],[],[],"[[""CHEMBL1855"", ""AGONIST""]]",0,0,0,0
CHEMBL1201256,TRIMETHOBENZAMIDE,"[""Small molecule""]",1974,False,False,False,True,False,[],[],[],[],[],0,0,0,0
CHEMBL1201260,BETHANIDINE,"[""Small molecule""]",1982,False,False,False,True,True,[],[],[],[],"[[""CHEMBL222"", ""SUBSTRATE""]]",0,0,0.0,0.0
CHEMBL1201261,TYROPANOIC ACID,"[""Small molecule""]",1969,False,False,False,False,False,[],[],[],[],[],0,0,0,0
CHEMBL1201262,DIPIVEFRIN,"[""Small molecule""]",1980,False,False,False,True,True,"[""ADRA1B"", ""ADRA1D"", ""ADRA2A"", ""ADRA2C"", ""ADRB1""]","[""ADRA2A""]",[],[],"[[""CHEMBL2331074"", ""AGONIST""]]",0,0.21032116470427323,0.1682569317634186,0.1682569317634186
CHEMBL1201263,HYDROCORTAMATE,"[""Small molecule""]",1956,False,False,False,True,True,[],[],[],[],"[[""CHEMBL2034"", ""AGONIST""]]",0,0,0.0,0.0
CHEMBL1201264,METHANTHELINE,"[""Small molecule""]",1951,False,False,False,True,True,"[""HRH2""]",[],[],[],"[[""CHEMBL1941"", ""ANTAGONIST""]]",0,0,0.004884421826549503,0.004884421826549503
CHEMBL1201265,METHYLPREDNISOLONE HEMISUCCINATE,"[""Small molecule""]",1959,False,False,False,True,True,[],[],[],[],"[[""CHEMBL2034"", ""AGONIST""]]",0,0,0.0,0.0
CHEMBL1201266,LODOXAMIDE,"[""Small molecule""]",1993,False,False,False,True,False,[],[],[],[],[],0,0,0,0
CHEMBL1201270,METHENAMINE,"[""Small molecule""]",1967,False,False,False,True,False,[],[],[],[],[],0,0,0,0
CHEMBL1201271,BUCLIZINE,"[""Small molecule""]",1982,False,False,False,True,True,[],[],[],[],"[[""CHEMBL231"", ""ANTAGONIST""]]",0,0,0.0,0.0
CHEMBL1201273,PROTOKYLOL,"[""Small molecule""]",1982,False,False,False,True,True,[],[],[],[],"[[""CHEMBL210"", ""AGONIST""]]",0,0,0.0,0.0
CHEMBL1201274,LEVOBETAXOLOL,"[""Small molecule""]",2000,False,False,False,True,True,"[""ADRB1""]",[],[],[],"[[""CHEMBL213"", ""ANTAGONIST""]]",0,0,0.02299311236507951,0.02299311236507951
CHEMBL1201275,ISOSULFAN BLUE INNER SALT,"[""Small molecule""]",1981,False,False,False,False,False,[],[],[],[],[],0,0,0,0
CHEMBL1201281,CHLORAMPHENICOL SUCCINIC ACID,"[""Small molecule""]",1959,False,False,False,True,False,[],[],[],[],[],0,0,0,0
CHEMBL1201284,CINACALCET,"[""Small molecule""]",2004,False,False,False,True,True,[],[],[],[],"[[""CHEMBL1878"", ""POSITIVE ALLOSTERIC MODULATOR""]]",0,0,0,0
CHEMBL1201286,OXYPHENONIUM,"[""Small molecule""]",1982,False,False,False,True,True,"[""CHRM3""]",[],[],[],"[[""CHEMBL216"", ""ANTAGONIST""], [""CHEMBL245"", ""ANTAGONIST""]]",0,0,0.008889800073886641,0.008889800073886641
CHEMBL1201287,DEXBROMPHENIRAMINE,"[""Small molecule""]",1963,False,False,False,True,True,[],[],[],[],"[[""CHEMBL231"", ""ANTAGONIST""]]",0,0,0.0,0.0
CHEMBL1201288,DANTROLENE,"[""Small molecule""]",1974,False,False,False,True,True,"[""RYR3""]",[],[],[],"[[""CHEMBL1846"", ""ANTAGONIST""], [""CHEMBL2062"", ""ANTAGONIST""]]",0,0,0.0020017562886541344,0.0020017562886541344
CHEMBL1201289,CLINDAMYCIN PALMITATE,"[""Small molecule""]",1982,False,False,False,True,False,[],[],[],[],[],0,0,0,0
CHEMBL1201291,IOXAGLIC ACID,"[""Small molecule""]",1985,False,False,False,True,False,[],[],[],[],[],0,0,0,0
CHEMBL1201293,ACAMPROSATE,"[""Small molecule""]",2004,False,False,False,True,True,"[""GABRA2"", ""GABRA4"", ""GABRA5"", ""GABRB2"", ""GABRE"", ""GABRG1"", ""GABRP"", ""GRIN2D"", ""GRIN3A""]",[],[],[],"[[""CHEMBL2093872"", ""POSITIVE MODULATOR""], [""CHEMBL2094124"", ""ANTAGONIST""]]",0,0,0.029717314452763127,0.029717314452763127
CHEMBL1201294,DIPHENOXYLATE,"[""Small molecule""]",1960,False,False,False,True,True,[],[],[],[],"[[""CHEMBL233"", ""AGONIST""]]",0,0,0.0,0.0
CHEMBL1201295,BITOLTEROL,"[""Small molecule""]",1984,False,False,False,True,True,[],[],[],[],"[[""CHEMBL210"", ""AGONIST""]]",0,0,0.0,0.0
CHEMBL1201300,IOTHALAMIC ACID,"[""Small molecule""]",1962,False,False,False,True,False,[],[],[],[],[],0,0,0,0
CHEMBL1201301,MANGAFODIPIR,"[""Small molecule""]",1997,False,False,False,True,False,[],[],[],[],[],0,0,0,0
CHEMBL1201302,DEXAMETHASONE PHOSPHORIC ACID,"[""Small molecule""]",1959,True,True,True,True,True,[],[],[],[],"[[""CHEMBL2034"", ""AGONIST""]]",0,0,0.0,0.0
CHEMBL1201303,PYRVINIUM,"[""Small molecule""]",1982,False,False,False,True,False,[],[],[],[],[],0,0,0,0
CHEMBL1201304,INDOCYANINE GREEN ACID FORM,"[""Small molecule""]",1959,False,False,False,True,False,[],[],[],[],[],0,0,0,0
CHEMBL1201308,IOFETAMINE,"[""Small molecule""]",1987,False,False,False,False,False,[],[],[],[],[],0,0,0,0
CHEMBL1201309,NAFARELIN,"[""Protein""]",1990,False,False,False,True,True,[],[],[],[],"[[""CHEMBL1855"", ""AGONIST""]]",0,0,0,0
CHEMBL1201313,CHLOPHEDIANOL,"[""Small molecule""]",1982,False,False,False,True,False,[],[],[],[],[],0,0,0,0
CHEMBL1201314,VALGANCICLOVIR,"[""Small molecule""]",2001,False,False,False,True,False,[],[],[],[],[],0,0,0,0
CHEMBL1201317,TRICLOFOS,"[""Small molecule""]",1982,False,False,False,True,True,"[""GABRA2"", ""GABRA4"", ""GABRA5"", ""GABRB2"", ""GABRE"", ""GABRG1"", ""GABRP""]",[],[],[],"[[""CHEMBL2093872"", ""POSITIVE MODULATOR""]]",0,0,0.014213049242877394,0.014213049242877394
CHEMBL1201319,METARAMINOL,"[""Small molecule""]",1954,False,False,False,True,True,"[""ADRA1B"", ""ADRA1D""]",[],[],[],"[[""CHEMBL2094251"", ""AGONIST""]]",0,0,0.019518269322654547,0.019518269322654547
CHEMBL1201320,ESOMEPRAZOLE,"[""Small molecule""]",2001,False,False,False,True,True,[],[],[],[],"[[""CHEMBL2095173"", ""INHIBITOR""]]",0,0,0.0,0.0
CHEMBL1201321,DIFENOXIN,"[""Small molecule""]",1978,False,False,False,True,True,[],[],[],[],"[[""CHEMBL233"", ""AGONIST""]]",0,0,0.0,0.0
CHEMBL1201322,THONZONIUM,"[""Small molecule""]",1982,False,False,False,False,False,[],[],[],[],[],0,0,0,0
CHEMBL1201323,BETAZOLE,"[""Small molecule""]",1982,False,False,False,True,True,"[""HRH2""]",[],[],[],"[[""CHEMBL1941"", ""AGONIST""]]",0,0,0.004884421826549503,0.004884421826549503
CHEMBL1201325,HEXOCYCLIUM,"[""Small molecule""]",1982,False,False,False,True,True,"[""CHRM3""]",[],[],[],"[[""CHEMBL216"", ""ANTAGONIST""], [""CHEMBL245"", ""ANTAGONIST""]]",0,0,0.008889800073886641,0.008889800073886641
CHEMBL1201327,ACETRIZOIC ACID,"[""Small molecule""]",1982,False,False,False,False,False,[],[],[],[],[],0,0,0,0
CHEMBL1201328,CARPHENAZINE,"[""Small molecule""]",1982,False,False,False,True,True,[],[],[],[],"[[""CHEMBL217"", ""ANTAGONIST""], [""CHEMBL224"", ""ANTAGONIST""], [""CHEMBL225"", ""ANTAGONIST""]]",0,0,0.0,0.0
CHEMBL1201329,TRIMETHAPHAN,"[""Small molecule""]",1982,False,False,False,True,True,"[""CHRNA3""]",[],[],[],"[[""CHEMBL1907594"", ""ANTAGONIST""]]",0,0,0.006949115048094263,0.006949115048094263
CHEMBL1201334,TRIPTORELIN,"[""Protein""]",2000,False,False,False,True,True,[],[],[],[],"[[""CHEMBL1855"", ""AGONIST""]]",0,0,0,0
CHEMBL1201335,GLYCOPYRRONIUM,"[""Small molecule""]",1961,False,False,False,True,True,"[""CHRM2"", ""CHRM3"", ""CHRM4""]",[],[],[],"[[""CHEMBL2094109"", ""INHIBITOR""], [""CHEMBL216"", ""ANTAGONIST""], [""CHEMBL245"", ""ANTAGONIST""]]",0,0,0.025558666715213216,0.025558666715213216
CHEMBL1201336,FOSPHENYTOIN,"[""Small molecule""]",1996,False,False,False,True,True,"[""SCN4A"", ""SCN7A""]",[],[],[],"[[""CHEMBL2331043"", ""BLOCKER""]]",0,0,0.003247364880461054,0.003247364880461054
CHEMBL1201338,CYCLOPENTOLATE,"[""Small molecule""]",1974,False,False,False,True,True,"[""CHRM3""]",[],[],[],"[[""CHEMBL245"", ""ANTAGONIST""]]",0,0,0.008889800073886641,0.008889800073886641
CHEMBL1201340,DIPHEMANIL,"[""Small molecule""]",1982,False,False,False,True,True,"[""CHRM3""]",[],[],[],"[[""CHEMBL216"", ""ANTAGONIST""], [""CHEMBL245"", ""ANTAGONIST""]]",0,0,0.008889800073886641,0.008889800073886641
CHEMBL1201341,ECHOTHIOPHATE,"[""Small molecule""]",1960,False,False,False,True,True,"[""ACHE""]",[],[],[],"[[""CHEMBL220"", ""INHIBITOR""]]",0,0,0.0037763442209485785,0.0037763442209485785
CHEMBL1201342,METHIXENE,"[""Small molecule""]",1982,False,False,False,True,True,[],[],[],[],"[[""CHEMBL216"", ""ANTAGONIST""], [""CHEMBL225"", ""ANTAGONIST""]]",0,0,0,0
CHEMBL1201345,TETRADECYL SULFURIC ACID,"[""Small molecule""]",1946,False,False,False,True,False,[],[],[],[],[],0,0,0,0
CHEMBL1201346,BALSALAZIDE,"[""Small molecule""]",2000,False,False,False,True,True,"[""PPARG"", ""PTGS2""]",[],[],[],"[[""CHEMBL2094253"", ""INHIBITOR""], [""CHEMBL215"", ""INHIBITOR""], [""CHEMBL235"", ""AGONIST""]]",0,0,0.08012979869524581,0.08012979869524581
CHEMBL1201347,ANILERIDINE,"[""Small molecule""]",1982,False,False,False,True,True,[],[],[],[],"[[""CHEMBL233"", ""AGONIST""], [""CHEMBL237"", ""AGONIST""]]",0,0,0.0,0.0
CHEMBL1201348,MENADIOL DIPHOSPHORIC ACID,"[""Small molecule""]",1982,False,False,False,False,False,[],[],[],[],[],0,0,0,0
CHEMBL1201349,HEXAFLUORENIUM,"[""Small molecule""]",1982,False,False,False,True,True,"[""ACHE""]",[],[],[],"[[""CHEMBL220"", ""INHIBITOR""]]",0,0,0.0037763442209485785,0.0037763442209485785
CHEMBL1201353,DEXCHLORPHENIRAMINE,"[""Small molecule""]",1981,False,False,False,True,True,[],[],[],[],"[[""CHEMBL231"", ""ANTAGONIST""]]",0,0,0.0,0.0
CHEMBL1201354,TRIDIHEXETHYL,"[""Small molecule""]",1954,False,False,False,True,True,"[""CHRM3""]",[],[],[],"[[""CHEMBL216"", ""ANTAGONIST""], [""CHEMBL245"", ""ANTAGONIST""]]",0,0,0.008889800073886641,0.008889800073886641
CHEMBL1201355,CERULETIDE,"[""Protein""]",1982,False,False,False,True,True,[],[],[],[],"[[""CHEMBL1901"", ""AGONIST""]]",0,0,0,0
CHEMBL1201356,METHYLERGONOVINE,"[""Small molecule""]",1946,False,False,False,True,True,[],[],[],[],"[[""CHEMBL1833"", ""PARTIAL AGONIST""], [""CHEMBL2056"", ""ANTAGONIST""]]",0,0,0.0,0.0
CHEMBL1201411,TECHNETIUM TC 99M FERPENTETATE,"[""Unknown""]",1982,False,False,False,False,False,[],[],[],[],[],0,0,0,0
CHEMBL1201413,TECHNETIUM TC 99M DEPREOTIDE,"[""Protein""]",1999,False,False,False,True,False,[],[],[],[],[],0,0,0,0
CHEMBL1201414,TINZAPARIN SODIUM,"[""Oligosaccharide""]",2000,False,False,False,True,True,[],[],[],[],"[[""CHEMBL1950"", ""ACTIVATOR""]]",0,0,0.0,0.0
CHEMBL1201419,LUTROPIN ALFA,"[""Protein""]",2000,False,False,False,True,True,[],[],[],[],"[[""CHEMBL1854"", ""AGONIST""]]",0,0,0,0
CHEMBL1201420,UROKINASE,"[""Enzyme""]",1982,False,False,False,True,True,"[""PLAU""]","[""PLAU""]",[],[],"[[""CHEMBL3286"", ""EXOGENOUS PROTEIN""]]",0,0.23764418055094688,0.2480534066486499,0.2480534066486499
CHEMBL1201421,PEGAPTANIB SODIUM,"[""Small molecule""]",2004,False,False,False,True,True,[],[],[],[],"[[""CHEMBL1783"", ""ANTAGONIST""]]",0,0,0.0,0.0
CHEMBL1201431,DORNASE ALFA,"[""Enzyme""]",1993,False,False,False,True,False,[],[],[],[],[],0,0,0,0
CHEMBL1201438,ALDESLEUKIN,"[""Protein""]",1992,False,False,False,True,True,"[""IL2RA"", ""IL2RB"", ""IL2RG""]","[""IL2RA""]",[],[],"[[""CHEMBL2364167"", ""AGONIST""]]",3,0.8030806298691048,0.6542088720310691,0.6542088720310691
CHEMBL1201439,BASILIXIMAB,"[""Antibody""]",1998,False,False,False,True,True,"[""IL2RA"", ""IL2RB"", ""IL2RG""]","[""IL2RA""]",[],[],"[[""CHEMBL2364167"", ""INHIBITOR""]]",0,0.8030806298691048,0.6542088720310691,0.6542088720310691
CHEMBL1201444,CRYPTENAMINE ACETATES,"[""Unknown""]",1982,False,False,False,True,False,[],[],[],[],[],0,0,0,0
CHEMBL1201446,BENTOQUATAM,"[""Unknown""]",1996,False,False,False,False,False,[],[],[],[],[],0,0,0,0
CHEMBL1201447,CALFACTANT,"[""Unknown""]",1998,False,False,False,True,False,[],[],[],[],[],0,0,0,0
CHEMBL1201448,ARDEPARIN SODIUM,"[""Oligosaccharide""]",1997,False,False,False,True,True,[],[],[],[],"[[""CHEMBL1950"", ""ACTIVATOR""]]",0,0,0.0,0.0
CHEMBL1201450,"ALBUMIN, CHROMATED CR 51 SERUM","[""Protein""]",1976,False,False,False,False,False,[],[],[],[],[],0,0,0,0
CHEMBL1201451,ALBUMIN HUMAN,"[""Protein""]",1997,False,False,False,True,False,[],[],[],[],[],0,0,0,0
CHEMBL1201452,"ALBUMIN, IODINATED I 125 SERUM","[""Protein""]",1976,False,False,False,True,False,[],[],[],[],[],0,0,0,0
CHEMBL1201453,"ALBUMIN, IODINATED I 131 SERUM","[""Protein""]",1982,False,False,False,True,False,[],[],[],[],[],0,0,0,0
CHEMBL1201454,ALSEROXYLON,"[""Unknown""]",1982,False,False,False,True,True,"[""ADRA1B"", ""ADRA1D"", ""ADRA2A"", ""ADRA2C""]","[""ADRA2A""]",[],[],"[[""CHEMBL2095203"", ""ANTAGONIST""]]",0,0.21032116470427323,0.1682569317634186,0.1682569317634186
CHEMBL1201457,CELLULOSE SODIUM PHOSPHATE,"[""Unknown""]",1982,False,False,False,True,False,[],[],[],[],[],0,0,0,0
CHEMBL1201458,ETHIODIZED OIL,"[""Unknown""]",1954,False,False,False,True,False,[],[],[],[],[],0,0,0,0
CHEMBL1201459,DESOXYRIBONUCLEASE,"[""Enzyme""]",1964,False,False,False,True,False,[],[],[],[],[],0,0,0,0
CHEMBL1201460,DALTEPARIN SODIUM,"[""Oligosaccharide""]",1994,False,False,False,True,True,[],[],[],[],"[[""CHEMBL1950"", ""ACTIVATOR""]]",0,0,0.0,0.0
CHEMBL1201464,CHORIOGONADOTROPIN ALFA,"[""Protein""]",2000,False,False,False,True,True,[],[],[],[],"[[""CHEMBL1854"", ""AGONIST""]]",0,0,0,0
CHEMBL1201465,CHYMOTRYPSIN,"[""Unknown""]",1959,False,False,False,True,False,[],[],[],[],[],0,0,0,0
CHEMBL1201466,"ESTROGENS, CONJUGATED SYNTHETIC A","[""Unknown""]",1999,False,False,False,True,True,"[""ESR1""]",[],[],[],"[[""CHEMBL2093866"", ""AGONIST""]]",0,0,0.0026647551378045638,0.0026647551378045638
CHEMBL1201467,"SYNTHETIC CONJUGATED ESTROGENS, B","[""Unknown""]",2004,False,False,False,True,True,"[""ESR1""]",[],[],[],"[[""CHEMBL2093866"", ""AGONIST""]]",0,0,0.0026647551378045638,0.0026647551378045638
CHEMBL1201468,"ESTROGENS, ESTERIFIED","[""Unknown""]",1977,False,False,False,True,True,"[""ESR1""]",[],[],[],"[[""CHEMBL2093866"", ""AGONIST""]]",0,0,0.0026647551378045638,0.0026647551378045638
CHEMBL1201469,GRAMICIDIN,"[""Unknown""]",1968,False,False,False,True,False,[],[],[],[],[],0,0,0,0
CHEMBL1201471,HYDROXYPROPYL CELLULOSE,"[""Unknown""]",1982,False,False,False,False,False,[],[],[],[],[],0,0,0,0
CHEMBL1201472,ICODEXTRIN,"[""Unknown""]",2002,False,False,False,True,False,[],[],[],[],[],0,0,0,0
CHEMBL1201474,COLESTIPOL HYDROCHLORIDE,"[""Unknown""]",1977,False,False,False,True,False,[],[],[],[],[],0,0,0,0
CHEMBL1201476,ENOXAPARIN SODIUM,"[""Oligosaccharide""]",1993,False,False,False,True,True,[],[],[],[],"[[""CHEMBL1950"", ""ACTIVATOR""]]",0,0,0.0,0.0
CHEMBL1201477,POLYESTRADIOL PHOSPHATE,"[""Small molecule""]",1957,False,False,False,True,True,"[""ESR1""]",[],[],[],"[[""CHEMBL206"", ""AGONIST""]]",0,0,0.0026647551378045638,0.0026647551378045638
CHEMBL1201479,POLYETHYLENE GLYCOL 3350,"[""Small molecule""]",1984,False,False,False,True,False,[],[],[],[],[],2,0,0,0
CHEMBL1201480,POLYTETRAFLUOROETHYLENE,"[""Small molecule""]",2000,False,False,False,False,False,[],[],[],[],[],0,0,0,0
CHEMBL1201481,PORFIMER SODIUM,"[""Small molecule""]",1995,False,False,False,True,False,[],[],[],[],[],0,0,0,0
CHEMBL1201482,PROTEASE (PANCRELIPASE),"[""Enzyme""]",1996,False,False,False,True,False,[],[],[],[],[],0,0,0,0
CHEMBL1201484,SODIUM POLYSTYRENE SULFONATE,"[""Small molecule""]",1958,False,False,False,True,False,[],[],[],[],[],0,0,0,0
CHEMBL1201485,SOYBEAN OIL,"[""Unknown""]",1982,False,False,False,False,False,[],[],[],[],[],1,0,0,0
CHEMBL1201486,QUINIDINE POLYGALACTURONATE,"[""Small molecule""]",1982,False,False,False,True,True,"[""SCN4A"", ""SCN7A""]",[],[],[],"[[""CHEMBL2331043"", ""BLOCKER""]]",0,0,0.003247364880461054,0.003247364880461054
CHEMBL1201487,SACROSIDASE,"[""Enzyme""]",1998,False,False,False,True,False,[],[],[],[],[],0,0,0,0
CHEMBL1201488,SECRETIN SYNTHETIC HUMAN,"[""Protein""]",2004,False,False,False,True,True,"[""SCTR""]",[],[],[],"[[""CHEMBL1925"", ""AGONIST""]]",0,0,0.013751776026706866,0.013751776026706866
CHEMBL1201490,SERMORELIN ACETATE,"[""Protein""]",1990,False,False,False,True,True,[],[],[],[],"[[""CHEMBL2032"", ""AGONIST""]]",0,0,0,0
CHEMBL1201492,SEVELAMER HYDROCHLORIDE,"[""Small molecule""]",1998,False,False,False,True,False,[],[],[],[],[],0,0,0,0
CHEMBL1201493,SIMETHICONE-CELLULOSE,"[""Unknown""]",1998,False,False,False,False,False,[],[],[],[],[],0,0,0,0
CHEMBL1201494,SODIUM FERRIC GLUCONATE COMPLEX,"[""Unknown""]",1999,False,False,False,True,False,[],[],[],[],[],0,0,0,0
CHEMBL1201495,SUTILAINS,"[""Unknown""]",1969,False,False,False,False,False,[],[],[],[],[],0,0,0,0
CHEMBL1201496,INSULIN ASPART,"[""Protein""]",1999,False,False,False,True,True,[],[],[],[],"[[""CHEMBL1981"", ""AGONIST""]]",0,0,0,0
CHEMBL1201497,INSULIN GLARGINE,"[""Protein""]",2000,False,False,False,True,True,[],[],[],[],"[[""CHEMBL1981"", ""AGONIST""]]",0,0,0,0
CHEMBL1201498,AMINO ACIDS,"[""Unknown""]",1982,False,False,False,False,False,[],[],[],[],[],0,0,0,0
CHEMBL1201501,DIMYRISTOYL LECITHIN,"[""Unknown""]",2002,False,False,False,False,False,[],[],[],[],[],0,0,0,0
CHEMBL1201502,FERUMOXIDES,"[""Unknown""]",1996,False,False,False,False,False,[],[],[],[],[],0,0,0,0
CHEMBL1201503,FERUMOXSIL,"[""Unknown""]",1996,False,False,False,False,False,[],[],[],[],[],0,0,0,0
CHEMBL1201504,FIBRINOGEN I 125,"[""Unknown""]",1976,False,False,False,False,False,[],[],[],[],[],0,0,0,0
CHEMBL1201505,"FIBRINOLYSIN, HUMAN","[""Unknown""]",1964,False,False,False,True,True,"[""FGA""]",[],[],[],"[[""CHEMBL2364709"", ""INHIBITOR""]]",0,0,0.0028710074527339936,0.0028710074527339936
CHEMBL1201507,GLATIRAMER ACETATE,"[""Small molecule""]",1996,False,False,False,True,False,[],[],[],[],[],1,0,0,0
CHEMBL1201509,"GONADOTROPIN, CHORIONIC","[""Protein""]",1973,False,False,False,True,True,[],[],[],[],"[[""CHEMBL1854"", ""AGONIST""]]",0,0,0,0
CHEMBL1201512,FOMIVIRSEN SODIUM,"[""Oligonucleotide""]",1998,False,False,False,True,False,[],[],[],[],[],0,0,0,0
CHEMBL1201513,HEPARIN CALCIUM,"[""Oligosaccharide""]",1982,False,False,False,True,True,[],[],[],[],"[[""CHEMBL1950"", ""ACTIVATOR""]]",0,0,0.0,0.0
CHEMBL1201514,PEGADEMASE BOVINE,"[""Enzyme""]",1990,False,False,False,True,False,[],[],[],[],[],0,0,0,0
CHEMBL1201515,PEGVISOMANT,"[""Protein""]",2002,False,False,False,True,True,"[""GHR""]",[],[],[],"[[""CHEMBL1976"", ""ANTAGONIST""]]",0,0,0.004696662464314963,0.004696662464314963
CHEMBL1201516,PENTOSAN POLYSULFATE SODIUM,"[""Small molecule""]",1996,False,False,False,True,False,[],[],[],[],[],0,0,0,0
CHEMBL1201517,PERFLUOROPOLYMETHYLISOPROPYL ETHER,"[""Small molecule""]",2000,False,False,False,False,False,[],[],[],[],[],0,0,0,0
CHEMBL1201519,VITAMIN K,"[""Unknown""]",2000,False,False,False,False,False,[],[],[],[],[],0,0,0,0
CHEMBL1201520,UROFOLLITROPIN,"[""Unknown""]",1986,False,False,False,True,True,"[""FSHR""]","[""FSHR""]",[],[],"[[""CHEMBL2024"", ""AGONIST""]]",0,0.2501426920084372,0.20011415360674978,0.20011415360674978
CHEMBL1201522,TECHNETIUM TC 99M ALBUMIN AGGREGATED,"[""Protein""]",1982,False,False,False,True,False,[],[],[],[],[],0,0,0,0
CHEMBL1201524,TECHNETIUM (99MTC) APCITIDE,"[""Protein""]",1998,False,False,False,True,False,[],[],[],[],[],0,0,0,0
CHEMBL1201525,TECHNETIUM TC-99M POLYPHOSPHATE KIT,"[""Small molecule""]",1982,False,False,False,False,False,[],[],[],[],[],0,0,0,0
CHEMBL1201526,TECHNETIUM TC 99M (PYRO- AND TRIMETA-) PHOSPHATES,"[""Unknown""]",1982,False,False,False,False,False,[],[],[],[],[],0,0,0,0
CHEMBL1201527,TECHNETIUM TC 99M RED BLOOD CELLS,"[""Unknown""]",1991,False,False,False,True,False,[],[],[],[],[],0,0,0,0
CHEMBL1201528,VASOPRESSIN TANNATE,"[""Protein""]",1982,False,False,False,True,True,"[""AVPR1A""]",[],[],[],"[[""CHEMBL1790"", ""AGONIST""], [""CHEMBL1889"", ""AGONIST""], [""CHEMBL1921"", ""AGONIST""]]",0,0,0.015075052817374793,0.015075052817374793
CHEMBL1201529,TECHNETIUM TC 99M SULFUR COLLOID,"[""Unknown""]",1982,False,False,False,True,False,[],[],[],[],[],0,0,0,0
CHEMBL1201531,VERATRUM VIRIDE ROOT,"[""Unknown""]",1982,False,False,False,True,False,[],[],[],[],[],0,0,0,0
CHEMBL1201532,THYROTROPIN,"[""Unknown""]",1953,False,False,False,True,True,"[""TSHR""]",[],[],[],"[[""CHEMBL1963"", ""AGONIST""]]",0,0,0.024424552133980166,0.024424552133980166
CHEMBL1201533,THYROTROPIN ALFA,"[""Protein""]",1998,False,False,False,True,True,"[""TSHR""]",[],[],[],"[[""CHEMBL1963"", ""AGONIST""]]",0,0,0.024424552133980166,0.024424552133980166
CHEMBL1201534,DANAPAROID SODIUM,"[""Unknown""]",1996,False,False,False,True,True,[],[],[],[],"[[""CHEMBL1950"", ""ACTIVATOR""]]",0,0,0.0,0.0
CHEMBL1201537,TROLAMINE POLYPEPTIDE OLEATE CONDENSATE,"[""Protein""]",1958,False,False,False,False,False,[],[],[],[],[],0,0,0,0
CHEMBL1201538,INSULIN LISPRO,"[""Protein""]",1996,False,False,False,True,True,[],[],[],[],"[[""CHEMBL1981"", ""AGONIST""]]",0,0,0,0
CHEMBL1201539,INSULIN PORK,"[""Protein""]",1966,False,False,False,True,True,[],[],[],[],"[[""CHEMBL1981"", ""AGONIST""]]",0,0,0,0
CHEMBL1201540,INSULIN SUSP ISOPHANE RECOMBINANT HUMAN,"[""Protein""]",1982,False,False,False,True,True,[],[],[],[],"[[""CHEMBL1981"", ""AGONIST""]]",0,0,0,0
CHEMBL1201545,INSULIN SUSP ISOPHANE BEEF,"[""Protein""]",1982,False,False,False,True,True,[],[],[],[],"[[""CHEMBL1981"", ""AGONIST""]]",0,0,0,0
CHEMBL1201548,TYLOXAPOL,"[""Unknown""]",1990,False,False,False,True,False,[],[],[],[],[],0,0,0,0
CHEMBL1201549,TERIPARATIDE ACETATE,"[""Protein""]",1987,False,False,False,True,True,[],[],[],[],"[[""CHEMBL1793"", ""AGONIST""]]",0,0,0,0
CHEMBL1201550,DENILEUKIN DIFTITOX,"[""Protein""]",1999,False,False,False,True,True,"[""IL2RA"", ""IL2RB"", ""IL2RG""]","[""IL2RA""]",[],[],"[[""CHEMBL1795108"", ""INHIBITOR""], [""CHEMBL2364167"", ""BINDING AGENT""]]",0,0.8030806298691048,0.6542088720310691,0.6542088720310691
CHEMBL1201554,ANTITHROMBIN ALFA,"[""Protein""]",2006,False,False,False,True,True,[],[],[],[],"[[""CHEMBL204"", ""INHIBITOR""], [""CHEMBL244"", ""INHIBITOR""]]",0,0,0.0,0.0
CHEMBL1201556,BECAPLERMIN,"[""Protein""]",1997,False,False,False,True,True,"[""PDGFRB""]",[],[],[],"[[""CHEMBL2095189"", ""AGONIST""]]",0,0,0.007784311767129512,0.007784311767129512
CHEMBL1201557,INTERFERON ALFACON-1,"[""Protein""]",1997,False,False,False,True,True,[],[],[],[],"[[""CHEMBL2364170"", ""AGONIST""]]",0,0,0.0,0.0
CHEMBL1201558,INTERFERON ALFA-2B,"[""Protein""]",1986,False,False,False,True,True,[],[],[],[],"[[""CHEMBL2364170"", ""AGONIST""]]",0,0,0.0,0.0
CHEMBL1201560,PEGINTERFERON ALFA-2A,"[""Protein""]",2002,False,False,False,True,True,[],[],[],[],"[[""CHEMBL2364170"", ""AGONIST""]]",0,0,0.0,0.0
CHEMBL1201561,PEGINTERFERON ALFA-2B,"[""Protein""]",2000,False,False,False,True,True,[],[],[],[],"[[""CHEMBL2364170"", ""AGONIST""]]",0,0,0.0,0.0
CHEMBL1201562,INTERFERON BETA-1A,"[""Protein""]",1996,False,False,False,True,True,[],[],[],[],"[[""CHEMBL2364170"", ""AGONIST""]]",1,0,0.0,0.0
CHEMBL1201563,INTERFERON BETA-1B,"[""Protein""]",1993,False,False,False,True,True,[],[],[],[],"[[""CHEMBL2364170"", ""AGONIST""]]",0,0,0.0,0.0
CHEMBL1201564,INTERFERON GAMMA-1B,"[""Protein""]",1999,False,False,False,True,True,"[""IFNGR2""]","[""IFNGR2""]",[],[],"[[""CHEMBL2364171"", ""AGONIST""]]",0,0.78076964034253,0.6246157122740241,0.6246157122740241
CHEMBL1201565,EPOETIN ALFA,"[""Protein""]",1989,False,False,False,True,True,[],[],[],[],"[[""CHEMBL1817"", ""AGONIST""]]",0,0,0,0
CHEMBL1201566,DARBEPOETIN ALFA,"[""Protein""]",2001,False,False,False,True,True,[],[],[],[],"[[""CHEMBL1817"", ""AGONIST""]]",0,0,0,0
CHEMBL1201567,FILGRASTIM,"[""Protein""]",1991,False,False,False,True,True,"[""CSF3R""]",[],[],[],"[[""CHEMBL1996"", ""AGONIST""]]",1,0,0.07161034711627584,0.07161034711627584
CHEMBL1201568,PEGFILGRASTIM,"[""Protein""]",2002,False,False,False,True,True,"[""CSF3R""]",[],[],[],"[[""CHEMBL1996"", ""AGONIST""]]",0,0,0.07161034711627584,0.07161034711627584
CHEMBL1201569,RIMABOTULINUMTOXINB,"[""Protein""]",2000,False,False,False,True,True,[],[],[],[],"[[""CHEMBL2364160"", ""INHIBITOR""]]",0,0,0,0
CHEMBL1201570,ANAKINRA,"[""Protein""]",2001,False,False,False,True,True,"[""IL1R1""]",[],[],[],"[[""CHEMBL1959"", ""ANTAGONIST""]]",0,0,0.005653359556335188,0.005653359556335188
CHEMBL1201571,ALEFACEPT,"[""Protein""]",2003,False,False,False,True,True,"[""CD2""]",[],[],[],"[[""CHEMBL2040"", ""INHIBITOR""]]",0,0,0.004098845894490363,0.004098845894490363
CHEMBL1201572,ETANERCEPT,"[""Protein""]",1998,False,False,False,True,True,"[""TNF""]",[],[],[],"[[""CHEMBL1825"", ""INHIBITOR""]]",0,0,0.002698869255165411,0.002698869255165411
CHEMBL1201573,OPRELVEKIN,"[""Protein""]",1997,False,False,False,True,True,[],[],[],[],"[[""CHEMBL2050"", ""AGONIST""]]",0,0,0.0,0.0
CHEMBL1201574,ONABOTULINUMTOXINA,"[""Unknown""]",1991,False,False,False,True,True,[],[],[],[],"[[""CHEMBL2364159"", ""INHIBITOR""]]",0,0,0,0
CHEMBL1201576,RITUXIMAB,"[""Antibody""]",1997,False,False,False,True,True,[],[],[],[],"[[""CHEMBL2058"", ""BINDING AGENT""]]",2,0,0.0,0.0
CHEMBL1201577,CETUXIMAB,"[""Antibody""]",2004,False,False,False,True,True,[],[],[],[],"[[""CHEMBL203"", ""INHIBITOR""]]",0,0,0.0,0.0
CHEMBL1201579,CAPROMAB PENDETIDE,"[""Antibody""]",1996,False,False,False,True,False,[],[],[],[],[],0,0,0,0
CHEMBL1201580,ADALIMUMAB,"[""Antibody""]",2002,True,True,True,True,True,"[""TNF""]",[],[],[],"[[""CHEMBL1825"", ""INHIBITOR""]]",44,0,0.002698869255165411,0.002698869255165411
CHEMBL1201581,INFLIXIMAB,"[""Antibody""]",1998,True,True,True,True,True,"[""TNF""]",[],[],[],"[[""CHEMBL1825"", ""INHIBITOR""]]",43,0,0.002698869255165411,0.002698869255165411
CHEMBL1201583,BEVACIZUMAB,"[""Antibody""]",2004,False,False,False,True,True,[],[],[],[],"[[""CHEMBL1783"", ""INHIBITOR""]]",0,0,0.0,0.0
CHEMBL1201584,ABCIXIMAB,"[""Antibody""]",1993,False,False,False,True,True,[],[],[],[],"[[""CHEMBL1907598"", ""INHIBITOR""], [""CHEMBL2093869"", ""INHIBITOR""]]",0,0,0.0,0.0
CHEMBL1201585,TRASTUZUMAB,"[""Antibody""]",1998,False,False,False,True,True,[],[],[],[],"[[""CHEMBL1824"", ""INHIBITOR""]]",0,0,0.0,0.0
CHEMBL1201586,PALIVIZUMAB,"[""Antibody""]",1998,False,False,False,True,False,[],[],[],[],[],0,0,0,0
CHEMBL1201587,ALEMTUZUMAB,"[""Antibody""]",2001,False,False,False,True,True,[],[],[],[],"[[""CHEMBL1912"", ""INHIBITOR""]]",2,0,0.0,0.0
CHEMBL1201589,OMALIZUMAB,"[""Antibody""]",2003,False,False,False,True,True,[],[],[],[],"[[""CHEMBL1834"", ""INHIBITOR""]]",0,0,0.0,0.0
CHEMBL1201591,CORTICORELIN OVINE TRIFLUTATE,"[""Protein""]",1996,False,False,False,True,False,[],[],[],[],[],0,0,0,0
CHEMBL1201593,ALTEPLASE,"[""Enzyme""]",1996,False,False,False,True,True,[],[],[],[],"[[""CHEMBL1873"", ""EXOGENOUS PROTEIN""]]",0,0,0.0,0.0
CHEMBL1201594,RASBURICASE,"[""Enzyme""]",2001,False,False,False,True,False,[],[],[],[],[],0,0,0,0
CHEMBL1201595,LARONIDASE,"[""Enzyme""]",2003,False,False,False,True,False,[],[],[],[],[],0,0,0,0
CHEMBL1201599,HUMAN IMMUNOGLOBULIN G,"[""Unknown""]",2006,False,False,False,True,False,[],[],[],[],[],0,0,0,0
CHEMBL1201603,CRYPTENAMINE TANNATES,"[""Unknown""]",1982,False,False,False,True,False,[],[],[],[],[],0,0,0,0
CHEMBL1201604,TOSITUMOMAB,"[""Antibody""]",2003,False,False,False,True,True,[],[],[],[],"[[""CHEMBL2058"", ""BINDING AGENT""]]",0,0,0.0,0.0
CHEMBL1201607,NATALIZUMAB,"[""Antibody""]",2004,True,True,True,True,True,"[""ITGA4""]","[""ITGA4""]",[],[],"[[""CHEMBL1907599"", ""INHIBITOR""], [""CHEMBL2095184"", ""INHIBITOR""]]",7,0.8156461598656142,0.6525169278924914,0.6525169278924914
CHEMBL1201608,MUROMONAB-CD3,"[""Unknown""]",1986,False,False,False,True,True,"[""CD3D"", ""CD3E"", ""CD3G""]",[],[],[],"[[""CHEMBL2364168"", ""INHIBITOR""]]",0,0,0.0031727446108094867,0.0031727446108094867
CHEMBL1201609,CORTICOTROPIN ZINC HYDROXIDE,"[""Unknown""]",1955,False,False,False,True,True,[],[],[],[],"[[""CHEMBL1965"", ""AGONIST""]]",0,0,0,0
CHEMBL1201610,CORTICOTROPIN,"[""Unknown""]",1950,False,False,False,True,True,[],[],[],[],"[[""CHEMBL1965"", ""AGONIST""]]",0,0,0,0
CHEMBL1201611,INSULIN LISPRO PROTAMINE RECOMBINANT,"[""Protein""]",1999,False,False,False,True,True,[],[],[],[],"[[""CHEMBL1981"", ""AGONIST""]]",0,0,0,0
CHEMBL1201613,INSULIN GLULISINE,"[""Protein""]",2004,False,False,False,True,True,[],[],[],[],"[[""CHEMBL1981"", ""AGONIST""]]",0,0,0,0
CHEMBL1201616,SECRETIN SYNTHETIC PORCINE,"[""Protein""]",2002,False,False,False,True,True,"[""SCTR""]",[],[],[],"[[""CHEMBL1925"", ""AGONIST""]]",0,0,0.013751776026706866,0.013751776026706866
CHEMBL1201620,SOMATREM,"[""Protein""]",1985,False,False,False,True,True,"[""GHR""]",[],[],[],"[[""CHEMBL1976"", ""AGONIST""]]",0,0,0.004696662464314963,0.004696662464314963
CHEMBL1201621,SOMATROPIN,"[""Protein""]",1976,False,False,False,True,True,"[""GHR""]",[],[],[],"[[""CHEMBL1976"", ""AGONIST""]]",4,0,0.004696662464314963,0.004696662464314963
CHEMBL1201622,PORACTANT ALFA,"[""Unknown""]",1999,False,False,False,True,False,[],[],[],[],[],0,0,0,0
CHEMBL1201624,BERACTANT,"[""Unknown""]",1991,False,False,False,True,False,[],[],[],[],[],0,0,0,0
CHEMBL1201625,CHOLESTYRAMINE,"[""Unknown""]",1973,False,False,False,True,False,[],[],[],[],[],0,0,0,0
CHEMBL1201626,CHYMOPAPAIN,"[""Unknown""]",1982,False,False,False,True,False,[],[],[],[],[],0,0,0,0
CHEMBL1201627,INSULIN SUSP ISOPHANE SEMISYNTHETIC PURIFIED HUMAN,"[""Protein""]",1985,False,False,False,True,True,[],[],[],[],"[[""CHEMBL1981"", ""AGONIST""]]",0,0,0,0
CHEMBL1201629,INSULIN PURIFIED BEEF,"[""Protein""]",1980,False,False,False,True,True,[],[],[],[],"[[""CHEMBL1981"", ""AGONIST""]]",0,0,0,0
CHEMBL1201630,INSULIN PURIFIED PORK,"[""Protein""]",1979,False,False,False,True,True,[],[],[],[],"[[""CHEMBL1981"", ""AGONIST""]]",0,0,0,0
CHEMBL1201631,INSULIN HUMAN,"[""Protein""]",1982,False,False,False,True,True,[],[],[],[],"[[""CHEMBL1981"", ""AGONIST""]]",0,0,0,0
CHEMBL1201632,IMIGLUCERASE,"[""Enzyme""]",1994,False,False,False,True,False,[],[],[],[],[],0,0,0,0
CHEMBL1201633,ALGLUCERASE,"[""Enzyme""]",1991,False,False,False,True,False,[],[],[],[],[],0,0,0,0
CHEMBL1201636,HYALURONIDASE,"[""Enzyme""]",1982,False,False,False,True,False,[],[],[],[],[],0,0,0,0
CHEMBL1201637,LIPASE (PANCRELIPASE),"[""Enzyme""]",1996,False,False,False,True,False,[],[],[],[],[],0,0,0,0
CHEMBL1201644,INSULIN ZINC SUSP RECOMBINANT HUMAN,"[""Protein""]",1985,False,False,False,True,True,[],[],[],[],"[[""CHEMBL1981"", ""AGONIST""]]",0,0,0,0
CHEMBL1201645,INTRINSIC FACTOR,"[""Unknown""]",1982,False,False,False,False,False,[],[],[],[],[],0,0,0,0
CHEMBL1201646,INULIN,"[""Unknown""]",1982,False,False,False,False,False,[],[],[],[],[],0,0,0,0
CHEMBL1201647,"SUGAR, INVERT","[""Unknown""]",1982,False,False,False,False,False,[],[],[],[],[],0,0,0,0
CHEMBL1201648,AMYLASE (PANCRELIPASE),"[""Enzyme""]",1996,False,False,False,True,False,[],[],[],[],[],0,0,0,0
CHEMBL1201649,"ESTROGENS, CONJUGATED","[""Unknown""]",1942,False,False,False,True,True,"[""ESR1""]",[],[],[],"[[""CHEMBL2093866"", ""AGONIST""]]",0,0,0.0026647551378045638,0.0026647551378045638
CHEMBL1201650,THYROGLOBULIN,"[""Unknown""]",1982,False,False,False,True,False,[],[],[],[],[],0,0,0,0
CHEMBL1201651,PROTAMINE SULFATE,"[""Unknown""]",1969,False,False,False,True,False,[],[],[],[],[],0,0,0,0
CHEMBL1201652,PROTEIN HYDROLYSATE,"[""Unknown""]",1984,False,False,False,False,False,[],[],[],[],[],0,0,0,0
CHEMBL1201657,HEPARIN SODIUM,"[""Oligosaccharide""]",1939,False,False,False,True,True,[],[],[],[],"[[""CHEMBL1950"", ""ACTIVATOR""]]",0,0,0.0,0.0
CHEMBL1201658,ALKAVERVIR,"[""Unknown""]",1982,False,False,False,True,False,[],[],[],[],[],0,0,0,0
CHEMBL1201660,SAFFLOWER OIL,"[""Unknown""]",1982,False,False,False,False,False,[],[],[],[],[],0,0,0,0
CHEMBL1201662,DESIRUDIN,"[""Protein""]",1997,False,False,False,True,True,[],[],[],[],"[[""CHEMBL204"", ""INHIBITOR""]]",0,0,0.0,0.0
CHEMBL1201664,INSULIN ASPART PROTAMINE RECOMBINANT,"[""Protein""]",2001,False,False,False,True,True,[],[],[],[],"[[""CHEMBL1981"", ""AGONIST""]]",0,0,0,0
CHEMBL1201666,LEPIRUDIN,"[""Protein""]",1997,False,False,False,True,True,[],[],[],[],"[[""CHEMBL204"", ""INHIBITOR""]]",0,0,0.0,0.0
CHEMBL1201668,NESIRITIDE,"[""Protein""]",2001,False,False,False,True,True,[],[],[],[],"[[""CHEMBL1988"", ""AGONIST""]]",0,0,0,0
CHEMBL1201670,SARGRAMOSTIM,"[""Protein""]",1991,False,False,False,True,True,"[""CSF2RA"", ""CSF2RB""]","[""CSF2RB""]",[],[],"[[""CHEMBL2364169"", ""AGONIST""]]",0,0.5988383185205964,0.4855826750367437,0.4855826750367437
CHEMBL1201688,FOMIVIRSEN,"[""Oligonucleotide""]",1999,False,False,False,True,False,[],[],[],[],[],0,0,0,0
CHEMBL1201692,FOLLITROPIN ALFA,"[""Protein""]",1995,False,False,False,True,True,"[""FSHR""]","[""FSHR""]",[],[],"[[""CHEMBL2024"", ""AGONIST""]]",0,0.2501426920084372,0.20011415360674978,0.20011415360674978
CHEMBL1201697,LH (MENOTROPINS),"[""Protein""]",1975,False,False,False,True,True,[],[],[],[],"[[""CHEMBL1854"", ""AGONIST""]]",0,0,0,0
CHEMBL1201716,MECASERMIN,"[""Protein""]",2005,False,False,False,True,True,[],[],[],[],"[[""CHEMBL1957"", ""AGONIST""]]",1,0,0.0,0.0
CHEMBL1201717,MECASERMIN RINFABATE,"[""Protein""]",2005,False,False,False,True,True,[],[],[],[],"[[""CHEMBL1957"", ""AGONIST""]]",0,0,0.0,0.0
CHEMBL1201718,HYALURONIDASE (HUMAN RECOMBINANT),"[""Enzyme""]",2005,False,False,False,True,False,[],[],[],[],[],0,0,0,0
CHEMBL1201719,"PETROLATUM, WHITE","[""Unknown""]",2006,False,False,False,True,False,[],[],[],[],[],0,0,0,0
CHEMBL1201721,IODINE POVACRYLEX,"[""Unknown""]",2006,False,False,False,True,False,[],[],[],[],[],0,0,0,0
CHEMBL1201723,SINECATECHINS,"[""Unknown""]",2006,False,False,False,True,False,[],[],[],[],[],0,0,0,0
CHEMBL1201724,POVIDONE-IODINE,"[""Unknown""]",1985,False,False,False,False,False,[],[],[],[],[],0,0,0,0
CHEMBL1201726,UNDECOYLIUM CHLORIDE IODINE COMPLEX,"[""Unknown""]",1982,False,False,False,False,False,[],[],[],[],[],0,0,0,0
CHEMBL1201746,PRALATREXATE,"[""Small molecule""]",2009,False,False,False,True,True,[],[],[],[],"[[""CHEMBL202"", ""INHIBITOR""]]",0,0,0.0,0.0
CHEMBL1201747,ALCAFTADINE,"[""Small molecule""]",2010,False,False,False,True,True,[],[],[],[],"[[""CHEMBL231"", ""ANTAGONIST""]]",0,0,0.0,0.0
CHEMBL1201748,CABAZITAXEL,"[""Small molecule""]",2010,False,False,False,True,True,"[""TUBB2B"", ""TUBB6""]",[],[],[],"[[""CHEMBL2095182"", ""INHIBITOR""]]",0,0,0.0030526420852343686,0.0030526420852343686
CHEMBL1201749,DIFLUPREDNATE,"[""Small molecule""]",2008,False,False,False,True,True,[],[],[],[],"[[""CHEMBL2034"", ""AGONIST""]]",0,0,0.0,0.0
CHEMBL1201752,IXABEPILONE,"[""Small molecule""]",2007,False,False,False,True,True,"[""TUBB2B"", ""TUBB6""]",[],[],[],"[[""CHEMBL2095182"", ""INHIBITOR""]]",0,0,0.0030526420852343686,0.0030526420852343686
CHEMBL1201753,PITAVASTATIN,"[""Small molecule""]",2009,False,False,False,True,True,[],[],[],[],"[[""CHEMBL402"", ""INHIBITOR""]]",0,0,0.0,0.0
CHEMBL1201754,RUFINAMIDE,"[""Small molecule""]",2007,False,False,False,True,True,"[""SCN4A"", ""SCN7A""]",[],[],[],"[[""CHEMBL2331043"", ""BLOCKER""]]",0,0,0.003247364880461054,0.003247364880461054
CHEMBL1201758,BEPOTASTINE,"[""Small molecule""]",2009,False,False,False,True,True,[],[],[],[],"[[""CHEMBL231"", ""ANTAGONIST""]]",0,0,0.0,0.0
CHEMBL1201760,BESIFLOXACIN,"[""Small molecule""]",2009,False,False,False,True,False,[],[],[],[],[],0,0,0,0
CHEMBL1201764,FESOTERODINE,"[""Small molecule""]",2007,False,False,False,True,True,"[""CHRM2"", ""CHRM3""]",[],[],[],"[[""CHEMBL211"", ""ANTAGONIST""], [""CHEMBL245"", ""ANTAGONIST""]]",0,0,0.008889800073886641,0.008889800073886641
CHEMBL1201766,FOSPROPOFOL,"[""Small molecule""]",2008,False,False,False,True,False,[],[],[],[],[],0,0,0,0
CHEMBL1201772,PRASUGREL,"[""Small molecule""]",2009,False,False,False,True,True,[],[],[],[],"[[""CHEMBL2001"", ""ANTAGONIST""]]",0,0,0,0
CHEMBL1201774,SAPROPTERIN,"[""Small molecule""]",2007,False,False,False,True,True,[],[],[],[],"[[""CHEMBL3076"", ""ACTIVATOR""]]",0,0,0,0
CHEMBL1201776,TAPENTADOL,"[""Small molecule""]",2008,False,False,False,True,True,[],[],[],[],"[[""CHEMBL222"", ""INHIBITOR""], [""CHEMBL233"", ""AGONIST""]]",0,0,0.0,0.0
CHEMBL1201780,CARGLUMIC ACID,"[""Small molecule""]",2003,False,False,False,True,True,"[""CPS1""]",[],[],[],"[[""CHEMBL2362990"", ""POSITIVE ALLOSTERIC MODULATOR""]]",0,0,0.08756727496022343,0.08756727496022343
CHEMBL1201784,HEXAMINOLEVULINATE,"[""Small molecule""]",2010,False,False,False,False,False,[],[],[],[],[],0,0,0,0
CHEMBL1201786,LAPYRIUM,"[""Small molecule""]",1982,False,False,False,True,False,[],[],[],[],[],0,0,0,0
CHEMBL1201794,RIBOFLAVIN 5'-PHOSPHATE,"[""Small molecule""]",1985,False,False,False,True,False,[],[],[],[],[],1,0,0,0
CHEMBL1201821,PALIFERMIN,"[""Protein""]",2005,False,False,False,True,True,"[""FGFR2""]",[],[],[],"[[""CHEMBL4142"", ""AGONIST""]]",1,0,0.004480953951410088,0.004480953951410088
CHEMBL1201822,GALSULFASE,"[""Enzyme""]",2005,False,False,False,True,False,[],[],[],[],[],0,0,0,0
CHEMBL1201823,ABATACEPT,"[""Protein""]",2006,False,False,False,True,True,"[""CD80"", ""CD86""]",[],[],[],"[[""CHEMBL2364156"", ""INHIBITOR""], [""CHEMBL2364157"", ""INHIBITOR""]]",1,0,0.004889887959045217,0.004889887959045217
CHEMBL1201824,ALGLUCOSIDASE ALFA,"[""Enzyme""]",2006,False,False,False,True,False,[],[],[],[],[],0,0,0,0
CHEMBL1201825,RANIBIZUMAB,"[""Antibody""]",2006,False,False,False,True,True,[],[],[],[],"[[""CHEMBL1783"", ""INHIBITOR""]]",0,0,0.0,0.0
CHEMBL1201826,IDURSULFASE,"[""Enzyme""]",2006,False,False,False,True,False,[],[],[],[],[],0,0,0,0
CHEMBL1201827,PANITUMUMAB,"[""Antibody""]",2006,False,False,False,True,True,[],[],[],[],"[[""CHEMBL203"", ""INHIBITOR""]]",0,0,0.0,0.0
CHEMBL1201828,ECULIZUMAB,"[""Antibody""]",2007,False,False,False,True,True,[],[],[],[],"[[""CHEMBL2364163"", ""INHIBITOR""]]",0,0,0.0,0.0
CHEMBL1201830,RILONACEPT,"[""Protein""]",2008,False,False,False,True,True,"[""IL1B""]",[],[],[],"[[""CHEMBL1909490"", ""INHIBITOR""]]",0,0,0.10188160481412695,0.10188160481412695
CHEMBL1201831,CERTOLIZUMAB PEGOL,"[""Antibody""]",2008,True,True,True,True,True,"[""TNF""]",[],[],[],"[[""CHEMBL1825"", ""INHIBITOR""]]",15,0,0.002698869255165411,0.002698869255165411
CHEMBL1201832,ROMIPLOSTIM,"[""Protein""]",2008,False,False,False,True,True,[],[],[],[],"[[""CHEMBL1864"", ""AGONIST""]]",0,0,0.0,0.0
CHEMBL1201833,GOLIMUMAB,"[""Antibody""]",2009,False,False,False,True,True,"[""TNF""]",[],[],[],"[[""CHEMBL1825"", ""INHIBITOR""]]",1,0,0.002698869255165411,0.002698869255165411
CHEMBL1201834,CANAKINUMAB,"[""Antibody""]",2009,False,False,False,True,True,"[""IL1B""]",[],[],[],"[[""CHEMBL1909490"", ""INHIBITOR""]]",0,0,0.10188160481412695,0.10188160481412695
CHEMBL1201835,USTEKINUMAB,"[""Antibody""]",2009,True,True,True,True,True,"[""IL12A"", ""IL12B"", ""IL23A""]","[""IL12B""]",[],[],"[[""CHEMBL2364153"", ""INHIBITOR""], [""CHEMBL2364154"", ""INHIBITOR""]]",23,0.9248409926037888,0.7398727940830311,0.7398727940830311
CHEMBL1201836,OFATUMUMAB,"[""Antibody""]",2009,False,False,False,True,True,[],[],[],[],"[[""CHEMBL2058"", ""BINDING AGENT""]]",0,0,0.0,0.0
CHEMBL1201837,ECALLANTIDE,"[""Protein""]",2009,False,False,False,True,True,"[""KLKB1""]",[],[],[],"[[""CHEMBL2000"", ""INHIBITOR""]]",0,0,0.015696134126001696,0.015696134126001696
CHEMBL1201863,DEXLANSOPRAZOLE,"[""Small molecule""]",2009,False,False,False,True,True,[],[],[],[],"[[""CHEMBL2095173"", ""INHIBITOR""]]",0,0,0.0,0.0
CHEMBL1201864,DIENOGEST,"[""Small molecule""]",2010,False,False,False,True,False,[],[],[],[],[],0,0,0,0
CHEMBL1201865,VELAGLUCERASE ALFA,"[""Enzyme""]",2010,False,False,False,True,False,[],[],[],[],[],0,0,0,0
CHEMBL1201867,FERUMOXYTOL,"[""Unknown""]",2009,False,False,False,True,False,[],[],[],[],[],0,0,0,0
CHEMBL1201891,DEFLAZACORT,"[""Small molecule""]",2017,False,False,False,True,True,[],[],[],[],"[[""CHEMBL2034"", ""AGONIST""]]",0,0,0.0,0.0
CHEMBL1206,ETHOPROPAZINE,"[""Small molecule""]",1982,False,False,False,True,True,[],[],[],[],"[[""CHEMBL216"", ""ANTAGONIST""]]",0,0,0,0
CHEMBL1206690,PARECOXIB,"[""Small molecule""]",2002,False,False,False,True,True,"[""PTGS2""]",[],[],[],"[[""CHEMBL230"", ""INHIBITOR""]]",0,0,0.08012979869524581,0.08012979869524581
CHEMBL1208,CINOXACIN,"[""Small molecule""]",1980,False,False,False,True,False,[],[],[],[],[],0,0,0,0
CHEMBL1208155,ELAGOLIX,"[""Small molecule""]",2018,False,False,False,True,True,[],[],[],[],"[[""CHEMBL1855"", ""ANTAGONIST""]]",0,0,0,0
CHEMBL1208422,ROSE BENGAL FREE ACID,"[""Small molecule""]",1971,False,False,False,False,False,[],[],[],[],[],0,0,0,0
CHEMBL1208642,THIOSULFURIC ACID,"[""Small molecule""]",1992,False,False,False,True,False,[],[],[],[],[],0,0,0,0
CHEMBL1208646,THEOPHYLLINE GLYCINATE,"[""Small molecule""]",1982,False,False,False,True,True,"[""ADORA2B"", ""ADORA3"", ""PDE4A"", ""PDE4B"", ""PDE4D""]","[""PDE4A"", ""PDE4D""]",[],[],"[[""CHEMBL2093863"", ""INHIBITOR""], [""CHEMBL2094125"", ""INHIBITOR""], [""CHEMBL2111329"", ""ANTAGONIST""]]",0,0.23243057389068916,0.18594445911255134,0.18594445911255134
CHEMBL1213252,CLORAZEPIC ACID,"[""Small molecule""]",1972,False,False,False,True,True,"[""GABRA2"", ""GABRA4"", ""GABRA5"", ""GABRB2"", ""GABRE"", ""GABRG1"", ""GABRP""]",[],[],[],"[[""CHEMBL2093872"", ""POSITIVE ALLOSTERIC MODULATOR""]]",0,0,0.014213049242877394,0.014213049242877394
CHEMBL1213492,GIVINOSTAT,"[""Small molecule""]",2024,False,False,False,True,True,"[""HDAC7""]","[""HDAC7""]",[],[],"[[""CHEMBL2093865"", ""INHIBITOR""]]",1,0.4839866926943743,0.38718935415549943,0.38718935415549943
CHEMBL1214,CARBENICILLIN,"[""Small molecule""]",1982,False,False,False,True,False,[],[],[],[],[],0,0,0,0
CHEMBL1214124,PERAMPANEL,"[""Small molecule""]",2012,False,False,False,True,True,"[""GRIA1"", ""GRIA2"", ""GRIA4""]",[],[],[],"[[""CHEMBL2096670"", ""ANTAGONIST""]]",0,0,0.02978860908296943,0.02978860908296943
CHEMBL1215,PHENYLEPHRINE,"[""Small molecule""]",1952,False,False,False,True,True,"[""ADRA1B"", ""ADRA1D""]",[],[],[],"[[""CHEMBL2094251"", ""AGONIST""]]",0,0,0.019518269322654547,0.019518269322654547
CHEMBL1218,RAMELTEON,"[""Small molecule""]",2005,False,False,False,True,True,"[""MTNR1A""]",[],[],[],"[[""CHEMBL2094268"", ""AGONIST""]]",0,0,0.0065564537913512765,0.0065564537913512765
CHEMBL1219,RABEPRAZOLE,"[""Small molecule""]",1999,False,False,False,True,True,[],[],[],[],"[[""CHEMBL2095173"", ""INHIBITOR""]]",0,0,0.0,0.0
CHEMBL1220,TINIDAZOLE,"[""Small molecule""]",2004,False,False,False,True,False,[],[],[],[],[],0,0,0,0
CHEMBL1221,SULCONAZOLE,"[""Small molecule""]",1985,False,False,False,True,False,[],[],[],[],[],0,0,0,0
CHEMBL1222250,DEXTROSE,"[""Small molecule""]",1982,False,False,False,False,False,[],[],[],[],[],0,0,0,0
CHEMBL1224,ACRIVASTINE,"[""Small molecule""]",1994,False,False,False,True,True,[],[],[],[],"[[""CHEMBL231"", ""ANTAGONIST""]]",0,0,0.0,0.0
CHEMBL1229,OSELTAMIVIR,"[""Small molecule""]",1999,False,False,False,True,False,[],[],[],[],[],0,0,0,0
CHEMBL1229211,DOLUTEGRAVIR,"[""Small molecule""]",2013,False,False,False,True,False,[],[],[],[],[],0,0,0,0
CHEMBL1229517,VEMURAFENIB,"[""Small molecule""]",2011,False,False,False,True,True,[],[],[],[],"[[""CHEMBL5145"", ""INHIBITOR""]]",0,0,0.0,0.0
CHEMBL1230314,ESTETROL ANHYDROUS,"[""Small molecule""]",2021,False,False,False,True,True,"[""ESR1""]",[],[],[],"[[""CHEMBL2093866"", ""AGONIST""]]",0,0,0.0026647551378045638,0.0026647551378045638
CHEMBL1231,OXYBUTYNIN,"[""Small molecule""]",1975,False,False,False,True,True,"[""CHRM2"", ""CHRM3""]",[],[],[],"[[""CHEMBL211"", ""ANTAGONIST""], [""CHEMBL245"", ""ANTAGONIST""]]",0,0,0.008889800073886641,0.008889800073886641
CHEMBL1231574,LEVOMEFOLIC ACID,"[""Small molecule""]",2010,False,False,False,True,False,[],[],[],[],[],0,0,0,0
CHEMBL1232131,DOBESILIC ACID,"[""Small molecule""]",,False,False,False,False,False,[],[],[],[],[],0,0,0,0
CHEMBL1233877,KRYPTON,"[""Small molecule""]",1982,False,False,False,False,False,[],[],[],[],[],0,0,0,0
CHEMBL1234579,NITROUS OXIDE,"[""Small molecule""]",,False,False,False,False,False,[],[],[],[],[],0,0,0,0
CHEMBL1234886,OXYGEN,"[""Small molecule""]",2006,False,False,False,True,False,[],[],[],[],[],0,0,0,0
CHEMBL1235452,SULFUR,"[""Small molecule""]",1982,False,False,False,False,False,[],[],[],[],[],0,0,0,0
CHEMBL1236315,TARTARIC ACID,"[""Small molecule""]",1985,False,False,False,True,False,[],[],[],[],[],0,0,0,0
CHEMBL1236802,XENON,"[""Small molecule""]",1982,False,False,False,True,False,[],[],[],[],[],0,0,0,0
CHEMBL1236821,XYLOSE,"[""Small molecule""]",1982,False,False,False,False,False,[],[],[],[],[],0,0,0,0
CHEMBL1237,LISINOPRIL ANHYDROUS,"[""Small molecule""]",1987,False,False,False,True,True,"[""ACE""]",[],[],[],"[[""CHEMBL1808"", ""INHIBITOR""]]",0,0,0.04760386061120864,0.04760386061120864
CHEMBL1237021,LURASIDONE,"[""Small molecule""]",2010,False,False,False,True,True,[],[],[],[],"[[""CHEMBL217"", ""ANTAGONIST""], [""CHEMBL224"", ""ANTAGONIST""]]",0,0,0.0,0.0
CHEMBL1237022,TOCILIZUMAB,"[""Antibody""]",2005,False,False,False,True,True,"[""IL6R""]","[""IL6R""]",[],[],"[[""CHEMBL2364155"", ""INHIBITOR""]]",0,0.6001553841847747,0.48012430734781975,0.48012430734781975
CHEMBL1237023,DENOSUMAB,"[""Antibody""]",2010,False,False,False,True,True,"[""TNFSF11""]","[""TNFSF11""]",[],[],"[[""CHEMBL2364162"", ""INHIBITOR""]]",1,0.6013371868747266,0.4810697494997813,0.4810697494997813
CHEMBL1237024,SIPULEUCEL-T,"[""Cell""]",,False,False,False,True,True,"[""ACP3""]",[],[],[],"[[""CHEMBL2633"", ""BINDING AGENT""]]",0,0,0.01516436214527178,0.01516436214527178
CHEMBL1237025,PEGLOTICASE,"[""Enzyme""]",2010,False,False,False,True,False,[],[],[],[],[],0,0,0,0
CHEMBL1237026,TESAMORELIN,"[""Protein""]",2010,False,False,False,True,True,[],[],[],[],"[[""CHEMBL2032"", ""AGONIST""]]",0,0,0,0
CHEMBL1237044,TRAMADOL,"[""Small molecule""]",1995,False,False,False,True,True,[],[],[],[],"[[""CHEMBL233"", ""AGONIST""]]",0,0,0.0,0.0
CHEMBL1237054,PLICAMYCIN,"[""Small molecule""]",1970,False,False,False,True,False,[],[],[],[],[],0,0,0,0
CHEMBL1237066,CALCIUM GLUCEPTATE,"[""Small molecule""]",1982,False,False,False,False,False,[],[],[],[],[],0,0,0,0
CHEMBL1237072,DIRITHROMYCIN,"[""Small molecule""]",1995,False,False,False,True,False,[],[],[],[],[],0,0,0,0
CHEMBL1237119,TREPROSTINIL,"[""Small molecule""]",2002,False,False,False,True,True,"[""PTGIR""]",[],[],[],"[[""CHEMBL1995"", ""AGONIST""]]",0,0,0.0018104339901936226,0.0018104339901936226
CHEMBL1237122,CARBOPROST,"[""Small molecule""]",1979,False,False,False,True,True,[],[],[],[],"[[""CHEMBL1987"", ""AGONIST""]]",0,0,0,0
CHEMBL1237123,DOXACURIUM,"[""Small molecule""]",1991,False,False,False,True,True,"[""CHRNA1""]",[],[],[],"[[""CHEMBL2362997"", ""ANTAGONIST""]]",0,0,0.019017436200454825,0.019017436200454825
CHEMBL1237132,CLEVIDIPINE,"[""Small molecule""]",2008,False,False,False,True,True,"[""CACNA1C""]",[],[],[],"[[""CHEMBL2095229"", ""BLOCKER""]]",0,0,0.002376194612129129,0.002376194612129129
CHEMBL1238,AZELAIC ACID,"[""Small molecule""]",1995,False,False,False,True,False,[],[],[],[],[],0,0,0,0
CHEMBL1239,BENZYL BENZOATE,"[""Small molecule""]",1976,False,False,False,True,False,[],[],[],[],[],0,0,0,0
CHEMBL1241,TRIPELENNAMINE,"[""Small molecule""]",1948,False,False,False,True,True,[],[],[],[],"[[""CHEMBL231"", ""ANTAGONIST""]]",0,0,0.0,0.0
CHEMBL1241951,LETERMOVIR,"[""Small molecule""]",2017,False,False,False,True,False,[],[],[],[],[],0,0,0,0
CHEMBL1242,PHENAZOPYRIDINE,"[""Small molecule""]",1987,False,False,False,True,True,"[""SCN4A"", ""SCN7A""]",[],[],[],"[[""CHEMBL2331043"", ""BLOCKER""]]",0,0,0.003247364880461054,0.003247364880461054
CHEMBL1243,SULFABENZAMIDE,"[""Small molecule""]",1945,False,False,False,True,False,[],[],[],[],[],0,0,0,0
CHEMBL125,MILTEFOSINE,"[""Small molecule""]",2014,False,False,False,True,False,[],[],[],[],[],0,0,0,0
CHEMBL1251,GANIRELIX,"[""Protein""]",1999,False,False,False,True,True,[],[],[],[],"[[""CHEMBL1855"", ""ANTAGONIST""]]",0,0,0,0
CHEMBL1252,ABARELIX,"[""Protein""]",2003,False,False,False,True,True,[],[],[],[],"[[""CHEMBL1855"", ""ANTAGONIST""]]",0,0,0,0
CHEMBL1254682,LEVALLORPHAN,"[""Small molecule""]",1982,False,False,False,True,True,[],[],[],[],"[[""CHEMBL233"", ""ANTAGONIST""], [""CHEMBL237"", ""PARTIAL AGONIST""]]",0,0,0.0,0.0
CHEMBL1255800,FIDAXOMICIN,"[""Small molecule""]",2011,False,False,False,True,False,[],[],[],[],[],0,0,0,0
CHEMBL1256,ISOFLURANE,"[""Small molecule""]",1979,False,False,False,True,True,"[""GABRA2"", ""GABRA4"", ""GABRA5"", ""GABRB2"", ""GABRE"", ""GABRG1"", ""GABRP"", ""GLRB"", ""KCNK9""]",[],[],[],"[[""CHEMBL2093872"", ""POSITIVE ALLOSTERIC MODULATOR""], [""CHEMBL2321613"", ""OPENER""], [""CHEMBL2321614"", ""OPENER""], [""CHEMBL2321615"", ""OPENER""], [""CHEMBL2331041"", ""OPENER""], [""CHEMBL2331042"", ""OPENER""], [""CHEMBL2363052"", ""POSITIVE MODULATOR""]]",0,0,0.014213049242877394,0.014213049242877394
CHEMBL1256391,PIRFENIDONE,"[""Small molecule""]",2011,False,False,False,True,False,[],[],[],[],[],0,0,0,0
CHEMBL1256786,FORMOTEROL,"[""Small molecule""]",2001,False,False,False,True,True,[],[],[],[],"[[""CHEMBL210"", ""AGONIST""]]",0,0,0.0,0.0
CHEMBL1257,ENFLURANE,"[""Small molecule""]",1972,False,False,False,True,True,"[""GABRA2"", ""GABRA4"", ""GABRA5"", ""GABRB2"", ""GABRE"", ""GABRG1"", ""GABRP"", ""GLRB"", ""KCNK9""]",[],[],[],"[[""CHEMBL2093872"", ""POSITIVE MODULATOR""], [""CHEMBL2321613"", ""OPENER""], [""CHEMBL2321614"", ""OPENER""], [""CHEMBL2321615"", ""OPENER""], [""CHEMBL2331041"", ""OPENER""], [""CHEMBL2331042"", ""OPENER""], [""CHEMBL2363052"", ""POSITIVE MODULATOR""]]",0,0,0.014213049242877394,0.014213049242877394
CHEMBL1257015,PICOTAMIDE,"[""Small molecule""]",,False,False,False,True,True,"[""TBXAS1""]",[],[],[],"[[""CHEMBL1835"", ""INHIBITOR""], [""CHEMBL2069"", ""INHIBITOR""]]",0,0,0.005237050370238135,0.005237050370238135
CHEMBL1257051,TEDIZOLID,"[""Small molecule""]",,False,False,False,True,False,[],[],[],[],[],0,0,0,0
CHEMBL1257073,TECOVIRIMAT,"[""Small molecule""]",2018,False,False,False,True,False,[],[],[],[],[],0,0,0,0
CHEMBL1259,METOCURINE,"[""Small molecule""]",1982,False,False,False,True,True,"[""CHRNA1""]",[],[],[],"[[""CHEMBL2362997"", ""ANTAGONIST""]]",0,0,0.019017436200454825,0.019017436200454825
CHEMBL1259059,SOFOSBUVIR,"[""Small molecule""]",2013,False,False,False,True,False,[],[],[],[],[],0,0,0,0
CHEMBL126,LINEZOLID,"[""Small molecule""]",2000,False,False,False,True,False,[],[],[],[],[],0,0,0,0
CHEMBL1261,CITRIC ACID,"[""Small molecule""]",1982,False,False,False,False,False,[],[],[],[],[],0,0,0,0
CHEMBL12610,BENZYDAMINE,"[""Small molecule""]",,False,False,False,True,True,"[""PTGS2""]",[],[],[],"[[""CHEMBL2094253"", ""INHIBITOR""]]",0,0,0.08012979869524581,0.08012979869524581
CHEMBL1262,OXICONAZOLE,"[""Small molecule""]",1988,False,False,False,True,False,[],[],[],[],[],0,0,0,0
CHEMBL126224,IPRINDOLE,"[""Small molecule""]",,False,False,False,False,False,[],[],[],[],[],0,0,0,0
CHEMBL1263,SALMETEROL,"[""Small molecule""]",1994,False,False,False,True,True,[],[],[],[],"[[""CHEMBL210"", ""AGONIST""]]",0,0,0.0,0.0
CHEMBL1265,ADAPALENE,"[""Small molecule""]",1996,False,False,False,True,True,[],[],[],[],"[[""CHEMBL2363069"", ""AGONIST""]]",0,0,0.0,0.0
CHEMBL1266,TETRAHYDROZOLINE,"[""Small molecule""]",1979,False,False,False,True,True,"[""ADRA1B"", ""ADRA1D"", ""ADRA2A"", ""ADRA2C""]","[""ADRA2A""]",[],[],"[[""CHEMBL2095203"", ""AGONIST""]]",0,0.21032116470427323,0.1682569317634186,0.1682569317634186
CHEMBL1269025,EDOXABAN,"[""Small molecule""]",2015,False,False,False,True,True,[],[],[],[],"[[""CHEMBL244"", ""INHIBITOR""]]",0,0,0.0,0.0
CHEMBL127,MEROPENEM,"[""Small molecule""]",1996,False,False,False,True,False,[],[],[],[],[],0,0,0,0
CHEMBL1271,PENTOLINIUM,"[""Small molecule""]",1982,False,False,False,True,True,"[""CHRNA3""]",[],[],[],"[[""CHEMBL1907594"", ""ANTAGONIST""]]",0,0,0.006949115048094263,0.006949115048094263
CHEMBL1272,REPAGLINIDE,"[""Small molecule""]",1997,False,False,False,True,True,[],[],[],[],"[[""CHEMBL2096972"", ""BLOCKER""]]",0,0,0,0
CHEMBL1274,NILUTAMIDE,"[""Small molecule""]",1996,False,False,False,True,True,[],[],[],[],"[[""CHEMBL1871"", ""ANTAGONIST""]]",0,0,0.0,0.0
CHEMBL1276308,MIFEPRISTONE,"[""Small molecule""]",2000,False,False,False,True,True,"[""PGR""]",[],[],[],"[[""CHEMBL2034"", ""ANTAGONIST""], [""CHEMBL208"", ""ANTAGONIST""]]",0,0,0.003002948450748786,0.003002948450748786
CHEMBL1278,NARATRIPTAN,"[""Small molecule""]",1998,False,False,False,True,True,"[""HTR1B"", ""HTR1D""]",[],[],[],"[[""CHEMBL1898"", ""AGONIST""], [""CHEMBL1983"", ""AGONIST""]]",0,0,0.055666787679624435,0.055666787679624435
CHEMBL1279,FROVATRIPTAN,"[""Small molecule""]",2001,False,False,False,True,True,"[""HTR1B"", ""HTR1D""]",[],[],[],"[[""CHEMBL1898"", ""AGONIST""], [""CHEMBL1983"", ""AGONIST""]]",0,0,0.055666787679624435,0.055666787679624435
CHEMBL128,SUMATRIPTAN,"[""Small molecule""]",1992,False,False,False,True,True,"[""HTR1B"", ""HTR1D""]",[],[],[],"[[""CHEMBL1898"", ""AGONIST""], [""CHEMBL1983"", ""AGONIST""]]",0,0,0.055666787679624435,0.055666787679624435
CHEMBL1282,IMIQUIMOD,"[""Small molecule""]",1997,False,False,False,True,True,[],[],[],[],"[[""CHEMBL5936"", ""AGONIST""]]",0,0,0.0,0.0
CHEMBL12856,INAMRINONE,"[""Small molecule""]",1984,False,False,False,True,True,[],[],[],[],"[[""CHEMBL241"", ""INHIBITOR""]]",0,0,0,0
CHEMBL1286,LEVETIRACETAM,"[""Small molecule""]",1999,False,False,False,True,True,[],[],[],[],"[[""CHEMBL1998"", ""MODULATOR""], [""CHEMBL4478"", ""BLOCKER""]]",0,0,0.0,0.0
CHEMBL1287853,FEDRATINIB,"[""Small molecule""]",2019,False,False,False,True,True,"[""JAK2""]","[""JAK2""]",[],[],"[[""CHEMBL1974"", ""INHIBITOR""], [""CHEMBL2971"", ""INHIBITOR""]]",0,0.8162692203864558,0.6530153763091646,0.6530153763091646
CHEMBL1289,HALOPROGIN,"[""Small molecule""]",1982,False,False,False,True,False,[],[],[],[],[],0,0,0,0
CHEMBL1289494,TIVOZANIB,"[""Small molecule""]",2017,False,False,False,True,True,"[""FLT1"", ""KDR"", ""PDGFRB""]",[],[],[],"[[""CHEMBL1913"", ""INHIBITOR""], [""CHEMBL1936"", ""INHIBITOR""], [""CHEMBL2095227"", ""INHIBITOR""]]",0,0,0.007784311767129512,0.007784311767129512
CHEMBL1289601,LENVATINIB,"[""Small molecule""]",2015,False,False,False,True,True,"[""FLT1"", ""KDR""]",[],[],[],"[[""CHEMBL2095227"", ""INHIBITOR""]]",0,0,0.007189146418605354,0.007189146418605354
CHEMBL1289926,AXITINIB,"[""Small molecule""]",2012,False,False,False,True,True,"[""FLT1"", ""KDR""]",[],[],[],"[[""CHEMBL2095227"", ""INHIBITOR""]]",0,0,0.007189146418605354,0.007189146418605354
CHEMBL129,ZIDOVUDINE,"[""Small molecule""]",1987,False,False,False,True,False,[],[],[],[],[],0,0,0,0
CHEMBL1290,PENBUTOLOL,"[""Small molecule""]",1987,False,False,False,True,True,"[""ADRB1""]",[],[],[],"[[""CHEMBL210"", ""ANTAGONIST""], [""CHEMBL213"", ""ANTAGONIST""]]",0,0,0.02299311236507951,0.02299311236507951
CHEMBL1292,CLOFAZIMINE,"[""Small molecule""]",1986,False,False,False,True,False,[],[],[],[],[],0,0,0,0
CHEMBL1293,BETA CAROTENE,"[""Small molecule""]",1982,False,False,False,False,False,[],[],[],[],[],0,0,0,0
CHEMBL1294,QUINIDINE,"[""Small molecule""]",1950,False,False,False,True,True,"[""SCN4A"", ""SCN7A""]",[],[],[],"[[""CHEMBL2331043"", ""BLOCKER""]]",0,0,0.003247364880461054,0.003247364880461054
CHEMBL1295,BUTOCONAZOLE,"[""Small molecule""]",1985,False,False,False,True,False,[],[],[],[],[],0,0,0,0
CHEMBL1296,CEFOTIAM,"[""Small molecule""]",1988,False,False,False,True,False,[],[],[],[],[],0,0,0,0
CHEMBL1297,FENOPROFEN,"[""Small molecule""]",1976,False,False,False,True,True,"[""PTGS2""]",[],[],[],"[[""CHEMBL2094253"", ""INHIBITOR""]]",0,0,0.08012979869524581,0.08012979869524581
CHEMBL13,METOPROLOL,"[""Small molecule""]",1978,False,False,False,True,True,"[""ADRB1""]",[],[],[],"[[""CHEMBL213"", ""ANTAGONIST""]]",0,0,0.02299311236507951,0.02299311236507951
CHEMBL1301,HYDROXYSTILBAMIDINE,"[""Small molecule""]",1953,False,False,False,True,False,[],[],[],[],[],0,0,0,0
CHEMBL1303,ROTIGOTINE,"[""Small molecule""]",2006,False,False,False,True,True,[],[],[],[],"[[""CHEMBL2331075"", ""AGONIST""]]",0,0,0.0,0.0
CHEMBL1305,ANTAZOLINE,"[""Small molecule""]",1994,False,False,False,True,True,[],[],[],[],"[[""CHEMBL231"", ""ANTAGONIST""]]",0,0,0.0,0.0
CHEMBL1308,FOMEPIZOLE,"[""Small molecule""]",1997,False,False,False,True,True,"[""ADH1A"", ""ADH1C""]",[],[],[],"[[""CHEMBL2363044"", ""INHIBITOR""]]",0,0,0.011627934943843135,0.011627934943843135
CHEMBL131,PREDNISOLONE,"[""Small molecule""]",1955,True,True,True,True,True,[],[],[],[],"[[""CHEMBL2034"", ""AGONIST""]]",6,0,0.0,0.0
CHEMBL1311,ISOSORBIDE MONONITRATE,"[""Small molecule""]",1991,False,False,False,True,True,"[""GUCY1A1"", ""GUCY1B1""]",[],[],[],"[[""CHEMBL2111348"", ""ACTIVATOR""]]",0,0,0.005366061384146901,0.005366061384146901
CHEMBL1314,TIOPRONIN,"[""Small molecule""]",1988,False,False,False,True,False,[],[],[],[],[],0,0,0,0
CHEMBL1316,CARPROFEN,"[""Small molecule""]",1987,False,False,False,True,True,"[""PTGS2""]",[],[],[],"[[""CHEMBL230"", ""INHIBITOR""]]",0,0,0.08012979869524581,0.08012979869524581
CHEMBL13209,NITRAZEPAM,"[""Small molecule""]",,False,False,False,False,False,[],[],[],[],[],0,0,0,0
CHEMBL1321,PROCARBAZINE,"[""Small molecule""]",1969,False,False,False,True,False,[],[],[],[],[],0,0,0,0
CHEMBL1323,DARUNAVIR,"[""Small molecule""]",2006,False,False,False,True,False,[],[],[],[],[],0,0,0,0
CHEMBL1328,PENTAGASTRIN,"[""Small molecule""]",1974,False,False,False,False,False,[],[],[],[],[],0,0,0,0
CHEMBL1329455,MOLSIDOMINE,"[""Small molecule""]",,False,False,False,False,False,[],[],[],[],[],0,0,0,0
CHEMBL1336,SORAFENIB,"[""Small molecule""]",2005,False,False,False,True,True,"[""FLT1"", ""KDR"", ""PDGFRB""]",[],[],[],"[[""CHEMBL1906"", ""INHIBITOR""], [""CHEMBL1913"", ""INHIBITOR""], [""CHEMBL1936"", ""INHIBITOR""], [""CHEMBL1974"", ""INHIBITOR""], [""CHEMBL2041"", ""INHIBITOR""], [""CHEMBL2095227"", ""INHIBITOR""], [""CHEMBL5145"", ""INHIBITOR""]]",0,0,0.007784311767129512,0.007784311767129512
CHEMBL1337,NITISINONE,"[""Small molecule""]",2002,False,False,False,True,True,[],[],[],[],"[[""CHEMBL1861"", ""INHIBITOR""]]",0,0,0,0
CHEMBL134,CLONIDINE,"[""Small molecule""]",1974,False,False,False,True,True,"[""ADRA2A"", ""ADRA2C""]","[""ADRA2A""]",[],[],"[[""CHEMBL2095158"", ""AGONIST""]]",0,0.21032116470427323,0.1682569317634186,0.1682569317634186
CHEMBL1342,OXYBATE,"[""Small molecule""]",2002,False,False,False,True,True,[],[],[],[],"[[""CHEMBL2111463"", ""AGONIST""]]",0,0,0,0
CHEMBL1346,DARIFENACIN,"[""Small molecule""]",2004,False,False,False,True,True,"[""CHRM2"", ""CHRM3""]",[],[],[],"[[""CHEMBL211"", ""ANTAGONIST""], [""CHEMBL245"", ""ANTAGONIST""]]",0,0,0.008889800073886641,0.008889800073886641
CHEMBL1349,VALACYCLOVIR,"[""Small molecule""]",1995,False,False,False,True,False,[],[],[],[],[],0,0,0,0
CHEMBL135,ESTRADIOL,"[""Small molecule""]",1975,False,False,False,True,True,"[""ESR1""]",[],[],[],"[[""CHEMBL206"", ""AGONIST""]]",0,0,0.0026647551378045638,0.0026647551378045638
CHEMBL1350,TILUDRONIC ACID,"[""Small molecule""]",1997,False,False,False,True,False,[],[],[],[],[],0,0,0,0
CHEMBL1351,CARBOPLATIN,"[""Small molecule""]",1989,False,False,False,True,False,[],[],[],[],[],0,0,0,0
CHEMBL1353,SODIUM BICARBONATE,"[""Small molecule""]",1982,False,False,False,False,False,[],[],[],[],[],0,0,0,0
CHEMBL1354,SODIUM ACETATE,"[""Small molecule""]",1982,False,False,False,False,False,[],[],[],[],[],0,0,0,0
CHEMBL1355,SODIUM CITRATE,"[""Small molecule""]",1983,False,False,False,False,False,[],[],[],[],[],0,0,0,0
CHEMBL1356,SODIUM BENZOATE,"[""Small molecule""]",1987,False,False,False,True,False,[],[],[],[],[],0,0,0,0
CHEMBL1356238,PYRITHIONE,"[""Small molecule""]",1986,False,False,False,True,False,[],[],[],[],[],0,0,0,0
CHEMBL1357,SODIUM LACTATE,"[""Small molecule""]",1982,False,False,False,False,False,[],[],[],[],[],0,0,0,0
CHEMBL1358,FULVESTRANT,"[""Small molecule""]",2002,False,False,False,True,True,"[""ESR1""]",[],[],[],"[[""CHEMBL206"", ""ANTAGONIST""], [""CHEMBL206"", ""DEGRADER""]]",0,0,0.0026647551378045638,0.0026647551378045638
CHEMBL1359,ERTAPENEM,"[""Small molecule""]",2001,False,False,False,True,False,[],[],[],[],[],0,0,0,0
CHEMBL1360,ATRACURIUM,"[""Small molecule""]",1983,False,False,False,True,True,"[""CHRNA1""]",[],[],[],"[[""CHEMBL2362997"", ""ANTAGONIST""]]",0,0,0.019017436200454825,0.019017436200454825
CHEMBL1363,ARFORMOTEROL,"[""Small molecule""]",2006,False,False,False,True,True,[],[],[],[],"[[""CHEMBL210"", ""AGONIST""]]",0,0,0.0,0.0
CHEMBL1364,PYRIDOXINE,"[""Small molecule""]",1982,False,False,False,True,False,[],[],[],[],[],0,0,0,0
CHEMBL1364144,METHYLPREDNISOLONE ACETATE,"[""Small molecule""]",1959,False,False,False,True,True,[],[],[],[],"[[""CHEMBL2034"", ""AGONIST""]]",0,0,0.0,0.0
CHEMBL1366,AURANOFIN,"[""Small molecule""]",1985,False,False,False,True,False,[],[],[],[],[],0,0,0,0
CHEMBL1368,"SODIUM PHOSPHATE, MONOBASIC","[""Small molecule""]",1983,False,False,False,False,False,[],[],[],[],[],0,0,0,0
CHEMBL137,METRONIDAZOLE,"[""Small molecule""]",1963,False,False,False,True,False,[],[],[],[],[],4,0,0,0
CHEMBL1370,BUDESONIDE,"[""Small molecule""]",1994,True,True,True,True,True,[],[],[],[],"[[""CHEMBL2034"", ""AGONIST""]]",7,0,0.0,0.0
CHEMBL1371,CHLORZOXAZONE,"[""Small molecule""]",1958,False,False,False,True,True,[],[],[],[],"[[""CHEMBL4305"", ""OPENER""]]",0,0,0.0,0.0
CHEMBL1372,OXIGLUTATIONE,"[""Small molecule""]",1982,False,False,False,True,True,[],[],[],[],"[[""CHEMBL2755"", ""OTHER""]]",0,0,0,0
CHEMBL1372950,NICERGOLINE,"[""Small molecule""]",,False,False,False,False,False,[],[],[],[],[],0,0,0,0
CHEMBL1373,MODAFINIL,"[""Small molecule""]",1998,False,False,False,True,True,[],[],[],[],"[[""CHEMBL238"", ""INHIBITOR""]]",2,0,0.0,0.0
CHEMBL1374379,BENZONATATE,"[""Small molecule""]",1958,False,False,False,True,False,[],[],[],[],[],0,0,0,0
CHEMBL1377,PROGUANIL,"[""Small molecule""]",2000,False,False,False,True,False,[],[],[],[],[],0,0,0,0
CHEMBL1378,THIETHYLPERAZINE,"[""Small molecule""]",1961,False,False,False,True,True,[],[],[],[],"[[""CHEMBL217"", ""ANTAGONIST""]]",0,0,0.0,0.0
CHEMBL1380,ABACAVIR,"[""Small molecule""]",1998,False,False,False,True,False,[],[],[],[],[],0,0,0,0
CHEMBL1382,TOLTERODINE,"[""Small molecule""]",1998,False,False,False,True,True,"[""CHRM2"", ""CHRM3""]",[],[],[],"[[""CHEMBL211"", ""ANTAGONIST""], [""CHEMBL245"", ""ANTAGONIST""]]",0,0,0.008889800073886641,0.008889800073886641
CHEMBL1384,KANAMYCIN,"[""Small molecule""]",1973,False,False,False,True,False,[],[],[],[],[],0,0,0,0
CHEMBL1387,NORETHYNODREL,"[""Small molecule""]",1961,False,False,False,True,True,"[""PGR""]",[],[],[],"[[""CHEMBL208"", ""AGONIST""]]",0,0,0.003002948450748786,0.003002948450748786
CHEMBL1388,MONOBENZONE,"[""Small molecule""]",1952,False,False,False,True,True,[],[],[],[],"[[""CHEMBL1973"", ""INHIBITOR""]]",0,0,0.0,0.0
CHEMBL1389,LEVONORGESTREL,"[""Small molecule""]",1982,False,False,False,True,True,"[""PGR""]",[],[],[],"[[""CHEMBL208"", ""AGONIST""]]",0,0,0.003002948450748786,0.003002948450748786
CHEMBL139,DICLOFENAC,"[""Small molecule""]",1988,False,False,False,True,True,"[""PTGS2""]",[],[],[],"[[""CHEMBL2094253"", ""INHIBITOR""]]",0,0,0.08012979869524581,0.08012979869524581
CHEMBL1393,SPIRONOLACTONE,"[""Small molecule""]",1960,False,False,False,True,True,[],[],[],[],"[[""CHEMBL1994"", ""ANTAGONIST""]]",0,0,0,0
CHEMBL139367,PERAMIVIR ANHYDROUS,"[""Small molecule""]",2014,False,False,False,True,False,[],[],[],[],[],0,0,0,0
CHEMBL1395,METHYLTESTOSTERONE,"[""Small molecule""]",1973,False,False,False,True,True,[],[],[],[],"[[""CHEMBL1871"", ""AGONIST""]]",0,0,0.0,0.0
CHEMBL1397,POSACONAZOLE,"[""Small molecule""]",2005,False,False,False,True,False,[],[],[],[],[],1,0,0,0
CHEMBL1399,ANASTROZOLE,"[""Small molecule""]",1995,False,False,False,True,True,"[""CYP19A1""]",[],[],[],"[[""CHEMBL1978"", ""INHIBITOR""]]",0,0,0.005994639905445553,0.005994639905445553
CHEMBL1401,NITAZOXANIDE,"[""Small molecule""]",2002,False,False,False,True,False,[],[],[],[],[],1,0,0,0
CHEMBL1404,RANOLAZINE,"[""Small molecule""]",2006,False,False,False,True,True,"[""SCN4A""]",[],[],[],"[[""CHEMBL1980"", ""BLOCKER""], [""CHEMBL2072"", ""BLOCKER""]]",1,0,0.003247364880461054,0.003247364880461054
CHEMBL1405,ESTRONE,"[""Small molecule""]",1979,False,False,False,True,True,"[""ESR1""]",[],[],[],"[[""CHEMBL206"", ""AGONIST""]]",0,0,0.0026647551378045638,0.0026647551378045638
CHEMBL141,LAMIVUDINE,"[""Small molecule""]",1995,False,False,False,True,False,[],[],[],[],[],0,0,0,0
CHEMBL1410,NONOXYNOL 9,"[""Small molecule""]",1982,False,False,False,True,False,[],[],[],[],[],0,0,0,0
CHEMBL1410743,PARALDEHYDE,"[""Small molecule""]",,False,False,False,False,False,[],[],[],[],[],0,0,0,0
CHEMBL1413,CICLOPIROX,"[""Small molecule""]",1982,False,False,False,True,False,[],[],[],[],[],0,0,0,0
CHEMBL1420,PRALIDOXIME,"[""Small molecule""]",1964,False,False,False,True,True,"[""ACHE""]",[],[],[],"[[""CHEMBL220"", ""ACTIVATOR""]]",0,0,0.0037763442209485785,0.0037763442209485785
CHEMBL1421,DASATINIB ANHYDROUS,"[""Small molecule""]",2006,False,False,False,True,True,"[""FGR"", ""FYN"", ""HCK"", ""LCK"", ""LYN"", ""PDGFRB""]",[],[],[],"[[""CHEMBL1862"", ""INHIBITOR""], [""CHEMBL1913"", ""INHIBITOR""], [""CHEMBL1936"", ""INHIBITOR""], [""CHEMBL2068"", ""INHIBITOR""], [""CHEMBL2096618"", ""INHIBITOR""], [""CHEMBL2363074"", ""INHIBITOR""]]",0,0,0.02646451960667802,0.02646451960667802
CHEMBL1422,SITAGLIPTIN,"[""Small molecule""]",2006,False,False,False,True,True,"[""DPP4""]",[],[],[],"[[""CHEMBL284"", ""INHIBITOR""]]",0,0,0.04595561328024786,0.04595561328024786
CHEMBL1423,PIMOZIDE,"[""Small molecule""]",1984,False,False,False,True,True,"[""DRD5""]",[],[],[],"[[""CHEMBL2096905"", ""ANTAGONIST""], [""CHEMBL224"", ""ANTAGONIST""]]",0,0,0.03979018471834406,0.03979018471834406
CHEMBL142438,NITROGEN,"[""Small molecule""]",2015,False,False,False,False,False,[],[],[],[],[],0,0,0,0
CHEMBL1425,MERCAPTOPURINE ANHYDROUS,"[""Small molecule""]",1953,False,False,False,True,True,[],[],[],[],"[[""CHEMBL2362992"", ""INHIBITOR""]]",5,0,0.0,0.0
CHEMBL142635,NAFTOPIDIL,"[""Small molecule""]",1999,False,False,False,True,True,"[""ADRA1D""]",[],[],[],"[[""CHEMBL223"", ""ANTAGONIST""]]",0,0,0.005162962558866853,0.005162962558866853
CHEMBL142703,VILDAGLIPTIN,"[""Small molecule""]",2007,False,False,False,True,True,"[""DPP4""]",[],[],[],"[[""CHEMBL284"", ""INHIBITOR""]]",0,0,0.04595561328024786,0.04595561328024786
CHEMBL1428,NIMODIPINE,"[""Small molecule""]",1988,False,False,False,True,True,"[""CACNA1C""]",[],[],[],"[[""CHEMBL1994"", ""ANTAGONIST""], [""CHEMBL2095229"", ""BLOCKER""]]",0,0,0.002376194612129129,0.002376194612129129
CHEMBL1429,DESMOPRESSIN,"[""Protein""]",1978,False,False,False,True,True,"[""AVPR1A""]",[],[],[],"[[""CHEMBL2363078"", ""AGONIST""]]",0,0,0.015075052817374793,0.015075052817374793
CHEMBL1430,PENICILLAMINE,"[""Small molecule""]",1970,False,False,False,True,False,[],[],[],[],[],0,0,0,0
CHEMBL1431,METFORMIN,"[""Small molecule""]",1995,False,False,False,True,True,"[""NDUFB7""]",[],[],[],"[[""CHEMBL2363065"", ""INHIBITOR""], [""CHEMBL3391681"", ""INHIBITOR""]]",0,0,0.013208765683701213,0.013208765683701213
CHEMBL1433,DOXYCYCLINE ANHYDROUS,"[""Small molecule""]",1967,False,False,False,True,True,"[""MMP1"", ""MMP13"", ""MMP7"", ""MMP8""]",[],[],[],"[[""CHEMBL280"", ""INHIBITOR""], [""CHEMBL332"", ""INHIBITOR""], [""CHEMBL4073"", ""INHIBITOR""], [""CHEMBL4588"", ""INHIBITOR""]]",1,0,0.11206087806141973,0.11206087806141973
CHEMBL1434,MINOCYCLINE,"[""Small molecule""]",1971,False,False,False,True,False,[],[],[],[],[],0,0,0,0
CHEMBL1435,CEFAZOLIN,"[""Small molecule""]",1973,False,False,False,True,False,[],[],[],[],[],0,0,0,0
CHEMBL1436,CEFUROXIME,"[""Small molecule""]",1983,False,False,False,True,False,[],[],[],[],[],0,0,0,0
CHEMBL1437,NOREPINEPHRINE,"[""Small molecule""]",1950,False,False,False,True,True,"[""ADRA1B"", ""ADRA1D"", ""ADRA2A"", ""ADRA2C"", ""ADRB1""]","[""ADRA2A""]",[],[],"[[""CHEMBL2331074"", ""AGONIST""]]",0,0.21032116470427323,0.1682569317634186,0.1682569317634186
CHEMBL14370,REBOXETINE,"[""Small molecule""]",1997,False,False,False,True,True,[],[],[],[],"[[""CHEMBL222"", ""INHIBITOR""]]",0,0,0.0,0.0
CHEMBL14376,ILOPERIDONE,"[""Small molecule""]",2009,False,False,False,True,True,[],[],[],[],"[[""CHEMBL217"", ""ANTAGONIST""], [""CHEMBL224"", ""ANTAGONIST""]]",0,0,0.0,0.0
CHEMBL1440,TETRACYCLINE,"[""Small molecule""]",1953,False,False,False,True,False,[],[],[],[],[],0,0,0,0
CHEMBL1441,ETHIONAMIDE,"[""Small molecule""]",1965,False,False,False,True,False,[],[],[],[],[],0,0,0,0
CHEMBL1443,NAFCILLIN,"[""Small molecule""]",1965,False,False,False,True,False,[],[],[],[],[],0,0,0,0
CHEMBL1444,LETROZOLE,"[""Small molecule""]",1997,False,False,False,True,True,"[""CYP19A1""]",[],[],[],"[[""CHEMBL1978"", ""INHIBITOR""]]",0,0,0.005994639905445553,0.005994639905445553
CHEMBL1445,FLUOXYMESTERONE,"[""Small molecule""]",1956,False,False,False,True,True,[],[],[],[],"[[""CHEMBL1871"", ""AGONIST""]]",0,0,0.0,0.0
CHEMBL144673,HEXETIDINE,"[""Small molecule""]",,False,False,False,False,False,[],[],[],[],[],0,0,0,0
CHEMBL1447,LINCOMYCIN,"[""Small molecule""]",1964,False,False,False,True,False,[],[],[],[],[],0,0,0,0
CHEMBL1447815,INDIUM CHLORIDE,"[""Small molecule""]",1992,False,False,False,True,False,[],[],[],[],[],0,0,0,0
CHEMBL1448,NICLOSAMIDE,"[""Small molecule""]",1982,False,False,False,True,False,[],[],[],[],[],0,0,0,0
CHEMBL1449,TICARCILLIN,"[""Small molecule""]",1976,False,False,False,True,False,[],[],[],[],[],0,0,0,0
CHEMBL1449676,ORNIDAZOLE,"[""Small molecule""]",,False,False,False,True,False,[],[],[],[],[],0,0,0,0
CHEMBL1450,ATOVAQUONE,"[""Small molecule""]",1992,False,False,False,True,False,[],[],[],[],[],0,0,0,0
CHEMBL1451,TRIAMCINOLONE,"[""Small molecule""]",1957,False,False,False,True,True,[],[],[],[],"[[""CHEMBL2034"", ""AGONIST""]]",0,0,0.0,0.0
CHEMBL1455,ALTRETAMINE,"[""Small molecule""]",1990,False,False,False,True,False,[],[],[],[],[],0,0,0,0
CHEMBL1456,MYCOPHENOLATE MOFETIL,"[""Small molecule""]",1995,False,False,False,True,True,[],[],[],[],"[[""CHEMBL2111369"", ""INHIBITOR""]]",1,0,0.0,0.0
CHEMBL1457,HYDROCODONE,"[""Small molecule""]",1943,False,False,False,True,True,[],[],[],[],"[[""CHEMBL2095181"", ""AGONIST""]]",0,0,0.0,0.0
CHEMBL1460,DIDANOSINE,"[""Small molecule""]",1991,False,False,False,True,False,[],[],[],[],[],0,0,0,0
CHEMBL1463,FLUCYTOSINE,"[""Small molecule""]",1971,False,False,False,True,False,[],[],[],[],[],0,0,0,0
CHEMBL1464,WARFARIN,"[""Small molecule""]",1954,False,False,False,True,True,[],[],[],[],"[[""CHEMBL1930"", ""INHIBITOR""]]",0,0,0,0
CHEMBL1465,PHENPROCOUMON,"[""Small molecule""]",1957,False,False,False,True,True,[],[],[],[],"[[""CHEMBL1930"", ""INHIBITOR""]]",0,0,0,0
CHEMBL1466,DICUMAROL,"[""Small molecule""]",1944,False,False,False,True,True,[],[],[],[],"[[""CHEMBL1930"", ""INHIBITOR""]]",0,0,0,0
CHEMBL1467,ALLOPURINOL,"[""Small molecule""]",1966,False,False,False,True,True,"[""XDH""]",[],[],[],"[[""CHEMBL1929"", ""INHIBITOR""]]",0,0,0.005840445480362922,0.005840445480362922
CHEMBL1469,PHENYLBUTANOIC ACID,"[""Small molecule""]",1996,False,False,False,True,False,[],[],[],[],[],0,0,0,0
CHEMBL1471,APREPITANT,"[""Small molecule""]",2003,False,False,False,True,True,[],[],[],[],"[[""CHEMBL249"", ""ANTAGONIST""]]",0,0,0.0,0.0
CHEMBL1472,PROTIRELIN,"[""Protein""]",1976,False,False,False,True,True,[],[],[],[],"[[""CHEMBL1810"", ""AGONIST""]]",0,0,0,0
CHEMBL1473,FLUTICASONE PROPIONATE,"[""Small molecule""]",1990,False,False,False,True,True,[],[],[],[],"[[""CHEMBL2034"", ""AGONIST""]]",0,0,0.0,0.0
CHEMBL1475,TRIOXSALEN,"[""Small molecule""]",1964,False,False,False,True,False,[],[],[],[],[],0,0,0,0
CHEMBL1476022,NOMEGESTROL ACETATE,"[""Small molecule""]",,False,False,False,True,True,"[""PGR""]",[],[],[],"[[""CHEMBL208"", ""AGONIST""]]",0,0,0.003002948450748786,0.003002948450748786
CHEMBL1477036,DOCUSATE,"[""Small molecule""]",,False,False,False,True,False,[],[],[],[],[],0,0,0,0
CHEMBL1479,DANAZOL,"[""Small molecule""]",1976,False,False,False,True,True,"[""PGR""]",[],[],[],"[[""CHEMBL1871"", ""AGONIST""], [""CHEMBL208"", ""AGONIST""]]",0,0,0.003002948450748786,0.003002948450748786
CHEMBL148,IMIPENEM ANHYDROUS,"[""Small molecule""]",1985,False,False,False,True,False,[],[],[],[],[],0,0,0,0
CHEMBL1480,FELODIPINE,"[""Small molecule""]",1991,False,False,False,True,True,"[""CACNA1C""]",[],[],[],"[[""CHEMBL1994"", ""ANTAGONIST""], [""CHEMBL2095229"", ""BLOCKER""]]",0,0,0.002376194612129129,0.002376194612129129
CHEMBL1480987,CYCLANDELATE,"[""Small molecule""]",,False,False,False,True,False,[],[],[],[],[],0,0,0,0
CHEMBL1481,GLIMEPIRIDE,"[""Small molecule""]",1995,False,False,False,True,True,[],[],[],[],"[[""CHEMBL2096972"", ""BLOCKER""]]",0,0,0,0
CHEMBL1482,BETHANECHOL,"[""Small molecule""]",1948,False,False,False,True,True,"[""CHRM2"", ""CHRM3""]",[],[],[],"[[""CHEMBL211"", ""AGONIST""], [""CHEMBL245"", ""AGONIST""]]",0,0,0.008889800073886641,0.008889800073886641
CHEMBL1483,ALBENDAZOLE,"[""Small molecule""]",1996,False,False,False,True,False,[],[],[],[],[],0,0,0,0
CHEMBL1484,NICARDIPINE,"[""Small molecule""]",1988,False,False,False,True,True,"[""CACNA1C""]",[],[],[],"[[""CHEMBL2095229"", ""BLOCKER""]]",0,0,0.002376194612129129,0.002376194612129129
CHEMBL1487,ATORVASTATIN,"[""Small molecule""]",1996,False,False,False,True,True,[],[],[],[],"[[""CHEMBL402"", ""INHIBITOR""]]",1,0,0.0,0.0
CHEMBL1488,URACIL MUSTARD,"[""Small molecule""]",1962,False,False,False,True,False,[],[],[],[],[],0,0,0,0
CHEMBL1489,AZACITIDINE,"[""Small molecule""]",2004,False,False,False,True,True,"[""DNMT3A""]","[""DNMT3A""]",[],[],"[[""CHEMBL1992"", ""INHIBITOR""], [""CHEMBL1993"", ""INHIBITOR""]]",0,0.5010332484856818,0.40082659878854543,0.40082659878854543
CHEMBL1490,TRIHEXYPHENIDYL,"[""Small molecule""]",1949,False,False,False,True,True,[],[],[],[],"[[""CHEMBL216"", ""ANTAGONIST""]]",0,0,0,0
CHEMBL1491,AMLODIPINE,"[""Small molecule""]",1992,False,False,False,True,True,"[""CACNA1C""]",[],[],[],"[[""CHEMBL2095229"", ""BLOCKER""]]",0,0,0.002376194612129129,0.002376194612129129
CHEMBL1492,DIPHENYLPYRALINE,"[""Small molecule""]",1982,False,False,False,True,True,[],[],[],[],"[[""CHEMBL231"", ""ANTAGONIST""]]",0,0,0.0,0.0
CHEMBL1492500,DOTHIEPIN,"[""Small molecule""]",,False,False,False,True,True,"[""SLC6A4""]",[],[],[],"[[""CHEMBL222"", ""INHIBITOR""], [""CHEMBL228"", ""INHIBITOR""]]",0,0,0.09284028451546111,0.09284028451546111
CHEMBL1493,FLAVOXATE,"[""Small molecule""]",1970,False,False,False,True,True,"[""PDE4A"", ""PDE4B"", ""PDE4D"", ""PDE8A""]","[""PDE4A"", ""PDE4D"", ""PDE8A""]",[],[],"[[""CHEMBL2093863"", ""INHIBITOR""], [""CHEMBL2111411"", ""INHIBITOR""], [""CHEMBL2363067"", ""INHIBITOR""]]",0,0.313763514035714,0.2510108112285712,0.2510108112285712
CHEMBL1495,OXYPHENCYCLIMINE,"[""Small molecule""]",1982,False,False,False,True,True,"[""CHRM3""]",[],[],[],"[[""CHEMBL216"", ""ANTAGONIST""], [""CHEMBL245"", ""ANTAGONIST""]]",0,0,0.008889800073886641,0.008889800073886641
CHEMBL1496,ROSUVASTATIN,"[""Small molecule""]",2003,False,False,False,True,True,[],[],[],[],"[[""CHEMBL402"", ""INHIBITOR""]]",1,0,0.0,0.0
CHEMBL1497,BETAMETHASONE VALERATE,"[""Small molecule""]",1967,False,False,False,True,True,[],[],[],[],"[[""CHEMBL2034"", ""AGONIST""]]",0,0,0.0,0.0
CHEMBL1501,FLUOCINONIDE,"[""Small molecule""]",1971,False,False,False,True,True,[],[],[],[],"[[""CHEMBL2034"", ""AGONIST""]]",0,0,0.0,0.0
CHEMBL1502,PANTOPRAZOLE,"[""Small molecule""]",2000,False,False,False,True,True,[],[],[],[],"[[""CHEMBL2095173"", ""INHIBITOR""]]",0,0,0.0,0.0
CHEMBL15023,TRIFLUPERIDOL,"[""Small molecule""]",,False,False,False,False,False,[],[],[],[],[],0,0,0,0
CHEMBL1503,OMEPRAZOLE,"[""Small molecule""]",1989,False,False,False,True,True,[],[],[],[],"[[""CHEMBL2095173"", ""INHIBITOR""]]",2,0,0.0,0.0
CHEMBL1504,TRIAMCINOLONE ACETONIDE,"[""Small molecule""]",1960,False,False,False,True,True,[],[],[],[],"[[""CHEMBL2034"", ""AGONIST""]]",0,0,0.0,0.0
CHEMBL1505,ALMOTRIPTAN,"[""Small molecule""]",2001,False,False,False,True,True,"[""HTR1B"", ""HTR1D""]",[],[],[],"[[""CHEMBL1805"", ""AGONIST""], [""CHEMBL1898"", ""AGONIST""], [""CHEMBL1983"", ""AGONIST""]]",0,0,0.055666787679624435,0.055666787679624435
CHEMBL1508,ESCITALOPRAM,"[""Small molecule""]",2002,False,False,False,True,True,"[""SLC6A4""]",[],[],[],"[[""CHEMBL228"", ""INHIBITOR""]]",0,0,0.09284028451546111,0.09284028451546111
CHEMBL1509,DROSPIRENONE,"[""Small molecule""]",2001,False,False,False,True,True,"[""PGR""]",[],[],[],"[[""CHEMBL1994"", ""ANTAGONIST""], [""CHEMBL208"", ""AGONIST""]]",0,0,0.003002948450748786,0.003002948450748786
CHEMBL1510,ELETRIPTAN,"[""Small molecule""]",2002,False,False,False,True,True,"[""HTR1B"", ""HTR1D""]",[],[],[],"[[""CHEMBL1805"", ""AGONIST""], [""CHEMBL1898"", ""AGONIST""], [""CHEMBL1983"", ""AGONIST""]]",0,0,0.055666787679624435,0.055666787679624435
CHEMBL1511,ESTRADIOL VALERATE,"[""Small molecule""]",1982,False,False,False,True,True,"[""ESR1""]",[],[],[],"[[""CHEMBL206"", ""AGONIST""]]",0,0,0.0026647551378045638,0.0026647551378045638
CHEMBL1512,FLUNISOLIDE,"[""Small molecule""]",1981,False,False,False,True,True,[],[],[],[],"[[""CHEMBL2034"", ""AGONIST""]]",0,0,0.0,0.0
CHEMBL1513,IRBESARTAN,"[""Small molecule""]",1997,False,False,False,True,True,[],[],[],[],"[[""CHEMBL227"", ""ANTAGONIST""]]",0,0,0.0,0.0
CHEMBL1514,LEVOMETHADYL ACETATE,"[""Small molecule""]",1993,False,False,False,True,True,[],[],[],[],"[[""CHEMBL233"", ""AGONIST""]]",0,0,0.0,0.0
CHEMBL1515,METHIMAZOLE,"[""Small molecule""]",1950,False,False,False,True,True,[],[],[],[],"[[""CHEMBL1839"", ""INHIBITOR""]]",0,0,0.0,0.0
CHEMBL1517,OXYTETRACYCLINE,"[""Small molecule""]",1964,False,False,False,True,False,[],[],[],[],[],0,0,0,0
CHEMBL1518,PROPYLTHIOURACIL,"[""Small molecule""]",1947,False,False,False,True,True,[],[],[],[],"[[""CHEMBL1839"", ""INHIBITOR""], [""CHEMBL2019"", ""INHIBITOR""]]",0,0,0.0,0.0
CHEMBL1519,TRANDOLAPRIL,"[""Small molecule""]",1996,False,False,False,True,True,"[""ACE""]",[],[],[],"[[""CHEMBL1808"", ""INHIBITOR""]]",0,0,0.04760386061120864,0.04760386061120864
CHEMBL152,CIDOFOVIR ANHYDROUS,"[""Small molecule""]",1996,False,False,False,True,False,[],[],[],[],[],0,0,0,0
CHEMBL1520,VARDENAFIL,"[""Small molecule""]",2003,False,False,False,True,True,[],[],[],[],"[[""CHEMBL1827"", ""INHIBITOR""]]",0,0,0,0
CHEMBL1521,ZALEPLON,"[""Small molecule""]",1999,False,False,False,True,True,[],[],[],[],"[[""CHEMBL2111392"", ""POSITIVE ALLOSTERIC MODULATOR""]]",0,0,0,0
CHEMBL1522,ESZOPICLONE,"[""Small molecule""]",2004,False,False,False,True,True,"[""GABRA2"", ""GABRA4"", ""GABRA5"", ""GABRB2"", ""GABRE"", ""GABRG1"", ""GABRP""]",[],[],[],"[[""CHEMBL2093872"", ""POSITIVE ALLOSTERIC MODULATOR""]]",0,0,0.014213049242877394,0.014213049242877394
CHEMBL1525826,SULFALENE,"[""Small molecule""]",,False,False,False,True,False,[],[],[],[],[],0,0,0,0
CHEMBL1528,SODIUM FLUORIDE,"[""Small molecule""]",1972,False,False,False,False,False,[],[],[],[],[],0,0,0,0
CHEMBL1530428,DEXAMETHASONE ACETATE,"[""Small molecule""]",1973,False,False,False,True,True,[],[],[],[],"[[""CHEMBL2034"", ""AGONIST""]]",0,0,0.0,0.0
CHEMBL1531,ETONOGESTREL,"[""Small molecule""]",2001,False,False,False,True,True,"[""PGR""]",[],[],[],"[[""CHEMBL208"", ""AGONIST""]]",0,0,0.003002948450748786,0.003002948450748786
CHEMBL1532,QUINETHAZONE,"[""Small molecule""]",1963,False,False,False,True,True,[],[],[],[],"[[""CHEMBL1876"", ""INHIBITOR""]]",0,0,0.0,0.0
CHEMBL1533,DESOGESTREL,"[""Small molecule""]",1992,False,False,False,True,True,"[""PGR""]",[],[],[],"[[""CHEMBL208"", ""AGONIST""]]",0,0,0.003002948450748786,0.003002948450748786
CHEMBL1534,RIBOFLAVIN,"[""Small molecule""]",1993,False,False,False,False,False,[],[],[],[],[],0,0,0,0
CHEMBL1535,HYDROXYCHLOROQUINE,"[""Small molecule""]",1955,False,False,False,True,True,"[""TLR9""]","[""TLR9""]",[],[],"[[""CHEMBL5804"", ""ANTAGONIST""], [""CHEMBL5936"", ""ANTAGONIST""]]",1,0.09112278688694553,0.07289822950955642,0.07289822950955642
CHEMBL1536,ERGOCALCIFEROL,"[""Small molecule""]",1941,False,False,False,True,True,[],[],[],[],"[[""CHEMBL1977"", ""AGONIST""]]",1,0,0.0,0.0
CHEMBL1537,AZLOCILLIN,"[""Small molecule""]",1982,False,False,False,True,False,[],[],[],[],[],0,0,0,0
CHEMBL1538,TENOFOVIR DISOPROXIL,"[""Small molecule""]",2001,False,False,False,True,False,[],[],[],[],[],0,0,0,0
CHEMBL1539,SULFADOXINE,"[""Small molecule""]",1981,False,False,False,True,False,[],[],[],[],[],0,0,0,0
CHEMBL154,NAPROXEN,"[""Small molecule""]",1976,False,False,False,True,True,"[""PTGS2""]",[],[],[],"[[""CHEMBL2094253"", ""INHIBITOR""]]",0,0,0.08012979869524581,0.08012979869524581
CHEMBL1540,PENCICLOVIR,"[""Small molecule""]",1996,False,False,False,True,False,[],[],[],[],[],0,0,0,0
CHEMBL1541,CEFIXIME,"[""Small molecule""]",1989,False,False,False,True,False,[],[],[],[],[],0,0,0,0
CHEMBL1542,AZATHIOPRINE,"[""Small molecule""]",1968,False,True,True,True,True,[],[],[],[],"[[""CHEMBL2362992"", ""INHIBITOR""]]",14,0,0.0,0.0
CHEMBL1544,LIOTHYRONINE,"[""Small molecule""]",1956,False,False,False,True,True,"[""THRB""]",[],[],[],"[[""CHEMBL2111462"", ""AGONIST""]]",0,0,0.005764503715500481,0.005764503715500481
CHEMBL1546,HYDROXYAMPHETAMINE,"[""Small molecule""]",1969,False,False,False,True,True,"[""ADRA1B"", ""ADRA1D"", ""ADRA2A"", ""ADRA2C"", ""ADRB1""]","[""ADRA2A""]",[],[],"[[""CHEMBL2331074"", ""AGONIST""]]",0,0.21032116470427323,0.1682569317634186,0.1682569317634186
CHEMBL1547,THIAMINE ION,"[""Small molecule""]",1982,False,False,False,True,False,[],[],[],[],[],0,0,0,0
CHEMBL1549,HYDROCORTISONE CYPIONATE,"[""Small molecule""]",1955,False,False,False,True,True,[],[],[],[],"[[""CHEMBL2034"", ""AGONIST""]]",0,0,0.0,0.0
CHEMBL1550,PHYTONADIONE,"[""Small molecule""]",1982,False,False,False,False,False,[],[],[],[],[],0,0,0,0
CHEMBL1551,URSODIOL,"[""Small molecule""]",1987,False,False,False,True,True,"[""NR1H4""]",[],[],[],"[[""CHEMBL2047"", ""AGONIST""]]",0,0,0.037656059478863094,0.037656059478863094
CHEMBL1554,DACTINOMYCIN,"[""Protein""]",1964,False,False,False,True,False,[],[],[],[],[],0,0,0,0
CHEMBL1560,CAPTOPRIL,"[""Small molecule""]",1981,False,False,False,True,True,"[""ACE""]",[],[],[],"[[""CHEMBL1808"", ""INHIBITOR""]]",0,0,0.04760386061120864,0.04760386061120864
CHEMBL1561,MIGLITOL,"[""Small molecule""]",1996,False,False,False,True,True,"[""MGAM""]",[],[],[],"[[""CHEMBL2074"", ""INHIBITOR""], [""CHEMBL2608"", ""INHIBITOR""]]",0,0,0.07891287676305958,0.07891287676305958
CHEMBL1568698,GANAXOLONE,"[""Small molecule""]",2022,False,False,False,True,True,"[""GABRA2"", ""GABRA4"", ""GABRA5"", ""GABRB2"", ""GABRE"", ""GABRG1"", ""GABRP""]",[],[],[],"[[""CHEMBL2093872"", ""POSITIVE ALLOSTERIC MODULATOR""]]",0,0,0.014213049242877394,0.014213049242877394
CHEMBL1570,SULFOXONE,"[""Small molecule""]",1982,False,False,False,True,False,[],[],[],[],[],0,0,0,0
CHEMBL1571,TESTOLACTONE,"[""Small molecule""]",1969,False,False,False,True,True,"[""CYP19A1""]",[],[],[],"[[""CHEMBL1978"", ""INHIBITOR""]]",0,0,0.005994639905445553,0.005994639905445553
CHEMBL1571863,ISOCONAZOLE,"[""Small molecule""]",,False,False,False,False,False,[],[],[],[],[],0,0,0,0
CHEMBL1572,NETILMICIN,"[""Small molecule""]",1983,False,False,False,True,False,[],[],[],[],[],0,0,0,0
CHEMBL1574,PHENTERMINE,"[""Small molecule""]",1959,False,False,False,True,True,[],[],[],[],"[[""CHEMBL222"", ""RELEASING AGENT""]]",0,0,0.0,0.0
CHEMBL1576,ETHINAMATE,"[""Small molecule""]",1982,False,False,False,True,False,[],[],[],[],[],0,0,0,0
CHEMBL1577,METHYCLOTHIAZIDE,"[""Small molecule""]",1960,False,False,False,True,True,[],[],[],[],"[[""CHEMBL1876"", ""INHIBITOR""]]",0,0,0.0,0.0
CHEMBL15770,SULINDAC,"[""Small molecule""]",1978,False,False,False,True,True,"[""PTGS2""]",[],[],[],"[[""CHEMBL2094253"", ""INHIBITOR""]]",0,0,0.08012979869524581,0.08012979869524581
CHEMBL158,AZTREONAM,"[""Small molecule""]",1986,False,False,False,True,False,[],[],[],[],[],0,0,0,0
CHEMBL1580,PENTOSTATIN,"[""Small molecule""]",1991,False,False,False,True,True,[],[],[],[],"[[""CHEMBL1910"", ""INHIBITOR""]]",0,0,0.0,0.0
CHEMBL1581,PERINDOPRIL,"[""Small molecule""]",1993,False,False,False,True,True,"[""ACE""]",[],[],[],"[[""CHEMBL1808"", ""INHIBITOR""]]",0,0,0.04760386061120864,0.04760386061120864
CHEMBL1583,BACAMPICILLIN,"[""Small molecule""]",1980,False,False,False,True,False,[],[],[],[],[],0,0,0,0
CHEMBL1584,PIPERACETAZINE,"[""Small molecule""]",1969,False,False,False,True,True,[],[],[],[],"[[""CHEMBL217"", ""ANTAGONIST""]]",0,0,0.0,0.0
CHEMBL1585,PIPOBROMAN,"[""Small molecule""]",1966,False,False,False,True,False,[],[],[],[],[],0,0,0,0
CHEMBL1587,POLYTHIAZIDE,"[""Small molecule""]",1961,False,False,False,True,True,[],[],[],[],"[[""CHEMBL1876"", ""INHIBITOR""]]",0,0,0.0,0.0
CHEMBL1589,ACETOHEXAMIDE,"[""Small molecule""]",1964,False,False,False,True,True,[],[],[],[],"[[""CHEMBL2096972"", ""BLOCKER""]]",0,0,0,0
CHEMBL159,VINBLASTINE,"[""Small molecule""]",1965,False,False,False,True,True,"[""TUBB2B"", ""TUBB6""]",[],[],[],"[[""CHEMBL2095182"", ""INHIBITOR""]]",0,0,0.0030526420852343686,0.0030526420852343686
CHEMBL1590,PSEUDOEPHEDRINE,"[""Small molecule""]",1963,False,False,False,True,True,[],[],[],[],"[[""CHEMBL222"", ""RELEASING AGENT""]]",0,0,0.0,0.0
CHEMBL1591,DEMECLOCYCLINE,"[""Small molecule""]",1960,False,False,False,True,False,[],[],[],[],[],0,0,0,0
CHEMBL1592,QUINAPRIL,"[""Small molecule""]",1991,False,False,False,True,True,"[""ACE""]",[],[],[],"[[""CHEMBL1808"", ""INHIBITOR""]]",0,0,0.04760386061120864,0.04760386061120864
CHEMBL1594,PANTOTHENIC ACID,"[""Small molecule""]",1993,False,False,False,False,False,[],[],[],[],[],0,0,0,0
CHEMBL1595,DIHYDROCODEINE,"[""Small molecule""]",1983,False,False,False,True,True,[],[],[],[],"[[""CHEMBL233"", ""AGONIST""]]",0,0,0.0,0.0
CHEMBL1596,CARBENICILLIN INDANYL,"[""Small molecule""]",1972,False,False,False,True,False,[],[],[],[],[],0,0,0,0
CHEMBL1597,DIMERCAPROL,"[""Small molecule""]",1946,False,False,False,True,False,[],[],[],[],[],0,0,0,0
CHEMBL1599,CEPHAPIRIN,"[""Small molecule""]",1974,False,False,False,True,False,[],[],[],[],[],0,0,0,0
CHEMBL16,PHENYTOIN,"[""Small molecule""]",1953,False,False,False,True,True,"[""SCN4A"", ""SCN7A""]",[],[],[],"[[""CHEMBL2331043"", ""BLOCKER""]]",0,0,0.003247364880461054,0.003247364880461054
CHEMBL160,CYCLOSPORINE,"[""Protein""]",1983,False,False,False,True,True,[],[],[],[],"[[""CHEMBL1949"", ""MODULATOR""]]",0,0,0.0,0.0
CHEMBL1601,CEFONICID,"[""Small molecule""]",1984,False,False,False,True,False,[],[],[],[],[],0,0,0,0
CHEMBL1601669,ALFACALCIDOL,"[""Small molecule""]",,False,False,False,True,True,[],[],[],[],"[[""CHEMBL1977"", ""AGONIST""]]",0,0,0.0,0.0
CHEMBL1604,CEPHRADINE,"[""Small molecule""]",1974,False,False,False,True,False,[],[],[],[],[],0,0,0,0
CHEMBL1605,CEFTIBUTEN,"[""Small molecule""]",1995,False,False,False,True,False,[],[],[],[],[],0,0,0,0
CHEMBL161,CEFTRIAXONE,"[""Small molecule""]",1984,False,False,False,True,False,[],[],[],[],[],0,0,0,0
CHEMBL1614,DESLANOSIDE,"[""Small molecule""]",1982,False,False,False,True,True,"[""ATP1A2""]",[],[],[],"[[""CHEMBL2095186"", ""INHIBITOR""]]",0,0,0.002791677965104126,0.002791677965104126
CHEMBL1614701,SELUMETINIB,"[""Small molecule""]",2020,False,False,False,True,True,[],[],[],[],"[[""CHEMBL2964"", ""INHIBITOR""], [""CHEMBL3587"", ""INHIBITOR""]]",0,0,0.0,0.0
CHEMBL1615438,LEVOCABASTINE,"[""Small molecule""]",1993,False,False,False,True,True,[],[],[],[],"[[""CHEMBL231"", ""ANTAGONIST""]]",0,0,0.0,0.0
CHEMBL1615439,PHENDIMETRAZINE,"[""Small molecule""]",1976,False,False,False,True,True,[],[],[],[],"[[""CHEMBL222"", ""INHIBITOR""], [""CHEMBL238"", ""INHIBITOR""]]",0,0,0.0,0.0
CHEMBL1615487,IODOXAMIC ACID,"[""Small molecule""]",1982,False,False,False,False,False,[],[],[],[],[],0,0,0,0
CHEMBL1616046,HYPOCHLOROUS ACID,"[""Small molecule""]",,False,False,False,False,False,[],[],[],[],[],0,0,0,0
CHEMBL1617,RIFAXIMIN,"[""Small molecule""]",2004,False,False,False,True,False,[],[],[],[],[],7,0,0,0
CHEMBL1618018,HOMATROPINE,"[""Small molecule""]",,False,False,False,False,False,[],[],[],[],[],0,0,0,0
CHEMBL1619,CLADRIBINE,"[""Small molecule""]",1993,False,False,False,True,False,[],[],[],[],[],0,0,0,0
CHEMBL162036,BENORILATE,"[""Small molecule""]",,False,False,False,True,False,[],[],[],[],[],0,0,0,0
CHEMBL1621,PALIPERIDONE,"[""Small molecule""]",2006,False,False,False,True,True,[],[],[],[],"[[""CHEMBL217"", ""ANTAGONIST""], [""CHEMBL224"", ""ANTAGONIST""]]",0,0,0.0,0.0
CHEMBL1621597,IPRATROPIUM,"[""Small molecule""]",1986,False,False,False,True,True,"[""CHRM3""]",[],[],[],"[[""CHEMBL245"", ""ANTAGONIST""]]",0,0,0.008889800073886641,0.008889800073886641
CHEMBL1622,FOLIC ACID,"[""Small molecule""]",1982,False,False,False,False,False,[],[],[],[],[],0,0,0,0
CHEMBL1623,MECLIZINE,"[""Small molecule""]",1957,False,False,False,True,True,[],[],[],[],"[[""CHEMBL231"", ""ANTAGONIST""]]",0,0,0.0,0.0
CHEMBL1623992,PIPERIDOLATE,"[""Small molecule""]",,False,False,False,False,False,[],[],[],[],[],0,0,0,0
CHEMBL1624,LEVOTHYROXINE,"[""Small molecule""]",1982,False,False,False,True,True,"[""THRB""]",[],[],[],"[[""CHEMBL2111462"", ""AGONIST""]]",0,0,0.005764503715500481,0.005764503715500481
CHEMBL1624126,XANTHINOL,"[""Small molecule""]",,False,False,False,False,False,[],[],[],[],[],0,0,0,0
CHEMBL1625,OXYBENZONE,"[""Small molecule""]",1992,False,False,False,True,False,[],[],[],[],[],0,0,0,0
CHEMBL1626,CLEMASTINE,"[""Small molecule""]",1977,False,False,False,True,True,[],[],[],[],"[[""CHEMBL231"", ""ANTAGONIST""]]",0,0,0.0,0.0
CHEMBL1626223,PYRANTEL,"[""Small molecule""]",,False,False,False,False,False,[],[],[],[],[],0,0,0,0
CHEMBL1627367,FLUOROESTRADIOL,"[""Small molecule""]",2020,False,False,False,True,False,[],[],[],[],[],0,0,0,0
CHEMBL1628227,DOXEPIN,"[""Small molecule""]",1969,False,False,False,True,True,[],[],[],[],"[[""CHEMBL222"", ""INHIBITOR""], [""CHEMBL231"", ""ANTAGONIST""]]",0,0,0.0,0.0
CHEMBL1628385,PROCAINE BENZYLPENICILLIN,"[""Small molecule""]",1948,False,False,False,True,False,[],[],[],[],[],0,0,0,0
CHEMBL1628502,GABAPENTIN ENACARBIL,"[""Small molecule""]",2011,False,False,False,True,True,"[""CACNA1C"", ""CACNA1E"", ""CACNA1H"", ""CACNA1I""]",[],[],[],"[[""CHEMBL2363032"", ""MODULATOR""]]",0,0,0.010619848119575958,0.010619848119575958
CHEMBL163,RITONAVIR,"[""Small molecule""]",1996,False,False,False,True,True,"[""CYP3A4"", ""CYP3A5"", ""CYP3A7""]",[],[],[],"[[""CHEMBL2364675"", ""INHIBITOR""]]",0,0,0.11125789751581057,0.11125789751581057
CHEMBL1630575,CASPOFUNGIN,"[""Small molecule""]",2001,False,False,False,True,False,[],[],[],[],[],0,0,0,0
CHEMBL1631694,FEXINIDAZOLE,"[""Small molecule""]",2021,False,False,False,True,False,[],[],[],[],[],0,0,0,0
CHEMBL1639,ALISKIREN,"[""Small molecule""]",2007,False,False,False,True,True,[],[],[],[],"[[""CHEMBL286"", ""INHIBITOR""]]",0,0,0.0,0.0
CHEMBL1641,HYDROCORTISONE PHOSPHORIC ACID,"[""Small molecule""]",1960,False,False,False,True,True,[],[],[],[],"[[""CHEMBL2034"", ""AGONIST""]]",0,0,0.0,0.0
CHEMBL1643,RIBAVIRIN,"[""Small molecule""]",1985,False,False,False,True,True,[],[],[],[],"[[""CHEMBL1822"", ""INHIBITOR""]]",0,0,0.0,0.0
CHEMBL1643895,RAMOSETRON,"[""Small molecule""]",2015,False,False,False,True,True,"[""HTR3A"", ""HTR3C""]",[],[],[],"[[""CHEMBL2094132"", ""ANTAGONIST""]]",0,0,0.01497317899090395,0.01497317899090395
CHEMBL1644,CEFADROXIL,"[""Small molecule""]",1978,False,False,False,True,False,[],[],[],[],[],0,0,0,0
CHEMBL1644695,SODIUM IODIDE,"[""Small molecule""]",1976,False,False,False,False,False,[],[],[],[],[],0,0,0,0
CHEMBL1648,ISRADIPINE,"[""Small molecule""]",1990,False,False,False,True,True,"[""CACNA1C""]",[],[],[],"[[""CHEMBL2095229"", ""BLOCKER""]]",0,0,0.002376194612129129,0.002376194612129129
CHEMBL1650,CORTISONE ACETATE,"[""Small molecule""]",1950,False,False,False,True,True,[],[],[],[],"[[""CHEMBL2034"", ""AGONIST""]]",0,0,0.0,0.0
CHEMBL1650443,TRELAGLIPTIN,"[""Small molecule""]",,False,False,False,True,True,"[""DPP4""]",[],[],[],"[[""CHEMBL284"", ""INHIBITOR""]]",0,0,0.04595561328024786,0.04595561328024786
CHEMBL1650559,PLAZOMICIN,"[""Small molecule""]",2018,False,False,False,True,False,[],[],[],[],[],0,0,0,0
CHEMBL1650818,AMDINOCILLIN PIVOXIL,"[""Small molecule""]",2024,False,False,False,True,False,[],[],[],[],[],0,0,0,0
CHEMBL1651990,FENTICONAZOLE,"[""Small molecule""]",,False,False,False,False,False,[],[],[],[],[],0,0,0,0
CHEMBL1652,AMBENONIUM,"[""Small molecule""]",1956,False,False,False,True,True,"[""ACHE""]",[],[],[],"[[""CHEMBL220"", ""INHIBITOR""]]",0,0,0.0037763442209485785,0.0037763442209485785
CHEMBL1652606,CEFTOBIPROLE MEDOCARIL FREE ACID,"[""Small molecule""]",2024,False,False,False,True,False,[],[],[],[],[],0,0,0,0
CHEMBL1655,TOREMIFENE,"[""Small molecule""]",1996,False,False,False,True,True,"[""ESR1""]",[],[],[],"[[""CHEMBL2093866"", ""MODULATOR""]]",0,0,0.0026647551378045638,0.0026647551378045638
CHEMBL1657,TAZAROTENE,"[""Small molecule""]",1997,False,False,False,True,True,[],[],[],[],"[[""CHEMBL2363069"", ""AGONIST""]]",0,0,0.0,0.0
CHEMBL1658,RETAPAMULIN,"[""Small molecule""]",2007,False,False,False,True,False,[],[],[],[],[],0,0,0,0
CHEMBL1660,RIFAPENTINE,"[""Small molecule""]",1998,False,False,False,True,False,[],[],[],[],[],0,0,0,0
CHEMBL1661,LACTITOL,"[""Small molecule""]",2020,False,False,False,True,False,[],[],[],[],[],0,0,0,0
CHEMBL1663,PERFLUTREN,"[""Small molecule""]",1998,False,False,False,True,False,[],[],[],[],[],0,0,0,0
CHEMBL1664,FOSAMPRENAVIR,"[""Small molecule""]",2003,False,False,False,True,False,[],[],[],[],[],0,0,0,0
CHEMBL1668,RESCINNAMINE,"[""Small molecule""]",1956,False,False,False,True,True,[],[],[],[],"[[""CHEMBL1893"", ""INHIBITOR""]]",0,0,0,0
CHEMBL1670,MITOTANE,"[""Small molecule""]",1970,False,False,False,True,True,[],[],[],[],"[[""CHEMBL1908"", ""INHIBITOR""], [""CHEMBL2033"", ""INHIBITOR""]]",0,0,0,0
CHEMBL1672,CEFPODOXIME,"[""Small molecule""]",,False,False,False,True,False,[],[],[],[],[],0,0,0,0
CHEMBL1675,VITAMIN A PALMITATE,"[""Small molecule""]",1982,False,False,False,False,False,[],[],[],[],[],0,0,0,0
CHEMBL1676,FLUTICASONE FUROATE,"[""Small molecule""]",2007,False,False,False,True,True,[],[],[],[],"[[""CHEMBL2034"", ""AGONIST""]]",0,0,0.0,0.0
CHEMBL167731,PIXANTRONE,"[""Small molecule""]",2012,False,False,False,True,False,[],[],[],[],[],0,0,0,0
CHEMBL1679,LEUCOVORIN,"[""Small molecule""]",1952,False,False,False,False,False,[],[],[],[],[],0,0,0,0
CHEMBL1680,OCTREOTIDE,"[""Protein""]",1988,False,False,False,True,True,[],[],[],[],"[[""CHEMBL2111436"", ""AGONIST""]]",0,0,0.0,0.0
CHEMBL1681,IODOHIPPURATE,"[""Small molecule""]",1982,False,False,False,False,False,[],[],[],[],[],0,0,0,0
CHEMBL1682,SORBITOL,"[""Small molecule""]",1982,False,False,False,False,False,[],[],[],[],[],0,0,0,0
CHEMBL1683,HYDROCORTISONE BUTYRATE,"[""Small molecule""]",1982,False,False,False,True,True,[],[],[],[],"[[""CHEMBL2034"", ""AGONIST""]]",0,0,0.0,0.0
CHEMBL1683590,ERIBULIN,"[""Small molecule""]",2010,False,False,False,True,True,"[""TUBB2B"", ""TUBB6""]",[],[],[],"[[""CHEMBL2095182"", ""INHIBITOR""]]",0,0,0.0030526420852343686,0.0030526420852343686
CHEMBL1684,BENDROFLUMETHIAZIDE,"[""Small molecule""]",1959,False,False,False,True,True,[],[],[],[],"[[""CHEMBL1876"", ""INHIBITOR""]]",0,0,0.0,0.0
CHEMBL1685,DEZOCINE,"[""Small molecule""]",1989,False,False,False,True,True,[],[],[],[],"[[""CHEMBL233"", ""PARTIAL AGONIST""], [""CHEMBL237"", ""ANTAGONIST""]]",0,0,0.0,0.0
CHEMBL168815,CEVIMELINE,"[""Small molecule""]",2000,False,False,False,True,True,"[""CHRM3""]",[],[],[],"[[""CHEMBL216"", ""AGONIST""], [""CHEMBL245"", ""AGONIST""]]",0,0,0.008889800073886641,0.008889800073886641
CHEMBL1688530,ORITAVANCIN,"[""Small molecule""]",2014,False,False,False,True,False,[],[],[],[],[],0,0,0,0
CHEMBL1689063,AVIBACTAM,"[""Small molecule""]",2015,False,False,False,True,False,[],[],[],[],[],0,0,0,0
CHEMBL1689772,OMADACYCLINE,"[""Small molecule""]",2018,False,False,False,True,False,[],[],[],[],[],0,0,0,0
CHEMBL1697725,AUROTHIOGLUCOSE,"[""Small molecule""]",1940,False,False,False,True,True,[],[],[],[],"[[""CHEMBL1927"", ""INHIBITOR""]]",0,0,0,0
CHEMBL1697737,CLOTIAZEPAM,"[""Small molecule""]",,False,False,False,True,True,"[""GABRA2"", ""GABRA4"", ""GABRA5"", ""GABRB2"", ""GABRE"", ""GABRG1"", ""GABRP""]",[],[],[],"[[""CHEMBL2093872"", ""POSITIVE ALLOSTERIC MODULATOR""]]",0,0,0.014213049242877394,0.014213049242877394
CHEMBL1697744,ERDOSTEINE,"[""Small molecule""]",,False,False,False,True,False,[],[],[],[],[],0,0,0,0
CHEMBL1697841,ISOMETHEPTENE,"[""Small molecule""]",,False,False,False,False,False,[],[],[],[],[],0,0,0,0
CHEMBL169901,DEBRISOQUIN,"[""Small molecule""]",,False,False,False,True,True,[],[],[],[],"[[""CHEMBL222"", ""INHIBITOR""]]",0,0,0.0,0.0
CHEMBL17,DICHLORPHENAMIDE,"[""Small molecule""]",1958,False,False,False,True,True,"[""CA1"", ""CA12"", ""CA2"", ""CA4""]",[],[],[],"[[""CHEMBL205"", ""INHIBITOR""], [""CHEMBL261"", ""INHIBITOR""], [""CHEMBL3242"", ""INHIBITOR""], [""CHEMBL3729"", ""INHIBITOR""]]",0,0,0.080141381021659,0.080141381021659
CHEMBL170,QUININE,"[""Small molecule""]",2005,False,False,False,True,False,[],[],[],[],[],0,0,0,0
CHEMBL1714574,TERCONAZOLE,"[""Small molecule""]",1987,False,False,False,True,False,[],[],[],[],[],0,0,0,0
CHEMBL1725,IOPROMIDE,"[""Small molecule""]",1995,False,False,False,True,False,[],[],[],[],[],0,0,0,0
CHEMBL1726,NISOLDIPINE,"[""Small molecule""]",1995,False,False,False,True,True,"[""CACNA1C""]",[],[],[],"[[""CHEMBL2095229"", ""BLOCKER""]]",0,0,0.002376194612129129,0.002376194612129129
CHEMBL1727,CEPHALEXIN ANHYDROUS,"[""Small molecule""]",1971,False,False,False,True,False,[],[],[],[],[],0,0,0,0
CHEMBL1730,CEFOTAXIME,"[""Small molecule""]",1981,False,False,False,True,False,[],[],[],[],[],0,0,0,0
CHEMBL1731,MEZLOCILLIN,"[""Small molecule""]",1981,False,False,False,True,False,[],[],[],[],[],0,0,0,0
CHEMBL1732,DIHYDROERGOTAMINE,"[""Small molecule""]",1946,False,False,False,True,True,"[""HTR1D""]",[],[],[],"[[""CHEMBL1983"", ""AGONIST""]]",0,0,0.055666787679624435,0.055666787679624435
CHEMBL1734,SOLIFENACIN,"[""Small molecule""]",2004,False,False,False,True,True,"[""CHRM2"", ""CHRM3""]",[],[],[],"[[""CHEMBL211"", ""ANTAGONIST""], [""CHEMBL245"", ""ANTAGONIST""]]",0,0,0.008889800073886641,0.008889800073886641
CHEMBL1736,METRIZOIC ACID,"[""Small molecule""]",1982,False,False,False,True,False,[],[],[],[],[],0,0,0,0
CHEMBL1738,DEXRAZOXANE,"[""Small molecule""]",1995,False,False,False,True,True,[],[],[],[],"[[""CHEMBL2094255"", ""INHIBITOR""]]",0,0,0.0,0.0
CHEMBL1738797,ALECTINIB,"[""Small molecule""]",2015,False,False,False,True,True,[],[],[],[],"[[""CHEMBL2041"", ""INHIBITOR""], [""CHEMBL3883330"", ""INHIBITOR""], [""CHEMBL4247"", ""INHIBITOR""]]",0,0,0.0,0.0
CHEMBL1738990,LEVOPROPOXYPHENE,"[""Small molecule""]",1962,False,False,False,True,False,[],[],[],[],[],0,0,0,0
CHEMBL174,AMPICILLIN,"[""Small molecule""]",1965,False,False,False,True,False,[],[],[],[],[],0,0,0,0
CHEMBL1741,CLARITHROMYCIN,"[""Small molecule""]",1991,False,False,False,True,False,[],[],[],[],[],1,0,0,0
CHEMBL1741134,PICOSULFURIC ACID,"[""Small molecule""]",2012,False,False,False,True,False,[],[],[],[],[],0,0,0,0
CHEMBL1742423,BILASTINE,"[""Small molecule""]",,False,False,False,True,True,[],[],[],[],"[[""CHEMBL231"", ""INVERSE AGONIST""]]",0,0,0.0,0.0
CHEMBL1742466,LANDIOLOL,"[""Small molecule""]",2024,False,False,False,True,True,"[""ADRB1""]",[],[],[],"[[""CHEMBL213"", ""ANTAGONIST""]]",0,0,0.02299311236507951,0.02299311236507951
CHEMBL1742982,AFLIBERCEPT,"[""Protein""]",2011,False,False,False,True,True,[],[],[],[],"[[""CHEMBL1697671"", ""INHIBITOR""], [""CHEMBL1783"", ""INHIBITOR""]]",0,0,0.0,0.0
CHEMBL1742990,BELATACEPT,"[""Protein""]",2011,False,False,False,True,True,"[""CD80"", ""CD86""]",[],[],[],"[[""CHEMBL2364156"", ""INHIBITOR""], [""CHEMBL2364157"", ""INHIBITOR""]]",0,0,0.004889887959045217,0.004889887959045217
CHEMBL1742991,BENRALIZUMAB,"[""Antibody""]",2017,False,False,False,True,True,"[""IL5RA""]",[],[],[],"[[""CHEMBL3580483"", ""INHIBITOR""]]",0,0,0.0031877523372594013,0.0031877523372594013
CHEMBL1742992,BLINATUMOMAB,"[""Antibody""]",2014,False,False,False,True,True,"[""CD3D"", ""CD3E"", ""CD3G""]",[],[],[],"[[""CHEMBL2364168"", ""CROSS-LINKING AGENT""], [""CHEMBL3390821"", ""CROSS-LINKING AGENT""]]",0,0,0.0031727446108094867,0.0031727446108094867
CHEMBL1742994,BRENTUXIMAB VEDOTIN,"[""Antibody drug conjugate""]",2011,False,False,False,True,True,"[""TNFRSF8"", ""TUBB2B"", ""TUBB6""]",[],[],[],"[[""CHEMBL2095182"", ""INHIBITOR""], [""CHEMBL2364161"", ""BINDING AGENT""]]",0,0,0.0030526420852343686,0.0030526420852343686
CHEMBL1742996,BRODALUMAB,"[""Antibody""]",2017,False,False,False,True,True,[],[],[],[],"[[""CHEMBL3580485"", ""ANTAGONIST""]]",2,0,0.0,0.0
CHEMBL1743007,DARATUMUMAB,"[""Antibody""]",2015,False,False,False,True,True,"[""CD38""]",[],[],[],"[[""CHEMBL4660"", ""INHIBITOR""]]",0,0,0.0085326022963597,0.0085326022963597
CHEMBL1743010,ELOTUZUMAB,"[""Antibody""]",2015,False,False,False,True,True,"[""SLAMF7""]",[],[],[],"[[""CHEMBL3559386"", ""INHIBITOR""]]",0,0,0.024912259391351527,0.024912259391351527
CHEMBL1743029,IBALIZUMAB,"[""Antibody""]",2018,False,False,False,True,True,"[""CD4""]",[],[],[],"[[""CHEMBL2754"", ""INHIBITOR""]]",0,0,0.007242070640888909,0.007242070640888909
CHEMBL1743034,IXEKIZUMAB,"[""Antibody""]",2016,False,False,False,True,True,"[""IL17A""]",[],[],[],"[[""CHEMBL3390822"", ""INHIBITOR""]]",0,0,0.025226207076576287,0.025226207076576287
CHEMBL1743035,LEBRIKIZUMAB,"[""Antibody""]",2023,False,False,False,True,True,"[""IL13""]","[""IL13""]",[],[],"[[""CHEMBL3580486"", ""INHIBITOR""]]",0,0.12558738153650506,0.11091477555888493,0.11091477555888493
CHEMBL1743041,MOGAMULIZUMAB,"[""Antibody""]",2018,False,False,False,True,True,"[""CCR4""]",[],[],[],"[[""CHEMBL2414"", ""CROSS-LINKING AGENT""]]",0,0,0.007392857288722375,0.007392857288722375
CHEMBL1743043,MOXETUMOMAB PASUDOTOX,"[""Antibody drug conjugate""]",2018,False,False,False,True,True,[],[],[],[],"[[""CHEMBL1795108"", ""INHIBITOR""], [""CHEMBL3218"", ""BINDING AGENT""]]",0,0,0.0,0.0
CHEMBL1743047,NECITUMUMAB,"[""Antibody""]",2015,False,False,False,True,True,[],[],[],[],"[[""CHEMBL203"", ""INHIBITOR""]]",0,0,0.0,0.0
CHEMBL1743048,OBINUTUZUMAB,"[""Antibody""]",2013,False,False,False,True,True,[],[],[],[],"[[""CHEMBL2058"", ""BINDING AGENT""]]",0,0,0.0,0.0
CHEMBL1743049,OLARATUMAB,"[""Antibody""]",2016,False,False,False,True,True,[],[],[],[],"[[""CHEMBL2007"", ""ANTAGONIST""]]",0,0,0.0,0.0
CHEMBL1743062,RAMUCIRUMAB,"[""Antibody""]",2014,False,False,False,True,True,"[""KDR""]",[],[],[],"[[""CHEMBL279"", ""INHIBITOR""]]",0,0,0.007189146418605354,0.007189146418605354
CHEMBL1743068,SECUKINUMAB,"[""Antibody""]",2015,False,False,False,True,True,"[""IL17A""]",[],[],[],"[[""CHEMBL3390822"", ""INHIBITOR""]]",2,0,0.025226207076576287,0.025226207076576287
CHEMBL1743070,SILTUXIMAB,"[""Antibody""]",2014,False,False,False,True,True,"[""IL6""]",[],[],[],"[[""CHEMBL1795129"", ""ANTAGONIST""]]",0,0,0.08577437313650271,0.08577437313650271
CHEMBL1743073,SOTATERCEPT,"[""Protein""]",,False,False,False,True,True,"[""INHBA""]",[],[],[],"[[""CHEMBL3588735"", ""INHIBITOR""]]",0,0,0.07868021631711766,0.07868021631711766
CHEMBL1743078,TEPLIZUMAB,"[""Antibody""]",2022,False,False,False,True,True,"[""CD3E""]",[],[],[],"[[""CHEMBL1975"", ""OTHER""]]",0,0,0.0022688406457377786,0.0022688406457377786
CHEMBL1743079,TEPROTUMUMAB,"[""Antibody""]",2020,False,False,False,True,True,[],[],[],[],"[[""CHEMBL1957"", ""ANTAGONIST""]]",0,0,0.0,0.0
CHEMBL1743081,TRALOKINUMAB,"[""Antibody""]",2021,False,False,False,True,True,"[""IL13""]","[""IL13""]",[],[],"[[""CHEMBL3580486"", ""INHIBITOR""]]",0,0.12558738153650506,0.11091477555888493,0.11091477555888493
CHEMBL1743082,TRASTUZUMAB EMTANSINE,"[""Antibody drug conjugate""]",2013,False,False,False,True,True,"[""TUBB2B"", ""TUBB6""]",[],[],[],"[[""CHEMBL1824"", ""BINDING AGENT""], [""CHEMBL2095182"", ""INHIBITOR""]]",0,0,0.0030526420852343686,0.0030526420852343686
CHEMBL1743087,VEDOLIZUMAB,"[""Antibody""]",2014,True,True,True,True,True,"[""ITGA4""]","[""ITGA4""]",[],[],"[[""CHEMBL2095184"", ""INHIBITOR""]]",39,0.8156461598656142,0.6525169278924914,0.6525169278924914
CHEMBL1743090,TECHNETIUM TC 99M ARCITUMOMAB,"[""Antibody""]",,False,False,False,True,False,[],[],[],[],[],0,0,0,0
CHEMBL1743091,INDIUM IN 111 SATUMOMAB PENDETIDE,"[""Antibody""]",1991,False,False,False,False,False,[],[],[],[],[],0,0,0,0
CHEMBL1747,TOBRAMYCIN,"[""Small molecule""]",1975,False,False,False,True,False,[],[],[],[],[],0,0,0,0
CHEMBL1749,EDETATE DISODIUM ANHYDROUS,"[""Small molecule""]",1982,False,False,False,True,False,[],[],[],[],[],0,0,0,0
CHEMBL175,DEXIBUPROFEN,"[""Small molecule""]",1994,False,False,False,True,True,"[""PTGS2""]",[],[],[],"[[""CHEMBL2094253"", ""INHIBITOR""]]",0,0,0.08012979869524581,0.08012979869524581
CHEMBL1750,CLOFARABINE,"[""Small molecule""]",2004,False,False,False,True,True,"[""RRM2""]",[],[],[],"[[""CHEMBL2095215"", ""INHIBITOR""], [""CHEMBL2363042"", ""INHIBITOR""]]",1,0,0.004647417914846161,0.004647417914846161
CHEMBL1751,DIGOXIN,"[""Small molecule""]",1975,False,False,False,True,True,"[""ATP1A2""]",[],[],[],"[[""CHEMBL2095186"", ""INHIBITOR""]]",0,0,0.002791677965104126,0.002791677965104126
CHEMBL1752,DYPHYLLINE,"[""Small molecule""]",1951,False,False,False,True,True,"[""PDE4A"", ""PDE4B"", ""PDE4D""]","[""PDE4A"", ""PDE4D""]",[],[],"[[""CHEMBL2093863"", ""INHIBITOR""], [""CHEMBL241"", ""INHIBITOR""]]",0,0.23243057389068916,0.18594445911255134,0.18594445911255134
CHEMBL175247,ORLISTAT,"[""Small molecule""]",1998,False,False,False,True,True,"[""LIPF""]",[],[],[],"[[""CHEMBL1796"", ""INHIBITOR""], [""CHEMBL1812"", ""INHIBITOR""]]",0,0,0.0039090618747768665,0.0039090618747768665
CHEMBL1753,CLINDAMYCIN,"[""Small molecule""]",1970,False,False,False,True,False,[],[],[],[],[],0,0,0,0
CHEMBL1754,DOXAPRAM,"[""Small molecule""]",1965,False,False,False,True,True,"[""KCNK9""]",[],[],[],"[[""CHEMBL2321613"", ""BLOCKER""], [""CHEMBL2321614"", ""BLOCKER""]]",0,0,0.009486072971216555,0.009486072971216555
CHEMBL1755,CONIVAPTAN,"[""Small molecule""]",2005,False,False,False,True,True,"[""AVPR1A""]",[],[],[],"[[""CHEMBL1790"", ""ANTAGONIST""], [""CHEMBL1889"", ""ANTAGONIST""]]",0,0,0.015075052817374793,0.015075052817374793
CHEMBL1756,ESTRAMUSTINE PHOSPHATE,"[""Small molecule""]",1981,False,False,False,True,True,[],[],[],[],"[[""CHEMBL242"", ""MODULATOR""]]",0,0,0.0,0.0
CHEMBL175691,RILPIVIRINE,"[""Small molecule""]",2011,False,False,False,True,False,[],[],[],[],[],0,0,0,0
CHEMBL1757,FOSFOMYCIN,"[""Small molecule""]",1996,False,False,False,True,False,[],[],[],[],[],0,0,0,0
CHEMBL1760,TERBUTALINE,"[""Small molecule""]",1974,False,False,False,True,True,[],[],[],[],"[[""CHEMBL210"", ""AGONIST""]]",0,0,0.0,0.0
CHEMBL1762,TOCAINIDE,"[""Small molecule""]",1984,False,False,False,True,True,"[""SCN4A"", ""SCN7A""]",[],[],[],"[[""CHEMBL2331043"", ""BLOCKER""]]",0,0,0.003247364880461054,0.003247364880461054
CHEMBL1763,HYDROFLUMETHIAZIDE,"[""Small molecule""]",1959,False,False,False,True,True,[],[],[],[],"[[""CHEMBL1876"", ""INHIBITOR""]]",0,0,0.0,0.0
CHEMBL1764,LEVOMEPROMAZINE,"[""Small molecule""]",1982,False,False,False,True,True,[],[],[],[],"[[""CHEMBL2331075"", ""ANTAGONIST""]]",0,0,0.0,0.0
CHEMBL1766,DESOXIMETASONE,"[""Small molecule""]",1977,False,False,False,True,True,[],[],[],[],"[[""CHEMBL2034"", ""AGONIST""]]",0,0,0.0,0.0
CHEMBL177,AMIKACIN,"[""Small molecule""]",1981,False,False,False,True,False,[],[],[],[],[],0,0,0,0
CHEMBL1770248,ERTUGLIFLOZIN,"[""Small molecule""]",2017,False,False,False,True,True,"[""SLC5A2""]",[],[],[],"[[""CHEMBL3884"", ""INHIBITOR""]]",0,0,0.01848454476039924,0.01848454476039924
CHEMBL1770916,NIROGACESTAT,"[""Small molecule""]",2023,False,False,False,True,True,"[""PSEN2""]","[""PSEN2""]",[],[],"[[""CHEMBL2094135"", ""INHIBITOR""]]",0,0.03409342637851452,0.02727474110281162,0.02727474110281162
CHEMBL1771,CLOPIDOGREL,"[""Small molecule""]",1997,False,False,False,True,True,[],[],[],[],"[[""CHEMBL2001"", ""ANTAGONIST""]]",0,0,0,0
CHEMBL1773,CAPECITABINE,"[""Small molecule""]",1998,False,False,False,True,True,[],[],[],[],"[[""CHEMBL1952"", ""INHIBITOR""]]",0,0,0.0,0.0
CHEMBL177367,SILVER NITRATE,"[""Small molecule""]",,False,False,False,False,False,[],[],[],[],[],0,0,0,0
CHEMBL1779710,EVOGLIPTIN,"[""Small molecule""]",2015,False,False,False,True,True,"[""DPP4""]",[],[],[],"[[""CHEMBL284"", ""INHIBITOR""]]",0,0,0.04595561328024786,0.04595561328024786
CHEMBL178,DAUNORUBICIN,"[""Small molecule""]",1979,False,False,False,True,True,[],[],[],[],"[[""CHEMBL1806"", ""INHIBITOR""]]",0,0,0.0,0.0
CHEMBL17860,LOFEXIDINE,"[""Small molecule""]",2018,False,False,False,True,True,"[""ADRA2A"", ""ADRA2C""]","[""ADRA2A""]",[],[],"[[""CHEMBL2095158"", ""AGONIST""]]",0,0.21032116470427323,0.1682569317634186,0.1682569317634186
CHEMBL178803,BLONANSERIN,"[""Small molecule""]",,False,False,False,True,True,[],[],[],[],"[[""CHEMBL217"", ""ANTAGONIST""], [""CHEMBL224"", ""ANTAGONIST""], [""CHEMBL234"", ""ANTAGONIST""]]",0,0,0.0,0.0
CHEMBL1789843,BELIMUMAB,"[""Antibody""]",2011,False,False,False,True,True,"[""TNFSF13B""]",[],[],[],"[[""CHEMBL2364158"", ""INHIBITOR""]]",0,0,0.01170487200521025,0.01170487200521025
CHEMBL1789844,IPILIMUMAB,"[""Antibody""]",2011,False,False,False,True,True,"[""CTLA4""]","[""CTLA4""]",[],[],"[[""CHEMBL2364164"", ""INHIBITOR""]]",1,0.10998115161101653,0.09982636208483411,0.09982636208483411
CHEMBL1789941,RUXOLITINIB,"[""Small molecule""]",2011,False,False,False,True,True,"[""JAK2"", ""JAK3"", ""TYK2""]","[""JAK2"", ""TYK2""]",[],[],"[[""CHEMBL2148"", ""INHIBITOR""], [""CHEMBL2835"", ""INHIBITOR""], [""CHEMBL2971"", ""INHIBITOR""], [""CHEMBL3553"", ""INHIBITOR""]]",0,0.8618771110824588,0.6895016888659671,0.6895016888659671
CHEMBL1790041,RANITIDINE,"[""Small molecule""]",1983,False,False,False,True,True,"[""HRH2""]",[],[],[],"[[""CHEMBL1941"", ""ANTAGONIST""]]",0,0,0.004884421826549503,0.004884421826549503
CHEMBL1795072,ZICONOTIDE ACETATE,"[""Protein""]",2004,False,False,False,True,True,[],[],[],[],"[[""CHEMBL4478"", ""BLOCKER""]]",0,0,0.0,0.0
CHEMBL1796997,HELIUM,"[""Small molecule""]",2015,False,False,False,False,False,[],[],[],[],[],0,0,0,0
CHEMBL1796998,SULFUR HEXAFLUORIDE,"[""Small molecule""]",2001,False,False,False,True,False,[],[],[],[],[],0,0,0,0
CHEMBL18,ETHOXZOLAMIDE,"[""Small molecule""]",1982,False,False,False,True,True,"[""CA1"", ""CA12"", ""CA13"", ""CA2"", ""CA3"", ""CA4"", ""CA7"", ""CA9""]",[],[],[],"[[""CHEMBL2095180"", ""INHIBITOR""]]",0,0,0.080141381021659,0.080141381021659
CHEMBL1800159,RELUGOLIX,"[""Small molecule""]",,False,False,False,True,True,[],[],[],[],"[[""CHEMBL1855"", ""ANTAGONIST""]]",0,0,0,0
CHEMBL180022,NERATINIB,"[""Small molecule""]",2017,False,False,False,True,True,[],[],[],[],"[[""CHEMBL1824"", ""INHIBITOR""], [""CHEMBL203"", ""INHIBITOR""], [""CHEMBL3009"", ""INHIBITOR""]]",0,0,0.0,0.0
CHEMBL1808388,BEXAGLIFLOZIN,"[""Small molecule""]",2023,False,False,False,True,True,"[""SLC5A2""]",[],[],[],"[[""CHEMBL3884"", ""INHIBITOR""]]",0,0,0.01848454476039924,0.01848454476039924
CHEMBL181,DIAZOXIDE,"[""Small molecule""]",1973,False,False,False,True,True,"[""KCNJ8""]",[],[],[],"[[""CHEMBL1886"", ""OPENER""], [""CHEMBL4770"", ""OPENER""]]",0,0,0.013907619566745272,0.013907619566745272
CHEMBL18116,TOLOXATONE,"[""Small molecule""]",1984,False,False,False,True,True,"[""MAOA""]",[],[],[],"[[""CHEMBL1951"", ""INHIBITOR""]]",0,0,0.0025677781660003677,0.0025677781660003677
CHEMBL182,GANCICLOVIR,"[""Small molecule""]",1989,False,False,False,True,False,[],[],[],[],[],0,0,0,0
CHEMBL184,ACYCLOVIR,"[""Small molecule""]",1982,False,False,False,True,False,[],[],[],[],[],0,0,0,0
CHEMBL184412,DRONEDARONE,"[""Small molecule""]",2009,False,False,False,True,True,"[""CACNA1C"", ""KCNJ2"", ""SCN4A"", ""SCN7A""]",[],[],[],"[[""CHEMBL1250417"", ""BLOCKER""], [""CHEMBL1914276"", ""BLOCKER""], [""CHEMBL2095229"", ""BLOCKER""], [""CHEMBL2331043"", ""BLOCKER""]]",0,0,0.04261008557341332,0.04261008557341332
CHEMBL18442,PLERIXAFOR,"[""Small molecule""]",2008,False,False,False,True,True,"[""CXCR4""]",[],[],[],"[[""CHEMBL2107"", ""PARTIAL AGONIST""]]",0,0,0.0025013943678065627,0.0025013943678065627
CHEMBL185,FLUOROURACIL,"[""Small molecule""]",1962,False,False,False,True,True,[],[],[],[],"[[""CHEMBL1952"", ""INHIBITOR""]]",0,0,0.0,0.0
CHEMBL185073,PANCURONIUM,"[""Small molecule""]",1972,False,False,False,True,True,"[""CHRNA1""]",[],[],[],"[[""CHEMBL2362997"", ""ANTAGONIST""]]",0,0,0.019017436200454825,0.019017436200454825
CHEMBL1852688,INFIGRATINIB,"[""Small molecule""]",2021,False,False,False,True,True,"[""FGFR1"", ""FGFR2"", ""FGFR3""]",[],[],[],"[[""CHEMBL2095217"", ""INHIBITOR""]]",0,0,0.004480953951410088,0.004480953951410088
CHEMBL186,CEFEPIME,"[""Small molecule""]",1996,False,False,False,True,False,[],[],[],[],[],0,0,0,0
CHEMBL186314,SODIUM CARBONATE,"[""Small molecule""]",1982,False,False,False,False,False,[],[],[],[],[],0,0,0,0
CHEMBL1863514,ASPARAGINASE ERWINIA CHRYSANTHEMI,"[""Enzyme""]",2011,False,False,False,True,False,[],[],[],[],[],0,0,0,0
CHEMBL1863515,GLUCARPIDASE,"[""Enzyme""]",2012,False,False,False,True,False,[],[],[],[],[],0,0,0,0
CHEMBL1873475,IBRUTINIB,"[""Small molecule""]",2013,False,False,False,True,True,[],[],[],[],"[[""CHEMBL5251"", ""INHIBITOR""]]",0,0,0.0,0.0
CHEMBL1888176,TROSPIUM,"[""Small molecule""]",2004,False,False,False,True,True,"[""CHRM2"", ""CHRM3""]",[],[],[],"[[""CHEMBL211"", ""ANTAGONIST""], [""CHEMBL245"", ""ANTAGONIST""]]",0,0,0.008889800073886641,0.008889800073886641
CHEMBL189,MILRINONE,"[""Small molecule""]",1987,False,False,False,True,True,[],[],[],[],"[[""CHEMBL241"", ""INHIBITOR""]]",0,0,0,0
CHEMBL189171,ACEMETACIN,"[""Small molecule""]",,False,False,False,True,True,"[""PTGS2""]",[],[],[],"[[""CHEMBL2094253"", ""INHIBITOR""]]",0,0,0.08012979869524581,0.08012979869524581
CHEMBL189963,PALBOCICLIB,"[""Small molecule""]",2015,False,False,False,True,True,[],[],[],[],"[[""CHEMBL1907601"", ""INHIBITOR""], [""CHEMBL2111455"", ""INHIBITOR""]]",0,0,0.0,0.0
CHEMBL1899801,PERFLENAPENT,"[""Small molecule""]",1998,False,False,False,True,False,[],[],[],[],[],0,0,0,0
CHEMBL19,METHAZOLAMIDE,"[""Small molecule""]",1959,False,False,False,True,True,"[""CA1"", ""CA2"", ""CA4"", ""CA7""]",[],[],[],"[[""CHEMBL205"", ""INHIBITOR""], [""CHEMBL2326"", ""INHIBITOR""], [""CHEMBL261"", ""INHIBITOR""], [""CHEMBL3729"", ""INHIBITOR""]]",0,0,0.080141381021659,0.080141381021659
CHEMBL190,THEOPHYLLINE ANHYDROUS,"[""Protein"", ""Small molecule""]",1940,False,False,False,True,True,"[""ADORA2B"", ""ADORA3"", ""PDE4A"", ""PDE4B"", ""PDE4D""]","[""PDE4A"", ""PDE4D""]",[],[],"[[""CHEMBL2093863"", ""INHIBITOR""], [""CHEMBL2094125"", ""INHIBITOR""], [""CHEMBL2111329"", ""ANTAGONIST""]]",0,0.23243057389068916,0.18594445911255134,0.18594445911255134
CHEMBL1900528,TIOTROPIUM,"[""Small molecule""]",2004,False,False,False,True,True,"[""CHRM3""]",[],[],[],"[[""CHEMBL245"", ""ANTAGONIST""]]",0,0,0.008889800073886641,0.008889800073886641
CHEMBL19019,NALTREXONE,"[""Small molecule""]",1984,False,False,False,True,True,[],[],[],[],"[[""CHEMBL2095181"", ""ANTAGONIST""]]",3,0,0.0,0.0
CHEMBL190461,CANNABIDIOL,"[""Small molecule""]",2018,False,False,False,True,True,"[""CNR1""]",[],[],[],"[[""CHEMBL218"", ""NEGATIVE ALLOSTERIC MODULATOR""]]",2,0,0.0034692509297946893,0.0034692509297946893
CHEMBL1908315,GEMEPROST,"[""Small molecule""]",,False,False,False,False,False,[],[],[],[],[],0,0,0,0
CHEMBL1908359,SODIUM MONOFLUOROPHOSPHATE,"[""Small molecule""]",1986,False,False,False,False,False,[],[],[],[],[],0,0,0,0
CHEMBL1908360,EVEROLIMUS,"[""Small molecule""]",2009,False,False,False,True,True,[],[],[],[],"[[""CHEMBL1902"", ""INHIBITOR""]]",0,0,0.0,0.0
CHEMBL1908370,FINAFLOXACIN,"[""Small molecule""]",2014,False,False,False,True,False,[],[],[],[],[],0,0,0,0
CHEMBL1908841,LEVOLEUCOVORIN,"[""Small molecule""]",2008,False,False,False,True,False,[],[],[],[],[],0,0,0,0
CHEMBL1908843,GADOFOSVESET,"[""Small molecule""]",2005,False,False,False,True,False,[],[],[],[],[],0,0,0,0
CHEMBL1908906,FLORBETABEN,"[""Small molecule""]",2014,False,False,False,True,False,[],[],[],[],[],0,0,0,0
CHEMBL1908917,FLUCICLOVINE,"[""Small molecule""]",2016,False,False,False,True,False,[],[],[],[],[],0,0,0,0
CHEMBL1908919,FLORBETAPIR,"[""Small molecule""]",2012,False,False,False,True,False,[],[],[],[],[],0,0,0,0
CHEMBL1909055,COBALTOUS CHLORIDE,"[""Small molecule""]",1982,False,False,False,False,False,[],[],[],[],[],0,0,0,0
CHEMBL1909324,PINAVERIUM,"[""Small molecule""]",,False,False,False,False,False,[],[],[],[],[],0,0,0,0
CHEMBL191,LOSARTAN,"[""Small molecule""]",1995,False,False,False,True,True,[],[],[],[],"[[""CHEMBL227"", ""ANTAGONIST""]]",1,0,0.0,0.0
CHEMBL191083,METHYLENE BLUE CATION,"[""Small molecule""]",2011,False,False,False,True,True,"[""GUCY1A1"", ""GUCY1B1""]",[],[],[],"[[""CHEMBL2111348"", ""INHIBITOR""]]",0,0,0.005366061384146901,0.005366061384146901
CHEMBL192,SILDENAFIL,"[""Small molecule""]",1998,False,False,False,True,True,[],[],[],[],"[[""CHEMBL1827"", ""INHIBITOR""]]",0,0,0,0
CHEMBL19236,MOXONIDINE,"[""Small molecule""]",1991,False,False,False,True,True,[],[],[],[],"[[""CHEMBL3923"", ""AGONIST""]]",0,0,0,0
CHEMBL1929396,ANAGLIPTIN,"[""Small molecule""]",,False,False,False,True,True,"[""DPP4""]",[],[],[],"[[""CHEMBL284"", ""INHIBITOR""]]",0,0,0.04595561328024786,0.04595561328024786
CHEMBL19299,LOXOPROFEN,"[""Small molecule""]",,False,False,False,True,True,"[""PTGS2""]",[],[],[],"[[""CHEMBL2094253"", ""INHIBITOR""]]",0,0,0.08012979869524581,0.08012979869524581
CHEMBL193,NIFEDIPINE,"[""Small molecule""]",1981,False,False,False,True,True,"[""CACNA1C""]",[],[],[],"[[""CHEMBL2095229"", ""BLOCKER""]]",0,0,0.002376194612129129,0.002376194612129129
CHEMBL193240,ROFLUMILAST,"[""Small molecule""]",2010,False,False,False,True,True,"[""PDE4A"", ""PDE4B"", ""PDE4D""]","[""PDE4A"", ""PDE4D""]",[],[],"[[""CHEMBL2093863"", ""INHIBITOR""]]",0,0.23243057389068916,0.18594445911255134,0.18594445911255134
CHEMBL193482,ESTRIOL,"[""Small molecule""]",2000,False,False,False,True,True,"[""ESR1""]",[],[],[],"[[""CHEMBL2093866"", ""MODULATOR""]]",0,0,0.0026647551378045638,0.0026647551378045638
CHEMBL19449,IBUDILAST,"[""Small molecule""]",1989,False,False,False,True,True,"[""PDE10A"", ""PDE4A"", ""PDE4B"", ""PDE4D""]","[""PDE4A"", ""PDE4D""]",[],[],"[[""CHEMBL1827"", ""INHIBITOR""], [""CHEMBL2093863"", ""INHIBITOR""], [""CHEMBL241"", ""INHIBITOR""], [""CHEMBL4409"", ""INHIBITOR""]]",0,0.23243057389068916,0.18594445911255134,0.18594445911255134
CHEMBL1945778,IOFLUPANE,"[""Small molecule""]",2000,False,False,False,True,False,[],[],[],[],[],0,0,0,0
CHEMBL1946170,REGORAFENIB,"[""Small molecule""]",2012,False,False,False,True,True,"[""DDR2"", ""FGFR1"", ""FGFR2"", ""FLT1"", ""KDR"", ""NTRK1"", ""PDGFRB"", ""TEK""]",[],[],[],"[[""CHEMBL1862"", ""INHIBITOR""], [""CHEMBL1906"", ""INHIBITOR""], [""CHEMBL1936"", ""INHIBITOR""], [""CHEMBL2041"", ""INHIBITOR""], [""CHEMBL2068"", ""INHIBITOR""], [""CHEMBL2095189"", ""INHIBITOR""], [""CHEMBL2095227"", ""INHIBITOR""], [""CHEMBL2815"", ""INHIBITOR""], [""CHEMBL3650"", ""INHIBITOR""], [""CHEMBL3961"", ""INHIBITOR""], [""CHEMBL4128"", ""INHIBITOR""], [""CHEMBL4142"", ""INHIBITOR""], [""CHEMBL4223"", ""INHIBITOR""], [""CHEMBL5122"", ""INHIBITOR""], [""CHEMBL5145"", ""INHIBITOR""]]",0,0,0.025408164166364818,0.025408164166364818
CHEMBL1951095,ERAVACYCLINE,"[""Small molecule""]",2018,False,False,False,True,False,[],[],[],[],[],0,0,0,0
CHEMBL196,ASCORBIC ACID,"[""Small molecule""]",1985,False,False,False,True,False,[],[],[],[],[],0,0,0,0
CHEMBL1963681,AVANAFIL,"[""Small molecule""]",2011,False,False,False,True,True,[],[],[],[],"[[""CHEMBL1827"", ""INHIBITOR""]]",0,0,0,0
CHEMBL1963683,TAFLUPROST,"[""Small molecule""]",2012,False,False,False,True,True,[],[],[],[],"[[""CHEMBL1987"", ""AGONIST""]]",0,0,0,0
CHEMBL1963685,LUCINACTANT,"[""Unknown""]",2012,False,False,False,True,False,[],[],[],[],[],0,0,0,0
CHEMBL1964120,TALIGLUCERASE ALFA,"[""Enzyme""]",2012,False,False,False,True,False,[],[],[],[],[],0,0,0,0
CHEMBL197084,TROFINETIDE,"[""Small molecule""]",2023,False,False,False,True,False,[],[],[],[],[],0,0,0,0
CHEMBL1977579,STREPTOZOCIN,"[""Small molecule""]",1982,False,False,False,True,False,[],[],[],[],[],0,0,0,0
CHEMBL1983268,ENTRECTINIB,"[""Small molecule""]",2019,False,False,False,True,True,"[""NTRK1"", ""NTRK2"", ""NTRK3""]",[],[],[],"[[""CHEMBL3559684"", ""INHIBITOR""], [""CHEMBL4247"", ""INHIBITOR""], [""CHEMBL5568"", ""INHIBITOR""]]",0,0,0.025408164166364818,0.025408164166364818
CHEMBL1983350,STIRIPENTOL,"[""Small molecule""]",2007,False,False,False,True,False,[],[],[],[],[],0,0,0,0
CHEMBL198362,RIVAROXABAN,"[""Small molecule""]",2008,False,False,False,True,True,[],[],[],[],"[[""CHEMBL244"", ""INHIBITOR""]]",0,0,0.0,0.0
CHEMBL2,PRAZOSIN,"[""Small molecule""]",1976,False,False,False,True,True,"[""ADRA1B"", ""ADRA1D""]",[],[],[],"[[""CHEMBL2094251"", ""ANTAGONIST""]]",0,0,0.019518269322654547,0.019518269322654547
CHEMBL20,ACETAZOLAMIDE,"[""Small molecule""]",1953,False,False,False,True,True,"[""CA1"", ""CA12"", ""CA2"", ""CA4""]",[],[],[],"[[""CHEMBL205"", ""INHIBITOR""], [""CHEMBL261"", ""INHIBITOR""], [""CHEMBL3242"", ""INHIBITOR""], [""CHEMBL3729"", ""INHIBITOR""]]",0,0,0.080141381021659,0.080141381021659
CHEMBL2005186,BELUMOSUDIL,"[""Small molecule""]",2021,False,False,False,True,True,[],[],[],[],"[[""CHEMBL2111459"", ""INHIBITOR""], [""CHEMBL2973"", ""INHIBITOR""]]",0,0,0.0,0.0
CHEMBL2007641,PERTUZUMAB,"[""Antibody""]",2012,False,False,False,True,True,[],[],[],[],"[[""CHEMBL1824"", ""INHIBITOR""]]",0,0,0.0,0.0
CHEMBL2009089,SELENIOUS ACID,"[""Small molecule""]",2019,False,False,False,True,False,[],[],[],[],[],0,0,0,0
CHEMBL2010601,IVACAFTOR,"[""Small molecule""]",2012,False,False,False,True,True,[],[],[],[],"[[""CHEMBL4051"", ""ACTIVATOR""], [""CHEMBL4051"", ""POSITIVE MODULATOR""]]",0,0,0.0,0.0
CHEMBL2018096,IPRAGLIFLOZIN,"[""Small molecule""]",2013,False,False,False,True,True,"[""SLC5A2""]",[],[],[],"[[""CHEMBL3884"", ""INHIBITOR""]]",0,0,0.01848454476039924,0.01848454476039924
CHEMBL2021423,MAGNESIUM SULFATE ANHYDROUS,"[""Small molecule""]",1981,False,False,False,True,False,[],[],[],[],[],0,0,0,0
CHEMBL2021424,POTASSIUM SULFATE,"[""Small molecule""]",2010,False,False,False,True,False,[],[],[],[],[],0,0,0,0
CHEMBL2023898,DACLATASVIR,"[""Small molecule""]",2014,False,False,False,True,False,[],[],[],[],[],0,0,0,0
CHEMBL2028019,CARIPRAZINE,"[""Small molecule""]",2015,False,False,False,True,True,[],[],[],[],"[[""CHEMBL217"", ""MODULATOR""], [""CHEMBL234"", ""MODULATOR""]]",0,0,0.0,0.0
CHEMBL2028661,AZILSARTAN MEDOXOMIL,"[""Small molecule""]",2011,False,False,False,True,True,[],[],[],[],"[[""CHEMBL227"", ""ANTAGONIST""]]",0,0,0.0,0.0
CHEMBL2028663,DABRAFENIB,"[""Small molecule""]",2013,False,False,False,True,True,[],[],[],[],"[[""CHEMBL5145"", ""INHIBITOR""]]",0,0,0.0,0.0
CHEMBL2028850,ICATIBANT,"[""Protein""]",2008,False,False,False,True,True,[],[],[],[],"[[""CHEMBL3157"", ""ANTAGONIST""]]",0,0,0.0,0.0
CHEMBL203266,TRIMETAZIDINE,"[""Small molecule""]",,False,False,False,False,False,[],[],[],[],[],0,0,0,0
CHEMBL203321,BRINCIDOFOVIR,"[""Small molecule""]",2021,False,False,False,True,False,[],[],[],[],[],0,0,0,0
CHEMBL2035187,PACRITINIB,"[""Small molecule""]",2022,False,False,False,True,True,"[""JAK2""]","[""JAK2""]",[],[],"[[""CHEMBL1974"", ""INHIBITOR""], [""CHEMBL2971"", ""INHIBITOR""], [""CHEMBL3357"", ""INHIBITOR""], [""CHEMBL5903"", ""INHIBITOR""]]",0,0.8162692203864558,0.6530153763091646,0.6530153763091646
CHEMBL2040682,CICLESONIDE,"[""Small molecule""]",2006,False,False,False,True,True,[],[],[],[],"[[""CHEMBL2034"", ""AGONIST""]]",0,0,0.0,0.0
CHEMBL2043437,GLASDEGIB,"[""Small molecule""]",2018,False,False,False,True,True,[],[],[],[],"[[""CHEMBL5971"", ""ANTAGONIST""]]",0,0,0,0
CHEMBL204656,ELVITEGRAVIR,"[""Small molecule""]",2012,False,False,False,True,False,[],[],[],[],[],0,0,0,0
CHEMBL2048028,LIFITEGRAST,"[""Small molecule""]",2016,False,False,False,True,True,"[""ITGAL"", ""ITGB2""]",[],[],[],"[[""CHEMBL2364172"", ""ANTAGONIST""]]",0,0,0.015336573719965364,0.015336573719965364
CHEMBL2048484,CANAGLIFLOZIN ANHYDROUS,"[""Small molecule""]",2011,False,False,False,True,True,"[""SLC5A2""]",[],[],[],"[[""CHEMBL3884"", ""INHIBITOR""]]",0,0,0.01848454476039924,0.01848454476039924
CHEMBL205596,CHOLIC ACID,"[""Small molecule""]",2013,False,False,False,True,False,[],[],[],[],[],0,0,0,0
CHEMBL206253,NETUPITANT,"[""Small molecule""]",2014,False,False,False,True,True,[],[],[],[],"[[""CHEMBL249"", ""ANTAGONIST""]]",0,0,0.0,0.0
CHEMBL2063090,GRAZOPREVIR ANHYDROUS,"[""Small molecule""]",2016,False,False,False,True,False,[],[],[],[],[],0,0,0,0
CHEMBL2068864,FLUDEOXYGLUCOSE,"[""Small molecule""]",1994,False,False,False,True,False,[],[],[],[],[],0,0,0,0
CHEMBL2068884,SODIUM GLUCONATE,"[""Small molecule""]",1982,False,False,False,False,False,[],[],[],[],[],0,0,0,0
CHEMBL2070241,BREMELANOTIDE,"[""Protein""]",2019,False,False,False,True,True,"[""MC4R""]",[],[],[],"[[""CHEMBL259"", ""AGONIST""]]",0,0,0.003030953014762883,0.003030953014762883
CHEMBL207538,BREXANOLONE,"[""Small molecule""]",2019,False,False,False,True,True,"[""GABRA2"", ""GABRA4"", ""GABRA5"", ""GABRB2"", ""GABRE"", ""GABRG1"", ""GABRP""]",[],[],[],"[[""CHEMBL2093872"", ""POSITIVE ALLOSTERIC MODULATOR""]]",0,0,0.014213049242877394,0.014213049242877394
CHEMBL2079130,VONOPRAZAN,"[""Small molecule""]",2022,False,False,False,True,True,[],[],[],[],"[[""CHEMBL2095173"", ""INHIBITOR""]]",0,0,0.0,0.0
CHEMBL2079587,STANOZOLOL,"[""Small molecule""]",1962,False,False,False,True,True,[],[],[],[],"[[""CHEMBL1871"", ""AGONIST""]]",0,0,0.0,0.0
CHEMBL20883,TEGAFUR,"[""Small molecule""]",,False,False,False,True,True,[],[],[],[],"[[""CHEMBL1952"", ""INHIBITOR""]]",0,0,0.0,0.0
CHEMBL2095208,COBICISTAT,"[""Small molecule""]",2012,False,False,False,True,True,"[""CYP3A4"", ""CYP3A5"", ""CYP3A7""]",[],[],[],"[[""CHEMBL2364675"", ""INHIBITOR""]]",0,0,0.11125789751581057,0.11125789751581057
CHEMBL2095209,ICOSAPENT ETHYL,"[""Small molecule""]",2012,False,False,False,True,False,[],[],[],[],[],0,0,0,0
CHEMBL2095212,MIRABEGRON,"[""Small molecule""]",2012,False,False,False,True,True,[],[],[],[],"[[""CHEMBL246"", ""AGONIST""]]",0,0,0,0
CHEMBL2095222,OCRIPLASMIN,"[""Protein""]",2010,False,False,False,True,True,"[""COL15A1"", ""COL18A1"", ""COL1A1"", ""COL1A2"", ""COL2A1"", ""COL3A1"", ""COL4A1"", ""COL4A2"", ""COL4A5"", ""COL5A2"", ""COL6A1"", ""COL6A2"", ""COL6A3"", ""COL6A5"", ""COL6A6"", ""FN1"", ""LAMA1"", ""LAMA4"", ""LAMA5"", ""LAMB1"", ""LAMB4"", ""LAMC1"", ""LAMC3""]",[],[],[],"[[""CHEMBL2364187"", ""HYDROLYTIC ENZYME""], [""CHEMBL2364188"", ""HYDROLYTIC ENZYME""], [""CHEMBL3810"", ""PROTEOLYTIC ENZYME""]]",0,0,0.07580336548893765,0.07580336548893765
CHEMBL2096629,PRUSSIAN BLUE INSOLUBLE,"[""Small molecule""]",2003,False,False,False,True,False,[],[],[],[],[],0,0,0,0
CHEMBL2096647,LANTHANUM CARBONATE,"[""Small molecule""]",2004,False,False,False,True,False,[],[],[],[],[],0,0,0,0
CHEMBL2097081,NITROPRUSSIDE,"[""Small molecule""]",1981,False,False,False,True,True,"[""GUCY1A1"", ""GUCY1B1""]",[],[],[],"[[""CHEMBL2111348"", ""ACTIVATOR""]]",0,0,0.005366061384146901,0.005366061384146901
CHEMBL21,SULFANILAMIDE,"[""Small molecule""]",1985,False,False,False,True,False,[],[],[],[],[],0,0,0,0
CHEMBL2103737,HYDROXOCOBALAMIN,"[""Small molecule""]",1982,False,False,False,True,False,[],[],[],[],[],0,0,0,0
CHEMBL2103758,PRAMLINTIDE,"[""Protein""]",2005,False,False,False,True,True,"[""RAMP1""]",[],[],[],"[[""CHEMBL2111189"", ""AGONIST""], [""CHEMBL2111190"", ""AGONIST""], [""CHEMBL2364173"", ""AGONIST""]]",0,0,0.010584612578877675,0.010584612578877675
CHEMBL2103772,RACECADOTRIL,"[""Small molecule""]",,False,False,False,True,True,"[""MME""]",[],[],[],"[[""CHEMBL1944"", ""INHIBITOR""]]",0,0,0.043003280589544765,0.043003280589544765
CHEMBL2103774,TIBOLONE,"[""Small molecule""]",,False,False,False,False,False,[],[],[],[],[],0,0,0,0
CHEMBL2103784,COSYNTROPIN,"[""Protein""]",1970,False,False,False,True,True,[],[],[],[],"[[""CHEMBL1965"", ""AGONIST""]]",0,0,0,0
CHEMBL2103800,COLESTILAN CHLORIDE,"[""Small molecule""]",2013,False,False,False,True,False,[],[],[],[],[],0,0,0,0
CHEMBL2103822,TASIMELTEON,"[""Small molecule""]",2014,False,False,False,True,True,"[""MTNR1A""]",[],[],[],"[[""CHEMBL2094268"", ""AGONIST""]]",0,0,0.0065564537913512765,0.0065564537913512765
CHEMBL2103827,DROXIDOPA,"[""Small molecule""]",2014,False,False,False,True,True,"[""ADRA1B"", ""ADRA1D"", ""ADRA2A"", ""ADRA2C"", ""ADRB1""]","[""ADRA2A""]",[],[],"[[""CHEMBL2331074"", ""AGONIST""]]",0,0.21032116470427323,0.1682569317634186,0.1682569317634186
CHEMBL2103830,FOSTAMATINIB,"[""Small molecule""]",2018,False,False,False,True,True,[],[],[],[],"[[""CHEMBL2599"", ""INHIBITOR""]]",0,0,0.0,0.0
CHEMBL2103837,TAFAMIDIS,"[""Small molecule""]",2011,False,False,False,True,True,[],[],[],[],"[[""CHEMBL3194"", ""STABILISER""]]",0,0,0.0,0.0
CHEMBL2103846,ULIPRISTAL,"[""Small molecule""]",,False,False,False,True,True,"[""PGR""]",[],[],[],"[[""CHEMBL208"", ""MODULATOR""]]",0,0,0.003002948450748786,0.003002948450748786
CHEMBL2103855,TELOTRISTAT,"[""Small molecule""]",,False,False,False,True,True,"[""TPH1""]",[],[],[],"[[""CHEMBL3831287"", ""INHIBITOR""]]",0,0,0.0023035761814254154,0.0023035761814254154
CHEMBL2103867,PLECANATIDE,"[""Protein""]",2017,False,False,False,True,True,[],[],[],[],"[[""CHEMBL1795197"", ""AGONIST""]]",0,0,0.0,0.0
CHEMBL2103870,LUMACAFTOR,"[""Small molecule""]",2015,False,False,False,True,True,[],[],[],[],"[[""CHEMBL4051"", ""STABILISER""]]",0,0,0.0,0.0
CHEMBL2103872,CEFTOLOZANE,"[""Small molecule""]",2014,False,False,False,True,False,[],[],[],[],[],0,0,0,0
CHEMBL2103873,MACITENTAN,"[""Small molecule""]",2010,False,False,False,True,True,"[""EDNRA""]",[],[],[],"[[""CHEMBL2096678"", ""ANTAGONIST""]]",0,0,0.028141993232330517,0.028141993232330517
CHEMBL2103875,TRAMETINIB,"[""Small molecule""]",2013,False,False,False,True,True,[],[],[],[],"[[""CHEMBL2111289"", ""INHIBITOR""], [""CHEMBL2964"", ""INHIBITOR""], [""CHEMBL3587"", ""INHIBITOR""]]",0,0,0.0,0.0
CHEMBL2103877,EFINACONAZOLE,"[""Small molecule""]",2014,False,False,False,True,False,[],[],[],[],[],0,0,0,0
CHEMBL2103883,AVATROMBOPAG,"[""Small molecule""]",2018,False,False,False,True,True,[],[],[],[],"[[""CHEMBL1864"", ""AGONIST""]]",0,0,0.0,0.0
CHEMBL2103929,LYMECYCLINE,"[""Small molecule""]",,False,False,False,False,False,[],[],[],[],[],0,0,0,0
CHEMBL2104095,CHOLINE SALICYLATE,"[""Small molecule""]",,False,False,False,True,False,[],[],[],[],[],0,0,0,0
CHEMBL2104356,KETAZOLAM,"[""Small molecule""]",,False,False,False,False,False,[],[],[],[],[],0,0,0,0
CHEMBL2104391,INSULIN DETEMIR,"[""Protein""]",2004,False,False,False,True,True,[],[],[],[],"[[""CHEMBL1981"", ""AGONIST""]]",0,0,0,0
CHEMBL2104415,MOXIDECTIN,"[""Small molecule""]",2018,False,False,False,True,False,[],[],[],[],[],0,0,0,0
CHEMBL2104445,TRITOQUALINE,"[""Small molecule""]",,False,False,False,False,False,[],[],[],[],[],0,0,0,0
CHEMBL2104987,TEDUGLUTIDE,"[""Protein""]",2012,False,False,False,True,True,[],[],[],[],"[[""CHEMBL5844"", ""AGONIST""]]",2,0,0.0,0.0
CHEMBL2104993,VORTIOXETINE,"[""Small molecule""]",2013,False,False,False,True,True,"[""HTR3A"", ""SLC6A4""]",[],[],[],"[[""CHEMBL1899"", ""ANTAGONIST""], [""CHEMBL214"", ""AGONIST""], [""CHEMBL228"", ""INHIBITOR""]]",0,0,0.09284028451546111,0.09284028451546111
CHEMBL2105131,MEFRUSIDE,"[""Small molecule""]",,False,False,False,False,False,[],[],[],[],[],0,0,0,0
CHEMBL2105248,POTASSIUM BITARTRATE,"[""Small molecule""]",2020,False,False,False,False,False,[],[],[],[],[],0,0,0,0
CHEMBL2105395,OSPEMIFENE,"[""Small molecule""]",2013,False,False,False,True,True,"[""ESR1""]",[],[],[],"[[""CHEMBL2093866"", ""MODULATOR""]]",0,0,0.0026647551378045638,0.0026647551378045638
CHEMBL2105420,TAUROLIDINE,"[""Small molecule""]",2023,False,False,False,True,False,[],[],[],[],[],0,0,0,0
CHEMBL2105611,TACALCITOL,"[""Small molecule""]",,False,False,False,False,False,[],[],[],[],[],0,0,0,0
CHEMBL2105637,DELAFLOXACIN,"[""Small molecule""]",2017,False,False,False,True,False,[],[],[],[],[],0,0,0,0
CHEMBL2105648,PALOVAROTENE,"[""Small molecule""]",2023,False,False,False,True,True,[],[],[],[],"[[""CHEMBL2003"", ""AGONIST""]]",0,0,0,0
CHEMBL2105669,TEDIZOLID PHOSPHATE,"[""Small molecule""]",2014,False,False,False,True,False,[],[],[],[],[],0,0,0,0
CHEMBL2105689,LULICONAZOLE,"[""Small molecule""]",2013,False,False,False,True,False,[],[],[],[],[],0,0,0,0
CHEMBL2105695,TELOTRISTAT ETHYL,"[""Small molecule""]",2017,False,False,False,True,True,"[""TPH1""]",[],[],[],"[[""CHEMBL3831287"", ""INHIBITOR""]]",0,0,0.0023035761814254154,0.0023035761814254154
CHEMBL2105717,CABOZANTINIB,"[""Small molecule""]",2012,False,False,False,True,True,"[""KDR""]",[],[],[],"[[""CHEMBL279"", ""INHIBITOR""], [""CHEMBL3717"", ""INHIBITOR""]]",1,0,0.007189146418605354,0.007189146418605354
CHEMBL2105720,LESINURAD,"[""Small molecule""]",2015,False,False,False,True,True,[],[],[],[],"[[""CHEMBL6120"", ""INHIBITOR""]]",0,0,0,0
CHEMBL2105735,ASUNAPREVIR,"[""Small molecule""]",2014,False,False,False,True,False,[],[],[],[],[],0,0,0,0
CHEMBL2105737,SONIDEGIB,"[""Small molecule""]",2015,False,False,False,True,True,[],[],[],[],"[[""CHEMBL5971"", ""INHIBITOR""]]",0,0,0,0
CHEMBL2105745,GLYCEROL PHENYLBUTYRATE,"[""Small molecule""]",2013,False,False,False,True,False,[],[],[],[],[],0,0,0,0
CHEMBL2105755,NALDEMEDINE,"[""Small molecule""]",2017,False,False,False,True,True,[],[],[],[],"[[""CHEMBL233"", ""ANTAGONIST""]]",0,0,0.0,0.0
CHEMBL2105759,BARICITINIB,"[""Small molecule""]",2017,False,False,False,True,True,"[""JAK2""]","[""JAK2""]",[],[],"[[""CHEMBL2835"", ""INHIBITOR""], [""CHEMBL2971"", ""INHIBITOR""]]",0,0.8162692203864558,0.6530153763091646,0.6530153763091646
CHEMBL2105760,BREXPIPRAZOLE,"[""Small molecule""]",2015,False,False,False,True,True,[],[],[],[],"[[""CHEMBL214"", ""PARTIAL AGONIST""], [""CHEMBL217"", ""PARTIAL AGONIST""], [""CHEMBL224"", ""ANTAGONIST""]]",0,0,0.0,0.0
CHEMBL2105762,OMARIGLIPTIN,"[""Small molecule""]",2015,False,False,False,True,True,"[""DPP4""]",[],[],[],"[[""CHEMBL284"", ""INHIBITOR""]]",0,0,0.04595561328024786,0.04595561328024786
CHEMBL2105842,CORTIVAZOL,"[""Small molecule""]",,False,False,False,True,True,[],[],[],[],"[[""CHEMBL2034"", ""AGONIST""]]",0,0,0.0,0.0
CHEMBL2105897,BARIUM SULFATE,"[""Small molecule""]",2016,False,False,False,True,False,[],[],[],[],[],0,0,0,0
CHEMBL2106119,CALCIUM GLUCONATE,"[""Small molecule""]",2017,False,False,False,True,False,[],[],[],[],[],0,0,0,0
CHEMBL2106439,PIPOTIAZINE PALMITATE,"[""Small molecule""]",,False,False,False,False,False,[],[],[],[],[],0,0,0,0
CHEMBL2106441,NOXYTIOLIN,"[""Small molecule""]",,False,False,False,False,False,[],[],[],[],[],0,0,0,0
CHEMBL2106825,MEDROGESTONE,"[""Small molecule""]",,False,False,False,False,False,[],[],[],[],[],0,0,0,0
CHEMBL2106939,POLIHEXANIDE,"[""Small molecule""]",2024,False,False,False,True,False,[],[],[],[],[],0,0,0,0
CHEMBL2106975,POTASSIUM BICARBONATE,"[""Small molecule""]",,False,False,False,False,False,[],[],[],[],[],0,0,0,0
CHEMBL2107011,OXYPERTINE,"[""Small molecule""]",,False,False,False,False,False,[],[],[],[],[],0,0,0,0
CHEMBL2107067,TESTOSTERONE UNDECANOATE,"[""Small molecule""]",2014,False,False,False,True,True,[],[],[],[],"[[""CHEMBL1871"", ""AGONIST""]]",0,0,0.0,0.0
CHEMBL2107175,RANELIC ACID,"[""Small molecule""]",2004,False,False,False,True,False,[],[],[],[],[],0,0,0,0
CHEMBL2107214,IOMEPROL,"[""Small molecule""]",2024,False,False,False,True,False,[],[],[],[],[],0,0,0,0
CHEMBL2107333,DIMETHYL FUMARATE,"[""Small molecule""]",2013,False,False,False,True,True,[],[],[],[],"[[""CHEMBL2069156"", ""INHIBITOR""]]",0,0,0,0
CHEMBL2107360,PALIPERIDONE PALMITATE,"[""Small molecule""]",2009,False,False,False,True,True,[],[],[],[],"[[""CHEMBL217"", ""ANTAGONIST""], [""CHEMBL224"", ""ANTAGONIST""]]",0,0,0.0,0.0
CHEMBL2107381,URIDINE TRIACETATE,"[""Small molecule""]",2015,False,False,False,True,False,[],[],[],[],[],0,0,0,0
CHEMBL2107430,FLUTRIMAZOLE,"[""Small molecule""]",,False,False,False,False,False,[],[],[],[],[],0,0,0,0
CHEMBL2107726,ARIMOCLOMOL,"[""Small molecule""]",2024,False,False,False,True,False,[],[],[],[],[],0,0,0,0
CHEMBL2107797,NORGESTREL,"[""Small molecule""]",1968,False,False,False,True,True,"[""PGR""]",[],[],[],"[[""CHEMBL208"", ""AGONIST""]]",0,0,0.003002948450748786,0.003002948450748786
CHEMBL2107825,TENOFOVIR ALAFENAMIDE,"[""Small molecule""]",2015,False,False,False,True,False,[],[],[],[],[],0,0,0,0
CHEMBL2107826,VIBEGRON,"[""Small molecule""]",,False,False,False,True,True,[],[],[],[],"[[""CHEMBL246"", ""AGONIST""]]",0,0,0,0
CHEMBL2107830,EMPAGLIFLOZIN,"[""Small molecule""]",2014,False,False,False,True,True,"[""SLC5A2""]",[],[],[],"[[""CHEMBL3884"", ""INHIBITOR""]]",1,0,0.01848454476039924,0.01848454476039924
CHEMBL2107831,LUSUTROMBOPAG,"[""Small molecule""]",2018,False,False,False,True,True,[],[],[],[],"[[""CHEMBL1864"", ""AGONIST""]]",0,0,0.0,0.0
CHEMBL2107834,RIOCIGUAT,"[""Small molecule""]",2013,False,False,False,True,True,"[""GUCY1A1"", ""GUCY1B1""]",[],[],[],"[[""CHEMBL2111348"", ""POSITIVE ALLOSTERIC MODULATOR""]]",0,0,0.005366061384146901,0.005366061384146901
CHEMBL2107840,PATIROMER CALCIUM,"[""Small molecule""]",2015,False,False,False,True,False,[],[],[],[],[],0,0,0,0
CHEMBL2107841,ALBIGLUTIDE,"[""Protein""]",2014,False,False,False,True,True,[],[],[],[],"[[""CHEMBL1784"", ""AGONIST""]]",0,0,0.0,0.0
CHEMBL2107857,METRELEPTIN,"[""Protein""]",2014,False,False,False,True,True,[],[],[],[],"[[""CHEMBL5913"", ""AGONIST""]]",0,0,0.0,0.0
CHEMBL2107869,INSULIN DEGLUDEC,"[""Protein""]",2013,False,False,False,True,True,[],[],[],[],"[[""CHEMBL1981"", ""AGONIST""]]",0,0,0,0
CHEMBL2107873,VONICOG ALFA,"[""Protein""]",2018,False,False,False,True,True,"[""VWF""]","[""VWF""]",[],[],"[[""CHEMBL2021748"", ""EXOGENOUS PROTEIN""]]",0,0.33195960480490044,0.30798244860177326,0.30798244860177326
CHEMBL2107874,ROMOSOZUMAB,"[""Antibody""]",2019,False,False,False,True,True,[],[],[],[],"[[""CHEMBL3580487"", ""INHIBITOR""]]",0,0,0.0,0.0
CHEMBL2107884,RESLIZUMAB,"[""Antibody""]",2016,False,False,False,True,True,"[""IL5""]","[""IL5""]",[],[],"[[""CHEMBL1169600"", ""INHIBITOR""]]",0,0.2021214821554497,0.16169718572435976,0.16169718572435976
CHEMBL2107885,RETEPLASE,"[""Enzyme""]",1996,False,False,False,True,True,[],[],[],[],"[[""CHEMBL1873"", ""EXOGENOUS PROTEIN""]]",0,0,0.0,0.0
CHEMBL2107891,TASONERMIN,"[""Protein""]",1999,False,False,False,True,False,[],[],[],[],[],0,0,0,0
CHEMBL2107910,OLIVE OIL,"[""Unknown""]",2013,False,False,False,False,False,[],[],[],[],[],0,0,0,0
CHEMBL2108021,BESILESOMAB,"[""Antibody""]",2010,False,False,False,True,False,[],[],[],[],[],0,0,0,0
CHEMBL2108027,DULAGLUTIDE,"[""Protein""]",2014,False,False,False,True,True,[],[],[],[],"[[""CHEMBL1784"", ""AGONIST""]]",0,0,0.0,0.0
CHEMBL2108035,INCOBOTULINUMTOXINA,"[""Unknown""]",2010,False,False,False,True,True,[],[],[],[],"[[""CHEMBL2364159"", ""INHIBITOR""]]",0,0,0,0
CHEMBL2108041,OCRELIZUMAB,"[""Antibody""]",2017,False,False,False,True,True,[],[],[],[],"[[""CHEMBL2058"", ""BINDING AGENT""]]",0,0,0.0,0.0
CHEMBL2108074,PANCRELIPASE,"[""Enzyme""]",1996,False,False,False,True,False,[],[],[],[],[],0,0,0,0
CHEMBL2108078,PARATHYROID HORMONE,"[""Protein""]",2006,False,False,False,True,True,[],[],[],[],"[[""CHEMBL1793"", ""AGONIST""]]",0,0,0,0
CHEMBL2108081,TRAFERMIN,"[""Protein""]",2016,False,False,False,True,True,"[""FGFR2""]",[],[],[],"[[""CHEMBL4142"", ""AGONIST""]]",0,0,0.004480953951410088,0.004480953951410088
CHEMBL2108106,TOCOFERSOLAN,"[""Small molecule""]",2009,False,False,False,True,False,[],[],[],[],[],0,0,0,0
CHEMBL2108110,THROMBIN,"[""Unknown""]",,False,False,False,False,False,[],[],[],[],[],0,0,0,0
CHEMBL2108147,STREPTOKINASE,"[""Enzyme""]",1997,False,False,False,True,True,[],[],[],[],"[[""CHEMBL1801"", ""ACTIVATOR""]]",0,0,0.0,0.0
CHEMBL2108157,VOTUMUMAB,"[""Antibody""]",1998,False,False,False,True,False,[],[],[],[],[],0,0,0,0
CHEMBL2108175,HUMAN COAGULATION FACTOR VIII,"[""Unknown""]",2013,False,False,False,True,True,[],[],[],[],"[[""CHEMBL3143"", ""EXOGENOUS PROTEIN""]]",0,0,0.0,0.0
CHEMBL2108184,CROFELEMER,"[""Small molecule""]",2012,False,False,False,True,True,[],[],[],[],"[[""CHEMBL2046267"", ""BLOCKER""], [""CHEMBL4051"", ""INHIBITOR""]]",0,0,0.0,0.0
CHEMBL2108185,CORIFOLLITROPIN ALFA,"[""Protein""]",2010,False,False,False,True,True,"[""FSHR""]","[""FSHR""]",[],[],"[[""CHEMBL2024"", ""AGONIST""]]",0,0.2501426920084372,0.20011415360674978,0.20011415360674978
CHEMBL2108200,DIMETHICONE,"[""Unknown""]",,False,False,False,True,False,[],[],[],[],[],0,0,0,0
CHEMBL2108201,DEXTRANOMER,"[""Small molecule""]",,False,False,False,True,False,[],[],[],[],[],0,0,0,0
CHEMBL2108214,AGALSIDASE ALFA,"[""Enzyme""]",2001,False,False,False,True,False,[],[],[],[],[],0,0,0,0
CHEMBL2108250,ANISTREPLASE,"[""Enzyme""]",,False,False,False,True,True,[],[],[],[],"[[""CHEMBL1801"", ""ACTIVATOR""]]",0,0,0.0,0.0
CHEMBL2108253,ARCITUMOMAB,"[""Antibody""]",1996,False,False,False,True,True,"[""CEACAM5""]",[],[],[],"[[""CHEMBL3712881"", ""BINDING AGENT""]]",0,0,0.06734230053485406,0.06734230053485406
CHEMBL2108265,CASCARA SAGRADA,"[""Unknown""]",,False,False,False,True,False,[],[],[],[],[],0,0,0,0
CHEMBL2108278,ETEPLIRSEN,"[""Oligonucleotide""]",2016,False,False,False,True,False,[],[],[],[],[],0,0,0,0
CHEMBL2108282,CATRIDECACOG,"[""Protein""]",2012,False,False,False,True,True,[],[],[],[],"[[""CHEMBL4530"", ""EXOGENOUS PROTEIN""]]",0,0,0.0,0.0
CHEMBL2108286,TUROCTOCOG ALFA,"[""Protein""]",2013,False,False,False,True,True,[],[],[],[],"[[""CHEMBL3143"", ""EXOGENOUS PROTEIN""]]",0,0,0.0,0.0
CHEMBL2108290,EPOETIN THETA,"[""Protein""]",2009,False,False,False,True,True,[],[],[],[],"[[""CHEMBL1817"", ""AGONIST""]]",0,0,0,0
CHEMBL2108304,ALIPOGENE TIPARVOVEC,"[""Gene""]",2012,False,False,False,True,False,[],[],[],[],[],0,0,0,0
CHEMBL2108311,ASFOTASE ALFA,"[""Enzyme""]",2015,False,False,False,True,False,[],[],[],[],[],0,0,0,0
CHEMBL2108319,SIMOCTOCOG ALFA,"[""Protein""]",2014,False,False,False,True,True,[],[],[],[],"[[""CHEMBL3143"", ""EXOGENOUS PROTEIN""]]",0,0,0.0,0.0
CHEMBL2108332,BEPERMINOGENE PERPLASMID,"[""Gene""]",2019,False,False,False,True,True,[],[],[],[],"[[""CHEMBL3717"", ""AGONIST""]]",0,0,0,0
CHEMBL2108334,EPTACOG ALFA (ACTIVATED),"[""Protein""]",1996,False,False,False,True,True,"[""F7""]",[],[],[],"[[""CHEMBL3991"", ""EXOGENOUS PROTEIN""]]",0,0,0.02244800630223102,0.02244800630223102
CHEMBL2108336,LIXISENATIDE,"[""Protein""]",2013,False,False,False,True,True,[],[],[],[],"[[""CHEMBL1784"", ""AGONIST""]]",0,0,0.0,0.0
CHEMBL2108348,NONACOG BETA PEGOL,"[""Protein""]",2017,False,False,False,True,True,[],[],[],[],"[[""CHEMBL2016"", ""EXOGENOUS PROTEIN""]]",0,0,0,0
CHEMBL2108350,CONESTAT ALFA,"[""Protein""]",2010,False,False,False,True,True,"[""SERPING1""]",[],[],[],"[[""CHEMBL5305024"", ""EXOGENOUS PROTEIN""]]",0,0,0.010724943028101704,0.010724943028101704
CHEMBL2108354,UBLITUXIMAB,"[""Antibody""]",2022,False,False,False,True,True,[],[],[],[],"[[""CHEMBL2058"", ""BINDING AGENT""]]",0,0,0.0,0.0
CHEMBL2108427,MENOTROPINS,"[""Protein""]",1975,False,False,False,True,True,"[""FSHR""]","[""FSHR""]",[],[],"[[""CHEMBL1854"", ""AGONIST""], [""CHEMBL2024"", ""AGONIST""]]",0,0.2501426920084372,0.20011415360674978,0.20011415360674978
CHEMBL2108429,MEPOLIZUMAB,"[""Antibody""]",2015,False,False,False,True,True,"[""IL5""]","[""IL5""]",[],[],"[[""CHEMBL1169600"", ""INHIBITOR""]]",0,0.2021214821554497,0.16169718572435976,0.16169718572435976
CHEMBL2108508,INTERFERON ALFA-2A,"[""Protein""]",1986,False,False,False,True,True,[],[],[],[],"[[""CHEMBL2364170"", ""AGONIST""]]",0,0,0.0,0.0
CHEMBL2108512,HEPATITIS B IMMUNE GLOBULIN,"[""Unknown""]",2009,False,False,False,True,False,[],[],[],[],[],0,0,0,0
CHEMBL2108546,PEGASPARGASE,"[""Enzyme""]",1994,False,False,False,True,False,[],[],[],[],[],0,0,0,0
CHEMBL2108570,ABOBOTULINUMTOXINA,"[""Unknown""]",2009,False,False,False,True,True,[],[],[],[],"[[""CHEMBL2364159"", ""INHIBITOR""]]",0,0,0,0
CHEMBL2108581,CATUMAXOMAB,"[""Antibody""]",2009,False,False,False,True,True,"[""CD3D"", ""CD3E"", ""CD3G""]",[],[],[],"[[""CHEMBL2364168"", ""CROSS-LINKING AGENT""], [""CHEMBL3580493"", ""CROSS-LINKING AGENT""]]",0,0,0.0031727446108094867,0.0031727446108094867
CHEMBL2108593,EPOETIN ZETA,"[""Protein""]",2007,False,False,False,True,True,[],[],[],[],"[[""CHEMBL1817"", ""AGONIST""]]",0,0,0,0
CHEMBL2108594,EPTOTERMIN ALFA,"[""Protein""]",2001,False,False,False,True,True,"[""BMPR1B""]",[],[],[],"[[""CHEMBL5275"", ""AGONIST""], [""CHEMBL5467"", ""AGONIST""], [""CHEMBL5476"", ""AGONIST""], [""CHEMBL5903"", ""AGONIST""]]",0,0,0.004938482315508267,0.004938482315508267
CHEMBL2108597,FERRIC CARBOXYMALTOSE,"[""Unknown""]",2013,False,False,False,True,False,[],[],[],[],[],2,0,0,0
CHEMBL2108611,INOTUZUMAB OZOGAMICIN,"[""Antibody drug conjugate""]",2017,False,False,False,True,True,[],[],[],[],"[[""CHEMBL3218"", ""BINDING AGENT""]]",0,0,0.0,0.0
CHEMBL2108638,RAXIBACUMAB,"[""Antibody""]",2012,False,False,False,True,False,[],[],[],[],[],0,0,0,0
CHEMBL2108658,TREMELIMUMAB,"[""Antibody""]",2022,False,False,False,True,True,"[""CTLA4""]","[""CTLA4""]",[],[],"[[""CHEMBL2364164"", ""INHIBITOR""]]",0,0.10998115161101653,0.09982636208483411,0.09982636208483411
CHEMBL2108659,"TRIGLYCERIDES, MEDIUM-CHAIN","[""Unknown""]",2016,False,False,False,False,False,[],[],[],[],[],1,0,0,0
CHEMBL2108667,YTTRIUM Y 90 IBRITUMOMAB TIUXETAN,"[""Antibody""]",2002,False,False,False,True,True,[],[],[],[],"[[""CHEMBL2058"", ""BINDING AGENT""]]",0,0,0.0,0.0
CHEMBL2108670,BEZLOTOXUMAB,"[""Antibody""]",2016,False,False,False,True,False,[],[],[],[],[],0,0,0,0
CHEMBL2108675,DUPILUMAB,"[""Antibody""]",2017,False,False,False,True,True,"[""IL4R""]","[""IL4R""]",[],[],"[[""CHEMBL3580490"", ""ANTAGONIST""]]",0,0.04057336408957546,0.04576979161563679,0.04576979161563679
CHEMBL2108676,ELOSULFASE ALFA,"[""Enzyme""]",2014,False,False,False,True,False,[],[],[],[],[],0,0,0,0
CHEMBL2108677,PEGINTERFERON BETA-1A,"[""Protein""]",2014,False,False,False,True,True,[],[],[],[],"[[""CHEMBL2364170"", ""AGONIST""]]",0,0,0.0,0.0
CHEMBL2108681,TILDRAKIZUMAB,"[""Antibody""]",2018,False,False,False,True,True,"[""IL12B"", ""IL23A""]","[""IL12B""]",[],[],"[[""CHEMBL2364154"", ""INHIBITOR""]]",0,0.9248409926037888,0.7398727940830311,0.7398727940830311
CHEMBL2108702,IMETELSTAT SODIUM,"[""Unknown""]",2024,False,False,False,True,True,[],[],[],[],"[[""CHEMBL2916"", ""INHIBITOR""]]",0,0,0.0,0.0
CHEMBL2108709,COLLAGENASE CLOSTRIDIUM HISTOLYTICUM,"[""Enzyme""]",2010,False,False,False,True,True,"[""COL15A1"", ""COL18A1"", ""COL1A1"", ""COL1A2"", ""COL2A1"", ""COL3A1"", ""COL4A1"", ""COL4A2"", ""COL4A5"", ""COL5A2"", ""COL6A1"", ""COL6A2"", ""COL6A3"", ""COL6A5"", ""COL6A6""]",[],[],[],"[[""CHEMBL2364188"", ""HYDROLYTIC ENZYME""]]",0,0,0.04750744003004545,0.04750744003004545
CHEMBL2108724,SEMAGLUTIDE,"[""Protein""]",2017,False,False,False,True,True,[],[],[],[],"[[""CHEMBL1784"", ""AGONIST""]]",0,0,0.0,0.0
CHEMBL2108726,TECHNETIUM TC 99M TILMANOCEPT,"[""Protein""]",2013,False,False,False,True,False,[],[],[],[],[],0,0,0,0
CHEMBL2108727,TALIMOGENE LAHERPAREPVEC,"[""Gene""]",2015,False,False,False,True,False,[],[],[],[],[],0,0,0,0
CHEMBL2108728,CALASPARGASE PEGOL,"[""Enzyme""]",2018,False,False,False,True,False,[],[],[],[],[],0,0,0,0
CHEMBL2108730,SARILUMAB,"[""Antibody""]",2017,False,False,False,True,True,"[""IL6R""]","[""IL6R""]",[],[],"[[""CHEMBL2364155"", ""ANTAGONIST""]]",0,0.6001553841847747,0.48012430734781975,0.48012430734781975
CHEMBL2108738,NIVOLUMAB,"[""Antibody""]",2015,False,False,False,True,True,[],[],[],[],"[[""CHEMBL3307223"", ""INHIBITOR""]]",2,0,0.0,0.0
CHEMBL2108766,PYRETHRUM EXTRACT,"[""Unknown""]",2000,False,False,False,True,False,[],[],[],[],[],0,0,0,0
CHEMBL2108791,TENECTEPLASE,"[""Enzyme""]",2000,False,False,False,True,True,[],[],[],[],"[[""CHEMBL1873"", ""EXOGENOUS PROTEIN""]]",0,0,0.0,0.0
CHEMBL2108800,INDIUM IN 111 CAPROMAB PENDETIDE,"[""Antibody""]",,False,False,False,True,False,[],[],[],[],[],0,0,0,0
CHEMBL2108809,SULESOMAB,"[""Antibody""]",1997,False,False,False,True,False,[],[],[],[],[],0,0,0,0
CHEMBL2108862,SOMATORELIN,"[""Protein""]",,False,False,False,False,False,[],[],[],[],[],0,0,0,0
CHEMBL2108875,TETANUS TOXOID,"[""Vaccine component""]",1996,False,False,False,True,False,[],[],[],[],[],0,0,0,0
CHEMBL2108888,AGALSIDASE BETA,"[""Enzyme""]",2001,False,False,False,True,False,[],[],[],[],[],0,0,0,0
CHEMBL2108890,"ALBUMIN, AGGREGATED","[""Protein""]",,False,False,False,False,False,[],[],[],[],[],0,0,0,0
CHEMBL2108931,CRISANTASPASE,"[""Enzyme""]",2023,False,False,False,True,False,[],[],[],[],[],0,0,0,0
CHEMBL2108939,"VIBRIO CHOLERAE, LIVE ATTENUATED","[""Vaccine component""]",2020,False,False,False,True,False,[],[],[],[],[],0,0,0,0
CHEMBL2108956,HYPROMELLOSE,"[""Unknown""]",,False,False,False,False,False,[],[],[],[],[],0,0,0,0
CHEMBL2108966,"INSULIN, NEUTRAL","[""Protein""]",2007,False,False,False,True,True,[],[],[],[],"[[""CHEMBL1981"", ""AGONIST""]]",0,0,0,0
CHEMBL2108973,"INSULIN HUMAN, ISOPHANE","[""Protein""]",2002,False,False,False,True,True,[],[],[],[],"[[""CHEMBL1981"", ""AGONIST""]]",0,0,0,0
CHEMBL2108974,INSULIN HUMAN ZINC,"[""Protein""]",2002,False,False,False,True,True,[],[],[],[],"[[""CHEMBL1981"", ""AGONIST""]]",0,0,0,0
CHEMBL2108989,ASPARAGINASE,"[""Enzyme""]",1994,False,False,False,True,False,[],[],[],[],[],0,0,0,0
CHEMBL2109005,CASTOR OIL,"[""Unknown""]",,False,False,False,False,False,[],[],[],[],[],0,0,0,0
CHEMBL2109027,BROMELAINS,"[""Unknown""]",,False,False,False,True,False,[],[],[],[],[],0,0,0,0
CHEMBL2109036,IGOVOMAB,"[""Antibody""]",1996,False,False,False,True,True,"[""MUC16""]",[],[],[],"[[""CHEMBL3580482"", ""BINDING AGENT""]]",0,0,0.04133929423759023,0.04133929423759023
CHEMBL2109038,IMCIROMAB PENTETATE,"[""Antibody""]",1996,False,False,False,True,False,[],[],[],[],[],0,0,0,0
CHEMBL2109046,"INSULIN, PROTAMINE ZINC","[""Protein""]",,False,False,False,True,True,[],[],[],[],"[[""CHEMBL1981"", ""AGONIST""]]",0,0,0,0
CHEMBL2109047,INTERFERON ALFA-N3,"[""Protein""]",1989,False,False,False,True,True,[],[],[],[],"[[""CHEMBL2364170"", ""AGONIST""]]",0,0,0.0,0.0
CHEMBL2109092,EPOETIN BETA,"[""Protein""]",1997,False,False,False,True,True,[],[],[],[],"[[""CHEMBL1817"", ""AGONIST""]]",0,0,0,0
CHEMBL2109093,EPOETIN DELTA,"[""Protein""]",2002,False,False,False,True,True,[],[],[],[],"[[""CHEMBL1817"", ""AGONIST""]]",0,0,0,0
CHEMBL2109121,DIPHTHERIA TOXOID,"[""Vaccine component""]",1996,False,False,False,True,False,[],[],[],[],[],0,0,0,0
CHEMBL2109128,LENOGRASTIM,"[""Protein""]",,False,False,False,True,True,"[""CSF3R""]",[],[],[],"[[""CHEMBL1996"", ""AGONIST""]]",0,0,0.07161034711627584,0.07161034711627584
CHEMBL2109137,MOROCTOCOG ALFA,"[""Protein""]",1999,False,False,False,True,True,[],[],[],[],"[[""CHEMBL3143"", ""EXOGENOUS PROTEIN""]]",0,0,0.0,0.0
CHEMBL2109171,DIBOTERMIN ALFA,"[""Protein""]",2002,False,False,False,True,True,"[""BMPR1B""]",[],[],[],"[[""CHEMBL5275"", ""AGONIST""], [""CHEMBL5466"", ""AGONIST""], [""CHEMBL5467"", ""AGONIST""], [""CHEMBL5476"", ""AGONIST""], [""CHEMBL5616"", ""AGONIST""], [""CHEMBL5903"", ""AGONIST""]]",0,0,0.004938482315508267,0.004938482315508267
CHEMBL2109198,METHYLCELLULOSE,"[""Unknown""]",,False,False,False,True,False,[],[],[],[],[],0,0,0,0
CHEMBL2109204,NADROPARIN CALCIUM,"[""Oligosaccharide""]",2018,False,False,False,True,True,[],[],[],[],"[[""CHEMBL1950"", ""ACTIVATOR""]]",0,0,0.0,0.0
CHEMBL2109205,COAGULATION FACTOR IX RECOMBINANT HUMAN,"[""Protein""]",1997,False,False,False,True,True,[],[],[],[],"[[""CHEMBL2016"", ""EXOGENOUS PROTEIN""]]",0,0,0,0
CHEMBL2109287,TECHNETIUM TC 99M NOFETUMOMAB MERPENTAN,"[""Antibody""]",1996,False,False,False,True,False,[],[],[],[],[],0,0,0,0
CHEMBL2109334,INEBILIZUMAB,"[""Antibody""]",2020,False,False,False,True,True,[],[],[],[],"[[""CHEMBL3390821"", ""BINDING AGENT""]]",0,0,0.0,0.0
CHEMBL2109427,ZOLBETUXIMAB,"[""Antibody""]",,False,False,False,True,True,"[""CLDN18""]",[],[],[],"[[""CHEMBL3712859"", ""BINDING AGENT""]]",0,0,0.03172100130761707,0.03172100130761707
CHEMBL2109540,ALIROCUMAB,"[""Antibody""]",2015,False,False,False,True,True,"[""PCSK9""]",[],[],[],"[[""CHEMBL2929"", ""INHIBITOR""]]",0,0,0.027640605229555172,0.027640605229555172
CHEMBL2109624,CAPLACIZUMAB,"[""Antibody""]",2018,False,False,False,True,True,"[""VWF""]","[""VWF""]",[],[],"[[""CHEMBL2021748"", ""INHIBITOR""]]",0,0.33195960480490044,0.30798244860177326,0.30798244860177326
CHEMBL2109882,TRISILICATE,"[""Small molecule""]",1983,False,False,False,True,False,[],[],[],[],[],0,0,0,0
CHEMBL2110551,TECHNETIUM PENTETATE,"[""Small molecule""]",1982,False,False,False,True,False,[],[],[],[],[],0,0,0,0
CHEMBL2110553,GALLIUM CITRATE,"[""Small molecule""]",1976,False,False,False,False,False,[],[],[],[],[],0,0,0,0
CHEMBL2110554,TECHNETIUM ETIDRONATE,"[""Small molecule""]",1973,False,False,False,False,False,[],[],[],[],[],0,0,0,0
CHEMBL2110555,TECHNETIUM MEBROFENIN,"[""Small molecule""]",1987,False,False,False,False,False,[],[],[],[],[],0,0,0,0
CHEMBL2110556,INDIUM PENTETREOTIDE,"[""Protein""]",1994,False,False,False,True,False,[],[],[],[],[],0,0,0,0
CHEMBL2110557,RUBIDIUM CHLORIDE,"[""Small molecule""]",1989,False,False,False,False,False,[],[],[],[],[],0,0,0,0
CHEMBL2110559,TECHNETIUM PYROPHOSPHATE,"[""Small molecule""]",1982,False,False,False,True,False,[],[],[],[],[],0,0,0,0
CHEMBL2110561,SAMARIUM LEXIDRONAM PENTASODIUM,"[""Small molecule""]",1997,False,False,False,True,False,[],[],[],[],[],0,0,0,0
CHEMBL2110562,CHLORMERODRIN,"[""Small molecule""]",1982,False,False,False,False,False,[],[],[],[],[],0,0,0,0
CHEMBL2110563,CYANOCOBALAMIN,"[""Small molecule""]",1982,False,False,False,True,False,[],[],[],[],[],0,0,0,0
CHEMBL2110564,TECHNETIUM LIDOFENIN,"[""Small molecule""]",1986,False,False,False,False,False,[],[],[],[],[],0,0,0,0
CHEMBL2110565,TECHNETIUM OXIDRONATE,"[""Small molecule""]",1982,False,False,False,False,False,[],[],[],[],[],0,0,0,0
CHEMBL2110566,TECHNETIUM TETROFOSMIN,"[""Small molecule""]",1996,False,False,False,False,False,[],[],[],[],[],0,0,0,0
CHEMBL2110568,CHROMIC PHOSPHATE,"[""Small molecule""]",1974,False,False,False,True,False,[],[],[],[],[],0,0,0,0
CHEMBL2110570,TECHNETIUM GLUCEPTATE,"[""Small molecule""]",1978,False,False,False,False,False,[],[],[],[],[],0,0,0,0
CHEMBL2110571,SODIUM PERTECHNETATE,"[""Small molecule""]",1982,False,False,False,True,False,[],[],[],[],[],0,0,0,0
CHEMBL2110572,TECHNETIUM SUCCIMER,"[""Small molecule""]",1982,False,False,False,True,True,"[""A2M""]",[],[],[],"[[""CHEMBL4295690"", ""BINDING AGENT""]]",0,0,0.002000627322922645,0.002000627322922645
CHEMBL2110573,INDIUM OXYQUINOLINE,"[""Small molecule""]",1985,False,False,False,True,False,[],[],[],[],[],0,0,0,0
CHEMBL2110574,SODIUM CHROMATE,"[""Small molecule""]",1982,False,False,False,True,False,[],[],[],[],[],0,0,0,0
CHEMBL2110575,TECHNETIUM DISOFENIN,"[""Small molecule""]",1982,False,False,False,False,False,[],[],[],[],[],0,0,0,0
CHEMBL2110576,TECHNETIUM MEDRONATE,"[""Small molecule""]",1982,False,False,False,False,False,[],[],[],[],[],0,0,0,0
CHEMBL2110588,ELIGLUSTAT,"[""Small molecule""]",2014,False,False,False,True,True,[],[],[],[],"[[""CHEMBL2063"", ""INHIBITOR""]]",0,0,0,0
CHEMBL2110725,VINFLUNINE,"[""Small molecule""]",2009,False,False,False,True,True,"[""TUBB2B"", ""TUBB6""]",[],[],[],"[[""CHEMBL2095182"", ""INHIBITOR""]]",0,0,0.0030526420852343686,0.0030526420852343686
CHEMBL2110731,TOFOGLIFLOZIN ANHYDROUS,"[""Small molecule""]",,False,False,False,True,True,"[""SLC5A2""]",[],[],[],"[[""CHEMBL3884"", ""INHIBITOR""]]",0,0,0.01848454476039924,0.01848454476039924
CHEMBL2110732,DACOMITINIB ANHYDROUS,"[""Small molecule""]",2018,False,False,False,True,True,[],[],[],[],"[[""CHEMBL1824"", ""INHIBITOR""], [""CHEMBL203"", ""INHIBITOR""], [""CHEMBL3009"", ""INHIBITOR""]]",0,0,0.0,0.0
CHEMBL2110774,CHLORPHENOXAMINE,"[""Small molecule""]",,False,False,False,True,True,[],[],[],[],"[[""CHEMBL231"", ""ANTAGONIST""]]",0,0,0.0,0.0
CHEMBL2110805,EMEPRONIUM,"[""Small molecule""]",,False,False,False,False,False,[],[],[],[],[],0,0,0,0
CHEMBL2110816,BUTRIPTYLINE,"[""Small molecule""]",,False,False,False,True,False,[],[],[],[],[],0,0,0,0
CHEMBL2110824,BUSERELIN,"[""Protein""]",,False,False,False,True,True,[],[],[],[],"[[""CHEMBL1855"", ""AGONIST""]]",0,0,0,0
CHEMBL2110914,FERROUS CITRATE,"[""Small molecule""]",1973,False,False,False,False,False,[],[],[],[],[],0,0,0,0
CHEMBL2111018,TECHNETIUM EXAMETAZIME,"[""Small molecule""]",1988,False,False,False,False,False,[],[],[],[],[],0,0,0,0
CHEMBL2111030,PROTHIPENDYL,"[""Small molecule""]",,False,False,False,False,False,[],[],[],[],[],0,0,0,0
CHEMBL2111097,LEVAMLODIPINE,"[""Small molecule""]",2019,False,False,False,True,True,"[""CACNA1C""]",[],[],[],"[[""CHEMBL2095229"", ""BLOCKER""]]",0,0,0.002376194612129129,0.002376194612129129
CHEMBL2111100,MIFAMURTIDE ACID,"[""Small molecule""]",2009,False,False,False,True,True,"[""NOD2""]","[""NOD2""]",[],[],"[[""CHEMBL1293266"", ""OTHER""]]",0,0.9432615475464939,0.7821195908763987,0.7821195908763987
CHEMBL2111101,PIMAVANSERIN,"[""Small molecule""]",2016,False,False,False,True,True,[],[],[],[],"[[""CHEMBL224"", ""INVERSE AGONIST""]]",0,0,0,0
CHEMBL2111107,SUGAMMADEX,"[""Oligosaccharide""]",2008,False,False,False,True,False,[],[],[],[],[],0,0,0,0
CHEMBL2111112,VERNAKALANT,"[""Small molecule""]",2010,False,False,False,True,True,"[""KCNA5"", ""KCND3"", ""KCNH2"", ""KCNJ3""]",[],[],[],"[[""CHEMBL1964"", ""BLOCKER""], [""CHEMBL1980"", ""BLOCKER""], [""CHEMBL240"", ""BLOCKER""], [""CHEMBL3038488"", ""BLOCKER""], [""CHEMBL4306"", ""BLOCKER""]]",0,0,0.0493518221501114,0.0493518221501114
CHEMBL2111129,PENTETATE INDIUM DISODIUM,"[""Small molecule""]",1982,False,False,False,True,False,[],[],[],[],[],0,0,0,0
CHEMBL2111131,TECHNETIUM MERTIATIDE,"[""Protein""]",1990,False,False,False,False,False,[],[],[],[],[],0,0,0,0
CHEMBL2111186,TALAPORFIN,"[""Small molecule""]",2015,False,False,False,True,False,[],[],[],[],[],0,0,0,0
CHEMBL2111187,RADIUM DICHLORIDE,"[""Small molecule""]",2013,False,False,False,True,False,[],[],[],[],[],0,0,0,0
CHEMBL211456,EPHEDRINE,"[""Small molecule""]",2016,False,False,False,True,True,"[""ADRA1B"", ""ADRA1D"", ""ADRA2A"", ""ADRA2C"", ""ADRB1""]","[""ADRA2A""]",[],[],"[[""CHEMBL2331074"", ""AGONIST""]]",0,0.21032116470427323,0.1682569317634186,0.1682569317634186
CHEMBL21333,PRANLUKAST,"[""Small molecule""]",1995,False,False,False,True,True,[],[],[],[],"[[""CHEMBL1798"", ""ANTAGONIST""]]",0,0,0,0
CHEMBL2135460,TERLIPRESSIN,"[""Protein""]",2022,False,False,False,True,True,"[""AVPR1A""]",[],[],[],"[[""CHEMBL1790"", ""BINDING AGENT""], [""CHEMBL2111456"", ""BINDING AGENT""]]",0,0,0.015075052817374793,0.015075052817374793
CHEMBL2146883,COBIMETINIB,"[""Small molecule""]",2015,False,False,False,True,True,[],[],[],[],"[[""CHEMBL2964"", ""INHIBITOR""], [""CHEMBL3587"", ""INHIBITOR""]]",0,0,0.0,0.0
CHEMBL2147777,TENELIGLIPTIN,"[""Small molecule""]",,False,False,False,True,True,"[""DPP4""]",[],[],[],"[[""CHEMBL284"", ""INHIBITOR""]]",0,0,0.04595561328024786,0.04595561328024786
CHEMBL215303,GARENOXACIN,"[""Small molecule""]",2007,False,False,False,True,False,[],[],[],[],[],0,0,0,0
CHEMBL21536,XANOMELINE,"[""Small molecule""]",2024,False,False,False,True,True,"[""CHRM4""]",[],[],[],"[[""CHEMBL1821"", ""AGONIST""], [""CHEMBL216"", ""AGONIST""]]",0,0,0.025558666715213216,0.025558666715213216
CHEMBL2159122,ELUXADOLINE,"[""Small molecule""]",2015,False,False,False,True,True,[],[],[],[],"[[""CHEMBL233"", ""AGONIST""]]",0,0,0.0,0.0
CHEMBL2165326,APROCITENTAN,"[""Small molecule""]",2024,False,False,False,True,True,"[""EDNRA""]",[],[],[],"[[""CHEMBL2096678"", ""ANTAGONIST""]]",0,0,0.028141993232330517,0.028141993232330517
CHEMBL21731,MAPROTILINE,"[""Small molecule""]",1980,False,False,False,True,True,[],[],[],[],"[[""CHEMBL222"", ""INHIBITOR""]]",0,0,0.0,0.0
CHEMBL2178422,RIMEGEPANT,"[""Small molecule""]",2020,False,False,False,True,True,"[""CALCRL""]",[],[],[],"[[""CHEMBL3798"", ""ANTAGONIST""]]",0,0,0.004981790048730273,0.004981790048730273
CHEMBL2181927,FINERENONE,"[""Small molecule""]",2021,False,False,False,True,True,[],[],[],[],"[[""CHEMBL1994"", ""ANTAGONIST""]]",0,0,0,0
CHEMBL218291,FORODESINE,"[""Small molecule""]",2017,False,False,False,True,True,[],[],[],[],"[[""CHEMBL4338"", ""INHIBITOR""]]",0,0,0.0,0.0
CHEMBL218394,BOCEPREVIR,"[""Small molecule""]",2011,False,False,False,True,False,[],[],[],[],[],0,0,0,0
CHEMBL218490,DORZOLAMIDE,"[""Small molecule""]",1994,False,False,False,True,True,"[""CA2""]",[],[],[],"[[""CHEMBL205"", ""INHIBITOR""]]",0,0,0.080141381021659,0.080141381021659
CHEMBL218650,DELAMANID,"[""Small molecule""]",2014,False,False,False,True,False,[],[],[],[],[],0,0,0,0
CHEMBL219916,DOMPERIDONE,"[""Small molecule""]",,False,False,False,True,True,[],[],[],[],"[[""CHEMBL217"", ""ANTAGONIST""]]",0,0,0.0,0.0
CHEMBL22,TRIMETHOPRIM,"[""Small molecule""]",1973,False,False,False,True,False,[],[],[],[],[],0,0,0,0
CHEMBL220491,BRINZOLAMIDE,"[""Small molecule""]",1998,False,False,False,True,True,"[""CA2""]",[],[],[],"[[""CHEMBL205"", ""INHIBITOR""]]",0,0,0.080141381021659,0.080141381021659
CHEMBL220492,TOPIRAMATE,"[""Small molecule""]",1996,False,False,False,True,True,"[""CA2"", ""CA4"", ""GABRA2"", ""GABRA4"", ""GABRA5"", ""GABRB2"", ""GABRE"", ""GABRG1"", ""GABRP"", ""GRIA1"", ""GRIA2"", ""GRIA4"", ""GRIK2"", ""GRIK3"", ""GRIK4"", ""SCN4A"", ""SCN7A""]",[],[],[],"[[""CHEMBL205"", ""INHIBITOR""], [""CHEMBL2093872"", ""POSITIVE MODULATOR""], [""CHEMBL2096670"", ""ANTAGONIST""], [""CHEMBL2109241"", ""ANTAGONIST""], [""CHEMBL2331043"", ""BLOCKER""], [""CHEMBL3729"", ""INHIBITOR""]]",0,0,0.080141381021659,0.080141381021659
CHEMBL2205807,ABAMETAPIR,"[""Small molecule""]",2020,False,False,False,True,False,[],[],[],[],[],0,0,0,0
CHEMBL22097,LORMETAZEPAM,"[""Small molecule""]",,False,False,False,False,False,[],[],[],[],[],0,0,0,0
CHEMBL221326,DIQUAFOSOL,"[""Small molecule""]",2010,False,False,False,True,True,"[""P2RY4""]",[],[],[],"[[""CHEMBL2123"", ""AGONIST""], [""CHEMBL4315"", ""AGONIST""], [""CHEMBL4398"", ""AGONIST""], [""CHEMBL4714"", ""AGONIST""]]",0,0,0.013107598563878631,0.013107598563878631
CHEMBL2216870,IDELALISIB,"[""Small molecule""]",2014,False,False,False,True,True,"[""PIK3CD""]",[],[],[],"[[""CHEMBL3130"", ""INHIBITOR""]]",0,0,0.001799669242691684,0.001799669242691684
CHEMBL221722,FAVIPIRAVIR,"[""Small molecule""]",2014,False,False,False,True,False,[],[],[],[],[],0,0,0,0
CHEMBL2218860,GADOBUTROL,"[""Small molecule""]",2011,False,False,False,True,False,[],[],[],[],[],0,0,0,0
CHEMBL2218861,QUINAGOLIDE,"[""Small molecule""]",2004,False,False,False,True,True,[],[],[],[],"[[""CHEMBL217"", ""AGONIST""]]",0,0,0.0,0.0
CHEMBL2218896,NABILONE,"[""Small molecule""]",1985,False,False,False,True,True,"[""CNR1""]",[],[],[],"[[""CHEMBL218"", ""AGONIST""]]",0,0,0.0034692509297946893,0.0034692509297946893
CHEMBL2219415,GADOTERATE MEGLUMINE,"[""Small molecule""]",2013,False,False,False,True,False,[],[],[],[],[],0,0,0,0
CHEMBL2219418,NALOXEGOL,"[""Small molecule""]",2014,False,False,False,True,True,[],[],[],[],"[[""CHEMBL233"", ""ANTAGONIST""]]",0,0,0.0,0.0
CHEMBL2219425,ARIPIPRAZOLE LAUROXIL,"[""Small molecule""]",2015,False,False,False,True,True,[],[],[],[],"[[""CHEMBL214"", ""PARTIAL AGONIST""], [""CHEMBL217"", ""PARTIAL AGONIST""], [""CHEMBL224"", ""ANTAGONIST""]]",0,0,0.0,0.0
CHEMBL2219536,MIPOMERSEN,"[""Oligonucleotide""]",2013,False,False,False,True,False,[],[],[],[],[],0,0,0,0
CHEMBL2219546,YTTERBIUM PENTETATE,"[""Small molecule""]",1976,False,False,False,True,False,[],[],[],[],[],0,0,0,0
CHEMBL221959,TOFACITINIB,"[""Small molecule""]",2012,False,False,False,True,True,"[""JAK2"", ""JAK3"", ""TYK2""]","[""JAK2"", ""TYK2""]",[],[],"[[""CHEMBL2363062"", ""INHIBITOR""]]",4,0.8618771110824588,0.6895016888659671,0.6895016888659671
CHEMBL2219640,STRONTIUM CHLORIDE,"[""Small molecule""]",1993,False,False,False,True,False,[],[],[],[],[],0,0,0,0
CHEMBL2219642,MAGNESIUM CHLORIDE ANHYDROUS,"[""Small molecule""]",1982,False,False,False,False,False,[],[],[],[],[],0,0,0,0
CHEMBL2219740,CALCIUM GLUBIONATE ANHYDROUS,"[""Small molecule""]",,False,False,False,False,False,[],[],[],[],[],0,0,0,0
CHEMBL2220442,FLUVASTATIN,"[""Small molecule""]",1993,False,False,False,True,True,[],[],[],[],"[[""CHEMBL402"", ""INHIBITOR""]]",0,0,0.0,0.0
CHEMBL2221250,CAPREOMYCIN,"[""Protein""]",1971,False,False,False,True,False,[],[],[],[],[],0,0,0,0
CHEMBL2221312,GADOXETIC ACID,"[""Small molecule""]",2008,False,False,False,True,False,[],[],[],[],[],0,0,0,0
CHEMBL222559,TIPRANAVIR,"[""Small molecule""]",2005,False,False,False,True,False,[],[],[],[],[],0,0,0,0
CHEMBL222813,ZANAMIVIR,"[""Small molecule""]",1999,False,False,False,True,False,[],[],[],[],[],0,0,0,0
CHEMBL223228,EFAVIRENZ,"[""Small molecule""]",1998,False,False,False,True,False,[],[],[],[],[],0,0,0,0
CHEMBL225071,RALTITREXED,"[""Small molecule""]",,False,False,False,True,True,[],[],[],[],"[[""CHEMBL1952"", ""INHIBITOR""]]",0,0,0.0,0.0
CHEMBL225072,PEMETREXED,"[""Small molecule""]",2004,False,False,False,True,True,"[""GART""]","[""GART""]",[],[],"[[""CHEMBL1952"", ""INHIBITOR""], [""CHEMBL202"", ""INHIBITOR""], [""CHEMBL3972"", ""INHIBITOR""]]",0,0.31882365656253564,0.25505892525002855,0.25505892525002855
CHEMBL227875,PRETOMANID,"[""Small molecule""]",2019,False,False,False,True,False,[],[],[],[],[],0,0,0,0
CHEMBL229128,MEPHENESIN,"[""Small molecule""]",,False,False,False,False,False,[],[],[],[],[],0,0,0,0
CHEMBL23,DILTIAZEM,"[""Small molecule""]",1982,False,False,False,True,True,"[""CACNA1C""]",[],[],[],"[[""CHEMBL2095229"", ""BLOCKER""]]",0,0,0.002376194612129129,0.002376194612129129
CHEMBL230158,SELADELPAR,"[""Small molecule""]",2024,False,False,False,True,True,[],[],[],[],"[[""CHEMBL3979"", ""AGONIST""]]",0,0,0.0,0.0
CHEMBL2308885,CLOBETASONE BUTYRATE,"[""Small molecule""]",,False,False,False,True,False,[],[],[],[],[],0,0,0,0
CHEMBL231068,FLIBANSERIN,"[""Small molecule""]",2015,False,False,False,True,False,[],[],[],[],[],0,0,0,0
CHEMBL231779,APIXABAN,"[""Small molecule""]",2011,False,False,False,True,True,[],[],[],[],"[[""CHEMBL244"", ""INHIBITOR""]]",0,0,0.0,0.0
CHEMBL231813,TELAPREVIR,"[""Small molecule""]",2011,False,False,False,True,False,[],[],[],[],[],0,0,0,0
CHEMBL2325741,CAPIVASERTIB,"[""Small molecule""]",2023,False,False,False,True,True,[],[],[],[],"[[""CHEMBL2111353"", ""INHIBITOR""]]",0,0,0.0,0.0
CHEMBL233406,SODIUM SULFATE ANHYDROUS,"[""Small molecule""]",1984,False,False,False,True,False,[],[],[],[],[],0,0,0,0
CHEMBL2336071,SIPONIMOD,"[""Small molecule""]",2019,False,False,False,True,True,[],[],[],[],"[[""CHEMBL4333"", ""AGONIST""]]",0,0,0.0,0.0
CHEMBL2338329,ROXADUSTAT,"[""Small molecule""]",2021,False,False,False,True,True,[],[],[],[],"[[""CHEMBL3831261"", ""INHIBITOR""]]",0,0,0.0,0.0
CHEMBL2338675,FOSDENOPTERIN,"[""Small molecule""]",2021,False,False,False,True,False,[],[],[],[],[],0,0,0,0
CHEMBL2348780,VAMOROLONE,"[""Small molecule""]",2023,False,False,False,True,True,[],[],[],[],"[[""CHEMBL1994"", ""ANTAGONIST""], [""CHEMBL2034"", ""AGONIST""]]",0,0,0.0,0.0
CHEMBL2355051,CLOMIPHENE,"[""Small molecule""]",1967,False,False,False,True,True,"[""ESR1""]",[],[],[],"[[""CHEMBL206"", ""MODULATOR""]]",0,0,0.0026647551378045638,0.0026647551378045638
CHEMBL2356023,DIHYDROTACHYSTEROL,"[""Small molecule""]",,False,False,False,True,True,[],[],[],[],"[[""CHEMBL1977"", ""AGONIST""]]",0,0,0.0,0.0
CHEMBL235668,TIPIRACIL,"[""Small molecule""]",2015,False,False,False,True,True,"[""TYMP""]",[],[],[],"[[""CHEMBL3106"", ""INHIBITOR""]]",0,0,0.0181346645857808,0.0181346645857808
CHEMBL2359370,MECOBALAMIN,"[""Small molecule""]",,False,False,False,False,False,[],[],[],[],[],0,0,0,0
CHEMBL2364608,DORAVIRINE,"[""Small molecule""]",2018,False,False,False,True,False,[],[],[],[],[],0,0,0,0
CHEMBL2364612,LATANOPROSTENE BUNOD,"[""Small molecule""]",2017,False,False,False,True,True,[],[],[],[],"[[""CHEMBL1987"", ""AGONIST""]]",0,0,0,0
CHEMBL2364632,SARECYCLINE,"[""Small molecule""]",2018,False,False,False,True,False,[],[],[],[],[],0,0,0,0
CHEMBL2364638,UBROGEPANT,"[""Small molecule""]",2019,False,False,False,True,True,"[""CALCRL""]",[],[],[],"[[""CHEMBL3798"", ""ANTAGONIST""]]",0,0,0.004981790048730273,0.004981790048730273
CHEMBL2364639,VALBENAZINE,"[""Small molecule""]",2017,False,False,False,True,True,[],[],[],[],"[[""CHEMBL1893"", ""INHIBITOR""]]",0,0,0,0
CHEMBL2364648,GUSELKUMAB,"[""Antibody""]",2017,False,True,True,True,True,"[""IL12B"", ""IL23A""]","[""IL12B""]",[],[],"[[""CHEMBL2364154"", ""INHIBITOR""]]",11,0.9248409926037888,0.7398727940830311,0.7398727940830311
CHEMBL2364649,MARGETUXIMAB,"[""Antibody""]",2020,False,False,False,True,True,[],[],[],[],"[[""CHEMBL1824"", ""INHIBITOR""]]",0,0,0.0,0.0
CHEMBL2364653,ANIFROLUMAB,"[""Antibody""]",2021,False,False,False,True,True,[],[],[],[],"[[""CHEMBL1887"", ""ANTAGONIST""]]",0,0,0.0,0.0
CHEMBL2364655,EVOLOCUMAB,"[""Antibody""]",2015,False,False,False,True,True,"[""PCSK9""]",[],[],[],"[[""CHEMBL2929"", ""INHIBITOR""]]",0,0,0.027640605229555172,0.027640605229555172
CHEMBL2364968,ERGOLOID,"[""Unknown""]",1953,False,False,False,True,True,"[""ADRA1B"", ""ADRA1D"", ""ADRA2A"", ""ADRA2C"", ""DRD5"", ""HTR1B""]","[""ADRA2A""]",[],[],"[[""CHEMBL1898"", ""AGONIST""], [""CHEMBL2095203"", ""ANTAGONIST""], [""CHEMBL2096905"", ""AGONIST""], [""CHEMBL214"", ""AGONIST""]]",0,0.21032116470427323,0.1682569317634186,0.1682569317634186
CHEMBL2365492,STIBOGLUCONIC ACID,"[""Small molecule""]",,False,False,False,False,False,[],[],[],[],[],0,0,0,0
CHEMBL2368925,DOLASETRON,"[""Small molecule""]",1997,False,False,False,True,True,"[""HTR3A""]",[],[],[],"[[""CHEMBL1899"", ""ANTAGONIST""]]",0,0,0.008402029746276662,0.008402029746276662
CHEMBL2374220,LEDIPASVIR,"[""Small molecule""]",2014,False,False,False,True,False,[],[],[],[],[],0,0,0,0
CHEMBL237500,LINAGLIPTIN,"[""Small molecule""]",2011,False,False,False,True,True,"[""DPP4""]",[],[],[],"[[""CHEMBL284"", ""INHIBITOR""]]",0,0,0.04595561328024786,0.04595561328024786
CHEMBL238071,VINDESINE,"[""Small molecule""]",,False,False,False,False,False,[],[],[],[],[],0,0,0,0
CHEMBL238804,SELEXIPAG,"[""Small molecule""]",2015,False,False,False,True,True,"[""PTGIR""]",[],[],[],"[[""CHEMBL1995"", ""AGONIST""]]",0,0,0.0018104339901936226,0.0018104339901936226
CHEMBL2396661,ALPELISIB,"[""Small molecule""]",2019,False,False,False,True,True,[],[],[],[],"[[""CHEMBL4005"", ""INHIBITOR""]]",0,0,0.0,0.0
CHEMBL2397415,ZAVEGEPANT,"[""Small molecule""]",2023,False,False,False,True,True,"[""CALCRL"", ""RAMP1""]",[],[],[],"[[""CHEMBL2107838"", ""ANTAGONIST""], [""CHEMBL3798"", ""ANTAGONIST""]]",0,0,0.010584612578877675,0.010584612578877675
CHEMBL24,ATENOLOL,"[""Small molecule""]",1981,False,False,False,True,True,"[""ADRB1""]",[],[],[],"[[""CHEMBL213"", ""ANTAGONIST""]]",0,0,0.02299311236507951,0.02299311236507951
CHEMBL2403108,CERITINIB,"[""Small molecule""]",2014,False,False,False,True,True,[],[],[],[],"[[""CHEMBL2111387"", ""INHIBITOR""], [""CHEMBL3883330"", ""INHIBITOR""], [""CHEMBL4247"", ""INHIBITOR""]]",0,0,0.0,0.0
CHEMBL2403238,CABOTEGRAVIR,"[""Small molecule""]",2021,False,False,False,True,False,[],[],[],[],[],0,0,0,0
CHEMBL240597,CHENODIOL,"[""Small molecule""]",1983,False,False,False,True,True,"[""NR1H4""]",[],[],[],"[[""CHEMBL2047"", ""AGONIST""]]",0,0,0.037656059478863094,0.037656059478863094
CHEMBL243712,AMISULPRIDE,"[""Small molecule""]",1986,False,False,False,True,True,"[""HTR1B"", ""HTR1D"", ""HTR3A"", ""HTR3C"", ""HTR4""]",[],[],[],"[[""CHEMBL2095169"", ""ANTAGONIST""], [""CHEMBL2096904"", ""ANTAGONIST""]]",0,0,0.055666787679624435,0.055666787679624435
CHEMBL2443262,OLICERIDINE,"[""Small molecule""]",2020,False,False,False,True,True,[],[],[],[],"[[""CHEMBL233"", ""AGONIST""]]",0,0,0.0,0.0
CHEMBL24441,BETAHISTINE,"[""Small molecule""]",,False,False,False,True,True,[],[],[],[],"[[""CHEMBL231"", ""AGONIST""], [""CHEMBL264"", ""ANTAGONIST""]]",0,0,0.0,0.0
CHEMBL24778,SILODOSIN,"[""Small molecule""]",2008,False,False,False,True,True,[],[],[],[],"[[""CHEMBL229"", ""ANTAGONIST""]]",0,0,0,0
CHEMBL247951,PEMAFIBRATE,"[""Small molecule""]",2017,False,False,False,True,True,[],[],[],[],"[[""CHEMBL239"", ""AGONIST""]]",0,0,0.0,0.0
CHEMBL24828,VANDETANIB,"[""Small molecule""]",2011,False,False,False,True,True,"[""EPHA4"", ""EPHA5"", ""EPHA6"", ""EPHA7"", ""ERBB3"", ""FLT1"", ""KDR"", ""PTK6"", ""TEK""]","[""ERBB3""]",[],[],"[[""CHEMBL2041"", ""INHIBITOR""], [""CHEMBL2095227"", ""INHIBITOR""], [""CHEMBL2363043"", ""INHIBITOR""], [""CHEMBL2363049"", ""INHIBITOR""], [""CHEMBL267"", ""INHIBITOR""], [""CHEMBL4128"", ""INHIBITOR""], [""CHEMBL4601"", ""INHIBITOR""]]",0,0.10647772463174865,0.08518217970539893,0.08518217970539893
CHEMBL24924,FLUINDIONE,"[""Small molecule""]",,False,False,False,False,False,[],[],[],[],[],0,0,0,0
CHEMBL249837,METHACYCLINE,"[""Small molecule""]",1982,False,False,False,True,False,[],[],[],[],[],0,0,0,0
CHEMBL249856,ENOXIMONE,"[""Small molecule""]",,False,False,False,True,True,[],[],[],[],"[[""CHEMBL2094125"", ""INHIBITOR""]]",0,0,0,0
CHEMBL25,ASPIRIN,"[""Small molecule""]",1950,False,False,False,True,True,"[""PTGS2""]",[],[],[],"[[""CHEMBL2094253"", ""INHIBITOR""]]",0,0,0.08012979869524581,0.08012979869524581
CHEMBL25105,HEXAMIDINE,"[""Small molecule""]",,False,False,False,False,False,[],[],[],[],[],0,0,0,0
CHEMBL251634,FLUOCORTOLONE,"[""Small molecule""]",,False,False,False,False,False,[],[],[],[],[],0,0,0,0
CHEMBL251940,PERICIAZINE,"[""Small molecule""]",,False,False,False,False,False,[],[],[],[],[],0,0,0,0
CHEMBL25202,TAMIBAROTENE,"[""Small molecule""]",,False,False,False,True,True,[],[],[],[],"[[""CHEMBL2008"", ""AGONIST""], [""CHEMBL2055"", ""AGONIST""]]",1,0,0.0,0.0
CHEMBL252556,IDEBENONE,"[""Small molecule""]",2015,False,False,False,True,False,[],[],[],[],[],0,0,0,0
CHEMBL253376,BROMHEXINE,"[""Small molecule""]",,False,False,False,True,False,[],[],[],[],[],0,0,0,0
CHEMBL254219,DIGITOXIN,"[""Small molecule""]",1982,False,False,False,True,True,"[""ATP1A2""]",[],[],[],"[[""CHEMBL2095186"", ""INHIBITOR""]]",0,0,0.002791677965104126,0.002791677965104126
CHEMBL254316,RALTEGRAVIR,"[""Small molecule""]",2007,False,False,False,True,False,[],[],[],[],[],0,0,0,0
CHEMBL254328,ABIRATERONE,"[""Small molecule""]",,False,False,False,True,True,[],[],[],[],"[[""CHEMBL1871"", ""ANTAGONIST""], [""CHEMBL2363075"", ""INHIBITOR""], [""CHEMBL3522"", ""INHIBITOR""]]",0,0,0.0,0.0
CHEMBL255863,NILOTINIB,"[""Small molecule""]",2007,False,False,False,True,True,[],[],[],[],"[[""CHEMBL1862"", ""INHIBITOR""], [""CHEMBL2096618"", ""INHIBITOR""]]",0,0,0.0,0.0
CHEMBL256087,MENTHOL,"[""Small molecule""]",2008,False,False,False,True,True,[],[],[],[],"[[""CHEMBL1075319"", ""OPENER""], [""CHEMBL6007"", ""OPENER""]]",0,0,0.0,0.0
CHEMBL256105,MONENSIN,"[""Small molecule""]",,False,False,False,False,False,[],[],[],[],[],0,0,0,0
CHEMBL256907,MARAVIROC,"[""Small molecule""]",2007,False,False,False,True,True,"[""CCR5""]",[],[],[],"[[""CHEMBL274"", ""ANTAGONIST""]]",0,0,0.003611688103923521,0.003611688103923521
CHEMBL256997,ATALUREN,"[""Small molecule""]",2014,False,False,False,True,True,"[""RPL21"", ""RPL3"", ""RPL37"", ""RPS26"", ""RPS9""]","[""RPL21"", ""RPL3"", ""RPL37"", ""RPS26"", ""RPS9""]",[],[],"[[""CHEMBL3987582"", ""MODULATOR""]]",0,0.4446314648965719,0.35570517191725753,0.35570517191725753
CHEMBL258918,MESTEROLONE,"[""Small molecule""]",,False,False,False,False,False,[],[],[],[],[],0,0,0,0
CHEMBL259209,MILNACIPRAN,"[""Small molecule""]",2009,False,False,False,True,True,"[""SLC6A4""]",[],[],[],"[[""CHEMBL222"", ""INHIBITOR""], [""CHEMBL228"", ""INHIBITOR""]]",0,0,0.09284028451546111,0.09284028451546111
CHEMBL259571,TAPINAROF,"[""Small molecule""]",2022,False,False,False,True,True,"[""AHR""]","[""AHR""]",[],[],"[[""CHEMBL3201"", ""AGONIST""]]",0,0.22006664787153107,0.17605331829722487,0.17605331829722487
CHEMBL259972,MOFEZOLAC,"[""Small molecule""]",1994,False,False,False,True,True,[],[],[],[],"[[""CHEMBL221"", ""INHIBITOR""]]",0,0,0.0,0.0
CHEMBL26,SULPIRIDE,"[""Small molecule""]",,False,False,False,True,True,[],[],[],[],"[[""CHEMBL217"", ""ANTAGONIST""]]",0,0,0.0,0.0
CHEMBL261772,MECLOCYCLINE SULFOSALICYLATE,"[""Small molecule""]",1982,False,False,False,True,False,[],[],[],[],[],0,0,0,0
CHEMBL262135,GALLIUM OXODOTREOTIDE,"[""Protein""]",2016,False,False,False,True,False,[],[],[],[],[],0,0,0,0
CHEMBL262777,VANCOMYCIN,"[""Small molecule""]",1964,False,False,False,True,False,[],[],[],[],[],2,0,0,0
CHEMBL264241,ANIDULAFUNGIN,"[""Small molecule""]",2006,False,False,False,True,False,[],[],[],[],[],0,0,0,0
CHEMBL266349,MELAGATRAN,"[""Small molecule""]",2004,False,False,False,False,False,[],[],[],[],[],0,0,0,0
CHEMBL267345,AMPHOTERICIN B,"[""Small molecule""]",1964,False,False,False,True,False,[],[],[],[],[],0,0,0,0
CHEMBL267495,NALFURAFINE,"[""Small molecule""]",2009,False,False,False,True,True,[],[],[],[],"[[""CHEMBL237"", ""AGONIST""]]",0,0,0.0,0.0
CHEMBL267936,MECAMYLAMINE,"[""Small molecule""]",1956,False,False,False,True,True,"[""CHRNA3""]",[],[],[],"[[""CHEMBL1907594"", ""NEGATIVE ALLOSTERIC MODULATOR""]]",0,0,0.006949115048094263,0.006949115048094263
CHEMBL269732,TACROLIMUS ANHYDROUS,"[""Small molecule""]",1994,False,False,False,True,True,[],[],[],[],"[[""CHEMBL1902"", ""INHIBITOR""]]",3,0,0.0,0.0
CHEMBL27,PROPRANOLOL,"[""Small molecule""]",1967,False,False,False,True,True,"[""ADRB1""]",[],[],[],"[[""CHEMBL210"", ""ANTAGONIST""], [""CHEMBL213"", ""ANTAGONIST""]]",0,0,0.02299311236507951,0.02299311236507951
CHEMBL270190,ALVIMOPAN,"[""Small molecule""]",2008,False,False,False,True,True,[],[],[],[],"[[""CHEMBL233"", ""ANTAGONIST""]]",0,0,0.0,0.0
CHEMBL271227,ABIRATERONE ACETATE,"[""Small molecule""]",2011,False,False,False,True,True,[],[],[],[],"[[""CHEMBL3522"", ""INHIBITOR""]]",0,0,0,0
CHEMBL272427,TAURURSODIOL,"[""Small molecule""]",2022,False,False,False,True,False,[],[],[],[],[],0,0,0,0
CHEMBL276568,"CEFPROZIL ANHYDROUS, (E)-","[""Small molecule""]",1991,False,False,False,True,False,[],[],[],[],[],0,0,0,0
CHEMBL276832,HYDRALAZINE,"[""Small molecule""]",1953,False,False,False,True,False,[],[],[],[],[],0,0,0,0
CHEMBL277062,BROMAZEPAM,"[""Small molecule""]",,False,False,False,True,True,"[""GABRA2""]",[],[],[],"[[""CHEMBL4956"", ""POSITIVE ALLOSTERIC MODULATOR""]]",0,0,0.01293767411264852,0.01293767411264852
CHEMBL277535,BIFONAZOLE,"[""Small molecule""]",,False,False,False,True,False,[],[],[],[],[],0,0,0,0
CHEMBL278020,NEOSTIGMINE,"[""Small molecule""]",2013,False,False,False,True,True,"[""ACHE""]",[],[],[],"[[""CHEMBL220"", ""INHIBITOR""]]",0,0,0.0037763442209485785,0.0037763442209485785
CHEMBL27810,CELIPROLOL,"[""Small molecule""]",,False,False,False,True,True,"[""ADRA2A"", ""ADRA2C"", ""ADRB1""]","[""ADRA2A""]",[],[],"[[""CHEMBL2095158"", ""ANTAGONIST""], [""CHEMBL210"", ""PARTIAL AGONIST""], [""CHEMBL213"", ""ANTAGONIST""]]",0,0.21032116470427323,0.1682569317634186,0.1682569317634186
CHEMBL278623,MACIMORELIN,"[""Small molecule""]",2017,False,False,False,True,True,[],[],[],[],"[[""CHEMBL4616"", ""AGONIST""]]",0,0,0.0,0.0
CHEMBL279516,INDORAMIN,"[""Small molecule""]",,False,False,False,False,False,[],[],[],[],[],0,0,0,0
CHEMBL282121,MEBEVERINE,"[""Small molecule""]",,False,False,False,False,False,[],[],[],[],[],0,0,0,0
CHEMBL28218,BROMPERIDOL,"[""Small molecule""]",,False,False,False,True,True,[],[],[],[],"[[""CHEMBL217"", ""ANTAGONIST""]]",0,0,0.0,0.0
CHEMBL28333,MEDAZEPAM,"[""Small molecule""]",,False,False,False,False,False,[],[],[],[],[],0,0,0,0
CHEMBL284092,GEPIRONE,"[""Small molecule""]",2023,False,False,False,True,True,[],[],[],[],"[[""CHEMBL214"", ""AGONIST""]]",0,0,0,0
CHEMBL284348,DALFAMPRIDINE,"[""Small molecule""]",2010,False,False,False,True,True,"[""KCNA1"", ""KCNA5"", ""KCNB1"", ""KCND3"", ""KCNG1"", ""KCNG2"", ""KCNG3"", ""KCNH2"", ""KCNH5"", ""KCNH6"", ""KCNH7"", ""KCNH8"", ""KCNQ2""]","[""KCNG2"", ""KCNH8""]",[],[],"[[""CHEMBL2362996"", ""BLOCKER""]]",0,0.5963435315821193,0.47707482526569545,0.47707482526569545
CHEMBL284906,NICORANDIL,"[""Small molecule""]",,False,False,False,False,False,[],[],[],[],[],0,0,0,0
CHEMBL285674,ESTAZOLAM,"[""Small molecule""]",1990,False,False,False,True,True,"[""GABRA2"", ""GABRA4"", ""GABRA5"", ""GABRB2"", ""GABRE"", ""GABRG1"", ""GABRP""]",[],[],[],"[[""CHEMBL2093872"", ""POSITIVE ALLOSTERIC MODULATOR""]]",0,0,0.014213049242877394,0.014213049242877394
CHEMBL288441,BOSUTINIB,"[""Small molecule""]",2012,False,False,False,True,True,"[""HCK"", ""LYN""]",[],[],[],"[[""CHEMBL1862"", ""INHIBITOR""], [""CHEMBL2096618"", ""INHIBITOR""], [""CHEMBL267"", ""INHIBITOR""], [""CHEMBL3234"", ""INHIBITOR""], [""CHEMBL3905"", ""INHIBITOR""]]",0,0,0.005972636640210107,0.005972636640210107
CHEMBL289469,GRANISETRON,"[""Small molecule""]",1993,False,False,False,True,True,"[""HTR3A""]",[],[],[],"[[""CHEMBL1899"", ""ANTAGONIST""]]",0,0,0.008402029746276662,0.008402029746276662
CHEMBL289480,RILMENIDINE,"[""Small molecule""]",1987,False,False,False,True,True,[],[],[],[],"[[""CHEMBL3923"", ""AGONIST""]]",0,0,0,0
CHEMBL29,PENICILLIN G,"[""Small molecule""]",1947,False,False,False,True,False,[],[],[],[],[],0,0,0,0
CHEMBL290916,EDARAVONE,"[""Small molecule""]",2017,False,False,False,True,False,[],[],[],[],[],0,0,0,0
CHEMBL290960,NIFURTIMOX,"[""Small molecule""]",2020,False,False,False,True,False,[],[],[],[],[],0,0,0,0
CHEMBL291657,CRINECERFONT,"[""Small molecule""]",2024,False,False,False,True,True,"[""CRHR1""]",[],[],[],"[[""CHEMBL1800"", ""ANTAGONIST""]]",0,0,0.009624553556590214,0.009624553556590214
CHEMBL294199,CAPSAICIN,"[""Small molecule""]",2009,False,False,False,True,True,[],[],[],[],"[[""CHEMBL4794"", ""OPENER""]]",0,0,0.0,0.0
CHEMBL295698,LEVOKETOCONAZOLE,"[""Small molecule""]",2021,False,False,False,True,True,[],[],[],[],"[[""CHEMBL1908"", ""INHIBITOR""], [""CHEMBL2033"", ""INHIBITOR""], [""CHEMBL2722"", ""INHIBITOR""], [""CHEMBL3522"", ""INHIBITOR""]]",0,0,0,0
CHEMBL296306,LACTULOSE,"[""Small molecule""]",1976,False,False,False,True,False,[],[],[],[],[],0,0,0,0
CHEMBL297302,BENPERIDOL,"[""Small molecule""]",,False,False,False,True,True,[],[],[],[],"[[""CHEMBL217"", ""ANTAGONIST""]]",0,0,0.0,0.0
CHEMBL298470,TAFENOQUINE,"[""Small molecule""]",2018,False,False,False,True,False,[],[],[],[],[],0,0,0,0
CHEMBL298734,LONAFARNIB,"[""Small molecule""]",2020,False,False,False,True,True,[],[],[],[],"[[""CHEMBL2094108"", ""INHIBITOR""]]",0,0,0,0
CHEMBL3,NICOTINE,"[""Small molecule"", ""Unknown""]",1984,False,False,False,True,True,[],[],[],[],"[[""CHEMBL1907589"", ""AGONIST""]]",0,0,0.0,0.0
CHEMBL30,CIMETIDINE,"[""Small molecule""]",1977,False,False,False,True,True,"[""HRH2""]",[],[],[],"[[""CHEMBL1941"", ""ANTAGONIST""]]",0,0,0.004884421826549503,0.004884421826549503
CHEMBL301265,PRAMIPEXOLE,"[""Small molecule""]",1997,False,False,False,True,True,[],[],[],[],"[[""CHEMBL2331075"", ""AGONIST""]]",0,0,0.0,0.0
CHEMBL3039502,DUVELISIB,"[""Small molecule""]",2018,False,False,False,True,True,"[""PIK3CD""]",[],[],[],"[[""CHEMBL3130"", ""INHIBITOR""], [""CHEMBL3267"", ""INHIBITOR""]]",0,0,0.001799669242691684,0.001799669242691684
CHEMBL3039507,SOTAGLIFLOZIN,"[""Small molecule""]",2019,False,False,False,True,True,"[""SLC5A1"", ""SLC5A2""]",[],[],[],"[[""CHEMBL3884"", ""INHIBITOR""], [""CHEMBL4979"", ""INHIBITOR""]]",0,0,0.0487809188873706,0.0487809188873706
CHEMBL3039514,ELBASVIR,"[""Small molecule""]",2016,False,False,False,True,False,[],[],[],[],[],0,0,0,0
CHEMBL3039520,LASMIDITAN,"[""Small molecule""]",2020,False,False,False,True,True,[],[],[],[],"[[""CHEMBL1805"", ""AGONIST""]]",0,0,0,0
CHEMBL3039537,SEBELIPASE ALFA,"[""Enzyme""]",2015,False,False,False,True,False,[],[],[],[],[],0,0,0,0
CHEMBL3039540,ADUCANUMAB,"[""Antibody""]",2021,False,False,False,True,True,[],[],[],[],"[[""CHEMBL2487"", ""BINDING AGENT""]]",0,0,0.0,0.0
CHEMBL3039545,LUSPATERCEPT,"[""Protein""]",2019,False,False,False,True,True,"[""TGFB1""]",[],[],[],"[[""CHEMBL3988637"", ""INHIBITOR""]]",0,0,0.0040817738345395585,0.0040817738345395585
CHEMBL3039598,FOSINOPRIL,"[""Small molecule""]",1991,False,False,False,True,True,"[""ACE""]",[],[],[],"[[""CHEMBL1808"", ""INHIBITOR""]]",0,0,0.04760386061120864,0.04760386061120864
CHEMBL305660,EBASTINE,"[""Small molecule""]",1990,False,False,False,True,True,[],[],[],[],"[[""CHEMBL231"", ""INVERSE AGONIST""]]",0,0,0.0,0.0
CHEMBL306700,VILOXAZINE,"[""Small molecule""]",2021,False,False,False,True,True,[],[],[],[],"[[""CHEMBL222"", ""INHIBITOR""]]",0,0,0.0,0.0
CHEMBL307261,ARTENIMOL,"[""Small molecule""]",,False,False,False,True,False,[],[],[],[],[],0,0,0,0
CHEMBL3085436,VIOMYCIN,"[""Protein""]",1982,False,False,False,True,False,[],[],[],[],[],0,0,0,0
CHEMBL308954,ETRAVIRINE,"[""Small molecule""]",2008,False,False,False,True,False,[],[],[],[],[],0,0,0,0
CHEMBL3099695,OSILODROSTAT,"[""Small molecule""]",2020,False,False,False,True,True,[],[],[],[],"[[""CHEMBL1908"", ""INHIBITOR""]]",0,0,0,0
CHEMBL3112741,RELEBACTAM ANHYDROUS,"[""Small molecule""]",2019,False,False,False,True,False,[],[],[],[],[],0,0,0,0
CHEMBL312448,XYLOMETAZOLINE,"[""Small molecule""]",,False,False,False,True,True,"[""ADRA1B"", ""ADRA1D"", ""ADRA2A"", ""ADRA2C""]","[""ADRA2A""]",[],[],"[[""CHEMBL2095203"", ""AGONIST""]]",0,0.21032116470427323,0.1682569317634186,0.1682569317634186
CHEMBL3127326,OMBITASVIR,"[""Small molecule""]",2014,False,False,False,True,False,[],[],[],[],[],0,0,0,0
CHEMBL3137301,SACUBITRIL,"[""Small molecule""]",2015,False,False,False,True,True,"[""MME""]",[],[],[],"[[""CHEMBL1944"", ""INHIBITOR""]]",0,0,0.043003280589544765,0.043003280589544765
CHEMBL3137308,PEFICITINIB,"[""Small molecule""]",2019,False,False,False,True,True,"[""JAK2"", ""JAK3"", ""TYK2""]","[""JAK2"", ""TYK2""]",[],[],"[[""CHEMBL2363062"", ""INHIBITOR""]]",0,0.8618771110824588,0.6895016888659671,0.6895016888659671
CHEMBL3137309,VENETOCLAX,"[""Small molecule""]",2016,False,False,False,True,True,[],[],[],[],"[[""CHEMBL4860"", ""INHIBITOR""]]",0,0,0.0,0.0
CHEMBL3137312,DASABUVIR,"[""Small molecule""]",2014,False,False,False,True,False,[],[],[],[],[],0,0,0,0
CHEMBL3137320,TALAZOPARIB,"[""Small molecule""]",2018,False,False,False,True,True,[],[],[],[],"[[""CHEMBL3105"", ""INHIBITOR""], [""CHEMBL5366"", ""INHIBITOR""]]",0,0,0.0,0.0
CHEMBL3137321,BENZHYDROCODONE,"[""Small molecule""]",2018,False,False,False,True,True,[],[],[],[],"[[""CHEMBL2095181"", ""AGONIST""]]",0,0,0.0,0.0
CHEMBL3137327,OMEGA-3-CARBOXYLIC ACIDS,"[""Unknown""]",2014,False,False,False,True,False,[],[],[],[],[],1,0,0,0
CHEMBL3137342,DINUTUXIMAB,"[""Antibody""]",2015,False,False,False,True,False,[],[],[],[],[],0,0,0,0
CHEMBL3137343,PEMBROLIZUMAB,"[""Antibody""]",2014,False,False,False,True,True,[],[],[],[],"[[""CHEMBL3307223"", ""INHIBITOR""]]",0,0,0.0,0.0
CHEMBL313972,MASOPROCOL,"[""Small molecule""]",1992,False,False,False,True,True,[],[],[],[],"[[""CHEMBL1824"", ""INHIBITOR""], [""CHEMBL1957"", ""INHIBITOR""]]",0,0,0.0,0.0
CHEMBL314437,MEPTAZINOL,"[""Small molecule""]",,False,False,False,True,True,[],[],[],[],"[[""CHEMBL233"", ""PARTIAL AGONIST""]]",0,0,0.0,0.0
CHEMBL314854,FINGOLIMOD,"[""Small molecule""]",2010,False,False,False,True,True,"[""S1PR3"", ""S1PR4"", ""S1PR5""]",[],[],[],"[[""CHEMBL2363041"", ""AGONIST""], [""CHEMBL2363041"", ""BINDING AGENT""]]",0,0,0.0029161893944887373,0.0029161893944887373
CHEMBL315795,CLOMETHIAZOLE,"[""Small molecule""]",,False,False,False,True,True,"[""GABRA2"", ""GABRA4"", ""GABRA5"", ""GABRB2"", ""GABRE"", ""GABRG1"", ""GABRP""]",[],[],[],"[[""CHEMBL2093872"", ""POSITIVE ALLOSTERIC MODULATOR""]]",0,0,0.014213049242877394,0.014213049242877394
CHEMBL315985,ESLICARBAZEPINE,"[""Small molecule""]",,False,False,False,True,True,"[""SCN4A"", ""SCN7A""]",[],[],[],"[[""CHEMBL2331043"", ""BLOCKER""]]",0,0,0.003247364880461054,0.003247364880461054
CHEMBL317052,REGADENOSON ANHYDROUS,"[""Small molecule""]",2008,False,False,False,True,True,[],[],[],[],"[[""CHEMBL251"", ""AGONIST""]]",0,0,0.0,0.0
CHEMBL317094,IMIDAPRIL,"[""Small molecule""]",1993,False,False,False,True,True,"[""ACE""]",[],[],[],"[[""CHEMBL1808"", ""INHIBITOR""]]",0,0,0.04760386061120864,0.04760386061120864
CHEMBL3182343,PIVAMPICILLIN,"[""Small molecule""]",,False,False,False,True,False,[],[],[],[],[],0,0,0,0
CHEMBL3183075,NIZATIDINE,"[""Small molecule""]",1988,False,False,False,True,True,"[""HRH2""]",[],[],[],"[[""CHEMBL1941"", ""ANTAGONIST""]]",0,0,0.004884421826549503,0.004884421826549503
CHEMBL3183184,OCTINOXATE,"[""Small molecule""]",1992,False,False,False,False,False,[],[],[],[],[],0,0,0,0
CHEMBL3183409,APALUTAMIDE,"[""Small molecule""]",2018,False,False,False,True,True,[],[],[],[],"[[""CHEMBL1871"", ""ANTAGONIST""]]",0,0,0.0,0.0
CHEMBL3184512,CLINDAMYCIN PHOSPHATE,"[""Small molecule""]",1972,False,False,False,True,False,[],[],[],[],[],0,0,0,0
CHEMBL3187365,ASENAPINE,"[""Small molecule""]",2009,False,False,False,True,True,[],[],[],[],"[[""CHEMBL217"", ""ANTAGONIST""], [""CHEMBL224"", ""ANTAGONIST""]]",0,0,0.0,0.0
CHEMBL3187723,BINIMETINIB,"[""Small molecule""]",2018,False,False,False,True,True,[],[],[],[],"[[""CHEMBL2964"", ""INHIBITOR""], [""CHEMBL3587"", ""INHIBITOR""]]",0,0,0.0,0.0
CHEMBL3188267,CAPMATINIB,"[""Small molecule""]",2020,False,False,False,True,True,[],[],[],[],"[[""CHEMBL3717"", ""INHIBITOR""]]",0,0,0,0
CHEMBL319144,MINODRONIC ACID,"[""Small molecule""]",,False,False,False,True,True,"[""FDPS""]","[""FDPS""]",[],[],"[[""CHEMBL1782"", ""INHIBITOR""]]",0,0.09220896409440398,0.07376717127552318,0.07376717127552318
CHEMBL32,MOXIFLOXACIN,"[""Small molecule""]",1999,False,False,False,True,False,[],[],[],[],[],0,0,0,0
CHEMBL3218576,COPANLISIB,"[""Small molecule""]",2017,False,False,False,True,True,"[""PIK3CD""]",[],[],[],"[[""CHEMBL3130"", ""INHIBITOR""], [""CHEMBL4005"", ""INHIBITOR""]]",0,0,0.001799669242691684,0.001799669242691684
CHEMBL3237547,CEDAZURIDINE,"[""Small molecule""]",2020,False,False,False,True,True,[],[],[],[],"[[""CHEMBL4502"", ""INHIBITOR""]]",0,0,0,0
CHEMBL32479,BROTIZOLAM,"[""Small molecule""]",1984,False,False,False,False,False,[],[],[],[],[],0,0,0,0
CHEMBL325041,BORTEZOMIB,"[""Small molecule""]",2003,False,False,False,True,True,"[""PSMA6"", ""PSMB8"", ""PSMB9""]","[""PSMA6""]",[],[],"[[""CHEMBL2364701"", ""INHIBITOR""]]",0,0.5367027789988335,0.4293622231990668,0.4293622231990668
CHEMBL3261331,RESMETIROM,"[""Small molecule""]",2024,False,False,False,True,True,"[""THRB""]",[],[],[],"[[""CHEMBL1947"", ""AGONIST""]]",0,0,0.005764503715500481,0.005764503715500481
CHEMBL328190,LASOFOXIFENE,"[""Small molecule""]",2009,False,False,False,True,True,"[""ESR1""]",[],[],[],"[[""CHEMBL2093866"", ""MODULATOR""]]",0,0,0.0026647551378045638,0.0026647551378045638
CHEMBL328560,SULTHIAME,"[""Small molecule""]",,False,False,False,True,True,"[""CA1"", ""CA12"", ""CA13"", ""CA2"", ""CA3"", ""CA4"", ""CA7"", ""CA9""]",[],[],[],"[[""CHEMBL2095180"", ""INHIBITOR""]]",0,0,0.080141381021659,0.080141381021659
CHEMBL3286830,LORLATINIB,"[""Small molecule""]",2018,False,False,False,True,True,[],[],[],[],"[[""CHEMBL3883330"", ""INHIBITOR""], [""CHEMBL4247"", ""INHIBITOR""]]",0,0,0.0,0.0
CHEMBL3291398,LEFAMULIN,"[""Small molecule""]",2019,False,False,False,True,False,[],[],[],[],[],0,0,0,0
CHEMBL33,LEVOFLOXACIN ANHYDROUS,"[""Small molecule""]",1996,False,False,False,True,False,[],[],[],[],[],0,0,0,0
CHEMBL3301572,NUSINERSEN,"[""Oligonucleotide""]",2016,False,False,False,True,False,[],[],[],[],[],0,0,0,0
CHEMBL3301574,TISAGENLECLEUCEL,"[""Cell""]",2018,False,False,False,True,True,[],[],[],[],"[[""CHEMBL3390821"", ""BINDING AGENT""]]",0,0,0.0,0.0
CHEMBL3301581,ABALOPARATIDE,"[""Protein""]",2017,False,False,False,True,True,[],[],[],[],"[[""CHEMBL1793"", ""AGONIST""]]",0,0,0,0
CHEMBL3301582,POLATUZUMAB VEDOTIN,"[""Antibody drug conjugate""]",2019,False,False,False,True,True,"[""TUBB2B"", ""TUBB6""]",[],[],[],"[[""CHEMBL2095182"", ""INHIBITOR""], [""CHEMBL3712852"", ""BINDING AGENT""]]",0,0,0.0030526420852343686,0.0030526420852343686
CHEMBL3301583,ANDEXANET ALFA,"[""Protein""]",2019,False,False,False,True,True,"[""TFPI""]",[],[],[],"[[""CHEMBL3713062"", ""INHIBITOR""]]",0,0,0.0033143528439810773,0.0033143528439810773
CHEMBL3301587,DURVALUMAB,"[""Antibody""]",2017,False,False,False,True,True,"[""CD274""]",[],[],[],"[[""CHEMBL3580522"", ""INHIBITOR""]]",0,0,0.044842704704928855,0.044842704704928855
CHEMBL3301589,ENFORTUMAB VEDOTIN,"[""Antibody drug conjugate""]",2019,False,False,False,True,True,"[""TUBB2B"", ""TUBB6""]",[],[],[],"[[""CHEMBL2095182"", ""INHIBITOR""], [""CHEMBL3712928"", ""BINDING AGENT""]]",0,0,0.0030526420852343686,0.0030526420852343686
CHEMBL3301592,SODIUM ZIRCONIUM CYCLOSILICATE,"[""Small molecule""]",2018,False,False,False,True,False,[],[],[],[],[],0,0,0,0
CHEMBL3301594,FOSTEMSAVIR,"[""Small molecule""]",2020,False,False,False,True,False,[],[],[],[],[],0,0,0,0
CHEMBL3301607,FILGOTINIB,"[""Small molecule""]",2020,False,False,False,True,True,"[""JAK2"", ""JAK3"", ""TYK2""]","[""JAK2"", ""TYK2""]",[],[],"[[""CHEMBL2148"", ""INHIBITOR""], [""CHEMBL2835"", ""INHIBITOR""], [""CHEMBL2971"", ""INHIBITOR""], [""CHEMBL3553"", ""INHIBITOR""]]",5,0.8618771110824588,0.6895016888659671,0.6895016888659671
CHEMBL3301610,ABEMACICLIB,"[""Small molecule""]",2017,False,False,False,True,True,[],[],[],[],"[[""CHEMBL2508"", ""INHIBITOR""], [""CHEMBL331"", ""INHIBITOR""]]",0,0,0.0,0.0
CHEMBL3301612,ENCORAFENIB,"[""Small molecule""]",2018,False,False,False,True,True,[],[],[],[],"[[""CHEMBL5145"", ""INHIBITOR""]]",0,0,0.0,0.0
CHEMBL3301622,GILTERITINIB,"[""Small molecule""]",2018,False,False,False,True,True,[],[],[],[],"[[""CHEMBL1974"", ""INHIBITOR""], [""CHEMBL4895"", ""INHIBITOR""]]",0,0,0.0,0.0
CHEMBL3301624,SETMELANOTIDE,"[""Protein""]",2020,False,False,False,True,True,"[""MC4R""]",[],[],[],"[[""CHEMBL259"", ""AGONIST""]]",0,0,0.003030953014762883,0.003030953014762883
CHEMBL3301668,CARBETOCIN,"[""Protein""]",,False,False,False,True,True,[],[],[],[],"[[""CHEMBL2049"", ""AGONIST""]]",0,0,0,0
CHEMBL3301669,DALBAVANCIN,"[""Protein""]",2014,False,False,False,True,False,[],[],[],[],[],0,0,0,0
CHEMBL3301675,LINACLOTIDE,"[""Protein""]",2012,False,False,False,True,True,[],[],[],[],"[[""CHEMBL1795197"", ""AGONIST""]]",0,0,0.0,0.0
CHEMBL3304485,TENAPANOR,"[""Small molecule""]",2019,False,False,False,True,True,"[""SLC9A3""]",[],[],[],"[[""CHEMBL3273"", ""INHIBITOR""]]",0,0,0.00504535629851123,0.00504535629851123
CHEMBL3306803,LUMATEPERONE,"[""Small molecule""]",2019,False,False,False,True,True,"[""SLC6A4""]",[],[],[],"[[""CHEMBL217"", ""ANTAGONIST""], [""CHEMBL224"", ""ANTAGONIST""], [""CHEMBL228"", ""INHIBITOR""]]",0,0,0.09284028451546111,0.09284028451546111
CHEMBL3311228,OTESECONAZOLE,"[""Small molecule""]",2022,False,False,False,True,False,[],[],[],[],[],0,0,0,0
CHEMBL3317857,VABORBACTAM,"[""Small molecule""]",2017,False,False,False,True,False,[],[],[],[],[],0,0,0,0
CHEMBL3348923,TOVORAFENIB,"[""Small molecule""]",2024,False,False,False,True,True,[],[],[],[],"[[""CHEMBL3559685"", ""INHIBITOR""]]",0,0,0.0,0.0
CHEMBL3349607,PASIREOTIDE,"[""Protein""]",2012,False,False,False,True,True,[],[],[],[],"[[""CHEMBL1792"", ""AGONIST""], [""CHEMBL1804"", ""AGONIST""], [""CHEMBL1917"", ""AGONIST""], [""CHEMBL2028"", ""AGONIST""]]",0,0,0.0,0.0
CHEMBL334966,CANGRELOR,"[""Small molecule""]",2015,False,False,False,True,True,[],[],[],[],"[[""CHEMBL2001"", ""ANTAGONIST""], [""CHEMBL2001"", ""INHIBITOR""]]",0,0,0,0
CHEMBL3353410,OSIMERTINIB,"[""Small molecule""]",2015,False,False,False,True,True,[],[],[],[],"[[""CHEMBL203"", ""INHIBITOR""]]",0,0,0.0,0.0
CHEMBL3358920,ETRASIMOD,"[""Small molecule""]",2023,False,False,False,True,True,"[""S1PR4"", ""S1PR5""]",[],[],[],"[[""CHEMBL2274"", ""MODULATOR""], [""CHEMBL3230"", ""MODULATOR""], [""CHEMBL4333"", ""AGONIST""], [""CHEMBL4333"", ""MODULATOR""]]",1,0,0.0025302245499974536,0.0025302245499974536
CHEMBL3391662,PARITAPREVIR,"[""Small molecule""]",2014,False,False,False,True,False,[],[],[],[],[],0,0,0,0
CHEMBL339427,TUBOCURARINE,"[""Small molecule""]",1945,False,False,False,True,True,"[""CHRNA1""]",[],[],[],"[[""CHEMBL2362997"", ""ANTAGONIST""]]",0,0,0.019017436200454825,0.019017436200454825
CHEMBL33986,BUTORPHANOL,"[""Small molecule""]",1978,False,False,False,True,True,[],[],[],[],"[[""CHEMBL233"", ""PARTIAL AGONIST""], [""CHEMBL237"", ""PARTIAL AGONIST""]]",0,0,0.0,0.0
CHEMBL3402762,TEPOTINIB,"[""Small molecule""]",2021,False,False,False,True,True,[],[],[],[],"[[""CHEMBL3717"", ""INHIBITOR""]]",0,0,0,0
CHEMBL3414621,TAZEMETOSTAT,"[""Small molecule""]",2020,False,False,False,True,True,[],[],[],[],"[[""CHEMBL2189110"", ""INHIBITOR""]]",0,0,0.0,0.0
CHEMBL34259,METHOTREXATE,"[""Small molecule""]",1953,False,False,False,True,True,[],[],[],[],"[[""CHEMBL202"", ""INHIBITOR""]]",8,0,0.0,0.0
CHEMBL343448,ROMIDEPSIN,"[""Protein""]",2009,False,False,False,True,True,"[""HDAC7""]","[""HDAC7""]",[],[],"[[""CHEMBL2093865"", ""INHIBITOR""]]",0,0.4839866926943743,0.38718935415549943,0.38718935415549943
CHEMBL344159,TOLVAPTAN,"[""Small molecule""]",2009,False,False,False,True,True,[],[],[],[],"[[""CHEMBL1790"", ""ANTAGONIST""]]",0,0,0,0
CHEMBL345714,ACIPIMOX,"[""Small molecule""]",,False,False,False,True,False,[],[],[],[],[],0,0,0,0
CHEMBL349803,PIRETANIDE,"[""Small molecule""]",,False,False,False,False,False,[],[],[],[],[],0,0,0,0
CHEMBL35,FUROSEMIDE,"[""Small molecule""]",1966,False,False,False,True,True,[],[],[],[],"[[""CHEMBL1874"", ""INHIBITOR""]]",0,0,0,0
CHEMBL354077,AMIFAMPRIDINE,"[""Small molecule""]",2009,False,False,False,True,True,"[""KCNA1"", ""KCNA5"", ""KCNB1"", ""KCND3"", ""KCNG1"", ""KCNG2"", ""KCNG3"", ""KCNH2"", ""KCNH5"", ""KCNH6"", ""KCNH7"", ""KCNH8"", ""KCNQ2""]","[""KCNG2"", ""KCNH8""]",[],[],"[[""CHEMBL2362996"", ""BLOCKER""]]",0,0.5963435315821193,0.47707482526569545,0.47707482526569545
CHEMBL3544914,TEZACAFTOR,"[""Small molecule""]",2018,False,False,False,True,True,[],[],[],[],"[[""CHEMBL4051"", ""POSITIVE MODULATOR""]]",0,0,0.0,0.0
CHEMBL3544921,CERLIPONASE ALFA,"[""Enzyme""]",2017,False,False,False,True,False,[],[],[],[],[],0,0,0,0
CHEMBL3544926,OBILTOXAXIMAB,"[""Antibody""]",2016,False,False,False,True,False,[],[],[],[],[],0,0,0,0
CHEMBL3544988,DAPRODUSTAT,"[""Small molecule""]",2023,False,False,False,True,True,[],[],[],[],"[[""CHEMBL3831261"", ""INHIBITOR""]]",0,0,0.0,0.0
CHEMBL3544994,VOLANESORSEN,"[""Oligonucleotide""]",2019,False,False,False,True,False,[],[],[],[],[],0,0,0,0
CHEMBL3544996,IDARUCIZUMAB,"[""Antibody""]",2015,False,False,False,True,False,[],[],[],[],[],0,0,0,0
CHEMBL3545057,ACETYLDIGITOXIN,"[""Small molecule""]",1982,False,False,False,True,True,"[""ATP1A2""]",[],[],[],"[[""CHEMBL2095186"", ""INHIBITOR""]]",0,0,0.002791677965104126,0.002791677965104126
CHEMBL3545062,VELPATASVIR,"[""Small molecule""]",2016,False,False,False,True,False,[],[],[],[],[],0,0,0,0
CHEMBL3545110,RIBOCICLIB,"[""Small molecule""]",2017,False,False,False,True,True,[],[],[],[],"[[""CHEMBL2508"", ""INHIBITOR""], [""CHEMBL331"", ""INHIBITOR""]]",0,0,0.0,0.0
CHEMBL3545123,PIBRENTASVIR,"[""Small molecule""]",2017,False,False,False,True,False,[],[],[],[],[],0,0,0,0
CHEMBL3545131,ISATUXIMAB,"[""Antibody""]",2020,False,False,False,True,True,"[""CD38""]",[],[],[],"[[""CHEMBL4660"", ""INHIBITOR""]]",0,0,0.0085326022963597,0.0085326022963597
CHEMBL3545132,MIRVETUXIMAB SORAVTANSINE,"[""Antibody drug conjugate""]",2022,False,False,False,True,True,"[""TUBB2B"", ""TUBB6""]",[],[],[],"[[""CHEMBL2095182"", ""INHIBITOR""], [""CHEMBL2121"", ""BINDING AGENT""]]",0,0,0.0030526420852343686,0.0030526420852343686
CHEMBL3545184,ETELCALCETIDE,"[""Protein""]",2016,False,False,False,True,True,[],[],[],[],"[[""CHEMBL1878"", ""AGONIST""]]",0,0,0,0
CHEMBL3545185,SELINEXOR,"[""Small molecule""]",2019,False,False,False,True,True,"[""XPO1""]","[""XPO1""]",[],[],"[[""CHEMBL5661"", ""INHIBITOR""]]",0,0.05968953193478378,0.047751625547827026,0.047751625547827026
CHEMBL3545189,LANADELUMAB,"[""Antibody""]",2018,False,False,False,True,True,"[""KLKB1""]",[],[],[],"[[""CHEMBL2000"", ""INHIBITOR""]]",0,0,0.015696134126001696,0.015696134126001696
CHEMBL3545191,EVINACUMAB,"[""Antibody""]",2021,False,False,False,True,True,"[""ANGPTL3""]","[""ANGPTL3""]",[],[],"[[""CHEMBL3710485"", ""INHIBITOR""]]",0,0.10756875739610522,0.08605500591688418,0.08605500591688418
CHEMBL3545262,SACITUZUMAB GOVITECAN,"[""Antibody drug conjugate""]",2020,False,False,False,True,True,"[""TACSTD2""]",[],[],[],"[[""CHEMBL1781"", ""INHIBITOR""], [""CHEMBL3856163"", ""BINDING AGENT""]]",0,0,0.004424492136755014,0.004424492136755014
CHEMBL3545311,BRIGATINIB,"[""Small molecule""]",2017,False,False,False,True,True,[],[],[],[],"[[""CHEMBL203"", ""INHIBITOR""], [""CHEMBL4247"", ""INHIBITOR""]]",0,0,0.0,0.0
CHEMBL3545313,BEMPEDOIC ACID,"[""Small molecule""]",2020,False,False,False,True,True,[],[],[],[],"[[""CHEMBL3720"", ""INHIBITOR""]]",0,0,0.0,0.0
CHEMBL3545363,GLECAPREVIR,"[""Small molecule""]",2017,False,False,False,True,False,[],[],[],[],[],0,0,0,0
CHEMBL3545367,LEMBOREXANT,"[""Small molecule""]",2020,False,False,False,True,True,[],[],[],[],"[[""CHEMBL4792"", ""ANTAGONIST""], [""CHEMBL5113"", ""ANTAGONIST""]]",0,0,0.0,0.0
CHEMBL3545376,ERDAFITINIB,"[""Small molecule""]",2019,False,False,False,True,True,"[""FGFR1"", ""FGFR2"", ""FGFR3""]",[],[],[],"[[""CHEMBL2095217"", ""INHIBITOR""]]",0,0,0.004480953951410088,0.004480953951410088
CHEMBL354541,LOMITAPIDE,"[""Small molecule""]",2012,False,False,False,True,True,"[""MTTP""]",[],[],[],"[[""CHEMBL2364681"", ""INHIBITOR""]]",0,0,0.09524417799115151,0.09524417799115151
CHEMBL3545432,IXAZOMIB CITRATE,"[""Small molecule""]",2015,False,False,False,True,True,"[""PSMA6"", ""PSMB8"", ""PSMB9""]","[""PSMA6""]",[],[],"[[""CHEMBL2364701"", ""INHIBITOR""]]",0,0.5367027789988335,0.4293622231990668,0.4293622231990668
CHEMBL3545985,BENZPHETAMINE,"[""Small molecule""]",1960,False,False,False,True,True,[],[],[],[],"[[""CHEMBL1893"", ""INHIBITOR""], [""CHEMBL222"", ""RELEASING AGENT""]]",0,0,0.0,0.0
CHEMBL3546271,FLORTAUCIPIR,"[""Small molecule""]",2020,False,False,False,True,False,[],[],[],[],[],0,0,0,0
CHEMBL3547132,FLUORODOPA,"[""Small molecule""]",2019,False,False,False,True,False,[],[],[],[],[],0,0,0,0
CHEMBL3559672,RAUWOLFIA SERPENTINA,"[""Unknown""]",1954,False,False,False,True,True,"[""ADRA1B"", ""ADRA1D"", ""ADRA2A"", ""ADRA2C""]","[""ADRA2A""]",[],[],"[[""CHEMBL2095203"", ""ANTAGONIST""]]",0,0.21032116470427323,0.1682569317634186,0.1682569317634186
CHEMBL3578202,GOZETOTIDE,"[""Small molecule""]",2020,False,False,False,True,False,[],[],[],[],[],0,0,0,0
CHEMBL3590187,CLASCOTERONE,"[""Small molecule""]",2020,False,False,False,True,True,[],[],[],[],"[[""CHEMBL1871"", ""ANTAGONIST""]]",0,0,0.0,0.0
CHEMBL36,PYRIMETHAMINE,"[""Small molecule""]",1953,False,False,False,True,False,[],[],[],[],[],0,0,0,0
CHEMBL360055,GALLAMINE,"[""Small molecule""]",1982,False,False,False,True,True,"[""CHRNA1""]",[],[],[],"[[""CHEMBL2362997"", ""ANTAGONIST""]]",0,0,0.019017436200454825,0.019017436200454825
CHEMBL360328,LORCASERIN,"[""Small molecule""]",2012,False,False,False,True,True,[],[],[],[],"[[""CHEMBL225"", ""AGONIST""]]",0,0,0,0
CHEMBL3608680,FEZOLINETANT,"[""Small molecule""]",2023,False,False,False,True,True,[],[],[],[],"[[""CHEMBL4429"", ""ANTAGONIST""]]",0,0,0,0
CHEMBL361497,ARTESUNATE,"[""Small molecule""]",2020,False,False,False,True,False,[],[],[],[],[],1,0,0,0
CHEMBL361812,RAMATROBAN,"[""Small molecule""]",2000,False,False,False,True,True,[],[],[],[],"[[""CHEMBL2069"", ""ANTAGONIST""], [""CHEMBL5071"", ""ANTAGONIST""]]",0,0,0.0,0.0
CHEMBL3622821,UPADACITINIB,"[""Small molecule""]",2019,False,True,True,True,True,"[""JAK2"", ""JAK3"", ""TYK2""]","[""JAK2"", ""TYK2""]",[],[],"[[""CHEMBL2148"", ""INHIBITOR""], [""CHEMBL2835"", ""INHIBITOR""], [""CHEMBL2971"", ""INHIBITOR""], [""CHEMBL3553"", ""INHIBITOR""]]",10,0.8618771110824588,0.6895016888659671,0.6895016888659671
CHEMBL363392,MARALIXIBAT,"[""Small molecule""]",2021,False,False,False,True,True,"[""SLC10A2""]",[],[],[],"[[""CHEMBL2778"", ""INHIBITOR""]]",0,0,0.1039387171517776,0.1039387171517776
CHEMBL3643413,LENIOLISIB,"[""Small molecule""]",2023,False,False,False,True,True,"[""PIK3CD""]",[],[],[],"[[""CHEMBL3130"", ""INHIBITOR""]]",0,0,0.001799669242691684,0.001799669242691684
CHEMBL3646221,VADADUSTAT,"[""Small molecule""]",2023,False,False,False,True,True,[],[],[],[],"[[""CHEMBL3028"", ""INHIBITOR""], [""CHEMBL5697"", ""INHIBITOR""], [""CHEMBL5705"", ""INHIBITOR""]]",0,0,0.0,0.0
CHEMBL364713,NOSCAPINE,"[""Small molecule""]",,False,False,False,False,False,[],[],[],[],[],0,0,0,0
CHEMBL3655081,ABROCITINIB,"[""Small molecule""]",2021,False,False,False,True,True,[],[],[],[],"[[""CHEMBL2835"", ""INHIBITOR""]]",0,0,0.0,0.0
CHEMBL365795,TIAPROFENIC ACID,"[""Small molecule""]",,False,False,False,False,False,[],[],[],[],[],0,0,0,0
CHEMBL3668014,LINZAGOLIX,"[""Small molecule""]",2022,False,False,False,True,True,[],[],[],[],"[[""CHEMBL1855"", ""ANTAGONIST""]]",0,0,0,0
CHEMBL36715,PIRACETAM,"[""Small molecule""]",,False,False,False,False,False,[],[],[],[],[],0,0,0,0
CHEMBL3701238,FUTIBATINIB,"[""Small molecule""]",2022,False,False,False,True,True,"[""FGFR1"", ""FGFR2"", ""FGFR3""]",[],[],[],"[[""CHEMBL2095217"", ""INHIBITOR""]]",0,0,0.004480953951410088,0.004480953951410088
CHEMBL370143,PAROMOMYCIN,"[""Small molecule""]",1969,False,False,False,True,False,[],[],[],[],[],0,0,0,0
CHEMBL3707224,SOFPIRONIUM,"[""Small molecule""]",2024,False,False,False,True,True,"[""CHRM2"", ""CHRM3"", ""CHRM4""]",[],[],[],"[[""CHEMBL2094109"", ""INHIBITOR""]]",0,0,0.025558666715213216,0.025558666715213216
CHEMBL3707226,DEFIBROTIDE SODIUM,"[""Oligonucleotide""]",2013,False,False,False,True,True,[],[],[],[],"[[""CHEMBL1801"", ""ACTIVATOR""]]",0,0,0.0,0.0
CHEMBL3707227,ATEZOLIZUMAB,"[""Antibody""]",2016,False,False,False,True,True,"[""CD274""]",[],[],[],"[[""CHEMBL3580522"", ""INHIBITOR""]]",0,0,0.044842704704928855,0.044842704704928855
CHEMBL3707229,TEZEPELUMAB,"[""Antibody""]",2021,False,False,False,True,True,"[""TSLP""]","[""TSLP""]",[],[],"[[""CHEMBL3712931"", ""INHIBITOR""]]",0,0.1097122321181281,0.08776978569450249,0.08776978569450249
CHEMBL3707247,OZANIMOD,"[""Small molecule""]",2020,False,False,False,True,True,"[""S1PR5""]",[],[],[],"[[""CHEMBL2274"", ""MODULATOR""], [""CHEMBL4333"", ""MODULATOR""]]",6,0,0.0018843391271023903,0.0018843391271023903
CHEMBL3707275,VORETIGENE NEPARVOVEC,"[""Gene""]",2018,False,False,False,True,True,[],[],[],[],"[[""CHEMBL3831182"", ""EXOGENOUS GENE""]]",0,0,0.0,0.0
CHEMBL3707276,VOSORITIDE,"[""Protein""]",2021,False,False,False,True,True,[],[],[],[],"[[""CHEMBL1795"", ""BINDING AGENT""]]",0,0,0,0
CHEMBL3707290,SOMAPACITAN,"[""Small molecule""]",2020,False,False,False,True,True,"[""GHR""]",[],[],[],"[[""CHEMBL1976"", ""AGONIST""]]",0,0,0.004696662464314963,0.004696662464314963
CHEMBL3707310,LOTILANER,"[""Small molecule""]",2017,False,False,False,True,False,[],[],[],[],[],0,0,0,0
CHEMBL3707313,TRIFAROTENE,"[""Small molecule""]",2019,False,False,False,True,True,[],[],[],[],"[[""CHEMBL2003"", ""AGONIST""]]",0,0,0,0
CHEMBL3707314,METHOXY POLYETHYLENE GLYCOL-EPOETIN BETA,"[""Protein""]",2007,False,False,False,True,True,[],[],[],[],"[[""CHEMBL1817"", ""AGONIST""]]",0,0,0,0
CHEMBL3707322,LETIBOTULINUMTOXINA,"[""Unknown""]",,False,False,False,True,True,[],[],[],[],"[[""CHEMBL2364159"", ""HYDROLYTIC ENZYME""]]",0,0,0,0
CHEMBL3707326,BUROSUMAB,"[""Antibody""]",2018,False,False,False,True,True,[],[],[],[],"[[""CHEMBL3713913"", ""INHIBITOR""]]",0,0,0.0,0.0
CHEMBL3707328,GALCANEZUMAB,"[""Antibody""]",2018,False,False,False,True,True,[],[],[],[],"[[""CHEMBL3832947"", ""INHIBITOR""]]",0,0,0.0,0.0
CHEMBL3707331,ROLAPITANT,"[""Small molecule""]",2015,False,False,False,True,True,[],[],[],[],"[[""CHEMBL249"", ""ANTAGONIST""]]",0,0,0.0,0.0
CHEMBL3707348,ACALABRUTINIB,"[""Small molecule""]",2017,False,False,False,True,True,[],[],[],[],"[[""CHEMBL5251"", ""INHIBITOR""]]",0,0,0.0,0.0
CHEMBL3707357,BROLUCIZUMAB,"[""Antibody""]",2019,False,False,False,True,True,[],[],[],[],"[[""CHEMBL1783"", ""INHIBITOR""]]",0,0,0.0,0.0
CHEMBL3707358,OLIPUDASE ALFA,"[""Enzyme""]",2022,False,False,False,True,False,[],[],[],[],[],0,0,0,0
CHEMBL3707359,DAXIBOTULINUMTOXINA,"[""Unknown""]",2022,False,False,False,True,True,[],[],[],[],"[[""CHEMBL2364159"", ""INHIBITOR""]]",0,0,0,0
CHEMBL3707372,VOXILAPREVIR,"[""Small molecule""]",2017,False,False,False,True,False,[],[],[],[],[],0,0,0,0
CHEMBL3707377,SEGESTERONE ACETATE,"[""Small molecule""]",2018,False,False,False,True,True,"[""PGR""]",[],[],[],"[[""CHEMBL208"", ""AGONIST""]]",0,0,0.003002948450748786,0.003002948450748786
CHEMBL3707382,VESTRONIDASE ALFA,"[""Enzyme""]",2017,False,False,False,True,False,[],[],[],[],[],0,0,0,0
CHEMBL3707395,ELAFIBRANOR,"[""Small molecule""]",2024,False,False,False,True,True,[],[],[],[],"[[""CHEMBL239"", ""AGONIST""], [""CHEMBL3979"", ""AGONIST""]]",0,0,0.0,0.0
CHEMBL370805,COCAINE,"[""Small molecule""]",2017,False,False,False,True,True,"[""SCN4A"", ""SCN7A""]",[],[],[],"[[""CHEMBL2331043"", ""BLOCKER""]]",0,0,0.003247364880461054,0.003247364880461054
CHEMBL3716057,GEFAPIXANT,"[""Small molecule""]",2023,False,False,False,True,True,[],[],[],[],"[[""CHEMBL2998"", ""ANTAGONIST""]]",0,0,0.0,0.0
CHEMBL372795,STREPTOMYCIN,"[""Small molecule""]",1946,False,False,False,True,False,[],[],[],[],[],0,0,0,0
CHEMBL373742,VASOPRESSIN,"[""Protein""]",2014,False,False,False,True,True,"[""AVPR1A""]",[],[],[],"[[""CHEMBL2363078"", ""AGONIST""]]",0,0,0.015075052817374793,0.015075052817374793
CHEMBL374478,RIFAMPIN,"[""Small molecule""]",1971,False,False,False,True,False,[],[],[],[],[],0,0,0,0
CHEMBL374731,TELBIVUDINE,"[""Small molecule""]",2006,False,False,False,True,False,[],[],[],[],[],0,0,0,0
CHEMBL374975,FUSIDIC ACID,"[""Small molecule""]",,False,False,False,True,False,[],[],[],[],[],0,0,0,0
CHEMBL376140,TIGECYCLINE,"[""Small molecule""]",2005,False,False,False,True,False,[],[],[],[],[],0,0,0,0
CHEMBL376359,ALOGLIPTIN,"[""Small molecule""]",2013,False,False,False,True,True,"[""DPP4""]",[],[],[],"[[""CHEMBL284"", ""INHIBITOR""]]",0,0,0.04595561328024786,0.04595561328024786
CHEMBL376488,BEDAQUILINE,"[""Small molecule""]",2012,False,False,False,True,False,[],[],[],[],[],0,0,0,0
CHEMBL376897,METHSCOPOLAMINE,"[""Small molecule""]",1953,False,False,False,True,True,"[""CHRM3""]",[],[],[],"[[""CHEMBL216"", ""ANTAGONIST""], [""CHEMBL245"", ""ANTAGONIST""]]",0,0,0.008889800073886641,0.008889800073886641
CHEMBL3786343,OLMUTINIB,"[""Small molecule""]",2016,False,False,False,True,True,[],[],[],[],"[[""CHEMBL203"", ""INHIBITOR""]]",0,0,0.0,0.0
CHEMBL38,TRETINOIN,"[""Small molecule""]",1971,False,False,False,True,True,[],[],[],[],"[[""CHEMBL2363069"", ""AGONIST""]]",0,0,0.0,0.0
CHEMBL3813873,PEXIDARTINIB,"[""Small molecule""]",2019,False,False,False,True,True,"[""CSF1R""]",[],[],[],"[[""CHEMBL1844"", ""INHIBITOR""], [""CHEMBL1936"", ""INHIBITOR""], [""CHEMBL1974"", ""INHIBITOR""]]",0,0,0.004658557674953007,0.004658557674953007
CHEMBL382301,ATOSIBAN,"[""Protein""]",2000,False,False,False,True,True,[],[],[],[],"[[""CHEMBL2049"", ""ANTAGONIST""]]",0,0,0,0
CHEMBL3833301,BARBEXACLONE,"[""Small molecule""]",,False,False,False,True,False,[],[],[],[],[],0,0,0,0
CHEMBL3833307,SATRALIZUMAB,"[""Antibody""]",2020,False,False,False,True,True,"[""IL6R"", ""IL6ST""]","[""IL6R"", ""IL6ST""]",[],[],"[[""CHEMBL3137266"", ""ANTAGONIST""]]",0,0.6001553841847747,0.48012430734781975,0.48012430734781975
CHEMBL3833317,FERRIC PYROPHOSPHATE CITRATE,"[""Small molecule""]",2015,False,False,False,True,False,[],[],[],[],[],0,0,0,0
CHEMBL3833319,REVEFENACIN,"[""Small molecule""]",2018,False,False,False,True,True,"[""CHRM3""]",[],[],[],"[[""CHEMBL245"", ""ANTAGONIST""]]",0,0,0.008889800073886641,0.008889800073886641
CHEMBL3833320,EPTINEZUMAB,"[""Antibody""]",2020,False,False,False,True,True,[],[],[],[],"[[""CHEMBL3832947"", ""INHIBITOR""]]",0,0,0.0,0.0
CHEMBL3833321,LECANEMAB,"[""Antibody""]",2023,False,False,False,True,True,[],[],[],[],"[[""CHEMBL2487"", ""INHIBITOR""]]",0,0,0.0,0.0
CHEMBL3833329,ERENUMAB,"[""Antibody""]",2018,False,False,False,True,True,"[""CALCRL""]",[],[],[],"[[""CHEMBL3798"", ""ANTAGONIST""]]",0,0,0.004981790048730273,0.004981790048730273
CHEMBL3833335,CHLORAL BETAINE,"[""Small molecule""]",1988,False,False,False,True,False,[],[],[],[],[],0,0,0,0
CHEMBL3833346,TOFERSEN,"[""Oligonucleotide""]",2023,False,False,False,True,False,[],[],[],[],[],0,0,0,0
CHEMBL3833369,FISH OIL,"[""Unknown""]",2016,False,False,False,True,False,[],[],[],[],[],1,0,0,0
CHEMBL3833373,AVELUMAB,"[""Antibody""]",2017,False,False,False,True,True,"[""CD274""]",[],[],[],"[[""CHEMBL3580522"", ""OTHER""]]",0,0,0.044842704704928855,0.044842704704928855
CHEMBL3833381,MERBROMIN,"[""Small molecule""]",,False,False,False,False,False,[],[],[],[],[],0,0,0,0
CHEMBL3833382,PRAJMALIUM,"[""Small molecule""]",,False,False,False,False,False,[],[],[],[],[],0,0,0,0
CHEMBL3833384,EFLAPEGRASTIM,"[""Protein""]",2022,False,False,False,True,True,"[""CSF3R""]",[],[],[],"[[""CHEMBL1996"", ""AGONIST""]]",0,0,0.07161034711627584,0.07161034711627584
CHEMBL3833389,DEXTROMORAMIDE,"[""Small molecule""]",,False,False,False,True,True,[],[],[],[],"[[""CHEMBL2095181"", ""AGONIST""]]",0,0,0.0,0.0
CHEMBL3833393,EMICIZUMAB,"[""Antibody""]",2017,False,False,False,True,True,[],[],[],[],"[[""CHEMBL2111424"", ""OTHER""]]",0,0,0.0,0.0
CHEMBL3833401,ALUMINUM CHLORIDE ANHYDROUS,"[""Small molecule""]",,False,False,False,False,False,[],[],[],[],[],0,0,0,0
CHEMBL3833408,MAGALDRATE ANHYDROUS,"[""Small molecule""]",,False,False,False,False,False,[],[],[],[],[],0,0,0,0
CHEMBL3833409,HYDROTALCITE ANHYDROUS,"[""Small molecule""]",,False,False,False,False,False,[],[],[],[],[],0,0,0,0
CHEMBL384467,DEXAMETHASONE,"[""Small molecule""]",1958,True,True,True,True,True,[],[],[],[],"[[""CHEMBL2034"", ""AGONIST""]]",2,0,0.0,0.0
CHEMBL385517,SAXAGLIPTIN ANHYDROUS,"[""Small molecule""]",2009,False,False,False,True,True,"[""DPP4""]",[],[],[],"[[""CHEMBL284"", ""INHIBITOR""]]",0,0,0.04595561328024786,0.04595561328024786
CHEMBL386630,TESTOSTERONE,"[""Small molecule""]",1972,False,False,False,True,True,[],[],[],[],"[[""CHEMBL1871"", ""AGONIST""]]",0,0,0.0,0.0
CHEMBL387675,DAPTOMYCIN,"[""Small molecule""]",2003,False,False,False,True,False,[],[],[],[],[],0,0,0,0
CHEMBL38827,LUMEFANTRINE,"[""Small molecule""]",2009,False,False,False,True,False,[],[],[],[],[],0,0,0,0
CHEMBL3889654,LAROTRECTINIB,"[""Small molecule""]",2018,False,False,False,True,True,"[""NTRK1"", ""NTRK2"", ""NTRK3""]",[],[],[],"[[""CHEMBL3559684"", ""INHIBITOR""]]",0,0,0.025408164166364818,0.025408164166364818
CHEMBL3894860,TRILACICLIB,"[""Small molecule""]",2021,False,False,False,True,True,[],[],[],[],"[[""CHEMBL2508"", ""INHIBITOR""], [""CHEMBL331"", ""INHIBITOR""]]",0,0,0.0,0.0
CHEMBL389621,HYDROCORTISONE,"[""Small molecule""]",1952,True,True,True,True,True,[],[],[],[],"[[""CHEMBL2034"", ""AGONIST""]]",0,0,0.0,0.0
CHEMBL3936761,ZANUBRUTINIB,"[""Small molecule""]",2019,False,False,False,True,True,[],[],[],[],"[[""CHEMBL5251"", ""INHIBITOR""]]",0,0,0.0,0.0
CHEMBL3940890,ACORAMIDIS,"[""Small molecule""]",2024,False,False,False,True,True,[],[],[],[],"[[""CHEMBL3194"", ""STABILISER""]]",0,0,0.0,0.0
CHEMBL3948730,UMBRALISIB,"[""Small molecule""]",2021,False,False,False,True,True,"[""PIK3CD""]",[],[],[],"[[""CHEMBL1862"", ""INHIBITOR""], [""CHEMBL3130"", ""INHIBITOR""], [""CHEMBL4937"", ""INHIBITOR""]]",0,0,0.001799669242691684,0.001799669242691684
CHEMBL395091,ESKETAMINE,"[""Small molecule""]",2019,False,False,False,True,True,"[""GRIN2D"", ""GRIN3A""]",[],[],[],"[[""CHEMBL2094124"", ""NEGATIVE ALLOSTERIC MODULATOR""]]",0,0,0.029717314452763127,0.029717314452763127
CHEMBL395429,OXYTOCIN,"[""Protein""]",1980,False,False,False,True,True,[],[],[],[],"[[""CHEMBL2049"", ""AGONIST""]]",0,0,0,0
CHEMBL396778,SAFINAMIDE,"[""Small molecule""]",2015,False,False,False,True,True,"[""MAOB""]",[],[],[],"[[""CHEMBL2039"", ""INHIBITOR""]]",0,0,0.05615710500065266,0.05615710500065266
CHEMBL397420,ACENOCOUMAROL,"[""Small molecule""]",,False,False,False,True,True,[],[],[],[],"[[""CHEMBL1930"", ""INHIBITOR""]]",0,0,0,0
CHEMBL398435,TICAGRELOR,"[""Small molecule""]",2010,False,False,False,True,True,[],[],[],[],"[[""CHEMBL2001"", ""NEGATIVE ALLOSTERIC MODULATOR""]]",0,0,0,0
CHEMBL398707,HYDROMORPHONE,"[""Small molecule""]",1984,False,False,False,True,True,[],[],[],[],"[[""CHEMBL233"", ""AGONIST""]]",0,0,0.0,0.0
CHEMBL3988900,ZINC OXIDE,"[""Small molecule""]",2006,False,False,False,True,False,[],[],[],[],[],0,0,0,0
CHEMBL3989480,MAGNESIUM CITRATE,"[""Small molecule""]",,False,False,False,True,False,[],[],[],[],[],0,0,0,0
CHEMBL3989529,ETHANOLAMINE OLEATE,"[""Small molecule""]",1988,False,False,False,True,False,[],[],[],[],[],0,0,0,0
CHEMBL3989727,VITAMIN E,"[""Unknown""]",1985,False,False,False,False,False,[],[],[],[],[],0,0,0,0
CHEMBL3989767,CALCITONIN SALMON,"[""Protein""]",1978,False,False,False,True,True,[],[],[],[],"[[""CHEMBL1832"", ""AGONIST""]]",0,0,0,0
CHEMBL3989843,TRANYLCYPROMINE,"[""Small molecule""]",1961,False,False,False,True,True,"[""MAOA"", ""MAOB""]",[],[],[],"[[""CHEMBL2095205"", ""INHIBITOR""]]",0,0,0.05615710500065266,0.05615710500065266
CHEMBL3989850,ECAMSULE,"[""Small molecule""]",2006,False,False,False,True,False,[],[],[],[],[],0,0,0,0
CHEMBL3989859,TOCOPHEROL ACETATE,"[""Small molecule""]",2000,False,False,False,True,False,[],[],[],[],[],0,0,0,0
CHEMBL3989866,BICTEGRAVIR,"[""Small molecule""]",2018,False,False,False,True,False,[],[],[],[],[],0,0,0,0
CHEMBL3989868,TUCATINIB,"[""Small molecule""]",2020,False,False,False,True,True,[],[],[],[],"[[""CHEMBL1824"", ""INHIBITOR""]]",0,0,0.0,0.0
CHEMBL3989871,AVACOPAN,"[""Small molecule""]",2021,False,False,False,True,True,"[""C5AR1""]",[],[],[],"[[""CHEMBL2373"", ""ANTAGONIST""]]",0,0,0.047282163553356724,0.047282163553356724
CHEMBL3989908,ENASIDENIB,"[""Small molecule""]",2017,False,False,False,True,True,[],[],[],[],"[[""CHEMBL3991501"", ""INHIBITOR""]]",0,0,0,0
CHEMBL3989915,DIFELIKEFALIN,"[""Protein""]",2021,False,False,False,True,True,[],[],[],[],"[[""CHEMBL237"", ""AGONIST""]]",0,0,0.0,0.0
CHEMBL3989917,FOSNETUPITANT,"[""Small molecule""]",2018,False,False,False,True,True,[],[],[],[],"[[""CHEMBL249"", ""ANTAGONIST""]]",0,0,0.0,0.0
CHEMBL3989944,DIROXIMEL FUMARATE,"[""Small molecule""]",2019,False,False,False,True,True,[],[],[],[],"[[""CHEMBL2069156"", ""INHIBITOR""]]",0,0,0,0
CHEMBL3989945,REZAFUNGIN,"[""Small molecule""]",2023,False,False,False,True,False,[],[],[],[],[],0,0,0,0
CHEMBL3989949,CENOBAMATE,"[""Small molecule""]",2020,False,False,False,True,True,"[""GABRA2"", ""GABRA4"", ""GABRA5"", ""GABRB2"", ""GABRE"", ""GABRG1"", ""GABRP"", ""SCN4A"", ""SCN7A""]",[],[],[],"[[""CHEMBL2093872"", ""POSITIVE ALLOSTERIC MODULATOR""], [""CHEMBL2331043"", ""INHIBITOR""]]",0,0,0.014213049242877394,0.014213049242877394
CHEMBL3989958,IVOSIDENIB,"[""Small molecule""]",2018,False,False,False,True,True,[],[],[],[],"[[""CHEMBL2007625"", ""INHIBITOR""]]",0,0,0.0,0.0
CHEMBL3989974,CEFIDEROCOL,"[""Small molecule""]",2019,False,False,False,True,False,[],[],[],[],[],0,0,0,0
CHEMBL3989977,EMAPALUMAB,"[""Antibody""]",2018,False,False,False,True,True,"[""IFNG""]","[""IFNG""]",[],[],"[[""CHEMBL3286073"", ""INHIBITOR""]]",0,0.06118563341862505,0.09373537699612935,0.09373537699612935
CHEMBL3989986,RAVULIZUMAB,"[""Antibody""]",2018,False,False,False,True,True,[],[],[],[],"[[""CHEMBL2364163"", ""INHIBITOR""]]",0,0,0.0,0.0
CHEMBL3989989,AXICABTAGENE CILOLEUCEL,"[""Gene""]",2018,False,False,False,True,True,[],[],[],[],"[[""CHEMBL3390821"", ""BINDING AGENT""]]",0,0,0.0,0.0
CHEMBL3990008,TABELECLEUCEL,"[""Cell""]",2022,False,False,False,True,False,[],[],[],[],[],0,0,0,0
CHEMBL3990014,MIRIKIZUMAB,"[""Antibody""]",2023,True,True,True,True,True,"[""IL12B"", ""IL23A""]","[""IL12B""]",[],[],"[[""CHEMBL2364154"", ""INHIBITOR""]]",11,0.9248409926037888,0.7398727940830311,0.7398727940830311
CHEMBL3990026,ELAPEGADEMASE,"[""Enzyme""]",2018,False,False,False,True,False,[],[],[],[],[],0,0,0,0
CHEMBL3990029,RISANKIZUMAB,"[""Antibody""]",2019,False,True,True,True,True,"[""IL12B"", ""IL23A""]","[""IL12B""]",[],[],"[[""CHEMBL2364154"", ""INHIBITOR""]]",14,0.9248409926037888,0.7398727940830311,0.7398727940830311
CHEMBL3990034,FIDANACOGENE ELAPARVOVEC,"[""Gene""]",2024,False,False,False,True,True,[],[],[],[],"[[""CHEMBL2016"", ""EXOGENOUS GENE""]]",0,0,0,0
CHEMBL3990039,MARSTACIMAB,"[""Antibody""]",,False,False,False,True,True,"[""TFPI""]",[],[],[],"[[""CHEMBL3713062"", ""INHIBITOR""]]",0,0,0.0033143528439810773,0.0033143528439810773
CHEMBL3990044,RELATLIMAB,"[""Antibody""]",2022,False,False,False,True,True,[],[],[],[],"[[""CHEMBL4630881"", ""INHIBITOR""]]",0,0,0.0,0.0
CHEMBL3990047,OZENOXACIN,"[""Small molecule""]",2017,False,False,False,True,False,[],[],[],[],[],0,0,0,0
CHEMBL3990276,TALC ANHYDROUS,"[""Small molecule""]",1997,False,False,False,False,False,[],[],[],[],[],0,0,0,0
CHEMBL3990694,PIPERAZINE CITRATE ANHYDROUS,"[""Small molecule""]",1954,False,False,False,True,False,[],[],[],[],[],0,0,0,0
CHEMBL3991065,ATOGEPANT,"[""Small molecule""]",2021,False,False,False,True,True,"[""CALCRL""]",[],[],[],"[[""CHEMBL3798"", ""ANTAGONIST""]]",0,0,0.004981790048730273,0.004981790048730273
CHEMBL3991241,FERRIC CITRATE ANHYDROUS,"[""Small molecule""]",2014,False,False,False,True,False,[],[],[],[],[],0,0,0,0
CHEMBL3991443,FERROUS GLUCONATE ANHYDROUS,"[""Small molecule""]",,False,False,False,True,False,[],[],[],[],[],0,0,0,0
CHEMBL4,OFLOXACIN,"[""Small molecule""]",1990,False,False,False,True,False,[],[],[],[],[],0,0,0,0
CHEMBL40,PHENOBARBITAL,"[""Small molecule""]",2022,False,False,False,False,False,[],[],[],[],[],0,0,0,0
CHEMBL403,SULBACTAM,"[""Small molecule""]",1986,False,False,False,True,False,[],[],[],[],[],0,0,0,0
CHEMBL404,TAZOBACTAM,"[""Small molecule""]",1993,False,False,False,True,False,[],[],[],[],[],0,0,0,0
CHEMBL404271,ACARBOSE,"[""Oligosaccharide""]",1995,False,False,False,True,True,"[""MGAM""]",[],[],[],"[[""CHEMBL2045"", ""INHIBITOR""], [""CHEMBL2074"", ""INHIBITOR""]]",0,0,0.07891287676305958,0.07891287676305958
CHEMBL404520,CHLORTETRACYCLINE,"[""Small molecule""]",1950,False,False,False,True,False,[],[],[],[],[],0,0,0,0
CHEMBL405,AMPHETAMINE,"[""Small molecule""]",1955,False,False,False,True,True,[],[],[],[],"[[""CHEMBL222"", ""RELEASING AGENT""], [""CHEMBL238"", ""RELEASING AGENT""]]",0,0,0.0,0.0
CHEMBL406,INDAPAMIDE,"[""Small molecule""]",1983,False,False,False,True,True,[],[],[],[],"[[""CHEMBL1876"", ""INHIBITOR""]]",0,0,0.0,0.0
CHEMBL406393,DEOXYCHOLIC ACID,"[""Small molecule""]",2015,False,False,False,True,False,[],[],[],[],[],0,0,0,0
CHEMBL4065616,REMDESIVIR,"[""Small molecule""]",2020,False,False,False,True,False,[],[],[],[],[],0,0,0,0
CHEMBL4066936,VERICIGUAT,"[""Small molecule""]",2021,False,False,False,True,True,"[""GUCY1A1"", ""GUCY1B1""]",[],[],[],"[[""CHEMBL2111348"", ""ACTIVATOR""]]",0,0,0.005366061384146901,0.005366061384146901
CHEMBL407,FLUMAZENIL,"[""Small molecule""]",1991,False,False,False,True,True,"[""GABRA2"", ""GABRA4"", ""GABRA5"", ""GABRB2"", ""GABRE"", ""GABRG1"", ""GABRP""]",[],[],[],"[[""CHEMBL2093872"", ""ALLOSTERIC ANTAGONIST""]]",0,0,0.014213049242877394,0.014213049242877394
CHEMBL4071161,TIRABRUTINIB,"[""Small molecule""]",2020,False,False,False,True,True,[],[],[],[],"[[""CHEMBL5251"", ""INHIBITOR""]]",0,0,0.0,0.0
CHEMBL408403,ANGIOTENSIN II,"[""Protein""]",2017,False,False,False,True,True,[],[],[],[],"[[""CHEMBL227"", ""AGONIST""]]",0,0,0.0,0.0
CHEMBL4084119,LIRAGLUTIDE,"[""Protein""]",2009,False,False,False,True,True,[],[],[],[],"[[""CHEMBL1784"", ""AGONIST""]]",0,0,0.0,0.0
CHEMBL408513,BELINOSTAT,"[""Small molecule""]",2014,False,False,False,True,True,"[""HDAC7""]","[""HDAC7""]",[],[],"[[""CHEMBL2093865"", ""INHIBITOR""]]",0,0.4839866926943743,0.38718935415549943,0.38718935415549943
CHEMBL4085457,RITLECITINIB,"[""Small molecule""]",2023,False,False,False,True,True,"[""BMX"", ""ITK"", ""JAK3""]",[],[],[],"[[""CHEMBL2148"", ""INHIBITOR""], [""CHEMBL4296642"", ""INHIBITOR""]]",1,0,0.010341153000939744,0.010341153000939744
CHEMBL409,BICALUTAMIDE,"[""Small molecule""]",1995,False,False,False,True,True,[],[],[],[],"[[""CHEMBL1871"", ""ANTAGONIST""]]",0,0,0.0,0.0
CHEMBL41,FLUOXETINE,"[""Small molecule""]",1987,False,False,False,True,True,"[""SLC6A4""]",[],[],[],"[[""CHEMBL228"", ""INHIBITOR""]]",0,0,0.09284028451546111,0.09284028451546111
CHEMBL4105630,ZURANOLONE,"[""Small molecule""]",2023,False,False,False,True,True,"[""GABRA2"", ""GABRA4"", ""GABRA5"", ""GABRB2"", ""GABRE"", ""GABRG1"", ""GABRP""]",[],[],[],"[[""CHEMBL2093872"", ""POSITIVE ALLOSTERIC MODULATOR""]]",0,0,0.014213049242877394,0.014213049242877394
CHEMBL411,DIETHYLSTILBESTROL,"[""Small molecule""]",1973,False,False,False,True,True,"[""ESR1""]",[],[],[],"[[""CHEMBL206"", ""AGONIST""]]",0,0,0.0026647551378045638,0.0026647551378045638
CHEMBL4113131,ENSARTINIB,"[""Small molecule""]",2024,False,False,False,True,True,[],[],[],[],"[[""CHEMBL4247"", ""INHIBITOR""]]",0,0,0.0,0.0
CHEMBL413,SIROLIMUS,"[""Small molecule""]",1999,False,False,False,True,True,[],[],[],[],"[[""CHEMBL1902"", ""INHIBITOR""]]",1,0,0.0,0.0
CHEMBL41355,EZOGABINE,"[""Small molecule""]",2011,False,False,False,True,True,"[""KCNQ2""]",[],[],[],"[[""CHEMBL2363063"", ""OPENER""]]",0,0,0.0027516854047493077,0.0027516854047493077
CHEMBL413965,FELBINAC,"[""Small molecule""]",,False,False,False,False,False,[],[],[],[],[],0,0,0,0
CHEMBL414357,EXENATIDE,"[""Protein""]",2005,False,False,False,True,True,[],[],[],[],"[[""CHEMBL1784"", ""AGONIST""]]",0,0,0.0,0.0
CHEMBL414804,OXALIPLATIN,"[""Small molecule""]",2002,False,False,False,True,False,[],[],[],[],[],0,0,0,0
CHEMBL415,CLOMIPRAMINE,"[""Small molecule""]",1989,False,False,False,True,True,"[""SLC6A4""]",[],[],[],"[[""CHEMBL228"", ""INHIBITOR""]]",0,0,0.09284028451546111,0.09284028451546111
CHEMBL415606,DEGARELIX,"[""Protein""]",2008,False,False,False,True,True,[],[],[],[],"[[""CHEMBL1855"", ""ANTAGONIST""]]",0,0,0,0
CHEMBL416,METHOXSALEN,"[""Small molecule""]",1954,False,False,False,True,False,[],[],[],[],[],1,0,0,0
CHEMBL416146,ETORICOXIB,"[""Small molecule""]",,False,False,False,True,True,"[""PTGS2""]",[],[],[],"[[""CHEMBL230"", ""INHIBITOR""]]",0,0,0.08012979869524581,0.08012979869524581
CHEMBL416956,MEFLOQUINE,"[""Small molecule""]",1989,False,False,False,True,False,[],[],[],[],[],0,0,0,0
CHEMBL417,EPIRUBICIN,"[""Small molecule""]",1999,False,False,False,True,False,[],[],[],[],[],0,0,0,0
CHEMBL419,MAFENIDE,"[""Small molecule""]",1969,False,False,False,True,False,[],[],[],[],[],0,0,0,0
CHEMBL42,CLOZAPINE,"[""Small molecule""]",1989,False,False,False,True,True,[],[],[],[],"[[""CHEMBL217"", ""ANTAGONIST""], [""CHEMBL224"", ""ANTAGONIST""]]",0,0,0.0,0.0
CHEMBL420,GUANABENZ,"[""Small molecule""]",1982,False,False,False,True,True,"[""ADRA2A"", ""ADRA2C""]","[""ADRA2A""]",[],[],"[[""CHEMBL2095158"", ""AGONIST""]]",0,0.21032116470427323,0.1682569317634186,0.1682569317634186
CHEMBL4204794,AVAPRITINIB,"[""Small molecule""]",2020,False,False,False,True,True,[],[],[],[],"[[""CHEMBL1936"", ""INHIBITOR""], [""CHEMBL2007"", ""INHIBITOR""]]",0,0,0.0,0.0
CHEMBL420762,MOZAVAPTAN,"[""Small molecule""]",2006,False,False,False,True,True,[],[],[],[],"[[""CHEMBL1790"", ""ANTAGONIST""]]",0,0,0,0
CHEMBL4208229,ASCIMINIB,"[""Small molecule""]",2021,False,False,False,True,True,[],[],[],[],"[[""CHEMBL1862"", ""INHIBITOR""], [""CHEMBL2096618"", ""INHIBITOR""]]",0,0,0.0,0.0
CHEMBL421,SULFASALAZINE,"[""Small molecule""]",1950,False,False,False,True,True,"[""PTGS2""]",[],[],[],"[[""CHEMBL2094253"", ""INHIBITOR""], [""CHEMBL215"", ""INHIBITOR""]]",0,0,0.08012979869524581,0.08012979869524581
CHEMBL4216467,RIPRETINIB,"[""Small molecule""]",2020,False,False,False,True,True,[],[],[],[],"[[""CHEMBL1936"", ""INHIBITOR""], [""CHEMBL2007"", ""INHIBITOR""]]",0,0,0.0,0.0
CHEMBL422,TRIFLUOPERAZINE,"[""Small molecule""]",1959,False,False,False,True,True,[],[],[],[],"[[""CHEMBL224"", ""ANTAGONIST""], [""CHEMBL225"", ""ANTAGONIST""], [""CHEMBL2331075"", ""ANTAGONIST""]]",0,0,0.0,0.0
CHEMBL423,BETAXOLOL,"[""Small molecule""]",1985,False,False,False,True,True,"[""ADRB1""]",[],[],[],"[[""CHEMBL213"", ""ANTAGONIST""]]",0,0,0.02299311236507951,0.02299311236507951
CHEMBL424,SALICYLIC ACID,"[""Small molecule""]",,False,False,False,False,False,[],[],[],[],[],0,0,0,0
CHEMBL425,OLSALAZINE,"[""Small molecule""]",1990,False,False,False,True,True,"[""PPARG"", ""PTGS2""]",[],[],[],"[[""CHEMBL2094253"", ""INHIBITOR""], [""CHEMBL215"", ""INHIBITOR""], [""CHEMBL235"", ""AGONIST""]]",0,0,0.08012979869524581,0.08012979869524581
CHEMBL4250860,DANICOPAN,"[""Small molecule""]",2024,False,False,False,True,True,"[""CFD""]",[],[],[],"[[""CHEMBL2176771"", ""INHIBITOR""]]",0,0,0.0031698633205684574,0.0031698633205684574
CHEMBL426084,SAMIDORPHAN,"[""Small molecule""]",2021,False,False,False,True,True,[],[],[],[],"[[""CHEMBL233"", ""ANTAGONIST""], [""CHEMBL236"", ""PARTIAL AGONIST""], [""CHEMBL237"", ""PARTIAL AGONIST""]]",0,0,0.0,0.0
CHEMBL427,MECHLORETHAMINE,"[""Small molecule""]",1949,False,False,False,True,False,[],[],[],[],[],0,0,0,0
CHEMBL427216,GLICLAZIDE,"[""Small molecule""]",,False,False,False,True,True,[],[],[],[],"[[""CHEMBL2096972"", ""BLOCKER""]]",0,0,0,0
CHEMBL4279047,VORASIDENIB,"[""Small molecule""]",2024,False,False,False,True,True,[],[],[],[],"[[""CHEMBL2007625"", ""INHIBITOR""], [""CHEMBL3991501"", ""INHIBITOR""], [""CHEMBL4523659"", ""INHIBITOR""]]",0,0,0.0,0.0
CHEMBL428647,PACLITAXEL,"[""Small molecule""]",1992,False,False,False,True,True,"[""TUBB2B"", ""TUBB6""]",[],[],[],"[[""CHEMBL2095182"", ""INHIBITOR""]]",0,0,0.0030526420852343686,0.0030526420852343686
CHEMBL428880,CROMOLYN,"[""Small molecule""]",1982,False,False,False,True,False,[],[],[],[],[],0,0,0,0
CHEMBL429,LABETALOL,"[""Small molecule""]",1984,False,False,False,True,True,"[""ADRA1B"", ""ADRA1D"", ""ADRA2A"", ""ADRA2C"", ""ADRB1""]","[""ADRA2A""]",[],[],"[[""CHEMBL2331074"", ""ANTAGONIST""]]",0,0.21032116470427323,0.1682569317634186,0.1682569317634186
CHEMBL4297065,SPINOSAD,"[""Small molecule""]",2011,False,False,False,True,False,[],[],[],[],[],0,0,0,0
CHEMBL4297185,DAROLUTAMIDE,"[""Small molecule""]",2019,False,False,False,True,True,[],[],[],[],"[[""CHEMBL1871"", ""ANTAGONIST""]]",0,0,0.0,0.0
CHEMBL4297192,SIMETHICONE,"[""Unknown""]",1996,False,False,False,True,False,[],[],[],[],[],0,0,0,0
CHEMBL4297229,PRABOTULINUMTOXIN A,"[""Unknown""]",2019,False,False,False,True,True,[],[],[],[],"[[""CHEMBL2364159"", ""PROTEOLYTIC ENZYME""]]",0,0,0,0
CHEMBL4297240,ONASEMNOGENE ABEPARVOVEC,"[""Gene""]",2020,False,False,False,True,True,[],[],[],[],"[[""CHEMBL1293232"", ""EXOGENOUS GENE""]]",0,0,0.0,0.0
CHEMBL4297245,DONANEMAB,"[""Antibody""]",,False,False,False,True,True,[],[],[],[],"[[""CHEMBL2487"", ""DISRUPTING AGENT""]]",0,0,0.0,0.0
CHEMBL4297412,PAFOLACIANINE,"[""Small molecule""]",2021,False,False,False,True,False,[],[],[],[],[],0,0,0,0
CHEMBL4297503,BALOXAVIR MARBOXIL,"[""Small molecule""]",2018,False,False,False,True,False,[],[],[],[],[],0,0,0,0
CHEMBL4297509,ELACESTRANT,"[""Small molecule""]",2023,False,False,False,True,True,"[""ESR1""]",[],[],[],"[[""CHEMBL206"", ""DEGRADER""]]",0,0,0.0026647551378045638,0.0026647551378045638
CHEMBL4297513,IBREXAFUNGERP,"[""Small molecule""]",2021,False,False,False,True,False,[],[],[],[],[],0,0,0,0
CHEMBL4297516,LURBINECTEDIN,"[""Small molecule""]",2020,False,False,False,True,False,[],[],[],[],[],0,0,0,0
CHEMBL4297517,MAVACAMTEN,"[""Small molecule""]",2022,False,False,False,True,True,"[""MYL2""]","[""MYL2""]",[],[],"[[""CHEMBL3831286"", ""INHIBITOR""]]",0,0.5170942213448574,0.4136753770758859,0.4136753770758859
CHEMBL4297522,PEMIGATINIB,"[""Small molecule""]",2020,False,False,False,True,True,"[""FGFR1"", ""FGFR2"", ""FGFR3""]",[],[],[],"[[""CHEMBL2742"", ""INHIBITOR""], [""CHEMBL3650"", ""INHIBITOR""], [""CHEMBL4142"", ""INHIBITOR""]]",0,0,0.004480953951410088,0.004480953951410088
CHEMBL4297526,REMIMAZOLAM,"[""Small molecule""]",2020,False,False,False,True,True,"[""GABRA2"", ""GABRA4"", ""GABRA5"", ""GABRB2"", ""GABRE"", ""GABRG1"", ""GABRP""]",[],[],[],"[[""CHEMBL2093872"", ""POSITIVE ALLOSTERIC MODULATOR""]]",0,0,0.014213049242877394,0.014213049242877394
CHEMBL4297528,RISDIPLAM,"[""Small molecule""]",2020,False,False,False,True,False,[],[],[],[],[],0,0,0,0
CHEMBL4297535,FISH OIL TRIGLYCERIDES,"[""Unknown""]",2018,False,False,False,True,False,[],[],[],[],[],0,0,0,0
CHEMBL4297536,PATISIRAN SODIUM,"[""Oligonucleotide""]",2018,False,False,False,True,False,[],[],[],[],[],0,0,0,0
CHEMBL4297549,HUMAN C1-ESTERASE INHIBITOR,"[""Protein""]",2011,False,False,False,True,True,"[""C1S"", ""F11"", ""KLKB1""]",[],[],[],"[[""CHEMBL2000"", ""INHIBITOR""], [""CHEMBL2820"", ""INHIBITOR""], [""CHEMBL2821"", ""INHIBITOR""], [""CHEMBL3913"", ""INHIBITOR""]]",0,0,0.03718709304416815,0.03718709304416815
CHEMBL4297551,EFGARTIGIMOD ALFA,"[""Protein""]",2021,False,False,False,True,True,"[""FCGRT""]",[],[],[],"[[""CHEMBL5966"", ""ANTAGONIST""]]",0,0,0.0030817886532753147,0.0030817886532753147
CHEMBL4297566,CASIMERSEN,"[""Oligonucleotide""]",2021,False,False,False,True,False,[],[],[],[],[],0,0,0,0
CHEMBL4297573,TAGRAXOFUSP,"[""Protein""]",2018,False,False,False,True,True,[],[],[],[],"[[""CHEMBL1795108"", ""INHIBITOR""], [""CHEMBL3712987"", ""BINDING AGENT""]]",0,0,0,0
CHEMBL4297575,NIRSEVIMAB,"[""Antibody""]",2022,False,False,False,True,False,[],[],[],[],[],0,0,0,0
CHEMBL4297579,VALOCTOCOGENE ROXAPARVOVEC,"[""Gene""]",2022,False,False,False,True,True,[],[],[],[],"[[""CHEMBL2016"", ""EXOGENOUS PROTEIN""]]",0,0,0,0
CHEMBL4297585,TRIHEPTANOIN,"[""Small molecule""]",2020,False,False,False,True,False,[],[],[],[],[],0,0,0,0
CHEMBL4297588,ODEVIXIBAT,"[""Small molecule""]",2021,False,False,False,True,True,"[""SLC10A2""]",[],[],[],"[[""CHEMBL2778"", ""INHIBITOR""]]",0,0,0.1039387171517776,0.1039387171517776
CHEMBL4297590,DARIDOREXANT,"[""Small molecule""]",2022,False,False,False,True,True,[],[],[],[],"[[""CHEMBL3307226"", ""ANTAGONIST""], [""CHEMBL4792"", ""ANTAGONIST""], [""CHEMBL5113"", ""ANTAGONIST""]]",0,0,0.0,0.0
CHEMBL4297592,AMENAMEVIR,"[""Small molecule""]",2017,False,False,False,True,False,[],[],[],[],[],0,0,0,0
CHEMBL4297610,OLUTASIDENIB,"[""Small molecule""]",2022,False,False,False,True,True,[],[],[],[],"[[""CHEMBL2007625"", ""INHIBITOR""]]",0,0,0.0,0.0
CHEMBL4297620,SOLRIAMFETOL,"[""Small molecule""]",2019,False,False,False,True,False,[],[],[],[],[],0,0,0,0
CHEMBL4297634,GADOPICLENOL,"[""Small molecule""]",2022,False,False,False,True,False,[],[],[],[],[],0,0,0,0
CHEMBL4297666,OMIDENEPAG ISOPROPYL,"[""Small molecule""]",2022,False,False,False,True,True,[],[],[],[],"[[""CHEMBL1881"", ""AGONIST""]]",0,0,0,0
CHEMBL4297700,BIMEKIZUMAB,"[""Antibody""]",2021,False,False,False,True,True,"[""IL17A"", ""IL17F""]",[],[],[],"[[""CHEMBL3390822"", ""INHIBITOR""], [""CHEMBL4630880"", ""INHIBITOR""]]",0,0,0.02789153762244645,0.02789153762244645
CHEMBL4297711,BULEVIRTIDE,"[""Protein""]",2020,False,False,False,True,True,[],[],[],[],"[[""CHEMBL5287"", ""INHIBITOR""]]",0,0,0,0
CHEMBL4297723,CEMIPLIMAB,"[""Antibody""]",2018,False,False,False,True,True,[],[],[],[],"[[""CHEMBL3307223"", ""INHIBITOR""]]",0,0,0.0,0.0
CHEMBL4297729,COSIBELIMAB,"[""Antibody""]",,False,False,False,True,True,"[""CD274""]",[],[],[],"[[""CHEMBL3580522"", ""INHIBITOR""]]",0,0,0.044842704704928855,0.044842704704928855
CHEMBL4297730,CONCIZUMAB,"[""Antibody""]",2024,False,False,False,True,True,"[""TFPI""]",[],[],[],"[[""CHEMBL3713062"", ""INHIBITOR""]]",0,0,0.0033143528439810773,0.0033143528439810773
CHEMBL4297750,FARICIMAB,"[""Antibody""]",2022,False,False,False,True,True,"[""ANGPT2""]",[],[],[],"[[""CHEMBL1783"", ""INHIBITOR""], [""CHEMBL3580489"", ""INHIBITOR""]]",0,0,0.004209974238337902,0.004209974238337902
CHEMBL4297756,FREMANEZUMAB,"[""Antibody""]",2018,False,False,False,True,True,[],[],[],[],"[[""CHEMBL3832947"", ""ANTAGONIST""]]",0,0,0.0,0.0
CHEMBL4297762,GOLODIRSEN,"[""Oligonucleotide""]",2019,False,False,False,True,False,[],[],[],[],[],0,0,0,0
CHEMBL4297770,INOTERSEN,"[""Oligonucleotide""]",2018,False,False,False,True,False,[],[],[],[],[],0,0,0,0
CHEMBL4297774,AMIVANTAMAB,"[""Antibody""]",2021,False,False,False,True,True,[],[],[],[],"[[""CHEMBL203"", ""INHIBITOR""], [""CHEMBL3717"", ""INHIBITOR""]]",0,0,0.0,0.0
CHEMBL4297778,LONCASTUXIMAB TESIRINE,"[""Antibody drug conjugate""]",2021,False,False,False,True,True,[],[],[],[],"[[""CHEMBL3390821"", ""BINDING AGENT""]]",0,0,0.0,0.0
CHEMBL4297779,LUMASIRAN,"[""Oligonucleotide""]",2020,False,False,False,True,False,[],[],[],[],[],0,0,0,0
CHEMBL4297788,MOSUNETUZUMAB,"[""Antibody""]",2022,False,False,False,True,True,"[""CD3D"", ""CD3E"", ""CD3G""]",[],[],[],"[[""CHEMBL2058"", ""BINDING AGENT""], [""CHEMBL2364168"", ""BINDING AGENT""]]",0,0,0.0031727446108094867,0.0031727446108094867
CHEMBL4297794,NEMOLIZUMAB,"[""Antibody""]",,False,False,False,True,True,"[""IL31RA""]",[],[],[],"[[""CHEMBL4630894"", ""INHIBITOR""]]",0,0,0.0324220154363959,0.0324220154363959
CHEMBL4297801,PEGUNIGALSIDASE ALFA,"[""Enzyme""]",2023,False,False,False,True,False,[],[],[],[],[],0,0,0,0
CHEMBL4297802,PEGVALIASE,"[""Enzyme""]",2018,False,False,False,True,False,[],[],[],[],[],0,0,0,0
CHEMBL4297803,PEGZILARGINASE,"[""Enzyme""]",2023,False,False,False,True,False,[],[],[],[],[],0,0,0,0
CHEMBL4297809,ELRANATAMAB,"[""Antibody""]",2023,False,False,False,True,True,"[""CD3D"", ""CD3E"", ""CD3G""]",[],[],[],"[[""CHEMBL2364168"", ""BINDING AGENT""], [""CHEMBL4523587"", ""BINDING AGENT""]]",0,0,0.0031727446108094867,0.0031727446108094867
CHEMBL4297819,ROPEGINTERFERON ALFA-2B,"[""Protein""]",2019,False,False,False,True,True,[],[],[],[],"[[""CHEMBL2364170"", ""POSITIVE MODULATOR""]]",0,0,0.0,0.0
CHEMBL4297820,ROZANOLIXIZUMAB,"[""Antibody""]",2023,False,False,False,True,True,"[""FCGRT""]",[],[],[],"[[""CHEMBL5966"", ""INHIBITOR""]]",0,0,0.0030817886532753147,0.0030817886532753147
CHEMBL4297830,SOMATROGON,"[""Protein""]",2022,False,False,False,True,True,"[""GHR""]",[],[],[],"[[""CHEMBL1976"", ""AGONIST""]]",0,0,0.004696662464314963,0.004696662464314963
CHEMBL4297832,SUTIMLIMAB,"[""Antibody""]",2022,False,False,False,True,True,"[""C1S""]",[],[],[],"[[""CHEMBL3913"", ""INHIBITOR""]]",0,0,0.007610173534809656,0.007610173534809656
CHEMBL4297839,TIRZEPATIDE,"[""Protein""]",2022,False,False,False,True,True,[],[],[],[],"[[""CHEMBL1784"", ""AGONIST""], [""CHEMBL4383"", ""AGONIST""]]",2,0,0.0,0.0
CHEMBL4297840,TISLELIZUMAB,"[""Antibody""]",2023,False,False,False,True,True,[],[],[],[],"[[""CHEMBL3307223"", ""INHIBITOR""]]",0,0,0.0,0.0
CHEMBL4297841,TISOTUMAB VEDOTIN,"[""Antibody drug conjugate""]",2021,False,False,False,True,True,"[""F3"", ""TUBB2B"", ""TUBB6""]",[],[],[],"[[""CHEMBL2095182"", ""INHIBITOR""], [""CHEMBL4081"", ""BINDING AGENT""]]",0,0,0.0034202503009874196,0.0034202503009874196
CHEMBL4297843,TORIPALIMAB,"[""Antibody""]",2023,False,False,False,True,True,[],[],[],[],"[[""CHEMBL3307223"", ""ANTAGONIST""]]",0,0,0.0,0.0
CHEMBL4297844,TRASTUZUMAB DERUXTECAN,"[""Antibody drug conjugate""]",2019,False,False,False,True,True,[],[],[],[],"[[""CHEMBL1781"", ""INHIBITOR""], [""CHEMBL1824"", ""BINDING AGENT""]]",0,0,0.0,0.0
CHEMBL4297852,CENEGERMIN,"[""Protein""]",2017,False,False,False,True,True,"[""NTRK1"", ""NTRK2"", ""NTRK3""]",[],[],[],"[[""CHEMBL3559684"", ""AGONIST""]]",0,0,0.025408164166364818,0.025408164166364818
CHEMBL4297862,BOTULINUM TOXIN TYPE A,"[""Protein""]",2019,False,False,False,True,True,[],[],[],[],"[[""CHEMBL2364159"", ""HYDROLYTIC ENZYME""]]",0,0,0,0
CHEMBL4297873,OCTOCOG ALFA,"[""Protein""]",2000,False,False,False,True,True,[],[],[],[],"[[""CHEMBL3143"", ""EXOGENOUS PROTEIN""]]",0,0,0.0,0.0
CHEMBL4297879,.ALPHA.1-PROTEINASE INHIBITOR HUMAN,"[""Protein""]",2015,False,False,False,True,True,[],[],[],[],"[[""CHEMBL248"", ""INHIBITOR""]]",0,0,0.0,0.0
CHEMBL4297889,AVACINCAPTAD PEGOL SODIUM,"[""Unknown""]",2023,False,False,False,True,True,[],[],[],[],"[[""CHEMBL2364163"", ""INHIBITOR""]]",0,0,0.0,0.0
CHEMBL4297911,SPESOLIMAB,"[""Antibody""]",2022,False,False,False,True,True,"[""IL36R""]",[],[],[],"[[""CHEMBL4665591"", ""ANTAGONIST""]]",3,0,0.013381984768528999,0.013381984768528999
CHEMBL4297945,EFMOROCTOCOG ALFA,"[""Protein""]",2015,False,False,False,True,True,[],[],[],[],"[[""CHEMBL3143"", ""EXOGENOUS PROTEIN""]]",0,0,0.0,0.0
CHEMBL4297950,EFBEMALENOGRASTIM ALFA,"[""Protein""]",2023,False,False,False,True,True,"[""CSF3R""]",[],[],[],"[[""CHEMBL1996"", ""AGONIST""]]",0,0,0.07161034711627584,0.07161034711627584
CHEMBL4297951,COAGULATION FACTOR X HUMAN,"[""Unknown""]",2016,False,False,False,True,True,[],[],[],[],"[[""CHEMBL244"", ""EXOGENOUS PROTEIN""]]",0,0,0.0,0.0
CHEMBL4297955,FOLLITROPIN,"[""Unknown""]",1982,False,False,False,True,True,"[""FSHR""]","[""FSHR""]",[],[],"[[""CHEMBL2024"", ""AGONIST""]]",0,0.2501426920084372,0.20011415360674978,0.20011415360674978
CHEMBL4297973,HEPATITIS B VIRUS HBSAG SURFACE PROTEIN ANTIGEN,"[""Vaccine component""]",1996,False,False,False,True,False,[],[],[],[],[],0,0,0,0
CHEMBL4297975,VARICELLA ZOSTER VIRUS ENVELOPE GLYCOPROTEIN E,"[""Vaccine component""]",2018,False,False,False,True,False,[],[],[],[],[],0,0,0,0
CHEMBL4297981,IMLIFIDASE,"[""Enzyme""]",2020,False,False,False,True,False,[],[],[],[],[],0,0,0,0
CHEMBL4297984,NAXITAMAB,"[""Antibody""]",2020,False,False,False,True,False,[],[],[],[],[],0,0,0,0
CHEMBL4297986,COAGULATION FACTOR IX HUMAN,"[""Unknown""]",2001,False,False,False,True,True,[],[],[],[],"[[""CHEMBL2016"", ""EXOGENOUS PROTEIN""]]",0,0,0,0
CHEMBL4297990,TEBENTAFUSP,"[""Protein""]",2022,False,False,False,True,True,[],[],[],[],"[[""CHEMBL3712988"", ""BINDING AGENT""]]",0,0,0,0
CHEMBL4298010,VELMANASE ALFA,"[""Enzyme""]",2018,False,False,False,True,False,[],[],[],[],[],0,0,0,0
CHEMBL4298025,ZENOCUTUZUMAB,"[""Antibody""]",,False,False,False,True,True,"[""ERBB3""]","[""ERBB3""]",[],[],"[[""CHEMBL4630723"", ""INHIBITOR""]]",0,0.10647772463174865,0.08518217970539893,0.08518217970539893
CHEMBL4298037,RETIFANLIMAB,"[""Antibody""]",2023,False,False,False,True,True,[],[],[],[],"[[""CHEMBL3307223"", ""ANTAGONIST""]]",0,0,0.0,0.0
CHEMBL4298047,TAFASITAMAB,"[""Antibody""]",2020,False,False,False,True,True,[],[],[],[],"[[""CHEMBL3390821"", ""BINDING AGENT""]]",0,0,0.0,0.0
CHEMBL4298054,STEM BROMELAIN,"[""Enzyme""]",2012,False,False,False,True,False,[],[],[],[],[],0,0,0,0
CHEMBL4298062,VILTOLARSEN,"[""Oligonucleotide""]",2020,False,False,False,True,False,[],[],[],[],[],0,0,0,0
CHEMBL4298064,BERDAZIMER SODIUM,"[""Small molecule""]",2024,False,False,False,True,False,[],[],[],[],[],0,0,0,0
CHEMBL4298086,POZELIMAB,"[""Antibody""]",2023,False,False,False,True,True,[],[],[],[],"[[""CHEMBL2364163"", ""INHIBITOR""]]",0,0,0.0,0.0
CHEMBL4298092,GLOFITAMAB,"[""Antibody""]",2023,False,False,False,True,True,"[""CD3D"", ""CD3E"", ""CD3G""]",[],[],[],"[[""CHEMBL2058"", ""BINDING AGENT""], [""CHEMBL2364168"", ""BINDING AGENT""]]",0,0,0.0031727446108094867,0.0031727446108094867
CHEMBL4298110,FERRIC MALTOL,"[""Small molecule""]",2016,False,False,False,True,False,[],[],[],[],[],2,0,0,0
CHEMBL4298124,DOSTARLIMAB,"[""Antibody""]",2021,False,False,False,True,True,[],[],[],[],"[[""CHEMBL3307223"", ""ANTAGONIST""]]",0,0,0.0,0.0
CHEMBL4298126,VON WILLEBRAND FACTOR HUMAN,"[""Unknown""]",2013,False,False,False,True,True,"[""VWF""]","[""VWF""]",[],[],"[[""CHEMBL2021748"", ""EXOGENOUS PROTEIN""]]",0,0.33195960480490044,0.30798244860177326,0.30798244860177326
CHEMBL4298128,ELEXACAFTOR,"[""Small molecule""]",2019,False,False,False,True,True,[],[],[],[],"[[""CHEMBL4051"", ""POSITIVE MODULATOR""]]",0,0,0.0,0.0
CHEMBL4298137,DURLOBACTAM,"[""Small molecule""]",2023,False,False,False,True,False,[],[],[],[],[],0,0,0,0
CHEMBL4298138,REPOTRECTINIB,"[""Small molecule""]",2023,False,False,False,True,True,"[""CD74"", ""NTRK1"", ""NTRK2"", ""NTRK3"", ""SDC4""]",[],[],[],"[[""CHEMBL2815"", ""INHIBITOR""], [""CHEMBL4680046"", ""INHIBITOR""], [""CHEMBL4898"", ""INHIBITOR""], [""CHEMBL5303568"", ""INHIBITOR""], [""CHEMBL5568"", ""INHIBITOR""], [""CHEMBL5608"", ""INHIBITOR""]]",0,0,0.02559833131560318,0.02559833131560318
CHEMBL4298183,ATOLTIVIMAB,"[""Antibody""]",2020,False,False,False,True,False,[],[],[],[],[],0,0,0,0
CHEMBL4298184,MAFTIVIMAB,"[""Antibody""]",2020,False,False,False,True,False,[],[],[],[],[],0,0,0,0
CHEMBL4298185,LONAPEGSOMATROPIN,"[""Protein""]",2021,False,False,False,True,True,"[""GHR""]",[],[],[],"[[""CHEMBL1976"", ""AGONIST""]]",0,0,0.004696662464314963,0.004696662464314963
CHEMBL4298187,FERRIC DERISOMALTOSE,"[""Oligosaccharide""]",2020,False,False,False,True,False,[],[],[],[],[],0,0,0,0
CHEMBL4298188,ODESIVIMAB,"[""Antibody""]",2020,False,False,False,True,False,[],[],[],[],[],0,0,0,0
CHEMBL4298189,ELADOCAGENE EXUPARVOVEC,"[""Gene""]",2022,False,False,False,True,False,[],[],[],[],[],0,0,0,0
CHEMBL4298190,OMIDUBICEL,"[""Cell""]",2023,False,False,False,True,False,[],[],[],[],[],0,0,0,0
CHEMBL4298199,IDECABTAGENE VICLEUCEL,"[""Gene""]",2021,False,False,False,True,True,[],[],[],[],"[[""CHEMBL4523587"", ""BINDING AGENT""]]",0,0,0.0,0.0
CHEMBL4298200,LIFILEUCEL,"[""Cell""]",2024,False,False,False,True,False,[],[],[],[],[],0,0,0,0
CHEMBL4298211,PEGCETACOPLAN,"[""Protein""]",2021,False,False,False,True,True,"[""C3""]",[],[],[],"[[""CHEMBL4917"", ""INHIBITOR""]]",0,0,0.007299228620370849,0.007299228620370849
CHEMBL429910,DAPAGLIFLOZIN,"[""Small molecule""]",2012,False,False,False,True,True,"[""SLC5A2""]",[],[],[],"[[""CHEMBL3884"", ""INHIBITOR""]]",0,0,0.01848454476039924,0.01848454476039924
CHEMBL4299851,PIFLUFOLASTAT,"[""Small molecule""]",2021,False,False,False,True,False,[],[],[],[],[],0,0,0,0
CHEMBL4299940,MITAPIVAT,"[""Small molecule""]",2022,False,False,False,True,True,"[""PKLR""]","[""PKLR""]",[],[],"[[""CHEMBL1075126"", ""ACTIVATOR""]]",0,0.03168964941826613,0.10980710185788803,0.10980710185788803
CHEMBL43,AMSACRINE,"[""Small molecule""]",1987,False,False,False,True,True,[],[],[],[],"[[""CHEMBL2094255"", ""INHIBITOR""]]",0,0,0.0,0.0
CHEMBL430,GEMIFLOXACIN,"[""Small molecule""]",2003,False,False,False,True,False,[],[],[],[],[],0,0,0,0
CHEMBL4301162,SERDEXMETHYLPHENIDATE,"[""Small molecule""]",2021,False,False,False,True,True,[],[],[],[],"[[""CHEMBL222"", ""INHIBITOR""], [""CHEMBL238"", ""INHIBITOR""]]",0,0,0.0,0.0
CHEMBL4301175,FERRIC AMMONIUM CITRATE,"[""Small molecule""]",1997,False,False,False,False,False,[],[],[],[],[],0,0,0,0
CHEMBL4301898,BRILLIANT BLUE G FREE ACID,"[""Small molecule""]",2019,False,False,False,True,False,[],[],[],[],[],0,0,0,0
CHEMBL4302409,LUTETIUM OXODOTREOTIDE,"[""Protein""]",2017,False,False,False,True,True,[],[],[],[],"[[""CHEMBL2111436"", ""BINDING AGENT""]]",0,0,0.0,0.0
CHEMBL4302413,COPPER OXODOTREOTIDE,"[""Protein""]",2020,False,False,False,True,False,[],[],[],[],[],0,0,0,0
CHEMBL4302512,THALLOUS CHLORIDE,"[""Small molecule""]",1977,False,False,False,False,False,[],[],[],[],[],0,0,0,0
CHEMBL4303060,MELPHALAN FLUFENAMIDE,"[""Small molecule""]",2021,False,False,False,True,False,[],[],[],[],[],0,0,0,0
CHEMBL4303214,FRUQUINTINIB,"[""Small molecule""]",2023,False,False,False,True,True,"[""FLT1"", ""KDR""]",[],[],[],"[[""CHEMBL2095227"", ""INHIBITOR""]]",0,0,0.007189146418605354,0.007189146418605354
CHEMBL4303525,OMAVELOXOLONE,"[""Small molecule""]",2023,False,False,False,True,True,[],[],[],[],"[[""CHEMBL1075094"", ""ACTIVATOR""]]",0,0,0.0,0.0
CHEMBL43064,CINNARIZINE,"[""Small molecule""]",,False,False,False,True,True,"[""CACNA1C""]",[],[],[],"[[""CHEMBL2095229"", ""BLOCKER""], [""CHEMBL231"", ""ANTAGONIST""]]",0,0,0.002376194612129129,0.002376194612129129
CHEMBL431,SPIRAPRIL,"[""Small molecule""]",1994,False,False,False,True,True,"[""ACE""]",[],[],[],"[[""CHEMBL1808"", ""INHIBITOR""]]",0,0,0.04760386061120864,0.04760386061120864
CHEMBL431770,ISTRADEFYLLINE,"[""Small molecule""]",,False,False,False,True,True,[],[],[],[],"[[""CHEMBL251"", ""ANTAGONIST""]]",0,0,0.0,0.0
CHEMBL434,ISOPROTERENOL,"[""Small molecule""]",1956,False,False,False,True,True,"[""ADRB1""]",[],[],[],"[[""CHEMBL2094118"", ""AGONIST""]]",0,0,0.02299311236507951,0.02299311236507951
CHEMBL434200,TERTATOLOL,"[""Small molecule""]",,False,False,False,False,False,[],[],[],[],[],0,0,0,0
CHEMBL434394,NEBIVOLOL,"[""Small molecule""]",2007,False,False,False,True,True,"[""ADRB1""]",[],[],[],"[[""CHEMBL210"", ""ANTAGONIST""], [""CHEMBL213"", ""ANTAGONIST""]]",0,0,0.02299311236507951,0.02299311236507951
CHEMBL43452,POMALIDOMIDE,"[""Small molecule""]",2013,False,False,False,True,True,[],[],[],[],"[[""CHEMBL3833061"", ""INHIBITOR""]]",0,0,0.0,0.0
CHEMBL435,HYDROCHLOROTHIAZIDE,"[""Small molecule""]",1959,False,False,False,True,True,[],[],[],[],"[[""CHEMBL1876"", ""INHIBITOR""]]",0,0,0.0,0.0
CHEMBL435298,ESFLURBIPROFEN,"[""Small molecule""]",2015,False,False,False,True,True,"[""PTGS2""]",[],[],[],"[[""CHEMBL2094253"", ""INHIBITOR""]]",0,0,0.08012979869524581,0.08012979869524581
CHEMBL437765,RIFAMYCIN,"[""Small molecule""]",2018,False,False,False,True,False,[],[],[],[],[],0,0,0,0
CHEMBL439,SULFADIAZINE,"[""Small molecule""]",1941,False,False,False,True,False,[],[],[],[],[],0,0,0,0
CHEMBL439849,VILAZODONE,"[""Small molecule""]",2011,False,False,False,True,True,"[""SLC6A4""]",[],[],[],"[[""CHEMBL214"", ""PARTIAL AGONIST""], [""CHEMBL228"", ""INHIBITOR""]]",0,0,0.09284028451546111,0.09284028451546111
CHEMBL440,THIAMYLAL,"[""Small molecule""]",1982,False,False,False,True,True,"[""GABRA2"", ""GABRA4"", ""GABRA5"", ""GABRB2"", ""GABRE"", ""GABRG1"", ""GABRP""]",[],[],[],"[[""CHEMBL2093872"", ""POSITIVE ALLOSTERIC MODULATOR""]]",0,0,0.014213049242877394,0.014213049242877394
CHEMBL441,THIOPENTAL,"[""Small molecule""]",1982,False,False,False,True,True,"[""GABRA2"", ""GABRA4"", ""GABRA5"", ""GABRB2"", ""GABRE"", ""GABRG1"", ""GABRP""]",[],[],[],"[[""CHEMBL2093872"", ""POSITIVE ALLOSTERIC MODULATOR""]]",0,0,0.014213049242877394,0.014213049242877394
CHEMBL441738,AFAMELANOTIDE,"[""Protein""]",2014,False,False,False,True,True,[],[],[],[],"[[""CHEMBL3795"", ""AGONIST""]]",0,0,0.0,0.0
CHEMBL443,SULFAMETHOXAZOLE,"[""Small molecule""]",1973,False,False,False,True,False,[],[],[],[],[],0,0,0,0
CHEMBL443052,TAVABOROLE,"[""Small molecule""]",2014,False,False,False,True,False,[],[],[],[],[],0,0,0,0
CHEMBL44354,CEFTAZIDIME,"[""Small molecule""]",1985,False,False,False,True,False,[],[],[],[],[],0,0,0,0
CHEMBL443605,HEXYLRESORCINOL,"[""Small molecule""]",2004,False,False,False,False,False,[],[],[],[],[],0,0,0,0
CHEMBL444,BARBITAL,"[""Small molecule""]",,False,False,False,True,False,[],[],[],[],[],0,0,0,0
CHEMBL444633,RIFABUTIN,"[""Small molecule""]",1992,False,False,False,True,False,[],[],[],[],[],0,0,0,0
CHEMBL445,NORTRIPTYLINE,"[""Small molecule""]",1964,False,False,False,True,True,"[""SLC6A4""]",[],[],[],"[[""CHEMBL222"", ""INHIBITOR""], [""CHEMBL228"", ""INHIBITOR""]]",0,0,0.09284028451546111,0.09284028451546111
CHEMBL4458276,ENMETAZOBACTAM,"[""Small molecule""]",2024,False,False,False,True,False,[],[],[],[],[],0,0,0,0
CHEMBL44657,ETOPOSIDE,"[""Small molecule""]",1983,False,False,False,True,True,[],[],[],[],"[[""CHEMBL2094255"", ""INHIBITOR""]]",0,0,0.0,0.0
CHEMBL44884,ETHAMBUTOL,"[""Small molecule""]",1967,False,False,False,True,False,[],[],[],[],[],0,0,0,0
CHEMBL449,BUTABARBITAL,"[""Small molecule""]",1939,False,False,False,True,True,"[""GABRA2"", ""GABRA4"", ""GABRA5"", ""GABRB2"", ""GABRE"", ""GABRG1"", ""GABRP""]",[],[],[],"[[""CHEMBL2093872"", ""POSITIVE ALLOSTERIC MODULATOR""]]",0,0,0.014213049242877394,0.014213049242877394
CHEMBL45,MELATONIN,"[""Small molecule""]",2007,False,False,False,True,True,"[""MTNR1A""]",[],[],[],"[[""CHEMBL2094268"", ""AGONIST""]]",0,0,0.0065564537913512765,0.0065564537913512765
CHEMBL450,METHARBITAL,"[""Small molecule""]",1982,False,False,False,True,True,"[""GABRA2"", ""GABRA4"", ""GABRA5"", ""GABRB2"", ""GABRE"", ""GABRG1"", ""GABRP""]",[],[],[],"[[""CHEMBL2093872"", ""POSITIVE ALLOSTERIC MODULATOR""]]",0,0,0.014213049242877394,0.014213049242877394
CHEMBL45029,MEPHOBARBITAL,"[""Small molecule""]",,False,False,False,False,False,[],[],[],[],[],0,0,0,0
CHEMBL450449,TRABECTEDIN,"[""Small molecule""]",2007,False,False,False,True,False,[],[],[],[],[],0,0,0,0
CHEMBL451,CHLORDIAZEPOXIDE,"[""Small molecule""]",1960,False,False,False,True,True,"[""GABRA2"", ""GABRA4"", ""GABRA5"", ""GABRB2"", ""GABRE"", ""GABRG1"", ""GABRP""]",[],[],[],"[[""CHEMBL2093872"", ""POSITIVE ALLOSTERIC MODULATOR""]]",0,0,0.014213049242877394,0.014213049242877394
CHEMBL451887,CARFILZOMIB,"[""Protein""]",2009,False,False,False,True,True,"[""PSMA6"", ""PSMB8"", ""PSMB9""]","[""PSMA6""]",[],[],"[[""CHEMBL2364701"", ""INHIBITOR""]]",0,0.5367027789988335,0.4293622231990668,0.4293622231990668
CHEMBL451930,PLITIDEPSIN,"[""Small molecule""]",2018,False,False,False,True,True,"[""EEF1A2""]",[],[],[],"[[""CHEMBL1795122"", ""INHIBITOR""]]",0,0,0.004296391946748911,0.004296391946748911
CHEMBL452,CLONAZEPAM,"[""Small molecule""]",1975,False,False,False,True,True,"[""GABRA2"", ""GABRA4"", ""GABRA5"", ""GABRB2"", ""GABRE"", ""GABRG1"", ""GABRP""]",[],[],[],"[[""CHEMBL2093872"", ""POSITIVE ALLOSTERIC MODULATOR""]]",0,0,0.014213049242877394,0.014213049242877394
CHEMBL452231,TENIPOSIDE,"[""Small molecule""]",1992,False,False,False,True,True,[],[],[],[],"[[""CHEMBL2094255"", ""INHIBITOR""]]",0,0,0.0,0.0
CHEMBL453,SULFISOXAZOLE,"[""Small molecule""]",1971,False,False,False,True,False,[],[],[],[],[],0,0,0,0
CHEMBL4535757,SOTORASIB,"[""Small molecule""]",2021,False,False,False,True,True,[],[],[],[],"[[""CHEMBL2189121"", ""INHIBITOR""]]",0,0,0.0,0.0
CHEMBL454,BUTALBITAL,"[""Small molecule""]",1983,False,False,False,True,True,"[""GABRA2"", ""GABRA4"", ""GABRA5"", ""GABRB2"", ""GABRE"", ""GABRG1"", ""GABRP""]",[],[],[],"[[""CHEMBL2093872"", ""POSITIVE ALLOSTERIC MODULATOR""]]",0,0,0.014213049242877394,0.014213049242877394
CHEMBL454446,CEFDITOREN PIVOXIL,"[""Small molecule""]",2001,False,False,False,True,False,[],[],[],[],[],0,0,0,0
CHEMBL455,SULFACETAMIDE,"[""Small molecule""]",1945,False,False,False,True,False,[],[],[],[],[],0,0,0,0
CHEMBL455186,TREOSULFAN,"[""Small molecule""]",2019,False,False,False,True,False,[],[],[],[],[],0,0,0,0
CHEMBL4558324,LAZERTINIB,"[""Small molecule""]",2024,False,False,False,True,True,[],[],[],[],"[[""CHEMBL203"", ""INHIBITOR""]]",0,0,0.0,0.0
CHEMBL4559134,SELPERCATINIB,"[""Small molecule""]",2020,False,False,False,True,True,[],[],[],[],"[[""CHEMBL2041"", ""INHIBITOR""], [""CHEMBL3430888"", ""INHIBITOR""], [""CHEMBL3430904"", ""INHIBITOR""]]",0,0,0,0
CHEMBL455917,CHLORAL HYDRATE,"[""Small molecule""]",,False,False,False,True,False,[],[],[],[],[],0,0,0,0
CHEMBL456,ETHACRYNIC ACID,"[""Small molecule""]",1967,False,False,False,True,True,[],[],[],[],"[[""CHEMBL1874"", ""INHIBITOR""]]",0,0,0,0
CHEMBL457,GEMFIBROZIL,"[""Small molecule""]",1981,False,False,False,True,True,[],[],[],[],"[[""CHEMBL239"", ""AGONIST""]]",0,0,0.0,0.0
CHEMBL457547,MICAFUNGIN,"[""Small molecule""]",2005,False,False,False,True,False,[],[],[],[],[],0,0,0,0
CHEMBL4582651,PRALSETINIB,"[""Small molecule""]",2020,False,False,False,True,True,[],[],[],[],"[[""CHEMBL2041"", ""INHIBITOR""], [""CHEMBL3430888"", ""INHIBITOR""], [""CHEMBL3430904"", ""INHIBITOR""]]",0,0,0,0
CHEMBL4585668,BELZUTIFAN,"[""Small molecule""]",2021,False,False,False,True,True,[],[],[],[],"[[""CHEMBL1744522"", ""INHIBITOR""]]",0,0,0.0,0.0
CHEMBL459,METHYLDOPA,"[""Small molecule""]",1962,False,False,False,True,True,"[""ADRA2A"", ""ADRA2C""]","[""ADRA2A""]",[],[],"[[""CHEMBL2095158"", ""AGONIST""]]",0,0.21032116470427323,0.1682569317634186,0.1682569317634186
CHEMBL4594214,ZICONOTIDE,"[""Protein""]",2004,False,False,False,True,True,[],[],[],[],"[[""CHEMBL4478"", ""BLOCKER""]]",0,0,0.0,0.0
CHEMBL4594230,LIPEGFILGRASTIM,"[""Protein""]",2013,False,False,False,True,True,"[""CSF3R""]",[],[],[],"[[""CHEMBL1996"", ""AGONIST""]]",0,0,0.07161034711627584,0.07161034711627584
CHEMBL4594246,SULOPENEM ETZADROXIL,"[""Small molecule""]",2024,False,False,False,True,False,[],[],[],[],[],0,0,0,0
CHEMBL4594248,CALCITONIN HUMAN,"[""Protein""]",1986,False,False,False,True,True,[],[],[],[],"[[""CHEMBL1832"", ""AGONIST""]]",0,0,0,0
CHEMBL4594250,NETARSUDIL,"[""Small molecule""]",2017,False,False,False,True,True,[],[],[],[],"[[""CHEMBL2111459"", ""INHIBITOR""]]",0,0,0.0,0.0
CHEMBL4594264,AIR POLYMER-TYPE A,"[""Small molecule""]",2019,False,False,False,True,False,[],[],[],[],[],0,0,0,0
CHEMBL4594265,GIVOSIRAN SODIUM,"[""Oligonucleotide""]",2019,False,False,False,True,False,[],[],[],[],[],0,0,0,0
CHEMBL4594284,PADELIPORFIN,"[""Small molecule""]",2017,False,False,False,True,False,[],[],[],[],[],0,0,0,0
CHEMBL4594287,ENSIFENTRINE,"[""Small molecule""]",2024,False,False,False,True,True,"[""PDE4A"", ""PDE4B"", ""PDE4D""]","[""PDE4A"", ""PDE4D""]",[],[],"[[""CHEMBL2093863"", ""INHIBITOR""], [""CHEMBL2094125"", ""INHIBITOR""]]",0,0.23243057389068916,0.18594445911255134,0.18594445911255134
CHEMBL4594311,BETIBEGLOGENE AUTOTEMCEL,"[""Gene""]",2019,False,False,False,True,True,"[""HBB""]",[],[],[],"[[""CHEMBL4331"", ""EXOGENOUS GENE""]]",0,0,0.010050517191263448,0.010050517191263448
CHEMBL4594316,CROVALIMAB,"[""Antibody""]",,False,False,False,True,True,[],[],[],[],"[[""CHEMBL2364163"", ""INHIBITOR""]]",0,0,0.0,0.0
CHEMBL4594320,AVALGLUCOSIDASE ALFA,"[""Enzyme""]",2021,False,False,False,True,False,[],[],[],[],[],0,0,0,0
CHEMBL4594328,BEREMAGENE GEPERPAVEC,"[""Gene""]",2023,False,False,False,True,True,"[""COL7A1""]",[],[],[],"[[""CHEMBL5498505"", ""EXOGENOUS GENE""]]",0,0,0.06723212168153651,0.06723212168153651
CHEMBL4594329,CIPAGLUCOSIDASE ALFA,"[""Enzyme""]",2023,False,False,False,True,False,[],[],[],[],[],0,0,0,0
CHEMBL4594332,DONISLECEL,"[""Cell""]",2023,False,False,False,True,False,[],[],[],[],[],0,0,0,0
CHEMBL4594333,ELIVALDOGENE AUTOTEMCEL,"[""Gene""]",2021,False,False,False,True,False,[],[],[],[],[],0,0,0,0
CHEMBL4594335,EPLONTERSEN SODIUM,"[""Oligonucleotide""]",2023,False,False,False,True,False,[],[],[],[],[],0,0,0,0
CHEMBL4594338,NEDOSIRAN SODIUM,"[""Oligonucleotide""]",2023,False,False,False,True,False,[],[],[],[],[],0,0,0,0
CHEMBL4594345,PEGULICIANINE ACETATE,"[""Small molecule""]",2024,False,False,False,True,False,[],[],[],[],[],0,0,0,0
CHEMBL4594350,ADAGRASIB,"[""Small molecule""]",2022,False,False,False,True,True,[],[],[],[],"[[""CHEMBL2189121"", ""INHIBITOR""]]",0,0,0.0,0.0
CHEMBL4594379,FOSLEVODOPA,"[""Small molecule""]",2024,False,False,False,True,True,"[""ADRB1""]",[],[],[],"[[""CHEMBL213"", ""AGONIST""]]",0,0,0.02299311236507951,0.02299311236507951
CHEMBL4594388,ANSUVIMAB,"[""Antibody""]",2020,False,False,False,True,False,[],[],[],[],[],0,0,0,0
CHEMBL4594438,LENACAPAVIR,"[""Small molecule""]",2022,False,False,False,True,False,[],[],[],[],[],0,0,0,0
CHEMBL4594448,IPTACOPAN,"[""Small molecule""]",2023,False,False,False,True,True,"[""CFB""]",[],[],[],"[[""CHEMBL5731"", ""INHIBITOR""]]",0,0,0.01958840995018135,0.01958840995018135
CHEMBL4594503,TALQUETAMAB,"[""Antibody""]",2023,False,False,False,True,True,"[""CD3D"", ""CD3E"", ""CD3G""]",[],[],[],"[[""CHEMBL2364168"", ""BINDING AGENT""], [""CHEMBL4523925"", ""BINDING AGENT""]]",0,0,0.0031727446108094867,0.0031727446108094867
CHEMBL4594505,TECLISTAMAB,"[""Antibody""]",2022,False,False,False,True,True,"[""CD3D"", ""CD3E"", ""CD3G""]",[],[],[],"[[""CHEMBL2364168"", ""BINDING AGENT""], [""CHEMBL4523587"", ""BINDING AGENT""]]",0,0,0.0031727446108094867,0.0031727446108094867
CHEMBL4594511,VUTRISIRAN,"[""Oligonucleotide""]",2022,False,False,False,True,False,[],[],[],[],[],0,0,0,0
CHEMBL4594535,SUGEMALIMAB,"[""Antibody""]",2024,False,False,False,True,True,"[""CD274""]",[],[],[],"[[""CHEMBL3580522"", ""BINDING AGENT""]]",0,0,0.044842704704928855,0.044842704704928855
CHEMBL4594581,INSULIN ICODEC,"[""Protein""]",2024,False,False,False,True,True,[],[],[],[],"[[""CHEMBL1981"", ""AGONIST""]]",0,0,0,0
CHEMBL4594584,"ANTIHEMOPHILIC FACTOR, PEGYLATED (MW 20000) HUMAN SEQUENCE RECOMBINANT","[""Unknown""]",2018,False,False,False,True,True,[],[],[],[],"[[""CHEMBL3143"", ""EXOGENOUS PROTEIN""]]",0,0,0.0,0.0
CHEMBL4594598,EFTRENONACOG ALFA,"[""Protein""]",2016,False,False,False,True,True,[],[],[],[],"[[""CHEMBL2016"", ""EXOGENOUS PROTEIN""]]",0,0,0,0
CHEMBL4594603,LONOCTOCOG ALFA,"[""Protein""]",2017,False,False,False,True,True,[],[],[],[],"[[""CHEMBL3143"", ""EXOGENOUS PROTEIN""]]",0,0,0.0,0.0
CHEMBL4594607,APADAMTASE ALFA,"[""Enzyme""]",2023,False,False,False,True,True,[],[],[],[],"[[""CHEMBL2346492"", ""EXOGENOUS PROTEIN""]]",0,0,0.0,0.0
CHEMBL4594608,AXATILIMAB,"[""Antibody""]",,False,False,False,True,True,"[""CSF1R""]",[],[],[],"[[""CHEMBL1844"", ""INHIBITOR""]]",0,0,0.004658557674953007,0.004658557674953007
CHEMBL4594618,BREXUCABTAGENE AUTOLEUCEL,"[""Gene""]",2020,False,False,False,True,True,[],[],[],[],"[[""CHEMBL3390821"", ""BINDING AGENT""]]",0,0,0.0,0.0
CHEMBL4594730,VIPIVOTIDE TETRAXETAN LUTETIUM,"[""Protein""]",2022,False,False,False,True,True,"[""FOLH1""]",[],[],[],"[[""CHEMBL1892"", ""BINDING AGENT""]]",0,0,0.04863082543375706,0.04863082543375706
CHEMBL4596392,CRAVACITINIB,"[""Small molecule""]",2022,False,False,False,True,True,"[""TYK2""]","[""TYK2""]",[],[],"[[""CHEMBL3553"", ""NEGATIVE ALLOSTERIC MODULATOR""]]",2,0.8618771110824588,0.6895016888659671,0.6895016888659671
CHEMBL4597194,TECHNETIUM BICISATE,"[""Small molecule""]",1994,False,False,False,False,False,[],[],[],[],[],0,0,0,0
CHEMBL4597794,TECHNETIUM TEBOROXIME,"[""Small molecule""]",1990,False,False,False,False,False,[],[],[],[],[],0,0,0,0
CHEMBL46,ONDANSETRON,"[""Small molecule""]",1991,False,False,False,True,True,"[""HTR3A""]",[],[],[],"[[""CHEMBL1899"", ""ANTAGONIST""]]",0,0,0.008402029746276662,0.008402029746276662
CHEMBL460,MOLINDONE,"[""Small molecule""]",1974,False,False,False,True,True,[],[],[],[],"[[""CHEMBL217"", ""ANTAGONIST""], [""CHEMBL224"", ""ANTAGONIST""]]",0,0,0.0,0.0
CHEMBL46058,ETHYL CHLORIDE,"[""Small molecule""]",,False,False,False,False,False,[],[],[],[],[],0,0,0,0
CHEMBL461101,ELTROMBOPAG,"[""Small molecule""]",2008,False,False,False,True,True,[],[],[],[],"[[""CHEMBL1864"", ""AGONIST""]]",0,0,0.0,0.0
CHEMBL462394,METRIZAMIDE,"[""Small molecule""]",1978,False,False,False,True,False,[],[],[],[],[],0,0,0,0
CHEMBL462605,PITOLISANT,"[""Small molecule""]",2016,False,False,False,True,True,[],[],[],[],"[[""CHEMBL264"", ""INVERSE AGONIST""]]",0,0,0,0
CHEMBL46286,OMACETAXINE MEPESUCCINATE,"[""Small molecule""]",2009,False,False,False,True,False,[],[],[],[],[],0,0,0,0
CHEMBL463,AMINOHIPPURIC ACID,"[""Small molecule""]",1982,False,False,False,False,False,[],[],[],[],[],0,0,0,0
CHEMBL465,DRONABINOL,"[""Small molecule""]",1985,False,False,False,True,True,"[""CNR1""]",[],[],[],"[[""CHEMBL218"", ""AGONIST""]]",0,0,0.0034692509297946893,0.0034692509297946893
CHEMBL4650215,INAVOLISIB,"[""Small molecule""]",2024,False,False,False,True,True,[],[],[],[],"[[""CHEMBL4005"", ""INHIBITOR""]]",0,0,0.0,0.0
CHEMBL4650241,DELANDISTROGENE MOXEPARVOVEC,"[""Gene""]",2023,False,False,False,True,True,[],[],[],[],"[[""CHEMBL5498504"", ""EXOGENOUS GENE""]]",0,0,0,0
CHEMBL4650246,BIRCH TRITERPENES,"[""Small molecule""]",2016,False,False,False,True,False,[],[],[],[],[],0,0,0,0
CHEMBL4650256,ZANIDATAMAB,"[""Antibody""]",,False,False,False,True,True,[],[],[],[],"[[""CHEMBL1824"", ""INHIBITOR""]]",0,0,0.0,0.0
CHEMBL465026,NEFOPAM,"[""Small molecule""]",,False,False,False,False,False,[],[],[],[],[],0,0,0,0
CHEMBL4650263,OLEZARSEN SODIUM,"[""Oligonucleotide""]",2024,False,False,False,False,False,[],[],[],[],[],0,0,0,0
CHEMBL4650269,LOVOTIBEGLOGENE AUTOTEMCEL,"[""Gene""]",2023,False,False,False,True,True,"[""HBB""]",[],[],[],"[[""CHEMBL4331"", ""EXOGENOUS GENE""]]",0,0,0.010050517191263448,0.010050517191263448
CHEMBL4650274,DASIGLUCAGON HYDROCHLORIDE,"[""Protein""]",2021,False,False,False,True,True,[],[],[],[],"[[""CHEMBL1985"", ""AGONIST""]]",0,0,0.0,0.0
CHEMBL4650299,HEPARIN,"[""Oligosaccharide""]",2023,False,False,False,True,True,[],[],[],[],"[[""CHEMBL1950"", ""ACTIVATOR""]]",0,0,0.0,0.0
CHEMBL4650319,MOBOCERTINIB,"[""Small molecule""]",2021,False,False,False,True,True,[],[],[],[],"[[""CHEMBL203"", ""INHIBITOR""]]",0,0,0.0,0.0
CHEMBL4650393,EPCORITAMAB,"[""Antibody""]",2023,False,False,False,True,True,"[""CD3D"", ""CD3E"", ""CD3G""]",[],[],[],"[[""CHEMBL2058"", ""BINDING AGENT""], [""CHEMBL2364168"", ""BINDING AGENT""]]",0,0,0.0031727446108094867,0.0031727446108094867
CHEMBL4650429,TOZINAMERAN,"[""Vaccine component""]",2020,False,False,False,True,False,[],[],[],[],[],0,0,0,0
CHEMBL4650462,REGDANVIMAB,"[""Antibody""]",2021,False,False,False,True,False,[],[],[],[],[],0,0,0,0
CHEMBL4650485,PIRTOBRUTINIB,"[""Small molecule""]",2023,False,False,False,True,True,[],[],[],[],"[[""CHEMBL5251"", ""INHIBITOR""]]",0,0,0.0,0.0
CHEMBL4650491,ELASOMERAN,"[""Oligonucleotide""]",2021,False,False,False,True,False,[],[],[],[],[],0,0,0,0
CHEMBL4650524,SOTROVIMAB,"[""Antibody""]",2021,False,False,False,True,False,[],[],[],[],[],0,0,0,0
CHEMBL4650827,REVUMENIB,"[""Small molecule""]",2024,False,False,False,True,True,[],[],[],[],"[[""CHEMBL1615381"", ""INHIBITOR""], [""CHEMBL2093861"", ""INHIBITOR""]]",0,0,0,0
CHEMBL46516,FLUSPIRILENE,"[""Small molecule""]",,False,False,False,True,True,[],[],[],[],"[[""CHEMBL217"", ""INHIBITOR""]]",0,0,0.0,0.0
CHEMBL467,HYDROXYUREA,"[""Small molecule""]",1967,False,False,False,True,True,"[""RRM2""]",[],[],[],"[[""CHEMBL2095215"", ""INHIBITOR""]]",0,0,0.004647417914846161,0.004647417914846161
CHEMBL467058,LANINAMIVIR OCTANOATE,"[""Small molecule""]",2010,False,False,False,True,False,[],[],[],[],[],0,0,0,0
CHEMBL46740,BAZEDOXIFENE,"[""Small molecule""]",2009,False,False,False,True,True,"[""ESR1""]",[],[],[],"[[""CHEMBL2093866"", ""MODULATOR""]]",0,0,0.0026647551378045638,0.0026647551378045638
CHEMBL469,KETOROLAC,"[""Small molecule""]",1989,False,False,False,True,True,"[""PTGS2""]",[],[],[],"[[""CHEMBL2094253"", ""INHIBITOR""]]",0,0,0.08012979869524581,0.08012979869524581
CHEMBL471,SOTALOL,"[""Small molecule""]",1992,False,False,False,True,True,"[""ADRB1"", ""KCNH2""]",[],[],[],"[[""CHEMBL210"", ""ANTAGONIST""], [""CHEMBL213"", ""ANTAGONIST""], [""CHEMBL240"", ""BLOCKER""]]",0,0,0.02299311236507951,0.02299311236507951
CHEMBL471737,IVABRADINE,"[""Small molecule""]",2005,False,False,False,True,True,[],[],[],[],"[[""CHEMBL1250417"", ""BLOCKER""]]",0,0,0,0
CHEMBL472,GLYBURIDE,"[""Small molecule""]",1984,False,False,False,True,True,[],[],[],[],"[[""CHEMBL2096972"", ""BLOCKER""]]",0,0,0,0
CHEMBL473,DOFETILIDE,"[""Small molecule""]",1999,False,False,False,True,True,"[""KCNH2""]",[],[],[],"[[""CHEMBL240"", ""BLOCKER""]]",0,0,0.003118906655304387,0.003118906655304387
CHEMBL473417,VISMODEGIB,"[""Small molecule""]",2012,False,False,False,True,True,[],[],[],[],"[[""CHEMBL5971"", ""INHIBITOR""]]",0,0,0,0
CHEMBL474579,CEFOTETAN,"[""Small molecule""]",1985,False,False,False,True,False,[],[],[],[],[],0,0,0,0
CHEMBL476,DACARBAZINE,"[""Small molecule""]",1975,False,False,False,True,False,[],[],[],[],[],0,0,0,0
CHEMBL476960,VOGLIBOSE,"[""Small molecule""]",1994,False,False,False,True,True,"[""MGAM"", ""MGAM2"", ""SI""]",[],[],[],"[[""CHEMBL3833502"", ""INHIBITOR""]]",0,0,0.07891287676305958,0.07891287676305958
CHEMBL477,ADENOSINE,"[""Small molecule""]",1989,False,False,False,True,True,"[""ADORA2B"", ""ADORA3""]",[],[],[],"[[""CHEMBL2111329"", ""AGONIST""]]",0,0,0.03865531502588768,0.03865531502588768
CHEMBL477772,PAZOPANIB,"[""Small molecule""]",2009,False,False,False,True,True,"[""CSF1R"", ""FGFR1"", ""FGFR3"", ""FLT1"", ""ITK"", ""KDR"", ""LCK"", ""PDGFRB""]",[],[],[],"[[""CHEMBL1844"", ""INHIBITOR""], [""CHEMBL1936"", ""INHIBITOR""], [""CHEMBL2095189"", ""INHIBITOR""], [""CHEMBL2095227"", ""INHIBITOR""], [""CHEMBL258"", ""INHIBITOR""], [""CHEMBL2742"", ""INHIBITOR""], [""CHEMBL2959"", ""INHIBITOR""], [""CHEMBL3650"", ""INHIBITOR""]]",0,0,0.010341153000939744,0.010341153000939744
CHEMBL480,LANSOPRAZOLE,"[""Small molecule""]",1995,False,False,False,True,True,[],[],[],[],"[[""CHEMBL2095173"", ""INHIBITOR""]]",0,0,0.0,0.0
CHEMBL4802135,NIRMATRELVIR,"[""Small molecule""]",2023,False,False,False,True,False,[],[],[],[],[],0,0,0,0
CHEMBL4802224,FERRIC OXYHYDROXIDE,"[""Small molecule""]",1982,False,False,False,True,False,[],[],[],[],[],0,0,0,0
CHEMBL4802240,FOSCARBIDOPA,"[""Small molecule""]",2024,False,False,False,True,True,"[""DDC""]",[],[],[],"[[""CHEMBL1843"", ""INHIBITOR""]]",0,0,0.032309062657431546,0.032309062657431546
CHEMBL4802254,AFAMITRESGENE AUTOLEUCEL,"[""Gene""]",2024,False,False,False,True,True,[],[],[],[],"[[""CHEMBL4296022"", ""BINDING AGENT""]]",0,0,0,0
CHEMBL4802262,ATIDARSAGENE AUTOTEMCEL,"[""Gene""]",2020,False,False,False,True,False,[],[],[],[],[],0,0,0,0
CHEMBL4802263,CILTACABTAGENE AUTOLEUCEL,"[""Gene""]",2022,False,False,False,True,True,[],[],[],[],"[[""CHEMBL4523587"", ""BINDING AGENT""]]",0,0,0.0,0.0
CHEMBL481,IRINOTECAN,"[""Small molecule""]",1996,False,False,False,True,True,[],[],[],[],"[[""CHEMBL1781"", ""INHIBITOR""]]",0,0,0,0
CHEMBL483254,PANOBINOSTAT,"[""Small molecule""]",2015,False,False,False,True,True,"[""HDAC7""]","[""HDAC7""]",[],[],"[[""CHEMBL2093865"", ""INHIBITOR""]]",0,0.4839866926943743,0.38718935415549943,0.38718935415549943
CHEMBL48449,CANTHARIDIN,"[""Small molecule""]",2023,False,False,False,False,False,[],[],[],[],[],0,0,0,0
CHEMBL484785,CRISABOROLE,"[""Small molecule""]",2016,False,False,False,True,True,"[""PDE4A"", ""PDE4B"", ""PDE4D""]","[""PDE4A"", ""PDE4D""]",[],[],"[[""CHEMBL2093863"", ""INHIBITOR""]]",0,0.23243057389068916,0.18594445911255134,0.18594445911255134
CHEMBL485,CODEINE,"[""Small molecule""]",1952,False,False,False,True,True,[],[],[],[],"[[""CHEMBL2095181"", ""AGONIST""]]",0,0,0.0,0.0
CHEMBL487253,BENDAMUSTINE,"[""Small molecule""]",2008,False,False,False,True,False,[],[],[],[],[],0,0,0,0
CHEMBL488,AMINOGLUTETHIMIDE,"[""Small molecule""]",1980,False,False,False,True,True,"[""CYP19A1""]",[],[],[],"[[""CHEMBL1978"", ""INHIBITOR""], [""CHEMBL2033"", ""INHIBITOR""]]",0,0,0.005994639905445553,0.005994639905445553
CHEMBL489411,AMOROLFINE,"[""Small molecule""]",,False,False,False,False,False,[],[],[],[],[],0,0,0,0
CHEMBL49,BUSPIRONE,"[""Small molecule""]",1986,False,False,False,True,True,[],[],[],[],"[[""CHEMBL214"", ""PARTIAL AGONIST""]]",0,0,0,0
CHEMBL490,PAROXETINE,"[""Small molecule""]",1992,False,False,False,True,True,"[""SLC6A4""]",[],[],[],"[[""CHEMBL228"", ""INHIBITOR""]]",0,0,0.09284028451546111,0.09284028451546111
CHEMBL491571,DORIPENEM,"[""Small molecule""]",2007,False,False,False,True,False,[],[],[],[],[],0,0,0,0
CHEMBL492,ETIDOCAINE,"[""Small molecule""]",1976,False,False,False,True,True,"[""SCN4A"", ""SCN7A""]",[],[],[],"[[""CHEMBL2331043"", ""BLOCKER""]]",0,0,0.003247364880461054,0.003247364880461054
CHEMBL493,BROMOCRIPTINE,"[""Small molecule""]",1978,False,False,False,True,True,[],[],[],[],"[[""CHEMBL2331075"", ""AGONIST""]]",0,0,0.0,0.0
CHEMBL493287,GLUCOSAMINE,"[""Small molecule""]",,False,False,False,True,False,[],[],[],[],[],0,0,0,0
CHEMBL493982,VORAPAXAR,"[""Small molecule""]",2014,False,False,False,True,True,"[""F2R""]",[],[],[],"[[""CHEMBL3974"", ""ANTAGONIST""]]",0,0,0.0038259294539584807,0.0038259294539584807
CHEMBL494,ILOPROST,"[""Small molecule""]",2003,False,False,False,True,True,"[""PTGIR""]",[],[],[],"[[""CHEMBL1995"", ""AGONIST""]]",0,0,0.0018104339901936226,0.0018104339901936226
CHEMBL494622,FLURPIRIDAZ,"[""Small molecule""]",2024,False,False,False,True,False,[],[],[],[],[],0,0,0,0
CHEMBL494753,ESTRONE SULFURIC ACID,"[""Small molecule""]",1977,False,False,False,True,True,"[""ESR1""]",[],[],[],"[[""CHEMBL206"", ""AGONIST""]]",0,0,0.0026647551378045638,0.0026647551378045638
CHEMBL495,ALPROSTADIL,"[""Small molecule""]",1981,False,False,False,True,True,"[""PTGER1""]",[],[],[],"[[""CHEMBL1811"", ""AGONIST""], [""CHEMBL1881"", ""AGONIST""]]",0,0,0.0030098692933167143,0.0030098692933167143
CHEMBL498,CHLORPROPAMIDE,"[""Small molecule""]",1958,False,False,False,True,True,[],[],[],[],"[[""CHEMBL2096972"", ""BLOCKER""]]",0,0,0,0
CHEMBL498847,SECNIDAZOLE,"[""Small molecule""]",2017,False,False,False,True,False,[],[],[],[],[],0,0,0,0
CHEMBL499,TIMOLOL,"[""Small molecule""]",1978,False,False,False,True,True,"[""ADRB1""]",[],[],[],"[[""CHEMBL210"", ""ANTAGONIST""], [""CHEMBL213"", ""ANTAGONIST""]]",0,0,0.02299311236507951,0.02299311236507951
CHEMBL499915,CARBENOXOLONE,"[""Small molecule""]",,False,False,False,True,True,"[""HSD11B1"", ""HSD11B2""]",[],[],[],"[[""CHEMBL3542430"", ""INHIBITOR""]]",0,0,0.07606960582371369,0.07606960582371369
CHEMBL5,NALIDIXIC ACID,"[""Small molecule""]",1964,False,False,False,True,False,[],[],[],[],[],0,0,0,0
CHEMBL500,PINDOLOL,"[""Small molecule""]",1982,False,False,False,True,True,"[""ADRB1""]",[],[],[],"[[""CHEMBL210"", ""PARTIAL AGONIST""], [""CHEMBL213"", ""PARTIAL AGONIST""]]",0,0,0.02299311236507951,0.02299311236507951
CHEMBL500576,TEMOPORFIN,"[""Small molecule""]",2001,False,False,False,True,False,[],[],[],[],[],0,0,0,0
CHEMBL501122,CEFTAROLINE FOSAMIL,"[""Small molecule""]",2010,False,False,False,True,False,[],[],[],[],[],0,0,0,0
CHEMBL501849,SIMEPREVIR,"[""Small molecule""]",2013,False,False,False,True,False,[],[],[],[],[],0,0,0,0
CHEMBL502,DONEPEZIL,"[""Small molecule""]",1996,False,False,False,True,True,"[""ACHE""]",[],[],[],"[[""CHEMBL220"", ""INHIBITOR""]]",0,0,0.0037763442209485785,0.0037763442209485785
CHEMBL502835,NINTEDANIB,"[""Small molecule""]",2014,False,False,False,True,True,"[""FGFR1"", ""FGFR2"", ""FGFR3"", ""FLT1"", ""KDR"", ""PDGFRB""]",[],[],[],"[[""CHEMBL2095189"", ""INHIBITOR""], [""CHEMBL2095217"", ""INHIBITOR""], [""CHEMBL2095227"", ""INHIBITOR""]]",0,0,0.007784311767129512,0.007784311767129512
CHEMBL503,LOVASTATIN,"[""Small molecule""]",1987,False,False,False,True,True,[],[],[],[],"[[""CHEMBL402"", ""INHIBITOR""]]",0,0,0.0,0.0
CHEMBL504,DIMETHYL SULFOXIDE,"[""Small molecule""]",1978,False,False,False,True,False,[],[],[],[],[],0,0,0,0
CHEMBL505,CHLORPHENIRAMINE,"[""Small molecule""]",1950,False,False,False,True,True,[],[],[],[],"[[""CHEMBL231"", ""ANTAGONIST""]]",0,0,0.0,0.0
CHEMBL506,PRIMAQUINE,"[""Small molecule""]",1952,False,False,False,True,False,[],[],[],[],[],0,0,0,0
CHEMBL506247,TANNIC ACID,"[""Unknown""]",1982,False,False,False,False,False,[],[],[],[],[],0,0,0,0
CHEMBL507674,CEFOPERAZONE,"[""Small molecule""]",1982,False,False,False,True,False,[],[],[],[],[],0,0,0,0
CHEMBL507870,TELAVANCIN,"[""Protein""]",2009,False,False,False,True,False,[],[],[],[],[],0,0,0,0
CHEMBL508102,CARBIMAZOLE,"[""Small molecule""]",,False,False,False,True,True,[],[],[],[],"[[""CHEMBL1839"", ""INHIBITOR""]]",0,0,0.0,0.0
CHEMBL509,MECLOFENAMIC ACID,"[""Small molecule""]",1980,False,False,False,True,True,"[""PTGS2""]",[],[],[],"[[""CHEMBL2094253"", ""INHIBITOR""], [""CHEMBL215"", ""INHIBITOR""]]",0,0,0.08012979869524581,0.08012979869524581
CHEMBL5095052,INCLISIRAN SODIUM,"[""Oligonucleotide""]",2020,False,False,False,True,False,[],[],[],[],[],0,0,0,0
CHEMBL5095056,BENZGALANTAMINE,"[""Small molecule""]",2024,False,False,False,True,True,"[""ACHE""]",[],[],[],"[[""CHEMBL220"", ""INHIBITOR""]]",0,0,0.0037763442209485785,0.0037763442209485785
CHEMBL5095275,EFANESOCTOCOG ALFA,"[""Protein""]",2023,False,False,False,True,True,[],[],[],[],"[[""CHEMBL3143"", ""EXOGENOUS PROTEIN""]]",0,0,0.0,0.0
CHEMBL5095292,TARLATAMAB,"[""Antibody""]",,False,False,False,True,True,"[""CD3D"", ""CD3E"", ""CD3G""]",[],[],[],"[[""CHEMBL2364168"", ""BINDING AGENT""], [""CHEMBL4630888"", ""BINDING AGENT""]]",0,0,0.0031727446108094867,0.0031727446108094867
CHEMBL5095303,VUTRISIRAN SODIUM,"[""Oligonucleotide""]",2022,False,False,False,True,False,[],[],[],[],[],0,0,0,0
CHEMBL5095440,OBECABTAGENE AUTOLEUCEL,"[""Gene""]",2024,False,False,False,True,True,[],[],[],[],"[[""CHEMBL3390821"", ""BINDING AGENT""]]",0,0,0.0,0.0
CHEMBL5095449,MOTIXAFORTIDE ACETATE,"[""Protein""]",2023,False,False,False,False,False,[],[],[],[],[],0,0,0,0
CHEMBL5095451,ETRANACOGENE DEZAPARVOVEC,"[""Gene""]",2023,False,False,False,True,True,[],[],[],[],"[[""CHEMBL2016"", ""EXOGENOUS PROTEIN""]]",0,0,0,0
CHEMBL5095474,EXAGAMGLOGENE AUTOTEMCEL,"[""Gene""]",2023,False,False,False,True,True,[],[],[],[],"[[""CHEMBL5498502"", ""GENE EDITING NEGATIVE MODULATOR""]]",0,0,0,0
CHEMBL5095475,PALOPEGTERIPARATIDE,"[""Protein""]",2023,False,False,False,True,True,[],[],[],[],"[[""CHEMBL1793"", ""AGONIST""]]",0,0,0,0
CHEMBL5095505,AMPHETAMINE/DEXTROAMPHETAMINE,"[""Small molecule""]",2015,False,False,False,False,False,[],[],[],[],[],0,0,0,0
CHEMBL51,KETANSERIN,"[""Small molecule""]",,False,False,False,False,False,[],[],[],[],[],0,0,0,0
CHEMBL511,PYRILAMINE,"[""Small molecule""]",1973,False,False,False,True,True,[],[],[],[],"[[""CHEMBL231"", ""ANTAGONIST""]]",0,0,0.0,0.0
CHEMBL511142,BUPRENORPHINE,"[""Small molecule""]",1981,False,False,False,True,True,[],[],[],[],"[[""CHEMBL233"", ""AGONIST""], [""CHEMBL237"", ""AGONIST""]]",0,0,0.0,0.0
CHEMBL512351,BETRIXABAN,"[""Small molecule""]",2017,False,False,False,True,True,[],[],[],[],"[[""CHEMBL244"", ""INHIBITOR""]]",0,0,0.0,0.0
CHEMBL513,CARMUSTINE,"[""Small molecule""]",1977,False,False,False,True,True,[],[],[],[],"[[""CHEMBL2755"", ""INHIBITOR""]]",0,0,0,0
CHEMBL514,LOMUSTINE,"[""Small molecule""]",1976,False,False,False,True,False,[],[],[],[],[],0,0,0,0
CHEMBL514800,APREMILAST,"[""Small molecule""]",2014,False,False,False,True,True,"[""PDE4A"", ""PDE4B"", ""PDE4D""]","[""PDE4A"", ""PDE4D""]",[],[],"[[""CHEMBL2093863"", ""INHIBITOR""]]",0,0.23243057389068916,0.18594445911255134,0.18594445911255134
CHEMBL515,CHLORAMBUCIL,"[""Small molecule""]",1957,False,False,False,True,False,[],[],[],[],[],0,0,0,0
CHEMBL515387,GOSOGLIPTIN,"[""Small molecule""]",2016,False,False,False,True,True,"[""DPP4""]",[],[],[],"[[""CHEMBL284"", ""INHIBITOR""]]",0,0,0.04595561328024786,0.04595561328024786
CHEMBL515408,MARIBAVIR,"[""Small molecule""]",2021,False,False,False,True,False,[],[],[],[],[],0,0,0,0
CHEMBL515606,CILAZAPRIL,"[""Small molecule""]",,False,False,False,True,True,"[""ACE""]",[],[],[],"[[""CHEMBL1808"", ""INHIBITOR""]]",0,0,0.04760386061120864,0.04760386061120864
CHEMBL516,CYPROHEPTADINE,"[""Small molecule""]",1961,False,False,False,True,True,[],[],[],[],"[[""CHEMBL231"", ""ANTAGONIST""]]",0,0,0.0,0.0
CHEMBL517,DISOPYRAMIDE,"[""Small molecule""]",1977,False,False,False,True,True,"[""SCN4A"", ""SCN7A""]",[],[],[],"[[""CHEMBL2331043"", ""BLOCKER""]]",0,0,0.003247364880461054,0.003247364880461054
CHEMBL517712,ATROPINE,"[""Small molecule""]",1960,False,False,False,True,True,"[""CHRM2"", ""CHRM3""]",[],[],[],"[[""CHEMBL211"", ""ANTAGONIST""], [""CHEMBL216"", ""ANTAGONIST""], [""CHEMBL245"", ""ANTAGONIST""]]",0,0,0.008889800073886641,0.008889800073886641
CHEMBL518924,MAVORIXAFOR,"[""Small molecule""]",2024,False,False,False,True,True,"[""CXCR4""]",[],[],[],"[[""CHEMBL2107"", ""ANTAGONIST""]]",0,0,0.0025013943678065627,0.0025013943678065627
CHEMBL5189739,BEROTRALSTAT,"[""Small molecule""]",2020,False,False,False,True,True,"[""KLKB1""]",[],[],[],"[[""CHEMBL2000"", ""INHIBITOR""]]",0,0,0.015696134126001696,0.015696134126001696
CHEMBL521,IBUPROFEN,"[""Small molecule""]",1974,False,False,False,True,True,"[""PTGS2""]",[],[],[],"[[""CHEMBL2094253"", ""INHIBITOR""]]",0,0,0.08012979869524581,0.08012979869524581
CHEMBL521606,NADOLOL,"[""Small molecule""]",1979,False,False,False,True,True,"[""ADRB1""]",[],[],[],"[[""CHEMBL210"", ""ANTAGONIST""], [""CHEMBL213"", ""ANTAGONIST""]]",0,0,0.02299311236507951,0.02299311236507951
CHEMBL521686,OLAPARIB,"[""Small molecule""]",2014,False,False,False,True,True,[],[],[],[],"[[""CHEMBL3390820"", ""INHIBITOR""]]",0,0,0.0,0.0
CHEMBL5219790,CETRIMIDE,"[""Unknown""]",,False,False,False,True,False,[],[],[],[],[],0,0,0,0
CHEMBL524,METHOXAMINE,"[""Small molecule""]",1982,False,False,False,True,True,"[""ADRA1B"", ""ADRA1D""]",[],[],[],"[[""CHEMBL2094251"", ""AGONIST""]]",0,0,0.019518269322654547,0.019518269322654547
CHEMBL524004,MEPENZOLATE,"[""Small molecule""]",1956,False,False,False,True,True,"[""CHRM3""]",[],[],[],"[[""CHEMBL216"", ""ANTAGONIST""], [""CHEMBL245"", ""ANTAGONIST""]]",0,0,0.008889800073886641,0.008889800073886641
CHEMBL52440,DEXTROMETHORPHAN,"[""Small molecule""]",1982,False,False,False,True,True,[],[],[],[],"[[""CHEMBL1972"", ""ANTAGONIST""], [""CHEMBL287"", ""AGONIST""]]",1,0,0.0,0.0
CHEMBL525076,ENFUVIRTIDE,"[""Protein""]",2003,False,False,False,True,False,[],[],[],[],[],0,0,0,0
CHEMBL525610,TERIPARATIDE,"[""Protein""]",2002,False,False,False,True,True,[],[],[],[],"[[""CHEMBL1793"", ""AGONIST""]]",0,0,0,0
CHEMBL526,PROPOFOL,"[""Small molecule""]",1989,False,False,False,True,True,"[""GABRA2"", ""GABRA4"", ""GABRA5"", ""GABRB2"", ""GABRE"", ""GABRG1"", ""GABRP""]",[],[],[],"[[""CHEMBL2093872"", ""POSITIVE ALLOSTERIC MODULATOR""]]",0,0,0.014213049242877394,0.014213049242877394
CHEMBL527,PIROXICAM,"[""Small molecule""]",1982,False,False,False,True,True,"[""PTGS2""]",[],[],[],"[[""CHEMBL2094253"", ""INHIBITOR""]]",0,0,0.08012979869524581,0.08012979869524581
CHEMBL528,CEFTIZOXIME,"[""Small molecule""]",1983,False,False,False,True,False,[],[],[],[],[],0,0,0,0
CHEMBL529,AZITHROMYCIN,"[""Small molecule""]",1991,False,False,False,True,False,[],[],[],[],[],1,0,0,0
CHEMBL529888,GLIBORNURIDE,"[""Small molecule""]",,False,False,False,False,False,[],[],[],[],[],0,0,0,0
CHEMBL53,APOMORPHINE,"[""Small molecule""]",2001,False,False,False,True,True,[],[],[],[],"[[""CHEMBL2331075"", ""AGONIST""]]",0,0,0.0,0.0
CHEMBL530,AMDINOCILLIN,"[""Small molecule""]",1984,False,False,False,True,False,[],[],[],[],[],0,0,0,0
CHEMBL5314341,GLUCAGON,"[""Protein""]",1998,False,False,False,True,True,[],[],[],[],"[[""CHEMBL1985"", ""AGONIST""]]",0,0,0.0,0.0
CHEMBL5314342,GLUCAGON HYDROCHLORIDE,"[""Protein""]",1960,False,False,False,True,True,[],[],[],[],"[[""CHEMBL1985"", ""AGONIST""]]",0,0,0.0,0.0
CHEMBL5314344,MIKAMYCIN,"[""Unknown""]",,False,False,False,False,False,[],[],[],[],[],0,0,0,0
CHEMBL5314346,VERTEPORFIN,"[""Small molecule""]",2000,False,False,False,True,False,[],[],[],[],[],0,0,0,0
CHEMBL5314348,BIVALIRUDIN,"[""Protein""]",2000,False,False,False,True,True,[],[],[],[],"[[""CHEMBL204"", ""INHIBITOR""]]",0,0,0.0,0.0
CHEMBL5314349,SEVELAMER,"[""Small molecule""]",2007,False,False,False,True,False,[],[],[],[],[],0,0,0,0
CHEMBL5314354,POLYMYXIN B,"[""Protein""]",1957,False,False,False,True,False,[],[],[],[],[],0,0,0,0
CHEMBL5314376,HYALURONIC ACID,"[""Unknown""]",,False,False,False,False,False,[],[],[],[],[],0,0,0,0
CHEMBL5314379,VOCLOSPORIN,"[""Protein""]",2021,False,False,False,True,True,[],[],[],[],"[[""CHEMBL4445"", ""INHIBITOR""]]",0,0,0.0,0.0
CHEMBL5314588,PERFLUOROHEXYLOCTANE,"[""Small molecule""]",2023,False,False,False,True,False,[],[],[],[],[],0,0,0,0
CHEMBL5314650,TECHNETIUM TC-99M LABELED CARBON,"[""Unknown""]",2023,False,False,False,False,False,[],[],[],[],[],0,0,0,0
CHEMBL5314727,BEVACIZUMAB GAMMA,"[""Antibody""]",2024,False,False,False,True,True,[],[],[],[],"[[""CHEMBL1783"", ""BINDING AGENT""]]",0,0,0.0,0.0
CHEMBL5314796,SELVACOVATEIN,"[""Protein""]",2023,False,False,False,True,False,[],[],[],[],[],0,0,0,0
CHEMBL5314934,VANZACAFTOR,"[""Small molecule""]",2024,False,False,False,True,True,[],[],[],[],"[[""CHEMBL4051"", ""POSITIVE MODULATOR""]]",0,0,0.0,0.0
CHEMBL5315048,ZILUCOPLAN SODIUM,"[""Protein""]",2023,False,False,False,True,True,[],[],[],[],"[[""CHEMBL2364163"", ""BINDING AGENT""]]",0,0,0.0,0.0
CHEMBL5315064,FOLLITROPIN DELTA,"[""Protein""]",2016,False,False,False,True,True,"[""FSHR""]","[""FSHR""]",[],[],"[[""CHEMBL2024"", ""AGONIST""]]",0,0.2501426920084372,0.20011415360674978,0.20011415360674978
CHEMBL5315067,AUTOLOGOUS PERIPHERAL-BLOOD MONONUCLEAR CELLS INCLUDING A MINIMUM OF 50 MILLION AUTOLOGOUS CD54+ CELLS ACTIVATED WITH PROSTATIC ACID PHOSPHATASE GRANULOCYTE-MACROPHAGE COLONY-STIMULATING FACTOR,"[""Unknown""]",2013,False,False,False,True,False,[],[],[],[],[],0,0,0,0
CHEMBL5315068,DINUTUXIMAB BETA,"[""Antibody""]",2017,False,False,False,True,False,[],[],[],[],[],0,0,0,0
CHEMBL5315069,DAMOCTOCOG ALFA PEGOL,"[""Protein""]",2018,False,False,False,True,True,[],[],[],[],"[[""CHEMBL3143"", ""EXOGENOUS PROTEIN""]]",0,0,0.0,0.0
CHEMBL5315071,TUROCTOCOG ALFA PEGOL,"[""Protein""]",2019,False,False,False,True,True,[],[],[],[],"[[""CHEMBL3143"", ""EXOGENOUS PROTEIN""]]",0,0,0.0,0.0
CHEMBL5315075,SUSOCTOCOG ALFA,"[""Protein""]",2015,False,False,False,True,True,[],[],[],[],"[[""CHEMBL3143"", ""EXOGENOUS PROTEIN""]]",0,0,0.0,0.0
CHEMBL5315076,ALBUTREPENONACOG ALFA,"[""Protein""]",2016,False,False,False,True,True,[],[],[],[],"[[""CHEMBL2016"", ""EXOGENOUS PROTEIN""]]",0,0,0,0
CHEMBL5315077,TILMANOCEPT,"[""Small molecule""]",2014,False,False,False,True,False,[],[],[],[],[],0,0,0,0
CHEMBL5315078,EPTACOG BETA (ACTIVATED),"[""Unknown""]",2022,False,False,False,True,True,"[""F7""]",[],[],[],"[[""CHEMBL3991"", ""EXOGENOUS PROTEIN""]]",0,0,0.02244800630223102,0.02244800630223102
CHEMBL5315079,DEPREOTIDE TRIFLUOROACETATE,"[""Small molecule""]",2000,False,False,False,True,False,[],[],[],[],[],0,0,0,0
CHEMBL5315081,PATIROMER SORBITEX CALCIUM,"[""Small molecule""]",2015,False,False,False,True,False,[],[],[],[],[],0,0,0,0
CHEMBL5315084,"PANCREAS POWDER, PORCINE","[""Unknown""]",2016,False,False,False,True,False,[],[],[],[],[],0,0,0,0
CHEMBL5315087,PROTEIN C CONCENTRATE (HUMAN),"[""Unknown""]",2001,False,False,False,True,True,"[""PROC""]",[],[],[],"[[""CHEMBL4444"", ""EXOGENOUS PROTEIN""]]",0,0,0.007304835517193832,0.007304835517193832
CHEMBL5315089,"DEFATTED POWDER OF ARACHIS HYPOGAEA L., SEMEN (PEANUTS)","[""Unknown""]",2020,False,False,False,True,False,[],[],[],[],[],0,0,0,0
CHEMBL5315092,AUTOLOGOUS CULTURED CHONDROCYTES,"[""Unknown""]",2009,False,False,False,True,False,[],[],[],[],[],0,0,0,0
CHEMBL5315093,AUTOLOGOUS CD34+ ENRICHED CELL FRACTION THAT CONTAINS CD34+ CELLS TRANSDUCED WITH RETROVIRAL VECTOR THAT ENCODES FOR THE HUMAN ADA CDNA SEQUENCE,"[""Unknown""]",2016,False,False,False,True,False,[],[],[],[],[],0,0,0,0
CHEMBL5315097,ALLOGENEIC T CELLS GENETICALLY MODIFIED WITH A RETROVIRAL VECTOR ENCODING FOR A TRUNCATED FORM OF THE HUMAN LOW AFFINITY NERVE GROWTH FACTOR RECEPTOR (DELTALNGFR) AND THE HERPES SIMPLEX I VIRUS THYMIDINE KINASE (HSV-TK MUT2),"[""Unknown""]",2016,False,False,False,True,False,[],[],[],[],[],0,0,0,0
CHEMBL5315099,EX VIVO EXPANDED AUTOLOGOUS HUMAN CORNEAL EPITHELIAL CELLS CONTAINING STEM CELLS,"[""Unknown""]",2015,False,False,False,True,False,[],[],[],[],[],0,0,0,0
CHEMBL5315106,ANTI-MELANOMA MAB FRAGMENTS,"[""Antibody""]",1996,False,False,False,True,False,[],[],[],[],[],0,0,0,0
CHEMBL5315113,SPHEROIDS OF HUMAN AUTOLOGOUS MATRIX-ASSOCIATED CHONDROCYTES,"[""Unknown""]",2017,False,False,False,True,False,[],[],[],[],[],0,0,0,0
CHEMBL5315126,FOLLITROPIN BETA,"[""Protein""]",1996,False,False,False,True,True,"[""FSHR""]","[""FSHR""]",[],[],"[[""CHEMBL2024"", ""AGONIST""]]",0,0.2501426920084372,0.20011415360674978,0.20011415360674978
CHEMBL5316156,FLOTUFOLASTAT GALLIUM,"[""Small molecule""]",2023,False,False,False,True,False,[],[],[],[],[],0,0,0,0
CHEMBL5316164,YTTRIUM CHLORIDE,"[""Small molecule""]",2003,False,False,False,True,False,[],[],[],[],[],0,0,0,0
CHEMBL5316165,LUTETIUM CHLORIDE,"[""Small molecule""]",2015,False,False,False,True,False,[],[],[],[],[],0,0,0,0
CHEMBL532,ERYTHROMYCIN,"[""Small molecule""]",1964,False,False,False,True,False,[],[],[],[],[],0,0,0,0
CHEMBL533,IBUTILIDE,"[""Small molecule""]",1995,False,False,False,True,True,"[""KCNH2""]",[],[],[],"[[""CHEMBL240"", ""BLOCKER""]]",0,0,0.003118906655304387,0.003118906655304387
CHEMBL534,KETOTIFEN,"[""Small molecule""]",1999,False,False,False,True,True,[],[],[],[],"[[""CHEMBL231"", ""ANTAGONIST""]]",0,0,0.0,0.0
CHEMBL53463,DOXORUBICIN,"[""Small molecule""]",1974,False,False,False,True,True,[],[],[],[],"[[""CHEMBL1806"", ""INHIBITOR""]]",0,0,0.0,0.0
CHEMBL535,SUNITINIB,"[""Small molecule""]",2006,False,False,False,True,True,"[""CSF1R"", ""FLT1"", ""KDR"", ""PDGFRB""]",[],[],[],"[[""CHEMBL1844"", ""INHIBITOR""], [""CHEMBL1868"", ""INHIBITOR""], [""CHEMBL1913"", ""INHIBITOR""], [""CHEMBL1936"", ""INHIBITOR""], [""CHEMBL1955"", ""INHIBITOR""], [""CHEMBL1974"", ""INHIBITOR""], [""CHEMBL2007"", ""INHIBITOR""], [""CHEMBL2041"", ""INHIBITOR""], [""CHEMBL2095189"", ""INHIBITOR""], [""CHEMBL2095227"", ""INHIBITOR""], [""CHEMBL279"", ""INHIBITOR""]]",0,0,0.007784311767129512,0.007784311767129512
CHEMBL537,HYDROQUINONE,"[""Small molecule""]",2002,False,False,False,False,False,[],[],[],[],[],0,0,0,0
CHEMBL539,ACETIC ACID,"[""Small molecule""]",1982,False,False,False,False,False,[],[],[],[],[],0,0,0,0
CHEMBL539423,SPARSENTAN,"[""Small molecule""]",2023,False,False,False,True,True,"[""EDNRA""]",[],[],[],"[[""CHEMBL227"", ""ANTAGONIST""], [""CHEMBL252"", ""ANTAGONIST""]]",0,0,0.028141993232330517,0.028141993232330517
CHEMBL539697,DABIGATRAN ETEXILATE,"[""Small molecule""]",2008,False,False,False,True,True,[],[],[],[],"[[""CHEMBL204"", ""INHIBITOR""]]",0,0,0.0,0.0
CHEMBL54,HALOPERIDOL,"[""Small molecule""]",1967,False,False,False,True,True,[],[],[],[],"[[""CHEMBL224"", ""ANTAGONIST""], [""CHEMBL2331075"", ""INVERSE AGONIST""]]",0,0,0.0,0.0
CHEMBL544,MEQUINOL,"[""Small molecule""]",1999,False,False,False,True,True,[],[],[],[],"[[""CHEMBL1973"", ""INHIBITOR""]]",0,0,0.0,0.0
CHEMBL545,ALCOHOL,"[""Small molecule""]",1982,False,False,False,False,False,[],[],[],[],[],0,0,0,0
CHEMBL546,OXPRENOLOL,"[""Small molecule""]",1983,False,False,False,True,True,"[""ADRB1""]",[],[],[],"[[""CHEMBL210"", ""ANTAGONIST""], [""CHEMBL213"", ""ANTAGONIST""]]",0,0,0.02299311236507951,0.02299311236507951
CHEMBL5465559,NYSTATIN,"[""Unknown""]",1964,False,False,False,True,False,[],[],[],[],[],0,0,0,0
CHEMBL547,ISOTRETINOIN,"[""Small molecule""]",1982,False,False,False,True,True,[],[],[],[],"[[""CHEMBL2363069"", ""AGONIST""]]",0,0,0.0,0.0
CHEMBL548,DINOPROSTONE,"[""Small molecule""]",1977,False,False,False,True,True,"[""PTGER1"", ""PTGER4""]","[""PTGER4""]",[],[],"[[""CHEMBL2363068"", ""AGONIST""]]",0,0.6965303542404712,0.557224283392377,0.557224283392377
CHEMBL5483015,ARSENIC TRIOXIDE,"[""Small molecule""]",2000,False,False,False,True,True,[],[],[],[],"[[""CHEMBL1927"", ""INHIBITOR""]]",0,0,0,0
CHEMBL549,CITALOPRAM,"[""Small molecule""]",1998,False,False,False,True,True,"[""SLC6A4""]",[],[],[],"[[""CHEMBL228"", ""INHIBITOR""]]",0,0,0.09284028451546111,0.09284028451546111
CHEMBL55,PENTAMIDINE,"[""Small molecule""]",1984,False,False,False,True,False,[],[],[],[],[],0,0,0,0
CHEMBL550,PILOCARPINE,"[""Small molecule""]",1974,False,False,False,True,True,"[""CHRM3""]",[],[],[],"[[""CHEMBL216"", ""AGONIST""], [""CHEMBL245"", ""AGONIST""]]",0,0,0.008889800073886641,0.008889800073886641
CHEMBL550348,DEFERASIROX,"[""Small molecule""]",2005,False,False,False,True,False,[],[],[],[],[],0,0,0,0
CHEMBL553,ERLOTINIB,"[""Small molecule""]",2004,False,False,False,True,True,[],[],[],[],"[[""CHEMBL203"", ""INHIBITOR""]]",0,0,0.0,0.0
CHEMBL553025,VINORELBINE,"[""Small molecule""]",1994,False,False,False,True,True,"[""TUBB2B"", ""TUBB6""]",[],[],[],"[[""CHEMBL2095182"", ""INHIBITOR""]]",0,0,0.0030526420852343686,0.0030526420852343686
CHEMBL554,LAPATINIB,"[""Small molecule""]",2007,False,False,False,True,True,[],[],[],[],"[[""CHEMBL1824"", ""INHIBITOR""], [""CHEMBL203"", ""INHIBITOR""]]",0,0,0.0,0.0
CHEMBL556,DEFEROXAMINE,"[""Small molecule""]",1968,False,False,False,True,False,[],[],[],[],[],0,0,0,0
CHEMBL55643,COPPER,"[""Small molecule""]",1982,False,False,False,False,False,[],[],[],[],[],0,0,0,0
CHEMBL557555,CIPROFIBRATE,"[""Small molecule""]",1985,False,False,False,True,True,[],[],[],[],"[[""CHEMBL239"", ""AGONIST""]]",0,0,0.0,0.0
CHEMBL558,MEXILETINE,"[""Small molecule""]",1985,False,False,False,True,True,"[""SCN4A"", ""SCN7A""]",[],[],[],"[[""CHEMBL2331043"", ""BLOCKER""]]",0,0,0.003247364880461054,0.003247364880461054
CHEMBL559,DEXTROTHYROXINE,"[""Small molecule""]",1967,False,False,False,True,True,"[""THRB""]",[],[],[],"[[""CHEMBL2111462"", ""AGONIST""]]",0,0,0.005764503715500481,0.005764503715500481
CHEMBL56021,LEVACETYLLEUCINE,"[""Small molecule""]",2024,False,False,False,True,False,[],[],[],[],[],0,0,0,0
CHEMBL561,LOMEFLOXACIN,"[""Small molecule""]",1992,False,False,False,True,False,[],[],[],[],[],0,0,0,0
CHEMBL562,GRISEOFULVIN,"[""Small molecule""]",1962,False,False,False,True,False,[],[],[],[],[],0,0,0,0
CHEMBL563,FLURBIPROFEN,"[""Small molecule""]",1986,False,False,False,True,True,"[""PTGS2""]",[],[],[],"[[""CHEMBL2094253"", ""INHIBITOR""]]",0,0,0.08012979869524581,0.08012979869524581
CHEMBL56337,EPALRESTAT,"[""Small molecule""]",1992,False,False,False,True,True,[],[],[],[],"[[""CHEMBL1900"", ""INHIBITOR""]]",0,0,0,0
CHEMBL564,PROMAZINE,"[""Small molecule""]",1956,False,False,False,True,True,[],[],[],[],"[[""CHEMBL224"", ""ANTAGONIST""], [""CHEMBL2331075"", ""ANTAGONIST""]]",0,0,0.0,0.0
CHEMBL564085,TROLEANDOMYCIN,"[""Small molecule""]",1969,False,False,False,True,False,[],[],[],[],[],0,0,0,0
CHEMBL56564,TROPISETRON,"[""Small molecule""]",,False,False,False,True,True,"[""HTR3A"", ""HTR3C""]",[],[],[],"[[""CHEMBL2094132"", ""ANTAGONIST""]]",0,0,0.01497317899090395,0.01497317899090395
CHEMBL566534,ARTEMETHER,"[""Small molecule""]",2009,False,False,False,True,False,[],[],[],[],[],0,0,0,0
CHEMBL567,PERPHENAZINE,"[""Small molecule""]",1957,False,False,False,True,True,[],[],[],[],"[[""CHEMBL217"", ""ANTAGONIST""]]",0,0,0.0,0.0
CHEMBL568,OXAZEPAM,"[""Small molecule""]",1965,False,False,False,True,True,"[""GABRA2"", ""GABRA4"", ""GABRA5"", ""GABRB2"", ""GABRE"", ""GABRG1"", ""GABRP""]",[],[],[],"[[""CHEMBL2093872"", ""POSITIVE ALLOSTERIC MODULATOR""]]",0,0,0.014213049242877394,0.014213049242877394
CHEMBL569,PROCAINE,"[""Small molecule""]",1954,False,False,False,True,True,"[""SCN4A"", ""SCN7A""]",[],[],[],"[[""CHEMBL2331043"", ""BLOCKER""]]",0,0,0.003247364880461054,0.003247364880461054
CHEMBL569713,SCOPOLAMINE,"[""Small molecule""]",1979,False,False,False,True,True,[],[],[],[],"[[""CHEMBL216"", ""ANTAGONIST""]]",0,0,0,0
CHEMBL57,NEVIRAPINE,"[""Small molecule""]",1996,False,False,False,True,False,[],[],[],[],[],0,0,0,0
CHEMBL570,TRIFLUPROMAZINE,"[""Small molecule""]",1957,False,False,False,True,True,[],[],[],[],"[[""CHEMBL217"", ""ANTAGONIST""]]",0,0,0.0,0.0
CHEMBL571,KETOPROFEN,"[""Small molecule""]",1986,False,False,False,True,True,"[""PTGS2""]",[],[],[],"[[""CHEMBL2094253"", ""INHIBITOR""]]",0,0,0.08012979869524581,0.08012979869524581
CHEMBL571546,TIRBANIBULIN,"[""Small molecule""]",2020,False,False,False,True,True,[],[],[],[],"[[""CHEMBL267"", ""INHIBITOR""]]",0,0,0.0,0.0
CHEMBL572,NITROFURANTOIN,"[""Small molecule""]",1953,False,False,False,True,False,[],[],[],[],[],0,0,0,0
CHEMBL573,NIACIN,"[""Small molecule""]",1982,False,False,False,False,False,[],[],[],[],[],0,0,0,0
CHEMBL575,METHICILLIN,"[""Small molecule""]",1982,False,False,False,True,False,[],[],[],[],[],0,0,0,0
CHEMBL576982,QUIZARTINIB,"[""Small molecule""]",2023,False,False,False,True,True,"[""CSF1R"", ""PDGFRB""]",[],[],[],"[[""CHEMBL1844"", ""INHIBITOR""], [""CHEMBL1936"", ""INHIBITOR""], [""CHEMBL1974"", ""INHIBITOR""], [""CHEMBL2041"", ""INHIBITOR""], [""CHEMBL2095189"", ""INHIBITOR""]]",0,0,0.007784311767129512,0.007784311767129512
CHEMBL577,ENALAPRILAT ANHYDROUS,"[""Small molecule""]",1988,False,False,False,True,True,"[""ACE""]",[],[],[],"[[""CHEMBL1808"", ""INHIBITOR""]]",0,0,0.04760386061120864,0.04760386061120864
CHEMBL577736,TYROTHRICIN,"[""Protein""]",,False,False,False,False,False,[],[],[],[],[],0,0,0,0
CHEMBL578,ENALAPRIL,"[""Small molecule""]",1985,False,False,False,True,True,"[""ACE""]",[],[],[],"[[""CHEMBL1808"", ""INHIBITOR""]]",0,0,0.04760386061120864,0.04760386061120864
CHEMBL579205,FLUTEMETAMOL,"[""Small molecule""]",2013,False,False,False,True,False,[],[],[],[],[],0,0,0,0
CHEMBL58,MITOXANTRONE,"[""Small molecule""]",1987,False,False,False,True,True,[],[],[],[],"[[""CHEMBL1806"", ""INHIBITOR""]]",0,0,0.0,0.0
CHEMBL580,LORAZEPAM,"[""Small molecule""]",1977,False,False,False,True,True,"[""GABRA2"", ""GABRA4"", ""GABRA5"", ""GABRB2"", ""GABRE"", ""GABRG1"", ""GABRP""]",[],[],[],"[[""CHEMBL2093872"", ""POSITIVE ALLOSTERIC MODULATOR""]]",0,0,0.014213049242877394,0.014213049242877394
CHEMBL582,ISOPROPYL ALCOHOL,"[""Small molecule""]",2000,False,False,False,False,False,[],[],[],[],[],0,0,0,0
CHEMBL58323,LACOSAMIDE,"[""Small molecule""]",2008,False,False,False,True,True,"[""SCN4A"", ""SCN7A""]",[],[],[],"[[""CHEMBL2331043"", ""BLOCKER""]]",0,0,0.003247364880461054,0.003247364880461054
CHEMBL584,NELFINAVIR,"[""Small molecule""]",1997,False,False,False,True,False,[],[],[],[],[],0,0,0,0
CHEMBL585,TRIAMTERENE,"[""Small molecule""]",1964,False,False,False,True,True,"[""SCNN1A"", ""SCNN1B"", ""SCNN1G""]","[""SCNN1A""]",[],[],"[[""CHEMBL2107836"", ""BLOCKER""]]",0,0.13046159223057452,0.11610572405697137,0.11610572405697137
CHEMBL588,FENOLDOPAM,"[""Small molecule""]",1997,False,False,False,True,True,[],[],[],[],"[[""CHEMBL2056"", ""AGONIST""]]",0,0,0.0,0.0
CHEMBL589,ROPINIROLE,"[""Small molecule""]",1997,False,False,False,True,True,[],[],[],[],"[[""CHEMBL2331075"", ""AGONIST""]]",0,0,0.0,0.0
CHEMBL589586,MONOMETHYL FUMARATE,"[""Small molecule""]",2020,False,False,False,True,True,[],[],[],[],"[[""CHEMBL2069156"", ""INHIBITOR""]]",0,0,0,0
CHEMBL59,DOPAMINE,"[""Small molecule""]",1974,False,False,False,True,True,"[""ADRB1""]",[],[],[],"[[""CHEMBL213"", ""AGONIST""]]",0,0,0.02299311236507951,0.02299311236507951
CHEMBL590,MENADIONE,"[""Small molecule""]",1982,False,False,False,False,False,[],[],[],[],[],0,0,0,0
CHEMBL591,ETHCHLORVYNOL,"[""Small molecule""]",1961,False,False,False,True,True,"[""GABRA2"", ""GABRA4"", ""GABRA5"", ""GABRB2"", ""GABRE"", ""GABRG1"", ""GABRP""]",[],[],[],"[[""CHEMBL2093872"", ""POSITIVE MODULATOR""]]",0,0,0.014213049242877394,0.014213049242877394
CHEMBL591665,SODIUM ASCORBATE,"[""Small molecule""]",2006,False,False,False,False,False,[],[],[],[],[],0,0,0,0
CHEMBL592,LEVORPHANOL,"[""Small molecule""]",1991,False,False,False,True,True,[],[],[],[],"[[""CHEMBL233"", ""AGONIST""]]",0,0,0.0,0.0
CHEMBL593,DELAVIRDINE,"[""Small molecule""]",1997,False,False,False,True,False,[],[],[],[],[],0,0,0,0
CHEMBL594,EMEDASTINE,"[""Small molecule""]",1997,False,False,False,True,True,[],[],[],[],"[[""CHEMBL231"", ""ANTAGONIST""]]",0,0,0.0,0.0
CHEMBL595,PIOGLITAZONE,"[""Small molecule""]",1999,False,False,False,True,True,"[""PPARG""]",[],[],[],"[[""CHEMBL235"", ""AGONIST""]]",1,0,0.014353801368227179,0.014353801368227179
CHEMBL596,FENTANYL,"[""Small molecule""]",1968,False,False,False,True,True,[],[],[],[],"[[""CHEMBL233"", ""AGONIST""]]",0,0,0.0,0.0
CHEMBL597,PHENTOLAMINE,"[""Small molecule""]",1952,False,False,False,True,True,"[""ADRA1B"", ""ADRA1D"", ""ADRA2A"", ""ADRA2C""]","[""ADRA2A""]",[],[],"[[""CHEMBL2095203"", ""ANTAGONIST""]]",0,0.21032116470427323,0.1682569317634186,0.1682569317634186
CHEMBL599,MELOXICAM,"[""Small molecule""]",2000,False,False,False,True,True,"[""PTGS2""]",[],[],[],"[[""CHEMBL230"", ""INHIBITOR""]]",0,0,0.08012979869524581,0.08012979869524581
CHEMBL6,INDOMETHACIN,"[""Small molecule""]",1965,False,False,False,True,True,"[""PTGS2""]",[],[],[],"[[""CHEMBL2094253"", ""INHIBITOR""]]",0,0,0.08012979869524581,0.08012979869524581
CHEMBL600,ACETYLCYSTEINE,"[""Small molecule""]",1963,False,False,False,True,False,[],[],[],[],[],0,0,0,0
CHEMBL601,AMINOLEVULINIC ACID,"[""Small molecule""]",1999,False,False,False,True,False,[],[],[],[],[],1,0,0,0
CHEMBL601719,CRIZOTINIB,"[""Small molecule""]",2011,False,False,False,True,True,"[""MST1R""]","[""MST1R""]",[],[],"[[""CHEMBL2111387"", ""INHIBITOR""], [""CHEMBL2689"", ""INHIBITOR""], [""CHEMBL3717"", ""INHIBITOR""], [""CHEMBL3883330"", ""INHIBITOR""], [""CHEMBL4247"", ""INHIBITOR""], [""CHEMBL5568"", ""INHIBITOR""]]",0,0.07464890862666833,0.059719126901334664,0.059719126901334664
CHEMBL602,CYSTEAMINE,"[""Small molecule""]",1994,False,False,False,True,False,[],[],[],[],[],0,0,0,0
CHEMBL603,ZAFIRLUKAST,"[""Small molecule""]",1996,False,False,False,True,True,[],[],[],[],"[[""CHEMBL1798"", ""ANTAGONIST""]]",0,0,0,0
CHEMBL604,CUPRIC SULFATE,"[""Small molecule""]",1987,False,False,False,True,False,[],[],[],[],[],0,0,0,0
CHEMBL605846,OLODATEROL,"[""Small molecule""]",2014,False,False,False,True,True,[],[],[],[],"[[""CHEMBL210"", ""AGONIST""]]",0,0,0.0,0.0
CHEMBL606,MISOPROSTOL,"[""Small molecule""]",1988,False,False,False,True,True,[],[],[],[],"[[""CHEMBL3710"", ""AGONIST""]]",0,0,0,0
CHEMBL6066833,MONOCTANOIN,"[""Unknown""]",1985,False,False,False,True,False,[],[],[],[],[],0,0,0,0
CHEMBL6067481,COLISTIN,"[""Unknown""]",1962,False,False,False,True,False,[],[],[],[],[],0,0,0,0
CHEMBL6067483,COLISTIMETHATE,"[""Unknown""]",1970,False,False,False,True,False,[],[],[],[],[],0,0,0,0
CHEMBL6067485,GENTAMICIN,"[""Small molecule""]",1970,False,False,False,True,False,[],[],[],[],[],0,0,0,0
CHEMBL6067487,IVERMECTIN,"[""Unknown""]",1996,False,False,False,True,False,[],[],[],[],[],0,0,0,0
CHEMBL6067492,BLEOMYCIN,"[""Unknown""]",1973,False,False,False,True,False,[],[],[],[],[],0,0,0,0
CHEMBL6067494,SECRETIN,"[""Protein""]",1982,False,False,False,True,True,"[""SCTR""]",[],[],[],"[[""CHEMBL1925"", ""AGONIST""]]",0,0,0.013751776026706866,0.013751776026706866
CHEMBL6067961,POLIDOCANOL,"[""Small molecule""]",2010,False,False,False,True,False,[],[],[],[],[],0,0,0,0
CHEMBL6067975,CROTAMITON,"[""Unknown""]",1949,False,False,False,True,False,[],[],[],[],[],0,0,0,0
CHEMBL6067979,SODIUM GLYCEROPHOSPHATE,"[""Unknown""]",2014,False,False,False,False,False,[],[],[],[],[],0,0,0,0
CHEMBL6067980,SUCRALFATE,"[""Unknown""]",1981,False,False,False,True,True,[],[],[],[],"[[""CHEMBL3295"", ""INHIBITOR""]]",0,0,0,0
CHEMBL6067990,CANDICIDIN,"[""Unknown""]",1982,False,False,False,True,False,[],[],[],[],[],0,0,0,0
CHEMBL6068330,NOGAPENDEKIN ALFA INBAKICEPT,"[""Protein""]",,False,False,False,True,True,"[""IL15RA"", ""IL2RB"", ""IL2RG""]","[""IL15RA""]",[],[],"[[""CHEMBL4665592"", ""AGONIST""]]",0,0.03782781616521729,0.03568056139656202,0.03568056139656202
CHEMBL6068331,COLESEVELAM,"[""Unknown""]",2000,False,False,False,True,False,[],[],[],[],[],1,0,0,0
CHEMBL6068345,CHARACTERISED VIABLE AUTOLOGOUS CARTILAGE CELLS EXPANDED EX VIVO EXPRESSING SPECIFIC MARKER PROTEINS,"[""Cell""]",2009,False,False,False,True,False,[],[],[],[],[],0,0,0,0
CHEMBL6068346,"HEPATITIS B VIRUS S PROTEIN, PRE-S1 PROTEIN AND PRE-S2 PROTEIN VIRUS LIKE PARTICLES","[""Vaccine component""]",2000,False,False,False,True,False,[],[],[],[],[],0,0,0,0
CHEMBL6068348,BORDETELLA PERTUSSIS FILAMENTOUS HEMAGGLUTININ,"[""Vaccine component""]",1997,False,False,False,True,False,[],[],[],[],[],0,0,0,0
CHEMBL6068349,BORDETELLA PERTUSSIS TOXIN,"[""Vaccine component""]",1999,False,False,False,True,False,[],[],[],[],[],0,0,0,0
CHEMBL6068350,BORDETELLA PERTUSSIS PERTACTIN AUTOTRANSPORTER,"[""Vaccine component""]",1997,False,False,False,True,False,[],[],[],[],[],0,0,0,0
CHEMBL6068351,"ROTAVIRUS, LIVE ATTENUATED","[""Vaccine component""]",1999,False,False,False,True,False,[],[],[],[],[],0,0,0,0
CHEMBL6068352,VIBRIO CHOLERAE TOXIN B SUBUNIT,"[""Vaccine component""]",2004,False,False,False,True,False,[],[],[],[],[],0,0,0,0
CHEMBL6068353,"VIBRIO CHOLERAE, INACTIVATED","[""Vaccine component""]",2004,False,False,False,True,False,[],[],[],[],[],0,0,0,0
CHEMBL6068354,"MEASLES VIRUS, LIVE ATTENUATED","[""Vaccine component""]",2006,False,False,False,True,False,[],[],[],[],[],0,0,0,0
CHEMBL6068355,"RUBELLA VIRUS, LIVE ATTENUATED","[""Vaccine component""]",2006,False,False,False,True,False,[],[],[],[],[],0,0,0,0
CHEMBL6068356,"MUMPS VIRUS, LIVE ATTENUATED","[""Vaccine component""]",2006,False,False,False,True,False,[],[],[],[],[],0,0,0,0
CHEMBL6068357,"VARICELLA ZOSTER VIRUS, LIVE ATTENUATED","[""Vaccine component""]",2006,False,False,False,True,False,[],[],[],[],[],0,0,0,0
CHEMBL6068358,"ROTAVIRUS, LIVE","[""Vaccine component""]",2006,False,False,False,True,False,[],[],[],[],[],0,0,0,0
CHEMBL6068359,"HUMAN PAPILLOMAVIRUS, L1 PROTEIN VIRUS LIKE PARTICLES","[""Vaccine component""]",2006,False,False,False,True,False,[],[],[],[],[],0,0,0,0
CHEMBL6068360,"INFLUENZA A VIRUS, INACTIVATED WHOLE VIRION","[""Vaccine component""]",2007,False,False,False,True,False,[],[],[],[],[],0,0,0,0
CHEMBL6068361,"INFLUENZA A VIRUS, INACTIVATED HEMAGGLUTININ","[""Vaccine component""]",2007,False,False,False,True,False,[],[],[],[],[],0,0,0,0
CHEMBL6068362,"INFLUENZA A VIRUS, INACTIVATED NEURAMINIDASE","[""Vaccine component""]",2007,False,False,False,True,False,[],[],[],[],[],0,0,0,0
CHEMBL6068363,"INFLUENZA A VIRUS, SPLIT VIRION","[""Vaccine component""]",2008,False,False,False,True,False,[],[],[],[],[],0,0,0,0
CHEMBL6068364,"JAPANESE ENCEPHALITIS VIRUS, INACTIVATED","[""Vaccine component""]",2009,False,False,False,True,False,[],[],[],[],[],0,0,0,0
CHEMBL6068365,STREPTOCOCCUS PNEUMONIAE POLYSACCHARIDE CONJUGATED TO CORYNEBACTERIUM DIPHTHERIAE TOXOID,"[""Vaccine component""]",2009,False,False,False,True,False,[],[],[],[],[],0,0,0,0
CHEMBL6068366,STREPTOCOCCUS PNEUMONIAE POLYSACCHARIDE CONJUGATED TO TETANUS TOXOID,"[""Vaccine component""]",2009,False,False,False,True,False,[],[],[],[],[],0,0,0,0
CHEMBL6068367,STREPTOCOCCUS PNEUMONIAE POLYSACCHARIDE CONJUGATED TO HAEMOPHILUS INFLUENZAE PROTEIN D,"[""Vaccine component""]",2009,False,False,False,True,False,[],[],[],[],[],0,0,0,0
CHEMBL6068368,NEISSERIA MENINGITIDIS OLIGOSACCHARIDE CONJUGATED TO CORYNEBACTERIUM DIPHTHERIAE CRM197,"[""Vaccine component""]",2010,False,False,False,True,False,[],[],[],[],[],0,0,0,0
CHEMBL6068369,"INFLUENZA A VIRUS, LIVE ATTENUATED","[""Vaccine component""]",2011,False,False,False,True,False,[],[],[],[],[],0,0,0,0
CHEMBL6068370,NEISSERIA MENINGITIDIS OUTER MEMBRANE VESICLES,"[""Vaccine component""]",2013,False,False,False,True,False,[],[],[],[],[],0,0,0,0
CHEMBL6068371,NEISSERIA MENINGITIDIS NEISSERIAL HEPARIN BINDING ANTIGEN,"[""Vaccine component""]",2013,False,False,False,True,False,[],[],[],[],[],0,0,0,0
CHEMBL6068372,NEISSERIA MENINGITIDIS ADHESIN A,"[""Vaccine component""]",2013,False,False,False,True,False,[],[],[],[],[],0,0,0,0
CHEMBL6068373,"VACCINIA VIRUS, LIVE MODIFIED","[""Vaccine component""]",2013,False,False,False,True,False,[],[],[],[],[],0,0,0,0
CHEMBL6068374,"CHIMERIC YELLOW FEVER DENGUE VIRUS, LIVE ATTENUATED","[""Vaccine component""]",2018,False,False,False,True,False,[],[],[],[],[],0,0,0,0
CHEMBL6068375,VESICULAR STOMATITIS VIRUS ENCODING EBOLA VIRUS GLYCOPROTEIN,"[""Vaccine component""]",2019,False,False,False,True,False,[],[],[],[],[],0,0,0,0
CHEMBL6068376,"DENGUE VIRUS, LIVE ATTENUATED","[""Vaccine component""]",2022,False,False,False,True,False,[],[],[],[],[],0,0,0,0
CHEMBL6068377,INFLUENZA A VIRUS HEMAGGLUTININ,"[""Vaccine component""]",2020,False,False,False,True,False,[],[],[],[],[],0,0,0,0
CHEMBL6068378,ADENOVIRUS TYPE 26 ENCODING EBOLA VIRUS GLYCOPROTEIN,"[""Vaccine component""]",2020,False,False,False,True,False,[],[],[],[],[],0,0,0,0
CHEMBL6068379,"VACCINIA VIRUS, MODIFIED ENCODING EBOLA VIRUS GLYCOPROTEIN AND NUCLEOPROTEIN","[""Vaccine component""]",2020,False,False,False,True,False,[],[],[],[],[],0,0,0,0
CHEMBL6068380,CHIMPANZEE ADENOVIRUS ENCODING SARS-COV-2 SPIKE GLYCOPROTEIN,"[""Vaccine component""]",2021,False,False,False,True,False,[],[],[],[],[],0,0,0,0
CHEMBL6068381,ADENOVIRUS TYPE 26 ENCODING SARS-COV-2 SPIKE GLYCOPROTEIN,"[""Vaccine component""]",2021,False,False,False,True,False,[],[],[],[],[],0,0,0,0
CHEMBL6068382,SARS-COV-2 VIRUS SPIKE PROTEIN,"[""Vaccine component""]",2021,False,False,False,True,False,[],[],[],[],[],0,0,0,0
CHEMBL6068383,"SARS-COV-2 VIRUS, INACTIVATED","[""Vaccine component""]",2022,False,False,False,True,False,[],[],[],[],[],0,0,0,0
CHEMBL6068384,"INFLUENZA B VIRUS, INACTIVATED HEMAGGLUTININ","[""Vaccine component""]",2007,False,False,False,True,False,[],[],[],[],[],0,0,0,0
CHEMBL6068385,"INFLUENZA B VIRUS, INACTIVATED NEURAMINIDASE","[""Vaccine component""]",2007,False,False,False,True,False,[],[],[],[],[],0,0,0,0
CHEMBL6068386,"INFLUENZA B VIRUS, SPLIT VIRION","[""Vaccine component""]",2009,False,False,False,True,False,[],[],[],[],[],0,0,0,0
CHEMBL6068387,"INFLUENZA B VIRUS, LIVE ATTENUATED","[""Vaccine component""]",2011,False,False,False,True,False,[],[],[],[],[],0,0,0,0
CHEMBL6068388,INFLUENZA B VIRUS HEMAGGLUTININ,"[""Vaccine component""]",2020,False,False,False,True,False,[],[],[],[],[],0,0,0,0
CHEMBL6068489,RESPIRATORY SYNCYTIAL VIRUS PRE-FUSION GLYCOPROTEIN F,"[""Vaccine component""]",2023,False,False,False,True,False,[],[],[],[],[],0,0,0,0
CHEMBL6068490,COAGULATION FACTOR VII HUMAN,"[""Protein""]",2023,False,False,False,True,True,"[""F7""]",[],[],[],"[[""CHEMBL3991"", ""EXOGENOUS PROTEIN""]]",0,0,0.02244800630223102,0.02244800630223102
CHEMBL6068491,PROTEIN S HUMAN,"[""Protein""]",2023,False,False,False,True,True,"[""PROS1""]",[],[],[],"[[""CHEMBL5498501"", ""EXOGENOUS PROTEIN""]]",0,0,0.004481202615628037,0.004481202615628037
CHEMBL6068492,PROTHROMBIN,"[""Protein""]",2023,False,False,False,True,True,[],[],[],[],"[[""CHEMBL204"", ""EXOGENOUS PROTEIN""]]",0,0,0.0,0.0
CHEMBL6068493,STREPTOCOCCUS PNEUMONIAE POLYSACCHARIDE CONJUGATED TO CORYNEBACTERIUM DIPHTHERIAE CRM197,"[""Vaccine component""]",2001,False,False,False,True,False,[],[],[],[],[],0,0,0,0
CHEMBL6068494,"BACILLUS ANTHRACIS PROTECTIVE ANTIGEN, ADSORBED","[""Unknown""]",2023,False,False,False,True,False,[],[],[],[],[],0,0,0,0
CHEMBL6068495,"CHIKUNGUNYA VIRUS, LIVE ATTENUATED","[""Vaccine component""]",2023,False,False,False,True,False,[],[],[],[],[],0,0,0,0
CHEMBL6068496,RESPIRATORY SYNCYTIAL VIRUS PRE-FUSION GLYCOPROTEIN F MRNA,"[""Vaccine component""]",2024,False,False,False,True,False,[],[],[],[],[],0,0,0,0
CHEMBL6068497,OMIDUBICEL NON-CULTURED FRACTION,"[""Cell""]",2023,False,False,False,True,False,[],[],[],[],[],0,0,0,0
CHEMBL6068498,NEISSERIA MENINGITIDIS POLYSACCHARIDE CONJUGATED TO TETANUS TOXOID,"[""Vaccine component""]",2012,False,False,False,True,False,[],[],[],[],[],0,0,0,0
CHEMBL6068499,NEISSERIA MENINGITIDIS FACTOR H BINDING PROTEIN,"[""Vaccine component""]",2013,False,False,False,True,False,[],[],[],[],[],0,0,0,0
CHEMBL6068500,"FECAL MICROBIOTA SPORES, LIVE","[""Unknown""]",2023,False,False,False,True,False,[],[],[],[],[],0,0,0,0
CHEMBL6069485,TECHNETIUM SESTAMIBI,"[""Small molecule""]",1990,False,False,False,True,False,[],[],[],[],[],0,0,0,0
CHEMBL607,MEPERIDINE,"[""Small molecule""]",1942,False,False,False,True,True,[],[],[],[],"[[""CHEMBL233"", ""AGONIST""]]",0,0,0.0,0.0
CHEMBL607400,BRIVARACETAM,"[""Small molecule""]",2016,False,False,False,True,True,[],[],[],[],"[[""CHEMBL1998"", ""MODULATOR""]]",0,0,0,0
CHEMBL607710,CHLORPHENESIN CARBAMATE,"[""Small molecule""]",1965,False,False,False,True,False,[],[],[],[],[],0,0,0,0
CHEMBL608533,MIDOSTAURIN,"[""Small molecule""]",2017,False,False,False,True,True,"[""KDR"", ""PDGFRB"", ""PRKCB"", ""PRKCD""]","[""PRKCB"", ""PRKCD""]",[],[],"[[""CHEMBL1936"", ""INHIBITOR""], [""CHEMBL1974"", ""INHIBITOR""], [""CHEMBL2093867"", ""INHIBITOR""], [""CHEMBL2095189"", ""INHIBITOR""], [""CHEMBL279"", ""INHIBITOR""]]",0,0.5428553920561162,0.43846607467391685,0.43846607467391685
CHEMBL609,TRIENTINE,"[""Small molecule""]",1985,False,False,False,True,False,[],[],[],[],[],0,0,0,0
CHEMBL61,PODOFILOX,"[""Small molecule""]",1990,False,False,False,True,False,[],[],[],[],[],0,0,0,0
CHEMBL611,TERAZOSIN,"[""Small molecule""]",1987,False,False,False,True,True,"[""ADRA1B"", ""ADRA1D""]",[],[],[],"[[""CHEMBL2094251"", ""ANTAGONIST""]]",0,0,0.019518269322654547,0.019518269322654547
CHEMBL612,DEXTROAMPHETAMINE,"[""Small molecule""]",1955,False,False,False,True,True,[],[],[],[],"[[""CHEMBL1893"", ""INHIBITOR""], [""CHEMBL222"", ""RELEASING AGENT""], [""CHEMBL238"", ""RELEASING AGENT""]]",0,0,0.0,0.0
CHEMBL614,PYRAZINAMIDE,"[""Small molecule""]",1971,False,False,False,True,False,[],[],[],[],[],0,0,0,0
CHEMBL615,PENICILLIN V,"[""Small molecule""]",1958,False,False,False,True,False,[],[],[],[],[],0,0,0,0
CHEMBL61593,CYCLOTHIAZIDE,"[""Small molecule""]",1982,False,False,False,True,True,[],[],[],[],"[[""CHEMBL1876"", ""INHIBITOR""]]",0,0,0.0,0.0
CHEMBL617,CEPHALOTHIN,"[""Small molecule""]",1974,False,False,False,True,False,[],[],[],[],[],0,0,0,0
CHEMBL6195749,SPIRAMYCIN,"[""Small molecule""]",,False,False,False,True,False,[],[],[],[],[],0,0,0,0
CHEMBL620,CLIDINIUM,"[""Small molecule""]",1982,False,False,False,True,True,"[""CHRM3""]",[],[],[],"[[""CHEMBL216"", ""ANTAGONIST""], [""CHEMBL245"", ""ANTAGONIST""]]",0,0,0.008889800073886641,0.008889800073886641
CHEMBL621,TRAZODONE,"[""Small molecule""]",1981,False,False,False,True,True,"[""SLC6A4""]",[],[],[],"[[""CHEMBL224"", ""ANTAGONIST""], [""CHEMBL225"", ""ANTAGONIST""], [""CHEMBL228"", ""INHIBITOR""]]",0,0,0.09284028451546111,0.09284028451546111
CHEMBL622,ETODOLAC,"[""Small molecule""]",1991,False,False,False,True,True,"[""PTGS2""]",[],[],[],"[[""CHEMBL230"", ""INHIBITOR""]]",0,0,0.08012979869524581,0.08012979869524581
CHEMBL625,THIABENDAZOLE,"[""Small molecule""]",1967,False,False,False,True,False,[],[],[],[],[],0,0,0,0
CHEMBL626,NAFTIFINE,"[""Small molecule""]",1988,False,False,False,True,False,[],[],[],[],[],0,0,0,0
CHEMBL628,PENTOXIFYLLINE,"[""Small molecule""]",1984,False,False,False,True,True,"[""ADORA2B"", ""PDE10A"", ""PDE4A"", ""PDE4B"", ""PDE4D"", ""PDE6A"", ""PDE8A""]","[""PDE4A"", ""PDE4D"", ""PDE8A""]",[],[],"[[""CHEMBL2094257"", ""ANTAGONIST""], [""CHEMBL2363066"", ""INHIBITOR""]]",1,0.313763514035714,0.2510108112285712,0.2510108112285712
CHEMBL629,AMITRIPTYLINE,"[""Small molecule""]",1961,False,False,False,True,True,"[""SLC6A4""]",[],[],[],"[[""CHEMBL222"", ""INHIBITOR""], [""CHEMBL228"", ""INHIBITOR""]]",1,0,0.09284028451546111,0.09284028451546111
CHEMBL631,PROPAFENONE,"[""Small molecule""]",1989,False,False,False,True,True,"[""ADRB1"", ""SCN4A"", ""SCN7A""]",[],[],[],"[[""CHEMBL210"", ""ANTAGONIST""], [""CHEMBL213"", ""ANTAGONIST""], [""CHEMBL2331043"", ""BLOCKER""]]",0,0,0.02299311236507951,0.02299311236507951
CHEMBL632,BETAMETHASONE,"[""Small molecule""]",1961,False,False,False,True,True,[],[],[],[],"[[""CHEMBL2034"", ""AGONIST""]]",0,0,0.0,0.0
CHEMBL633,AMIODARONE,"[""Small molecule""]",1985,False,False,False,True,True,"[""KCNH2""]",[],[],[],"[[""CHEMBL240"", ""BLOCKER""]]",0,0,0.003118906655304387,0.003118906655304387
CHEMBL634,ALFENTANIL,"[""Small molecule""]",1986,False,False,False,True,True,[],[],[],[],"[[""CHEMBL233"", ""AGONIST""]]",0,0,0.0,0.0
CHEMBL635,PREDNISONE,"[""Small molecule""]",1955,True,True,True,True,True,[],[],[],[],"[[""CHEMBL2034"", ""AGONIST""]]",3,0,0.0,0.0
CHEMBL636,RIVASTIGMINE,"[""Small molecule""]",1998,False,False,False,True,True,"[""ACHE""]",[],[],[],"[[""CHEMBL2095233"", ""INHIBITOR""]]",0,0,0.0037763442209485785,0.0037763442209485785
CHEMBL637,VENLAFAXINE,"[""Small molecule""]",1993,False,False,False,True,True,"[""SLC6A4""]",[],[],[],"[[""CHEMBL222"", ""INHIBITOR""], [""CHEMBL228"", ""INHIBITOR""]]",0,0,0.09284028451546111,0.09284028451546111
CHEMBL638,VORICONAZOLE,"[""Small molecule""]",2002,False,False,False,True,False,[],[],[],[],[],0,0,0,0
CHEMBL639,AZELASTINE,"[""Small molecule""]",1996,False,False,False,True,True,[],[],[],[],"[[""CHEMBL231"", ""ANTAGONIST""]]",0,0,0.0,0.0
CHEMBL64,ISONIAZID,"[""Small molecule""]",1952,False,False,False,True,False,[],[],[],[],[],0,0,0,0
CHEMBL640,PROCAINAMIDE,"[""Small molecule""]",1950,False,False,False,True,True,"[""SCN4A"", ""SCN7A""]",[],[],[],"[[""CHEMBL2331043"", ""BLOCKER""]]",0,0,0.003247364880461054,0.003247364880461054
CHEMBL641,ATOMOXETINE,"[""Small molecule""]",2002,False,False,False,True,True,[],[],[],[],"[[""CHEMBL222"", ""INHIBITOR""]]",0,0,0.0,0.0
CHEMBL642,ACEBUTOLOL,"[""Small molecule""]",1984,False,False,False,True,True,"[""ADRB1""]",[],[],[],"[[""CHEMBL213"", ""ANTAGONIST""]]",0,0,0.02299311236507951,0.02299311236507951
CHEMBL643,PROMETHAZINE,"[""Small molecule""]",1951,False,False,False,True,True,[],[],[],[],"[[""CHEMBL231"", ""ANTAGONIST""]]",1,0,0.0,0.0
CHEMBL64391,ITRACONAZOLE,"[""Small molecule""]",1992,False,False,False,True,False,[],[],[],[],[],1,0,0,0
CHEMBL644,TRIMIPRAMINE,"[""Small molecule""]",1979,False,False,False,True,True,"[""ADRA1B"", ""ADRA1D""]",[],[],[],"[[""CHEMBL2094251"", ""ANTAGONIST""], [""CHEMBL217"", ""ANTAGONIST""], [""CHEMBL222"", ""INHIBITOR""], [""CHEMBL224"", ""ANTAGONIST""], [""CHEMBL225"", ""ANTAGONIST""], [""CHEMBL231"", ""ANTAGONIST""]]",0,0,0.019518269322654547,0.019518269322654547
CHEMBL645,BISOPROLOL,"[""Small molecule""]",1992,False,False,False,True,True,"[""ADRB1""]",[],[],[],"[[""CHEMBL213"", ""ANTAGONIST""]]",0,0,0.02299311236507951,0.02299311236507951
CHEMBL647,APRACLONIDINE,"[""Small molecule""]",1987,False,False,False,True,True,"[""ADRA2A"", ""ADRA2C""]","[""ADRA2A""]",[],[],"[[""CHEMBL2095158"", ""AGONIST""]]",0,0.21032116470427323,0.1682569317634186,0.1682569317634186
CHEMBL648,CYCLIZINE,"[""Small molecule""]",1982,False,False,False,True,True,[],[],[],[],"[[""CHEMBL231"", ""ANTAGONIST""]]",0,0,0.0,0.0
CHEMBL650,METHYLPREDNISOLONE,"[""Small molecule""]",1957,True,True,True,True,True,[],[],[],[],"[[""CHEMBL2034"", ""AGONIST""]]",3,0,0.0,0.0
CHEMBL651,METHADONE,"[""Small molecule""]",1947,False,False,False,True,True,[],[],[],[],"[[""CHEMBL233"", ""AGONIST""]]",0,0,0.0,0.0
CHEMBL652,FLECAINIDE,"[""Small molecule""]",1985,False,False,False,True,True,[],[],[],[],"[[""CHEMBL1980"", ""BLOCKER""]]",0,0,0.0,0.0
CHEMBL654,MIRTAZAPINE,"[""Small molecule""]",1996,False,False,False,True,True,"[""ADRA2A"", ""ADRA2C""]","[""ADRA2A""]",[],[],"[[""CHEMBL2095158"", ""ANTAGONIST""], [""CHEMBL224"", ""ANTAGONIST""], [""CHEMBL225"", ""ANTAGONIST""]]",0,0.21032116470427323,0.1682569317634186,0.1682569317634186
CHEMBL655,MIDAZOLAM,"[""Small molecule""]",1985,False,False,False,True,True,"[""GABRA2"", ""GABRA4"", ""GABRA5"", ""GABRB2"", ""GABRE"", ""GABRG1"", ""GABRP""]",[],[],[],"[[""CHEMBL2093872"", ""POSITIVE ALLOSTERIC MODULATOR""]]",2,0,0.014213049242877394,0.014213049242877394
CHEMBL656,OXYCODONE,"[""Small molecule""]",1950,False,False,False,True,True,[],[],[],[],"[[""CHEMBL233"", ""AGONIST""]]",0,0,0.0,0.0
CHEMBL657,DIPHENHYDRAMINE,"[""Small molecule""]",1946,False,False,False,True,True,[],[],[],[],"[[""CHEMBL231"", ""ANTAGONIST""]]",1,0,0.0,0.0
CHEMBL65794,CEFPIROME,"[""Small molecule""]",,False,False,False,True,False,[],[],[],[],[],0,0,0,0
CHEMBL658,SUFENTANIL,"[""Small molecule""]",1984,False,False,False,True,True,[],[],[],[],"[[""CHEMBL233"", ""AGONIST""]]",0,0,0.0,0.0
CHEMBL659,GALANTAMINE,"[""Small molecule""]",2001,False,False,False,True,True,"[""ACHE""]",[],[],[],"[[""CHEMBL220"", ""INHIBITOR""]]",0,0,0.0037763442209485785,0.0037763442209485785
CHEMBL660,AMANTADINE,"[""Small molecule""]",1968,False,False,False,True,True,"[""GRIN2D"", ""GRIN3A""]",[],[],[],"[[""CHEMBL2094124"", ""ANTAGONIST""]]",0,0,0.029717314452763127,0.029717314452763127
CHEMBL661,ALPRAZOLAM,"[""Small molecule""]",1981,False,False,False,True,True,"[""GABRA2"", ""GABRA4"", ""GABRA5"", ""GABRB2"", ""GABRE"", ""GABRG1"", ""GABRP""]",[],[],[],"[[""CHEMBL2093872"", ""POSITIVE ALLOSTERIC MODULATOR""]]",0,0,0.014213049242877394,0.014213049242877394
CHEMBL6622,ISOSORBIDE DINITRATE,"[""Small molecule""]",1986,False,False,False,True,True,"[""GUCY1A1"", ""GUCY1B1""]",[],[],[],"[[""CHEMBL2111348"", ""ACTIVATOR""]]",0,0,0.005366061384146901,0.005366061384146901
CHEMBL666,FOSCARNET,"[""Small molecule""]",1991,False,False,False,True,False,[],[],[],[],[],0,0,0,0
CHEMBL667,ACETYLCHOLINE,"[""Small molecule""]",1973,False,False,False,True,True,"[""CHRM3""]",[],[],[],"[[""CHEMBL245"", ""AGONIST""]]",0,0,0.008889800073886641,0.008889800073886641
CHEMBL668,PROTRIPTYLINE,"[""Small molecule""]",1967,False,False,False,True,True,"[""SLC6A4""]",[],[],[],"[[""CHEMBL222"", ""INHIBITOR""], [""CHEMBL228"", ""INHIBITOR""]]",0,0,0.09284028451546111,0.09284028451546111
CHEMBL669,CYCLOBENZAPRINE,"[""Small molecule""]",1977,False,False,False,True,True,[],[],[],[],"[[""CHEMBL224"", ""ANTAGONIST""], [""CHEMBL225"", ""ANTAGONIST""]]",0,0,0,0
CHEMBL671,THIOTEPA,"[""Small molecule""]",1959,False,False,False,True,False,[],[],[],[],[],1,0,0,0
CHEMBL672,FENOFIBRATE,"[""Small molecule""]",1993,False,False,False,True,True,[],[],[],[],"[[""CHEMBL239"", ""AGONIST""]]",0,0,0.0,0.0
CHEMBL673,PARGYLINE,"[""Small molecule""]",1982,False,False,False,True,True,"[""MAOA"", ""MAOB""]",[],[],[],"[[""CHEMBL2095205"", ""INHIBITOR""]]",0,0,0.05615710500065266,0.05615710500065266
CHEMBL677,LEVONORDEFRIN,"[""Small molecule""]",1960,False,False,False,True,True,"[""ADRA2A"", ""ADRA2C""]","[""ADRA2A""]",[],[],"[[""CHEMBL2095158"", ""AGONIST""]]",0,0.21032116470427323,0.1682569317634186,0.1682569317634186
CHEMBL679,EPINEPHRINE,"[""Small molecule""]",1965,False,False,False,True,True,"[""ADRA1B"", ""ADRA1D"", ""ADRA2A"", ""ADRA2C"", ""ADRB1""]","[""ADRA2A""]",[],[],"[[""CHEMBL2331074"", ""AGONIST""]]",0,0.21032116470427323,0.1682569317634186,0.1682569317634186
CHEMBL680,CEFACLOR ANHYDROUS,"[""Small molecule""]",1979,False,False,False,True,False,[],[],[],[],[],0,0,0,0
CHEMBL681,ETOMIDATE,"[""Small molecule""]",1982,False,False,False,True,True,"[""GABRA2"", ""GABRA4"", ""GABRA5"", ""GABRB2"", ""GABRE"", ""GABRG1"", ""GABRP""]",[],[],[],"[[""CHEMBL2093872"", ""POSITIVE MODULATOR""]]",0,0,0.014213049242877394,0.014213049242877394
CHEMBL682,AMODIAQUINE,"[""Small molecule""]",1982,False,False,False,True,False,[],[],[],[],[],0,0,0,0
CHEMBL684,DIETHYLCARBAMAZINE,"[""Small molecule""]",1950,False,False,False,True,False,[],[],[],[],[],0,0,0,0
CHEMBL685,MEBENDAZOLE,"[""Small molecule""]",1974,False,False,False,True,False,[],[],[],[],[],0,0,0,0
CHEMBL686,MEFENAMIC ACID,"[""Small molecule""]",1967,False,False,False,True,True,"[""PTGS2""]",[],[],[],"[[""CHEMBL2094253"", ""INHIBITOR""]]",0,0,0.08012979869524581,0.08012979869524581
CHEMBL689,MANNITOL,"[""Small molecule""]",1982,False,False,False,True,False,[],[],[],[],[],0,0,0,0
CHEMBL691,ETHINYL ESTRADIOL,"[""Small molecule""]",1982,False,False,False,True,True,"[""ESR1""]",[],[],[],"[[""CHEMBL206"", ""AGONIST""]]",0,0,0.0026647551378045638,0.0026647551378045638
CHEMBL692,GLYCERIN,"[""Small molecule""]",1982,False,False,False,False,False,[],[],[],[],[],0,0,0,0
CHEMBL695,TRIMETHADIONE,"[""Small molecule""]",1946,False,False,False,True,True,"[""CACNA1H"", ""CACNA1I""]",[],[],[],"[[""CHEMBL2362995"", ""BLOCKER""]]",0,0,0.005942409532649595,0.005942409532649595
CHEMBL696,ETHOSUXIMIDE,"[""Small molecule""]",1960,False,False,False,True,True,"[""CACNA1H"", ""CACNA1I""]",[],[],[],"[[""CHEMBL2362995"", ""BLOCKER""]]",0,0,0.005942409532649595,0.005942409532649595
CHEMBL6966,VERAPAMIL,"[""Small molecule""]",1981,False,False,False,True,True,"[""CACNA1C""]",[],[],[],"[[""CHEMBL2095229"", ""BLOCKER""]]",1,0,0.002376194612129129,0.002376194612129129
CHEMBL697,METHSUXIMIDE,"[""Small molecule""]",1957,False,False,False,True,True,"[""CACNA1H"", ""CACNA1I""]",[],[],[],"[[""CHEMBL2362995"", ""BLOCKER""]]",0,0,0.005942409532649595,0.005942409532649595
CHEMBL698,TETRACAINE,"[""Small molecule""]",2005,False,False,False,True,True,"[""SCN4A"", ""SCN7A""]",[],[],[],"[[""CHEMBL2331043"", ""BLOCKER""]]",0,0,0.003247364880461054,0.003247364880461054
CHEMBL70,MORPHINE,"[""Small molecule""]",1984,False,False,False,True,True,[],[],[],[],"[[""CHEMBL233"", ""AGONIST""]]",0,0,0.0,0.0
CHEMBL700,SULFAPYRIDINE,"[""Small molecule""]",1939,False,False,False,True,False,[],[],[],[],[],0,0,0,0
CHEMBL701,BACLOFEN,"[""Small molecule""]",1977,False,False,False,True,True,[],[],[],[],"[[""CHEMBL2111463"", ""AGONIST""]]",0,0,0,0
CHEMBL702,PIPERACILLIN,"[""Small molecule""]",1981,False,False,False,True,False,[],[],[],[],[],0,0,0,0
CHEMBL70246,ACEFYLLINE,"[""Small molecule""]",,False,False,False,True,False,[],[],[],[],[],0,0,0,0
CHEMBL703,SUXAMETHONIUM,"[""Small molecule""]",1952,False,False,False,True,True,"[""CHRNA1""]",[],[],[],"[[""CHEMBL2362997"", ""AGONIST""]]",0,0,0.019017436200454825,0.019017436200454825
CHEMBL704,MESALAMINE,"[""Small molecule""]",1987,False,False,False,True,True,"[""PPARG"", ""PTGS2""]",[],[],[],"[[""CHEMBL2094253"", ""INHIBITOR""], [""CHEMBL215"", ""INHIBITOR""], [""CHEMBL235"", ""AGONIST""]]",6,0,0.08012979869524581,0.08012979869524581
CHEMBL70418,CLOBAZAM,"[""Small molecule""]",2005,False,False,False,True,True,"[""GABRA2"", ""GABRA4"", ""GABRA5"", ""GABRB2"", ""GABRE"", ""GABRG1"", ""GABRP""]",[],[],[],"[[""CHEMBL2093872"", ""POSITIVE ALLOSTERIC MODULATOR""]]",0,0,0.014213049242877394,0.014213049242877394
CHEMBL705,ALITRETINOIN,"[""Small molecule""]",1999,False,False,False,True,True,[],[],[],[],"[[""CHEMBL2363071"", ""AGONIST""]]",0,0,0.0,0.0
CHEMBL706,CETYL ALCOHOL,"[""Small molecule""]",1990,False,False,False,True,False,[],[],[],[],[],0,0,0,0
CHEMBL707,DOXAZOSIN,"[""Small molecule""]",1990,False,False,False,True,True,"[""ADRA1B"", ""ADRA1D""]",[],[],[],"[[""CHEMBL2094251"", ""ANTAGONIST""]]",0,0,0.019518269322654547,0.019518269322654547
CHEMBL708,ZIPRASIDONE,"[""Small molecule""]",2001,False,False,False,True,True,[],[],[],[],"[[""CHEMBL217"", ""ANTAGONIST""], [""CHEMBL224"", ""ANTAGONIST""], [""CHEMBL225"", ""ANTAGONIST""]]",0,0,0.0,0.0
CHEMBL709,ALFUZOSIN,"[""Small molecule""]",2003,False,False,False,True,True,"[""ADRA1B"", ""ADRA1D""]",[],[],[],"[[""CHEMBL2094251"", ""AGONIST""]]",0,0,0.019518269322654547,0.019518269322654547
CHEMBL70927,DEFERIPRONE,"[""Small molecule""]",1999,False,False,False,True,False,[],[],[],[],[],0,0,0,0
CHEMBL70972,SERATRODAST,"[""Small molecule""]",1995,False,False,False,True,True,[],[],[],[],"[[""CHEMBL2069"", ""ANTAGONIST""]]",0,0,0,0
CHEMBL71,CHLORPROMAZINE,"[""Small molecule""]",1957,False,False,False,True,True,[],[],[],[],"[[""CHEMBL224"", ""ANTAGONIST""], [""CHEMBL2331075"", ""ANTAGONIST""]]",0,0,0.0,0.0
CHEMBL710,FINASTERIDE,"[""Small molecule""]",1992,False,False,False,True,True,[],[],[],[],"[[""CHEMBL1856"", ""INHIBITOR""]]",0,0,0,0
CHEMBL711,PHENINDIONE,"[""Small molecule""]",1982,False,False,False,True,True,[],[],[],[],"[[""CHEMBL1930"", ""INHIBITOR""]]",0,0,0,0
CHEMBL712,ANISINDIONE,"[""Small molecule""]",1957,False,False,False,True,True,[],[],[],[],"[[""CHEMBL2012"", ""INHIBITOR""]]",0,0,0,0
CHEMBL713,ENTECAVIR ANHYDROUS,"[""Small molecule""]",2005,False,False,False,True,False,[],[],[],[],[],0,0,0,0
CHEMBL714,ALBUTEROL,"[""Small molecule""]",1981,False,False,False,True,True,[],[],[],[],"[[""CHEMBL210"", ""AGONIST""]]",0,0,0.0,0.0
CHEMBL715,OLANZAPINE,"[""Small molecule""]",1996,False,False,False,True,True,[],[],[],[],"[[""CHEMBL224"", ""ANTAGONIST""], [""CHEMBL225"", ""ANTAGONIST""], [""CHEMBL2331075"", ""ANTAGONIST""]]",0,0,0.0,0.0
CHEMBL71595,HYDROGEN PEROXIDE,"[""Small molecule""]",2017,False,False,False,True,False,[],[],[],[],[],0,0,0,0
CHEMBL716,QUETIAPINE,"[""Small molecule""]",1997,False,False,False,True,True,[],[],[],[],"[[""CHEMBL217"", ""ANTAGONIST""], [""CHEMBL224"", ""ANTAGONIST""], [""CHEMBL225"", ""ANTAGONIST""]]",0,0,0.0,0.0
CHEMBL717,MEDROXYPROGESTERONE ACETATE,"[""Small molecule""]",1959,False,False,False,True,True,"[""PGR""]",[],[],[],"[[""CHEMBL208"", ""AGONIST""]]",0,0,0.003002948450748786,0.003002948450748786
CHEMBL71752,VINPOCETINE,"[""Small molecule""]",,False,False,False,False,False,[],[],[],[],[],0,0,0,0
CHEMBL719,MUPIROCIN,"[""Small molecule""]",1987,False,False,False,True,False,[],[],[],[],[],0,0,0,0
CHEMBL72,DESIPRAMINE,"[""Small molecule""]",1964,False,False,False,True,True,[],[],[],[],"[[""CHEMBL222"", ""INHIBITOR""]]",0,0,0.0,0.0
CHEMBL720,BENZYL ALCOHOL,"[""Small molecule""]",2009,False,False,False,True,False,[],[],[],[],[],0,0,0,0
CHEMBL723,CARVEDILOL,"[""Small molecule""]",1995,False,False,False,True,True,"[""ADRA1B"", ""ADRA1D"", ""ADRB1""]",[],[],[],"[[""CHEMBL2094118"", ""ANTAGONIST""], [""CHEMBL2094251"", ""ANTAGONIST""]]",0,0,0.02299311236507951,0.02299311236507951
CHEMBL726,FLUPHENAZINE,"[""Small molecule""]",1959,False,False,False,True,True,[],[],[],[],"[[""CHEMBL217"", ""ANTAGONIST""]]",0,0,0.0,0.0
CHEMBL727,THIOGUANINE,"[""Small molecule""]",1966,False,False,False,True,True,[],[],[],[],"[[""CHEMBL2111369"", ""INHIBITOR""]]",0,0,0.0,0.0
CHEMBL728,PROCHLORPERAZINE,"[""Small molecule""]",1956,False,False,False,True,True,[],[],[],[],"[[""CHEMBL217"", ""ANTAGONIST""]]",0,0,0.0,0.0
CHEMBL729,LOPINAVIR,"[""Small molecule""]",2000,False,False,False,True,False,[],[],[],[],[],0,0,0,0
CHEMBL730,NITROGLYCERIN,"[""Small molecule""]",1981,False,False,False,True,True,"[""GUCY1A1"", ""GUCY1B1""]",[],[],[],"[[""CHEMBL2111348"", ""ACTIVATOR""]]",0,0,0.005366061384146901,0.005366061384146901
CHEMBL734,ACETOHYDROXAMIC ACID,"[""Small molecule""]",1983,False,False,False,True,False,[],[],[],[],[],0,0,0,0
CHEMBL741,LAMOTRIGINE,"[""Small molecule""]",1994,False,False,False,True,True,"[""SCN4A"", ""SCN7A""]",[],[],[],"[[""CHEMBL2331043"", ""BLOCKER""]]",0,0,0.003247364880461054,0.003247364880461054
CHEMBL7413,METHOHEXITAL,"[""Small molecule""]",1960,False,False,False,True,True,"[""GABRA2"", ""GABRA4"", ""GABRA5"", ""GABRB2"", ""GABRE"", ""GABRG1"", ""GABRP""]",[],[],[],"[[""CHEMBL2093872"", ""POSITIVE ALLOSTERIC MODULATOR""]]",0,0,0.014213049242877394,0.014213049242877394
CHEMBL742,KETAMINE,"[""Small molecule""]",1970,False,False,False,True,True,"[""GRIN2D"", ""GRIN3A""]",[],[],[],"[[""CHEMBL2094124"", ""NEGATIVE ALLOSTERIC MODULATOR""]]",0,0,0.029717314452763127,0.029717314452763127
CHEMBL744,RILUZOLE,"[""Small molecule""]",1995,False,False,False,True,True,"[""SCN4A"", ""SCN7A""]",[],[],[],"[[""CHEMBL2331043"", ""BLOCKER""]]",0,0,0.003247364880461054,0.003247364880461054
CHEMBL746,NEDOCROMIL,"[""Small molecule""]",1992,False,False,False,True,False,[],[],[],[],[],0,0,0,0
CHEMBL74632,MOXALACTAM,"[""Small molecule""]",1982,False,False,False,True,False,[],[],[],[],[],0,0,0,0
CHEMBL750,ZONISAMIDE,"[""Small molecule""]",2000,False,False,False,True,True,"[""SCN4A"", ""SCN7A""]",[],[],[],"[[""CHEMBL2331043"", ""BLOCKER""]]",0,0,0.003247364880461054,0.003247364880461054
CHEMBL753,PHENOXYBENZAMINE,"[""Small molecule""]",1953,False,False,False,True,True,"[""ADRA1B"", ""ADRA1D"", ""ADRA2A"", ""ADRA2C""]","[""ADRA2A""]",[],[],"[[""CHEMBL2095203"", ""ANTAGONIST""]]",0,0.21032116470427323,0.1682569317634186,0.1682569317634186
CHEMBL75435,DEXKETOPROFEN,"[""Small molecule""]",1994,False,False,False,True,True,"[""PTGS2""]",[],[],[],"[[""CHEMBL2094253"", ""INHIBITOR""]]",0,0,0.08012979869524581,0.08012979869524581
CHEMBL76,CHLOROQUINE,"[""Small molecule""]",1949,False,False,False,True,False,[],[],[],[],[],0,0,0,0
CHEMBL760,ANAGRELIDE,"[""Small molecule""]",1997,False,False,False,True,True,[],[],[],[],"[[""CHEMBL2094125"", ""INHIBITOR""]]",0,0,0,0
CHEMBL761,NAPHAZOLINE,"[""Small molecule""]",1971,False,False,False,True,True,"[""ADRA1B"", ""ADRA1D"", ""ADRA2A"", ""ADRA2C""]","[""ADRA2A""]",[],[],"[[""CHEMBL2095203"", ""AGONIST""]]",0,0.21032116470427323,0.1682569317634186,0.1682569317634186
CHEMBL762,OXYMETAZOLINE,"[""Small molecule""]",1986,False,False,False,True,True,"[""ADRA1B"", ""ADRA1D"", ""ADRA2A"", ""ADRA2C""]","[""ADRA2A""]",[],[],"[[""CHEMBL2095203"", ""AGONIST""]]",0,0.21032116470427323,0.1682569317634186,0.1682569317634186
CHEMBL765,GUANETHIDINE,"[""Small molecule""]",1960,False,False,False,True,True,[],[],[],[],"[[""CHEMBL222"", ""SUBSTRATE""]]",0,0,0.0,0.0
CHEMBL766,CILASTATIN,"[""Small molecule""]",1985,False,False,False,True,True,"[""DPEP1""]",[],[],[],"[[""CHEMBL1989"", ""INHIBITOR""]]",0,0,0.0709576091449378,0.0709576091449378
CHEMBL770,TOLAZOLINE,"[""Small molecule""]",1985,False,False,False,True,True,"[""ADRA1B"", ""ADRA1D"", ""ADRA2A"", ""ADRA2C"", ""HRH2""]","[""ADRA2A""]",[],[],"[[""CHEMBL1941"", ""AGONIST""], [""CHEMBL2095203"", ""ANTAGONIST""], [""CHEMBL231"", ""AGONIST""]]",0,0.21032116470427323,0.1682569317634186,0.1682569317634186
CHEMBL771,CYCLOSERINE,"[""Small molecule""]",1964,False,False,False,True,False,[],[],[],[],[],0,0,0,0
CHEMBL773,GLYCINE,"[""Small molecule""]",1982,False,False,False,False,False,[],[],[],[],[],0,0,0,0
CHEMBL777,CLAVULANIC ACID,"[""Small molecule""]",1984,False,False,False,True,False,[],[],[],[],[],0,0,0,0
CHEMBL778,DEXMEDETOMIDINE,"[""Small molecule""]",1999,False,False,False,True,True,"[""ADRA2A"", ""ADRA2C""]","[""ADRA2A""]",[],[],"[[""CHEMBL2095158"", ""AGONIST""]]",0,0.21032116470427323,0.1682569317634186,0.1682569317634186
CHEMBL779,TADALAFIL,"[""Small molecule""]",2002,False,False,False,True,True,[],[],[],[],"[[""CHEMBL1827"", ""INHIBITOR""]]",0,0,0,0
CHEMBL780,PENTETIC ACID,"[""Small molecule""]",2004,False,False,False,True,False,[],[],[],[],[],0,0,0,0
CHEMBL781,MAZINDOL,"[""Small molecule""]",1973,False,False,False,True,True,"[""SLC6A4""]",[],[],[],"[[""CHEMBL2363064"", ""INHIBITOR""]]",0,0,0.09284028451546111,0.09284028451546111
CHEMBL782,TOLBUTAMIDE,"[""Small molecule""]",1961,False,False,False,True,True,[],[],[],[],"[[""CHEMBL2096972"", ""BLOCKER""]]",0,0,0,0
CHEMBL783,NATEGLINIDE,"[""Small molecule""]",2000,False,False,False,True,True,[],[],[],[],"[[""CHEMBL2096972"", ""BLOCKER""]]",0,0,0,0
CHEMBL787,MONTELUKAST,"[""Small molecule""]",1998,False,False,False,True,True,[],[],[],[],"[[""CHEMBL1798"", ""ANTAGONIST""]]",0,0,0,0
CHEMBL788,IDOXURIDINE,"[""Small molecule""]",1963,False,False,False,True,False,[],[],[],[],[],0,0,0,0
CHEMBL79,LIDOCAINE,"[""Small molecule""]",1948,False,False,False,True,True,"[""SCN4A"", ""SCN7A""]",[],[],[],"[[""CHEMBL2331043"", ""BLOCKER""]]",0,0,0.003247364880461054,0.003247364880461054
CHEMBL796,METHYLPHENIDATE,"[""Small molecule""]",1955,False,False,False,True,True,[],[],[],[],"[[""CHEMBL222"", ""INHIBITOR""], [""CHEMBL238"", ""INHIBITOR""]]",0,0,0.0,0.0
CHEMBL797,PHENSUXIMIDE,"[""Small molecule""]",1982,False,False,False,True,True,"[""CACNA1H"", ""CACNA1I""]",[],[],[],"[[""CHEMBL2362995"", ""BLOCKER""]]",0,0,0.005942409532649595,0.005942409532649595
CHEMBL799,CILOSTAZOL,"[""Small molecule""]",1999,False,False,False,True,True,[],[],[],[],"[[""CHEMBL241"", ""INHIBITOR""]]",0,0,0,0
CHEMBL8,CIPROFLOXACIN,"[""Small molecule""]",1987,False,False,False,True,False,[],[],[],[],[],6,0,0,0
CHEMBL80,NALOXONE,"[""Small molecule""]",1971,False,False,False,True,True,[],[],[],[],"[[""CHEMBL2095181"", ""ANTAGONIST""]]",0,0,0.0,0.0
CHEMBL802,MINOXIDIL,"[""Small molecule""]",1979,False,False,False,True,True,"[""ABCC9""]",[],[],[],"[[""CHEMBL2095198"", ""OPENER""]]",0,0,0.0029822057239989428,0.0029822057239989428
CHEMBL803,CYTARABINE,"[""Small molecule""]",1969,False,False,False,True,True,[],[],[],[],"[[""CHEMBL2363042"", ""INHIBITOR""]]",0,0,0.0,0.0
CHEMBL806,FLUTAMIDE,"[""Small molecule""]",1989,False,False,False,True,True,[],[],[],[],"[[""CHEMBL1871"", ""ANTAGONIST""]]",0,0,0.0,0.0
CHEMBL807,MEMANTINE,"[""Small molecule""]",2002,False,False,False,True,True,"[""GRIN2D"", ""GRIN3A""]",[],[],[],"[[""CHEMBL2094124"", ""NEGATIVE ALLOSTERIC MODULATOR""]]",0,0,0.029717314452763127,0.029717314452763127
CHEMBL808,ECONAZOLE,"[""Small molecule""]",1982,False,False,False,True,False,[],[],[],[],[],0,0,0,0
CHEMBL809,SERTRALINE,"[""Small molecule""]",1991,False,False,False,True,True,"[""SLC6A4""]",[],[],[],"[[""CHEMBL228"", ""INHIBITOR""]]",0,0,0.09284028451546111,0.09284028451546111
CHEMBL81,RALOXIFENE,"[""Small molecule""]",1997,False,False,False,True,True,"[""ESR1""]",[],[],[],"[[""CHEMBL206"", ""MODULATOR""], [""CHEMBL242"", ""MODULATOR""]]",0,0,0.0026647551378045638,0.0026647551378045638
CHEMBL810,TEMOZOLOMIDE,"[""Small molecule""]",1999,False,False,False,True,False,[],[],[],[],[],0,0,0,0
CHEMBL811,BROMPHENIRAMINE,"[""Small molecule""]",1957,False,False,False,True,True,[],[],[],[],"[[""CHEMBL231"", ""ANTAGONIST""]]",0,0,0.0,0.0
CHEMBL813,EPROSARTAN,"[""Small molecule""]",1997,False,False,False,True,True,[],[],[],[],"[[""CHEMBL227"", ""ANTAGONIST""]]",0,0,0.0,0.0
CHEMBL814,FLUVOXAMINE,"[""Small molecule""]",1994,False,False,False,True,True,"[""SLC6A4""]",[],[],[],"[[""CHEMBL228"", ""INHIBITOR""]]",0,0,0.09284028451546111,0.09284028451546111
CHEMBL815,DINOPROST,"[""Small molecule""]",1982,False,False,False,True,True,[],[],[],[],"[[""CHEMBL1987"", ""AGONIST""]]",0,0,0,0
CHEMBL817,TOLAZAMIDE,"[""Small molecule""]",1966,False,False,False,True,True,[],[],[],[],"[[""CHEMBL2096972"", ""BLOCKER""]]",0,0,0,0
CHEMBL818,IOBENGUANE,"[""Small molecule""]",1994,False,False,False,True,True,[],[],[],[],"[[""CHEMBL222"", ""SUBSTRATE""]]",0,0,0.0,0.0
CHEMBL819,OXACILLIN,"[""Small molecule""]",1971,False,False,False,True,False,[],[],[],[],[],0,0,0,0
CHEMBL820,BUSULFAN,"[""Small molecule""]",1954,False,False,False,True,False,[],[],[],[],[],0,0,0,0
CHEMBL821,GUANIDINE,"[""Small molecule""]",1939,False,False,False,True,True,"[""KCNA1"", ""KCNA5"", ""KCNB1"", ""KCND3"", ""KCNG1"", ""KCNG2"", ""KCNG3"", ""KCNH2"", ""KCNH5"", ""KCNH6"", ""KCNH7"", ""KCNH8"", ""KCNQ2""]","[""KCNG2"", ""KCNH8""]",[],[],"[[""CHEMBL2362996"", ""BLOCKER""]]",0,0.5963435315821193,0.47707482526569545,0.47707482526569545
CHEMBL822,TERBINAFINE,"[""Small molecule""]",1992,False,False,False,True,False,[],[],[],[],[],0,0,0,0
CHEMBL826,ENOXACIN,"[""Small molecule""]",1991,False,False,False,True,False,[],[],[],[],[],0,0,0,0
CHEMBL827,DEXMETHYLPHENIDATE,"[""Small molecule""]",2001,False,False,False,True,True,[],[],[],[],"[[""CHEMBL222"", ""INHIBITOR""], [""CHEMBL238"", ""INHIBITOR""]]",0,0,0.0,0.0
CHEMBL829,METHYLPROMAZINE,"[""Small molecule""]",1982,False,False,False,True,True,[],[],[],[],"[[""CHEMBL231"", ""ANTAGONIST""]]",0,0,0.0,0.0
CHEMBL83,TAMOXIFEN,"[""Small molecule""]",1977,False,False,False,True,True,"[""ESR1""]",[],[],[],"[[""CHEMBL206"", ""MODULATOR""]]",0,0,0.0026647551378045638,0.0026647551378045638
CHEMBL830,EFLORNITHINE,"[""Small molecule""]",1990,False,False,False,True,True,[],[],[],[],"[[""CHEMBL1869"", ""INHIBITOR""]]",0,0,0.0,0.0
CHEMBL83063,RITODRINE,"[""Small molecule""]",1982,False,False,False,True,True,[],[],[],[],"[[""CHEMBL210"", ""AGONIST""]]",0,0,0.0,0.0
CHEMBL831,LOXAPINE,"[""Small molecule""]",1975,False,False,False,True,True,[],[],[],[],"[[""CHEMBL224"", ""ANTAGONIST""], [""CHEMBL225"", ""ANTAGONIST""], [""CHEMBL2331075"", ""ANTAGONIST""]]",0,0,0.0,0.0
CHEMBL832,SULFINPYRAZONE,"[""Small molecule""]",1959,False,False,False,True,True,[],[],[],[],"[[""CHEMBL6120"", ""INHIBITOR""]]",0,0,0,0
CHEMBL833,TICLOPIDINE,"[""Small molecule""]",1991,False,False,False,True,True,[],[],[],[],"[[""CHEMBL2001"", ""ANTAGONIST""]]",0,0,0,0
CHEMBL834,PAMIDRONIC ACID,"[""Small molecule""]",1991,False,False,False,True,True,"[""FDPS""]","[""FDPS""]",[],[],"[[""CHEMBL1782"", ""INHIBITOR""]]",0,0.09220896409440398,0.07376717127552318,0.07376717127552318
CHEMBL836,TAMSULOSIN,"[""Small molecule""]",1997,False,False,False,True,True,"[""ADRA1B"", ""ADRA1D""]",[],[],[],"[[""CHEMBL2094251"", ""ANTAGONIST""]]",0,0,0.019518269322654547,0.019518269322654547
CHEMBL838,BENAZEPRIL,"[""Small molecule""]",1991,False,False,False,True,True,"[""ACE""]",[],[],[],"[[""CHEMBL1808"", ""INHIBITOR""]]",0,0,0.04760386061120864,0.04760386061120864
CHEMBL839,CARTEOLOL,"[""Small molecule""]",1988,False,False,False,True,True,"[""ADRB1""]",[],[],[],"[[""CHEMBL2094118"", ""ANTAGONIST""]]",0,0,0.02299311236507951,0.02299311236507951
CHEMBL84,TOPOTECAN,"[""Small molecule""]",1996,False,False,False,True,True,[],[],[],[],"[[""CHEMBL1781"", ""INHIBITOR""]]",0,0,0,0
CHEMBL841,LOPERAMIDE,"[""Small molecule""]",1976,False,False,False,True,True,[],[],[],[],"[[""CHEMBL233"", ""AGONIST""]]",0,0,0.0,0.0
CHEMBL842,CHLOROTHIAZIDE,"[""Small molecule""]",1958,False,False,False,True,True,[],[],[],[],"[[""CHEMBL1876"", ""INHIBITOR""]]",0,0,0.0,0.0
CHEMBL844,BRIMONIDINE,"[""Small molecule""]",1996,False,False,False,True,True,"[""ADRA2A"", ""ADRA2C""]","[""ADRA2A""]",[],[],"[[""CHEMBL2095158"", ""AGONIST""]]",0,0.21032116470427323,0.1682569317634186,0.1682569317634186
CHEMBL846,CALCITRIOL,"[""Small molecule""]",1978,False,False,False,True,True,[],[],[],[],"[[""CHEMBL1977"", ""AGONIST""]]",1,0,0.0,0.0
CHEMBL847,OXAMNIQUINE,"[""Small molecule""]",1980,False,False,False,True,False,[],[],[],[],[],0,0,0,0
CHEMBL848,LENALIDOMIDE,"[""Small molecule""]",2005,False,False,False,True,True,[],[],[],[],"[[""CHEMBL3833061"", ""INHIBITOR""], [""CHEMBL3833061"", ""MODULATOR""]]",1,0,0.0,0.0
CHEMBL849,TRICLOSAN,"[""Small molecule""]",1997,False,False,False,True,False,[],[],[],[],[],0,0,0,0
CHEMBL85,RISPERIDONE,"[""Small molecule""]",1993,False,False,False,True,True,[],[],[],[],"[[""CHEMBL217"", ""ANTAGONIST""], [""CHEMBL224"", ""ANTAGONIST""], [""CHEMBL225"", ""ANTAGONIST""]]",0,0,0.0,0.0
CHEMBL850,SPARFLOXACIN,"[""Small molecule""]",1996,False,False,False,True,False,[],[],[],[],[],0,0,0,0
CHEMBL852,MELPHALAN,"[""Small molecule""]",1964,False,False,False,True,False,[],[],[],[],[],2,0,0,0
CHEMBL853,ZALCITABINE,"[""Small molecule""]",1992,False,False,False,True,False,[],[],[],[],[],0,0,0,0
CHEMBL855,TRIPROLIDINE,"[""Small molecule""]",1982,False,False,False,True,True,[],[],[],[],"[[""CHEMBL231"", ""ANTAGONIST""]]",0,0,0.0,0.0
CHEMBL856,PRIMIDONE,"[""Small molecule""]",1954,False,False,False,True,True,"[""GABRA2"", ""GABRA4"", ""GABRA5"", ""GABRB2"", ""GABRE"", ""GABRG1"", ""GABRP"", ""SCN4A"", ""SCN7A""]",[],[],[],"[[""CHEMBL2093872"", ""POSITIVE ALLOSTERIC MODULATOR""], [""CHEMBL2331043"", ""BLOCKER""]]",0,0,0.014213049242877394,0.014213049242877394
CHEMBL857,BIOTIN,"[""Small molecule""]",1985,False,False,False,False,False,[],[],[],[],[],0,0,0,0
CHEMBL86,METOCLOPRAMIDE,"[""Small molecule""]",1979,False,False,False,True,True,"[""HTR3A"", ""HTR4""]",[],[],[],"[[""CHEMBL1875"", ""AGONIST""], [""CHEMBL1899"", ""ANTAGONIST""], [""CHEMBL217"", ""ANTAGONIST""]]",0,0,0.013096963665383078,0.013096963665383078
CHEMBL861,MEPHENYTOIN,"[""Small molecule""]",1946,False,False,False,True,True,"[""SCN4A"", ""SCN7A""]",[],[],[],"[[""CHEMBL2331043"", ""BLOCKER""]]",0,0,0.003247364880461054,0.003247364880461054
CHEMBL862,GUANFACINE,"[""Small molecule""]",1986,False,False,False,True,True,"[""ADRA2A"", ""ADRA2C""]","[""ADRA2A""]",[],[],"[[""CHEMBL2095158"", ""AGONIST""]]",0,0.21032116470427323,0.1682569317634186,0.1682569317634186
CHEMBL863,CYSTEINE,"[""Small molecule""]",1986,False,False,False,False,False,[],[],[],[],[],0,0,0,0
CHEMBL86304,MOCLOBEMIDE,"[""Small molecule""]",1990,False,False,False,True,True,"[""MAOA""]",[],[],[],"[[""CHEMBL1951"", ""INHIBITOR""]]",0,0,0.0025677781660003677,0.0025677781660003677
CHEMBL864,CARBINOXAMINE,"[""Small molecule""]",1982,False,False,False,True,True,[],[],[],[],"[[""CHEMBL231"", ""ANTAGONIST""]]",0,0,0.0,0.0
CHEMBL866,MYCOPHENOLIC ACID,"[""Small molecule""]",2004,False,False,False,True,True,[],[],[],[],"[[""CHEMBL2111369"", ""INHIBITOR""]]",1,0,0.0,0.0
CHEMBL867,IOPANOIC ACID,"[""Small molecule""]",1951,False,False,False,False,False,[],[],[],[],[],0,0,0,0
CHEMBL86715,PROCYCLIDINE,"[""Small molecule""]",1955,False,False,False,True,True,[],[],[],[],"[[""CHEMBL216"", ""ANTAGONIST""]]",0,0,0,0
CHEMBL870,ALENDRONIC ACID,"[""Small molecule""]",1995,False,False,False,True,True,"[""FDPS""]","[""FDPS""]",[],[],"[[""CHEMBL1782"", ""INHIBITOR""]]",0,0.09220896409440398,0.07376717127552318,0.07376717127552318
CHEMBL871,ETIDRONIC ACID,"[""Small molecule""]",1977,False,False,False,True,False,[],[],[],[],[],0,0,0,0
CHEMBL877,TRANEXAMIC ACID,"[""Small molecule""]",1986,False,False,False,True,True,[],[],[],[],"[[""CHEMBL1801"", ""INHIBITOR""]]",0,0,0.0,0.0
CHEMBL87708,LOFEPRAMINE,"[""Small molecule""]",,False,False,False,False,False,[],[],[],[],[],0,0,0,0
CHEMBL878,METOLAZONE,"[""Small molecule""]",1973,False,False,False,True,True,[],[],[],[],"[[""CHEMBL1876"", ""INHIBITOR""]]",0,0,0.0,0.0
CHEMBL87992,ESLICARBAZEPINE ACETATE,"[""Small molecule""]",2009,False,False,False,True,True,"[""SCN4A"", ""SCN7A""]",[],[],[],"[[""CHEMBL2331043"", ""BLOCKER""]]",0,0,0.003247364880461054,0.003247364880461054
CHEMBL88,CYCLOPHOSPHAMIDE ANHYDROUS,"[""Small molecule""]",1959,False,False,False,True,False,[],[],[],[],[],7,0,0,0
CHEMBL880,FAMCICLOVIR,"[""Small molecule""]",1994,False,False,False,True,False,[],[],[],[],[],0,0,0,0
CHEMBL885,EMTRICITABINE,"[""Small molecule""]",2003,False,False,False,True,False,[],[],[],[],[],0,0,0,0
CHEMBL887,RASAGILINE,"[""Small molecule""]",2005,False,False,False,True,True,"[""MAOB""]",[],[],[],"[[""CHEMBL2039"", ""INHIBITOR""]]",0,0,0.05615710500065266,0.05615710500065266
CHEMBL888,GEMCITABINE,"[""Small molecule""]",1996,False,False,False,True,True,"[""RRM2""]",[],[],[],"[[""CHEMBL2095215"", ""INHIBITOR""], [""CHEMBL2363042"", ""INHIBITOR""]]",0,0,0.004647417914846161,0.004647417914846161
CHEMBL891,CLOXACILLIN,"[""Small molecule""]",1974,False,False,False,True,False,[],[],[],[],[],0,0,0,0
CHEMBL893,DICLOXACILLIN,"[""Small molecule""]",1968,False,False,False,True,False,[],[],[],[],[],0,0,0,0
CHEMBL894,BUPROPION,"[""Small molecule""]",1985,False,False,False,True,True,[],[],[],[],"[[""CHEMBL222"", ""INHIBITOR""], [""CHEMBL238"", ""INHIBITOR""]]",0,0,0.0,0.0
CHEMBL895,NALBUPHINE,"[""Small molecule""]",1979,False,False,False,True,True,[],[],[],[],"[[""CHEMBL2095181"", ""AGONIST""]]",0,0,0.0,0.0
CHEMBL89598,VIGABATRIN,"[""Small molecule""]",2009,False,False,False,True,True,[],[],[],[],"[[""CHEMBL2044"", ""INHIBITOR""]]",0,0,0,0
CHEMBL896,HYDROXYZINE,"[""Small molecule""]",1956,False,False,False,True,True,[],[],[],[],"[[""CHEMBL231"", ""ANTAGONIST""]]",0,0,0.0,0.0
CHEMBL897,PROBENECID,"[""Small molecule""]",1951,False,False,False,True,True,[],[],[],[],"[[""CHEMBL1641347"", ""INHIBITOR""], [""CHEMBL1641348"", ""INHIBITOR""], [""CHEMBL2073677"", ""INHIBITOR""]]",0,0,0,0
CHEMBL898,DIFLUNISAL,"[""Small molecule""]",1982,False,False,False,True,True,"[""PTGS2""]",[],[],[],"[[""CHEMBL2094253"", ""INHIBITOR""]]",0,0,0.08012979869524581,0.08012979869524581
CHEMBL9,NORFLOXACIN,"[""Small molecule""]",1986,False,False,False,True,False,[],[],[],[],[],0,0,0,0
CHEMBL90,HISTAMINE,"[""Small molecule""]",1939,False,False,False,True,True,[],[],[],[],"[[""CHEMBL231"", ""AGONIST""]]",0,0,0.0,0.0
CHEMBL900,ORPHENADRINE,"[""Small molecule""]",1957,False,False,False,True,True,"[""GRIN2D"", ""GRIN3A"", ""SCN4A"", ""SCN7A""]",[],[],[],"[[""CHEMBL2094124"", ""ANTAGONIST""], [""CHEMBL222"", ""INHIBITOR""], [""CHEMBL231"", ""ANTAGONIST""], [""CHEMBL2331043"", ""BLOCKER""]]",0,0,0.029717314452763127,0.029717314452763127
CHEMBL902,FAMOTIDINE,"[""Small molecule""]",1986,False,False,False,True,True,"[""HRH2""]",[],[],[],"[[""CHEMBL1941"", ""ANTAGONIST""]]",0,0,0.004884421826549503,0.004884421826549503
CHEMBL905,RIZATRIPTAN,"[""Small molecule""]",1998,False,False,False,True,True,"[""HTR1B"", ""HTR1D""]",[],[],[],"[[""CHEMBL1898"", ""AGONIST""], [""CHEMBL1983"", ""AGONIST""]]",0,0,0.055666787679624435,0.055666787679624435
CHEMBL90555,VINCRISTINE,"[""Small molecule""]",1963,False,False,False,True,True,"[""TUBB2B"", ""TUBB6""]",[],[],[],"[[""CHEMBL2095182"", ""INHIBITOR""]]",0,0,0.0030526420852343686,0.0030526420852343686
CHEMBL908,CHLORPROTHIXENE,"[""Small molecule""]",1967,False,False,False,True,True,[],[],[],[],"[[""CHEMBL217"", ""ANTAGONIST""], [""CHEMBL224"", ""ANTAGONIST""], [""CHEMBL225"", ""ANTAGONIST""], [""CHEMBL234"", ""ANTAGONIST""]]",0,0,0.0,0.0
CHEMBL91,MICONAZOLE,"[""Small molecule""]",1974,False,False,False,True,False,[],[],[],[],[],0,0,0,0
CHEMBL911,ZOLPIDEM,"[""Small molecule""]",1992,False,False,False,True,True,[],[],[],[],"[[""CHEMBL2111392"", ""POSITIVE ALLOSTERIC MODULATOR""]]",0,0,0,0
CHEMBL91397,RUPATADINE,"[""Small molecule""]",,False,False,False,True,True,"[""PTAFR""]",[],[],[],"[[""CHEMBL231"", ""ANTAGONIST""], [""CHEMBL250"", ""ANTAGONIST""]]",0,0,0.022163429290583892,0.022163429290583892
CHEMBL914,FEXOFENADINE,"[""Small molecule""]",1996,False,False,False,True,True,[],[],[],[],"[[""CHEMBL231"", ""ANTAGONIST""]]",0,0,0.0,0.0
CHEMBL916,TIROFIBAN,"[""Small molecule""]",1998,False,False,False,True,True,[],[],[],[],"[[""CHEMBL2093869"", ""INHIBITOR""]]",0,0,0.0,0.0
CHEMBL917,FLOXURIDINE,"[""Small molecule""]",1970,False,False,False,True,True,[],[],[],[],"[[""CHEMBL1952"", ""INHIBITOR""]]",0,0,0.0,0.0
CHEMBL918,PHENACEMIDE,"[""Small molecule""]",1951,False,False,False,True,True,"[""SCN4A"", ""SCN7A""]",[],[],[],"[[""CHEMBL2331043"", ""BLOCKER""]]",0,0,0.003247364880461054,0.003247364880461054
CHEMBL92,DOCETAXEL ANHYDROUS,"[""Small molecule""]",1995,False,False,False,True,True,"[""TUBB2B"", ""TUBB6""]",[],[],[],"[[""CHEMBL2095182"", ""INHIBITOR""], [""CHEMBL2095182"", ""STABILISER""]]",0,0,0.0030526420852343686,0.0030526420852343686
CHEMBL920,CHOLINE,"[""Small molecule""]",2012,False,False,False,True,False,[],[],[],[],[],0,0,0,0
CHEMBL922,ADEFOVIR DIPIVOXIL,"[""Small molecule""]",2002,False,False,False,True,False,[],[],[],[],[],0,0,0,0
CHEMBL923,RISEDRONIC ACID,"[""Small molecule""]",1998,False,False,False,True,True,"[""FDPS""]","[""FDPS""]",[],[],"[[""CHEMBL1782"", ""INHIBITOR""]]",1,0.09220896409440398,0.07376717127552318,0.07376717127552318
CHEMBL924,ZOLEDRONIC ACID ANHYDROUS,"[""Small molecule""]",2001,False,False,False,True,True,"[""FDPS""]","[""FDPS""]",[],[],"[[""CHEMBL1782"", ""INHIBITOR""]]",1,0.09220896409440398,0.07376717127552318,0.07376717127552318
CHEMBL92401,IPRONIAZID,"[""Small molecule""]",,False,False,False,True,True,"[""MAOA"", ""MAOB""]",[],[],[],"[[""CHEMBL2095205"", ""INHIBITOR""]]",0,0,0.05615710500065266,0.05615710500065266
CHEMBL925,TYROSINE,"[""Small molecule""]",1982,False,False,False,False,False,[],[],[],[],[],0,0,0,0
CHEMBL926,DOBUTAMINE,"[""Small molecule""]",1978,False,False,False,True,True,"[""ADRB1""]",[],[],[],"[[""CHEMBL210"", ""AGONIST""], [""CHEMBL213"", ""AGONIST""]]",0,0,0.02299311236507951,0.02299311236507951
CHEMBL927,CEFDINIR,"[""Small molecule""]",1997,False,False,False,True,False,[],[],[],[],[],0,0,0,0
CHEMBL93,ZILEUTON,"[""Small molecule""]",1996,False,False,False,True,True,[],[],[],[],"[[""CHEMBL215"", ""INHIBITOR""]]",0,0,0.0,0.0
CHEMBL930,GLUTAMINE,"[""Small molecule""]",2004,False,False,False,True,False,[],[],[],[],[],0,0,0,0
CHEMBL931,HALOTHANE,"[""Small molecule""]",1958,False,False,False,True,True,"[""GABRA2"", ""GABRA4"", ""GABRA5"", ""GABRB2"", ""GABRE"", ""GABRG1"", ""GABRP"", ""GLRB"", ""KCNK9""]",[],[],[],"[[""CHEMBL2093872"", ""POSITIVE ALLOSTERIC MODULATOR""], [""CHEMBL2321613"", ""OPENER""], [""CHEMBL2321614"", ""OPENER""], [""CHEMBL2321615"", ""OPENER""], [""CHEMBL2331041"", ""OPENER""], [""CHEMBL2331042"", ""OPENER""], [""CHEMBL2363052"", ""POSITIVE MODULATOR""]]",0,0,0.014213049242877394,0.014213049242877394
CHEMBL932,DIPYRIDAMOLE,"[""Small molecule""]",1961,False,False,False,True,True,"[""PDE10A"", ""PDE4A"", ""PDE4B"", ""PDE4D"", ""PDE6A"", ""PDE8A""]","[""PDE4A"", ""PDE4D"", ""PDE8A""]",[],[],"[[""CHEMBL1997"", ""INHIBITOR""], [""CHEMBL2363066"", ""INHIBITOR""]]",0,0.313763514035714,0.2510108112285712,0.2510108112285712
CHEMBL934,METYRAPONE,"[""Small molecule""]",1961,False,False,False,True,True,[],[],[],[],"[[""CHEMBL1908"", ""INHIBITOR""]]",0,0,0,0
CHEMBL936,DIPHENIDOL,"[""Small molecule""]",1967,False,False,False,True,True,[],[],[],[],"[[""CHEMBL216"", ""ANTAGONIST""]]",0,0,0,0
CHEMBL938,SARALASIN,"[""Protein""]",1982,False,False,False,True,True,[],[],[],[],"[[""CHEMBL227"", ""ANTAGONIST""]]",0,0,0.0,0.0
CHEMBL939,GEFITINIB,"[""Small molecule""]",2003,False,False,False,True,True,[],[],[],[],"[[""CHEMBL203"", ""INHIBITOR""]]",0,0,0.0,0.0
CHEMBL94,PHYSOSTIGMINE,"[""Small molecule""]",,False,False,False,True,True,"[""ACHE""]",[],[],[],"[[""CHEMBL220"", ""INHIBITOR""]]",0,0,0.0037763442209485785,0.0037763442209485785
CHEMBL940,GABAPENTIN,"[""Small molecule""]",1993,False,False,False,True,True,"[""CACNA1C"", ""CACNA1E"", ""CACNA1H"", ""CACNA1I""]",[],[],[],"[[""CHEMBL2363032"", ""MODULATOR""]]",0,0,0.010619848119575958,0.010619848119575958
CHEMBL941,IMATINIB,"[""Small molecule""]",2001,False,False,False,True,True,"[""PDGFRB""]",[],[],[],"[[""CHEMBL1862"", ""INHIBITOR""], [""CHEMBL1913"", ""INHIBITOR""], [""CHEMBL1936"", ""INHIBITOR""], [""CHEMBL2096618"", ""INHIBITOR""]]",0,0,0.007784311767129512,0.007784311767129512
CHEMBL942,BISACODYL,"[""Small molecule""]",2004,False,False,False,True,False,[],[],[],[],[],0,0,0,0
CHEMBL94454,MIZOLASTINE,"[""Small molecule""]",1998,False,False,False,True,True,[],[],[],[],"[[""CHEMBL231"", ""ANTAGONIST""]]",0,0,0.0,0.0
CHEMBL945,AMILORIDE,"[""Small molecule""]",1981,False,False,False,True,True,"[""SCNN1A"", ""SCNN1B"", ""SCNN1G""]","[""SCNN1A""]",[],[],"[[""CHEMBL2107836"", ""BLOCKER""]]",0,0.13046159223057452,0.11610572405697137,0.11610572405697137
CHEMBL946,AZATADINE,"[""Small molecule""]",1977,False,False,False,True,True,[],[],[],[],"[[""CHEMBL231"", ""ANTAGONIST""]]",0,0,0.0,0.0
CHEMBL95,TACRINE,"[""Small molecule""]",1993,False,False,False,True,True,"[""ACHE""]",[],[],[],"[[""CHEMBL2095233"", ""INHIBITOR""]]",0,0,0.0037763442209485785,0.0037763442209485785
CHEMBL951,IOPHENDYLATE,"[""Small molecule""]",1982,False,False,False,False,False,[],[],[],[],[],0,0,0,0
CHEMBL953,ENTACAPONE,"[""Small molecule""]",1998,False,False,False,True,True,[],[],[],[],"[[""CHEMBL2023"", ""INHIBITOR""]]",0,0,0,0
CHEMBL957,BOSENTAN,"[""Small molecule""]",2001,False,False,False,True,True,"[""EDNRA""]",[],[],[],"[[""CHEMBL2096678"", ""ANTAGONIST""]]",0,0,0.028141993232330517,0.028141993232330517
CHEMBL95889,BETAINE,"[""Small molecule""]",1996,False,False,False,True,True,[],[],[],[],"[[""CHEMBL3391661"", ""SUBSTRATE""]]",0,0,0,0
CHEMBL959,RIMANTADINE,"[""Small molecule""]",1993,False,False,False,True,False,[],[],[],[],[],0,0,0,0
CHEMBL960,LEFLUNOMIDE,"[""Small molecule""]",1998,False,False,False,True,True,[],[],[],[],"[[""CHEMBL1966"", ""INHIBITOR""]]",0,0,0.0,0.0
CHEMBL963,OXYMORPHONE,"[""Small molecule""]",1959,False,False,False,True,True,[],[],[],[],"[[""CHEMBL2095181"", ""AGONIST""]]",0,0,0.0,0.0
CHEMBL964,DISULFIRAM,"[""Small molecule""]",1951,False,False,False,True,True,"[""ALDH2""]","[""ALDH2""]",[],[],"[[""CHEMBL1935"", ""INHIBITOR""]]",0,0.051482224195421845,0.04118577935633748,0.04118577935633748
CHEMBL965,CARBAMOYLCHOLINE,"[""Small molecule""]",1972,False,False,False,True,True,"[""CHRM3""]",[],[],[],"[[""CHEMBL245"", ""AGONIST""]]",0,0,0.008889800073886641,0.008889800073886641
CHEMBL967,TEMAZEPAM,"[""Small molecule""]",1981,False,False,False,True,True,"[""GABRA2"", ""GABRA4"", ""GABRA5"", ""GABRB2"", ""GABRE"", ""GABRG1"", ""GABRP""]",[],[],[],"[[""CHEMBL2093872"", ""POSITIVE ALLOSTERIC MODULATOR""]]",0,0,0.014213049242877394,0.014213049242877394
CHEMBL968,FLURAZEPAM,"[""Small molecule""]",1970,False,False,False,True,True,"[""GABRA2"", ""GABRA4"", ""GABRA5"", ""GABRB2"", ""GABRE"", ""GABRG1"", ""GABRP""]",[],[],[],"[[""CHEMBL2093872"", ""POSITIVE ALLOSTERIC MODULATOR""]]",0,0,0.014213049242877394,0.014213049242877394
CHEMBL969,PRAZEPAM,"[""Small molecule""]",1982,False,False,False,True,True,"[""GABRA2"", ""GABRA4"", ""GABRA5"", ""GABRB2"", ""GABRE"", ""GABRG1"", ""GABRP""]",[],[],[],"[[""CHEMBL2093872"", ""POSITIVE ALLOSTERIC MODULATOR""]]",0,0,0.014213049242877394,0.014213049242877394
CHEMBL970,HALAZEPAM,"[""Small molecule""]",1981,False,False,False,True,True,"[""GABRA2"", ""GABRA4"", ""GABRA5"", ""GABRB2"", ""GABRE"", ""GABRG1"", ""GABRP""]",[],[],[],"[[""CHEMBL2093872"", ""POSITIVE ALLOSTERIC MODULATOR""]]",0,0,0.014213049242877394,0.014213049242877394
CHEMBL972,SELEGILINE,"[""Small molecule""]",1989,False,False,False,True,True,"[""MAOB""]",[],[],[],"[[""CHEMBL2039"", ""INHIBITOR""]]",0,0,0.05615710500065266,0.05615710500065266
CHEMBL973,TERIFLUNOMIDE,"[""Small molecule""]",2012,False,False,False,True,True,[],[],[],[],"[[""CHEMBL1966"", ""INHIBITOR""]]",0,0,0.0,0.0
CHEMBL976,PRAZIQUANTEL,"[""Small molecule""]",1982,False,False,False,True,False,[],[],[],[],[],0,0,0,0
CHEMBL977,HYDROCORTISONE HEMISUCCINATE ANHYDROUS,"[""Small molecule""]",1955,False,False,False,True,True,[],[],[],[],"[[""CHEMBL2034"", ""AGONIST""]]",0,0,0.0,0.0
CHEMBL978,METHACHOLINE,"[""Small molecule""]",1986,False,False,False,True,True,"[""CHRM3""]",[],[],[],"[[""CHEMBL245"", ""AGONIST""]]",0,0,0.008889800073886641,0.008889800073886641
CHEMBL98,VORINOSTAT,"[""Small molecule""]",2006,False,False,False,True,True,[],[],[],[],"[[""CHEMBL1829"", ""INHIBITOR""], [""CHEMBL1865"", ""INHIBITOR""], [""CHEMBL1937"", ""INHIBITOR""], [""CHEMBL325"", ""INHIBITOR""]]",1,0,0.0,0.0
CHEMBL980,GUAIFENESIN,"[""Small molecule""]",2002,False,False,False,True,False,[],[],[],[],[],0,0,0,0
CHEMBL981,FENOFIBRIC ACID,"[""Small molecule""]",2008,False,False,False,True,True,[],[],[],[],"[[""CHEMBL239"", ""AGONIST""]]",0,0,0.0,0.0
CHEMBL982,NALMEFENE,"[""Small molecule""]",1995,False,False,False,True,True,[],[],[],[],"[[""CHEMBL233"", ""ANTAGONIST""], [""CHEMBL236"", ""ANTAGONIST""], [""CHEMBL237"", ""PARTIAL AGONIST""]]",0,0,0.0,0.0
CHEMBL985,UREA,"[""Small molecule""]",1982,False,False,False,True,False,[],[],[],[],[],0,0,0,0
CHEMBL986,RETINOL,"[""Small molecule""]",1982,False,False,False,False,False,[],[],[],[],[],0,0,0,0
CHEMBL989,FLUOCINOLONE ACETONIDE,"[""Small molecule""]",1963,False,False,False,True,True,[],[],[],[],"[[""CHEMBL2034"", ""AGONIST""]]",0,0,0.0,0.0
CHEMBL990,BUTENAFINE,"[""Small molecule""]",1996,False,False,False,True,False,[],[],[],[],[],0,0,0,0
CHEMBL991,STAVUDINE,"[""Small molecule""]",1994,False,False,False,True,False,[],[],[],[],[],0,0,0,0
CHEMBL996,CEFOXITIN,"[""Small molecule""]",1978,False,False,False,True,False,[],[],[],[],[],0,0,0,0
CHEMBL9967,PIRENZEPINE,"[""Small molecule""]",,False,False,False,True,True,[],[],[],[],"[[""CHEMBL216"", ""ANTAGONIST""]]",0,0,0,0
CHEMBL997,IBANDRONIC ACID,"[""Small molecule""]",1996,False,False,False,True,True,"[""FDPS""]","[""FDPS""]",[],[],"[[""CHEMBL1782"", ""INHIBITOR""]]",0,0.09220896409440398,0.07376717127552318,0.07376717127552318
CHEMBL998,LORATADINE,"[""Small molecule""]",1993,False,False,False,True,True,[],[],[],[],"[[""CHEMBL231"", ""ANTAGONIST""]]",0,0,0.0,0.0
CHEMBL99946,LEVOMILNACIPRAN,"[""Small molecule""]",2013,False,False,False,True,True,"[""SLC6A4""]",[],[],[],"[[""CHEMBL222"", ""INHIBITOR""], [""CHEMBL228"", ""INHIBITOR""]]",0,0,0.09284028451546111,0.09284028451546111
