nct_id,title,conditions,first_posted,study_type,primary_purpose,status,phases,has_results,why_stopped,inclusion_status,matched_drug_ids
NCT04970446,Microbial Restoration in Inflammatory Bowel Diseases,"[""Fecal Microbiota Transplantation"", ""Crohn Disease"", ""Inflammatory Bowel Diseases"", ""Microbiome""]",2021-07-21,INTERVENTIONAL,TREATMENT,RECRUITING,"[""PHASE1"", ""PHASE2""]",False,,included,[]
NCT04173273,A Study Evaluating the Efficacy and Safety of Oral Etrasimod in the Treatment of Adult Participants With Moderately to Severely Active Crohn's Disease,"[""Crohn's Disease""]",2019-11-21,INTERVENTIONAL,TREATMENT,TERMINATED,"[""PHASE2"", ""PHASE3""]",True,The study was prematurely discontinued due to a lack of efficacy in sub-study 1,included,"[""CHEMBL3358920""]"
NCT01037322,Cannabidiol for Inflammatory Bowel Disease,"[""Crohn's Disease"", ""Ulcerative Colitis""]",2009-12-23,INTERVENTIONAL,TREATMENT,COMPLETED,"[""PHASE1"", ""PHASE2""]",False,,included,"[""CHEMBL190461""]"
NCT00769353,Understanding and Treating Neuropsychiatric Symptoms of Pediatric Physical Illness,"[""Inflammatory Bowel Disease"", ""Ulcerative Colitis"", ""Crohn's Disease"", ""Depression""]",2008-10-09,INTERVENTIONAL,BASIC_SCIENCE,COMPLETED,"[""NA""]",False,,not_treatment_purpose,[]
NCT00736983,Adalimumab in Combination With Ciprofloxacin/Placebo Treatment of Perianal Fistulas in Crohn's,"[""Crohn's Disease With Perianal Fistulas""]",2008-08-18,INTERVENTIONAL,TREATMENT,COMPLETED,"[""PHASE3""]",False,,included,"[""CHEMBL1201580"", ""CHEMBL8""]"
NCT02646683,"A Study to Evaluate Efficacy, of Early Versus Late Use of Vedolizumab in Crohn's Disease: the LOVE-CD Study","[""Crohn Disease""]",2016-01-06,INTERVENTIONAL,TREATMENT,COMPLETED,"[""PHASE4""]",False,,included,"[""CHEMBL1743087""]"
NCT01556672,Adalimumab-psoriasis and Small Bowel Lesions,"[""Plaque Psoriasis"", ""Crohn's Disease""]",2012-03-16,INTERVENTIONAL,TREATMENT,COMPLETED,"[""PHASE4""]",False,,included,"[""CHEMBL1201580""]"
NCT02676622,Autologous Stem Cell Transplant for Refractory Crohn's Disease,"[""Crohn's Disease""]",2016-02-08,INTERVENTIONAL,TREATMENT,WITHDRAWN,"[""PHASE2""]",False,PI moved to a different institution.,included,"[""CHEMBL1201438""]"
NCT01986127,Adalimumab Intralesional in Intestinal Strictures of Crohn's Disease Patients,"[""Crohn's Disease""]",2013-11-18,INTERVENTIONAL,TREATMENT,TERMINATED,"[""PHASE3""]",False,slow recruitment,included,"[""CHEMBL1201580""]"
NCT00113503,Imuran Dosing in Crohn's Disease Study,"[""Crohn's Disease""]",2005-06-09,INTERVENTIONAL,TREATMENT,TERMINATED,"[""PHASE2""]",False,Insufficient enrollment,included,"[""CHEMBL1542""]"
NCT01793376,Development of Niv Score of Capsule Endoscopy in Patients With Crohn's (CECDAIic),"[""Crohn's Disease""]",2013-02-15,OBSERVATIONAL,,COMPLETED,[],False,,not_interventional,[]
NCT02502552,Study of Anti-glycan Antibodies Stability in Saint-Etienne IBD Cohort,"[""Crohn's Disease"", ""Ulcerative Colitis"", ""Inflammatory Bowel Disease""]",2015-07-20,OBSERVATIONAL,,COMPLETED,[],False,,not_interventional,[]
NCT05709717,Regenerative Therapy With Autologous Stromal Vascular Fraction Derived Mesenchymal Stem Cells and Platelet-rich Plasma to Treat Complex Perianal Diseases,"[""Perianal Fistula"", ""Perianal Crohn Disease"", ""Anal Fissure"", ""Rectovaginal Fistula"", ""Perianal Fistula Due to Crohn's Disease""]",2023-02-02,OBSERVATIONAL,,UNKNOWN,[],False,,not_interventional,[]
NCT07250815,A Study on Infections in Adults With Ulcerative Colitis/Crohn's Disease,"[""Ulcerative Colitis"", ""Crohn's Disease""]",2025-11-26,OBSERVATIONAL,,NOT_YET_RECRUITING,[],False,,not_interventional,[]
NCT01874015,Transplantation of Bone Marrow Mesenchymal Stem Cell in Crohn's Disease,"[""Crohn's Disease""]",2013-06-10,INTERVENTIONAL,TREATMENT,UNKNOWN,"[""PHASE1""]",False,,included,[]
NCT05068284,A Study to Evaluate Adverse Events and Change in Disease Activity in Participants Between 18 to 75 Years of Age Treated With Intravenous (IV) Infusion and Subcutaneous (SC) Injections of ABBV-154 for Moderately to Severely Active Crohn's Disease,"[""Crohn's Disease""]",2021-10-05,INTERVENTIONAL,TREATMENT,TERMINATED,"[""PHASE2""]",True,Strategic considerations,included,"[""CHEMBL5314652""]"
NCT01692808,Bioavailability of Vitamin D in Children and Adolescents With Crohn's Disease,"[""Crohn's Disease""]",2012-09-25,INTERVENTIONAL,TREATMENT,COMPLETED,"[""PHASE2""]",False,,included,"[""CHEMBL1042""]"
NCT07316621,Prospective Risk Evaluation and Detection of Crohn's Disease in First-degree Relatives,"[""Crohn Disease (CD)""]",2026-01-05,OBSERVATIONAL,,RECRUITING,[],False,,not_interventional,[]
NCT02726243,Intestinal Microbiota and Colorectal Cancer in Inflammatory Bowel Disease,"[""Inflammatory Bowel Disease"", ""Colorectal Cancer""]",2016-04-01,OBSERVATIONAL,,COMPLETED,[],False,,no_explicit_crohn_condition,[]
NCT01496053,Anti-inflammatory Effect of Agaricus Blazei Murill in Inflammatory Bowel Disease (IBD),"[""Ulcerative Colitis"", ""Crohn's Disease"", ""Inflammatory Bowel Disease""]",2011-12-21,INTERVENTIONAL,TREATMENT,COMPLETED,"[""PHASE2"", ""PHASE3""]",False,,no_drug_or_biological_intervention,[]
NCT07659353,"Efficacy of Top-down Therapy With Mirikizumab Versus Standard of Care With Azathioprine in Patients With Newly Diagnosed, Moderate-to-severe Crohn's Disease","[""Chrohn's Disease""]",2026-06-22,INTERVENTIONAL,TREATMENT,NOT_YET_RECRUITING,"[""PHASE4""]",False,,no_explicit_crohn_condition,[]
NCT01417702,Endoscopy for Assessment of Mucosal Healing in IBD,"[""Crohn´s Disease"", ""Ulcerative Colitis""]",2011-08-16,OBSERVATIONAL,,COMPLETED,[],False,,not_interventional,[]
NCT00723905,Remicade Infusion Management Program,"[""Crohn Disease"", ""Arthritis, Rheumatoid""]",2008-07-29,OBSERVATIONAL,,COMPLETED,[],False,,not_interventional,[]
NCT07564505,A Clinical Trial of Taibowei® Adalimumab Injection in the Treatment of Chinese Pediatric Patients With Moderately to Severely Active Crohn's Disease,"[""Children Aged 6 Years and Above With Moderate - to - Severe Active Crohn's Disease""]",2026-05-04,INTERVENTIONAL,TREATMENT,RECRUITING,"[""PHASE4""]",False,,included,[]
NCT01510431,Safety and Treatment Outcome Study of PROCHYMAL® (Remestemcel-L) Intravenous Infusion in Subjects With Treatment-resistant Crohn's Disease,"[""Crohn's Disease""]",2012-01-16,EXPANDED_ACCESS,,NO_LONGER_AVAILABLE,[],False,,not_interventional,[]
NCT05221281,Implementing a Multimodal RCT Intervention to Improve the Transition of Patients With Crohn's Disease From Pediatric to Adult Care,"[""Inflammatory Bowel Diseases"", ""Crohn Disease"", ""Ulcerative Colitis"", ""Adolescent Development"", ""Transition"", ""Mental Health Wellness 1""]",2022-02-02,INTERVENTIONAL,HEALTH_SERVICES_RESEARCH,ACTIVE_NOT_RECRUITING,"[""NA""]",False,,not_treatment_purpose,[]
NCT07758101,A Study to Evaluate the Safety of SHR-7590 in Chinese Healthy Participants and in Patients With Moderate-to-severe Inflammatory Bowel Disease,"[""Moderate-to-severe Inflammatory Bowel Disease""]",2026-08-11,INTERVENTIONAL,TREATMENT,RECRUITING,"[""PHASE1""]",False,,no_explicit_crohn_condition,[]
NCT05722353,IBD Disease Course of Infliximab-naïve IBD Patients Treated With Subcutaneous Infliximab CT-P13 Remsima®,"[""Inflammatory Bowel Diseases""]",2023-02-10,INTERVENTIONAL,OTHER,ACTIVE_NOT_RECRUITING,"[""NA""]",False,,no_explicit_crohn_condition,[]
NCT02874495,Anticipation Effect on Painful Phenomenons Linked to Rectal Distension for Patients With a Crohn's Disease in Remission,"[""Crohn's Disease""]",2016-08-22,OBSERVATIONAL,,UNKNOWN,[],False,,not_interventional,[]
NCT00269854,An Efficacy and Safety Study of Anti-TNF Monoclonal Antibody in Patients With Crohn's Disease,"[""Crohn Disease""]",2005-12-26,INTERVENTIONAL,TREATMENT,COMPLETED,"[""PHASE2"", ""PHASE3""]",False,,included,"[""CHEMBL1201581""]"
NCT02574637,"Evaluation of Efficacy and Safety of Brazikumab (MEDI2070) in Participants With Active, Moderate to Severe Crohn's Disease","[""Crohn's Disease""]",2015-10-14,INTERVENTIONAL,TREATMENT,TERMINATED,"[""PHASE2""]",True,Study was terminated for business reasons; not due to safety or efficacy concerns.,included,"[""CHEMBL3833372""]"
NCT03571373,PIBD-SETQuality: the Inception Cohort and Safety Registry,"[""Inflammatory Bowel Diseases"", ""Crohn Disease"", ""Ulcerative Colitis""]",2018-06-27,OBSERVATIONAL,,RECRUITING,[],False,,not_interventional,[]
NCT06881303,Impact of Prior Identification and Education of Patients Requiring a Digestive Stoma for Fecal Diversion,"[""Colorectal Anastomosis"", ""Endometrial"", ""Anastomotic Leak Rectum"", ""Ulcerative Colitis (Disorder)"", ""Adenomatous Polyposis Coli, Familial"", ""Crohn Disease"", ""Digestive Cancers"", ""Protectomy""]",2025-03-18,INTERVENTIONAL,SUPPORTIVE_CARE,NOT_YET_RECRUITING,"[""NA""]",False,,not_treatment_purpose,[]
NCT03183661,A Follow-up Study to Evaluate the Safety of ALLO-ASC-CD in ALLO-ASC-CD-101 Clinical Trial,"[""Crohn Disease""]",2017-06-12,OBSERVATIONAL,,RECRUITING,[],False,,not_interventional,[]
NCT07444060,Guselkumab Vs Ustekinumab in Stricturing Crohn's Disease,"[""CD - Crohn's Disease"", ""Stricture; Bowel"", ""IBD - Inflammatory Bowel Disease""]",2026-03-02,OBSERVATIONAL,,RECRUITING,[],False,,not_interventional,[]
NCT01372969,"Study to Assess the Safety and Efficacy of Expanded Allogenic Adipose-derived Stem Cells (eASCs) (Cx601), for Treatment of Complex Perianal Fistulas in Perianal Crohn's Disease.","[""Crohn's Disease"", ""Anal Fistula""]",2011-06-14,INTERVENTIONAL,TREATMENT,COMPLETED,"[""PHASE1"", ""PHASE2""]",False,,included,"[""CHEMBL4298180""]"
NCT07078994,"Clinical Study of the Efficacy, Safety, Pharmacokinetics, Pharmacodynamics, and Immunogenicity of BCD-261 in Subjects With Moderate to Severe Active Crohn's Disease","[""Crohn's Disease (CD)""]",2025-07-22,INTERVENTIONAL,TREATMENT,RECRUITING,"[""PHASE2""]",False,,included,[]
NCT03917303,Control Crohn Safe Trial,"[""Crohn Disease"", ""Inflammatory Bowel Diseases""]",2019-04-17,INTERVENTIONAL,TREATMENT,UNKNOWN,"[""PHASE4""]",False,,included,"[""CHEMBL1201580""]"
NCT00922415,Fecal Calprotectin as a Marker for Macroscopic Recurrence of Crohn's Disease After Intestinal Resection,"[""Complicated Crohn's Disease""]",2009-06-17,OBSERVATIONAL,,UNKNOWN,[],False,,not_interventional,[]
NCT04960826,Study of an Environmental Risk Factor in Crohn's Disease,"[""Inflammatory Bowel Diseases""]",2021-07-14,OBSERVATIONAL,,RECRUITING,[],False,,no_explicit_crohn_condition,[]
NCT02752360,Biodegradable Stenting Anastomoses Versus Double-layer Hand Sutures for Reconstruction in Intestinal Anastomosis,"[""Colonic Neoplasms"", ""Diverticulosis, Colonic"", ""Crohn Disease""]",2016-04-27,INTERVENTIONAL,TREATMENT,UNKNOWN,"[""PHASE1""]",False,,no_drug_or_biological_intervention,[]
NCT01852097,An Online Intervention to Address Barriers to IBD Medication Adherence,"[""Inflammatory Bowel Disease (IBD)""]",2013-05-13,INTERVENTIONAL,TREATMENT,UNKNOWN,"[""NA""]",False,,no_explicit_crohn_condition,[]
NCT01536509,Improving Medication Adherence in Pediatric Inflammatory Bowel Disease,"[""Crohn's Disease"", ""Ulcerative Colitis"", ""Indeterminate Colitis"", ""Inflammatory Bowel Disease""]",2012-02-22,INTERVENTIONAL,TREATMENT,COMPLETED,"[""NA""]",False,,no_drug_or_biological_intervention,[]
NCT00727298,Post Marketing Surveillance Study of Remicade in Patients With Chronic Inflammatory Diseases (P04840),"[""Arthritis, Rheumatoid"", ""Spondylitis, Ankylosing"", ""Arthritis, Psoriatic"", ""Psoriasis"", ""Crohn's Disease""]",2008-08-01,OBSERVATIONAL,,COMPLETED,[],True,,not_interventional,[]
NCT02856763,Predictive Factors of ANTI-TNF Response in Luminal Crohn's Disease Complicated by Abscess,"[""CD""]",2016-08-05,OBSERVATIONAL,,COMPLETED,[],False,,no_explicit_crohn_condition,[]
NCT01393626,"A Study To Investigate Safety And Efficacy Of CP-690,550 For Induction Therapy In Subjects With Moderate To Severe Crohn's Disease","[""Crohn's Disease""]",2011-07-13,INTERVENTIONAL,TREATMENT,COMPLETED,"[""PHASE2""]",True,,included,"[""CHEMBL221959""]"
NCT06764615,A Continuation Study of TAK-279 in Adults With Ulcerative Colitis (UC) and Crohn's Disease (CD),"[""Crohn's Disease"", ""Ulcerative Colitis""]",2025-01-08,INTERVENTIONAL,TREATMENT,RECRUITING,"[""PHASE2""]",False,,included,"[""CHEMBL5314423""]"
NCT02742714,PillCam SBC System Functionality in Established and Suspected IBD Patients,"[""Chronic Inflammatory Small Bowel Disease"", ""Crohn's Disease""]",2016-04-19,INTERVENTIONAL,DIAGNOSTIC,COMPLETED,"[""NA""]",False,,not_treatment_purpose,[]
NCT05542355,EXL01 in the Maintenance of Steroid-induced Clinical Response/Remission in Participants With Mild to Moderate Crohn's Disease,"[""Crohn Disease""]",2022-09-15,INTERVENTIONAL,TREATMENT,TERMINATED,"[""PHASE1""]",False,Due to low recruitment,included,[]
NCT05051943,A Study of the Real-world Use of an Adalimumab Biosimilar and Evaluation of Nutritional Status on the Therapeutic Response,"[""Crohn Disease"", ""Ulcerative Colitis"", ""Psoriasis"", ""Ankylosing Spondylitis"", ""Rheumatoid Arthritis"", ""Psoriatic Arthritis""]",2021-09-21,OBSERVATIONAL,,COMPLETED,[],False,,not_interventional,[]
NCT01428115,Reveal the Level of Anxiety in Patients With Crohn's Disease Receiving Adalimumab,"[""Severe Crohn's Disease"", ""Anxiety""]",2011-09-02,OBSERVATIONAL,,COMPLETED,[],True,,not_interventional,[]
NCT04013152,Clinical Database of Colorectal Robotic Surgery,"[""Crohn Disease"", ""Polyposis"", ""Ulcerative Colitis"", ""Diverticulitis"", ""Colorectal Tumor"", ""Rectal Prolapse"", ""Benign Colorectal Tumor""]",2019-07-09,OBSERVATIONAL,,ACTIVE_NOT_RECRUITING,[],False,,not_interventional,[]
NCT04308850,Exploring the Effects of Vitamin D Supplementation on the Chronic Course of Patients With Crohn's Disease With Vitamin D Deficiency,"[""Crohn's Disease"", ""Vitamin D Deficiency"", ""Vitamin D Supplement""]",2020-03-16,INTERVENTIONAL,TREATMENT,UNKNOWN,"[""EARLY_PHASE1""]",False,,included,"[""CHEMBL1536""]"
NCT06146816,The Assessment of Infrared Treatment for Crohn's Disease,"[""IBD"", ""Inflammatory Bowel Diseases"", ""Crohn Disease""]",2023-11-27,INTERVENTIONAL,TREATMENT,RECRUITING,"[""NA""]",False,,no_drug_or_biological_intervention,[]
NCT02057016,Long-term Scheduled Therapy With Infliximab in Inflammatory Bowel Disease,"[""Crohn's Disease"", ""Ulcerative Colitis""]",2014-02-06,OBSERVATIONAL,,COMPLETED,[],False,,not_interventional,[]
NCT03345849,A Study of the Efficacy and Safety of Upadacitinib in Participants With Moderately to Severely Active Crohn's Disease Who Have Inadequately Responded to or Are Intolerant to Conventional and/or Biologic Therapies,"[""Crohn's Disease""]",2017-11-17,INTERVENTIONAL,TREATMENT,COMPLETED,"[""PHASE3""]",True,,included,"[""CHEMBL3622821""]"
NCT03220243,Stem Cell Coated Fistula Plug in Patients With Crohn's RVF,"[""Fistula Vagina"", ""Crohn Disease""]",2017-07-18,INTERVENTIONAL,TREATMENT,COMPLETED,"[""PHASE1""]",False,,included,[]
NCT00742781,Vitamin D Supplementation in Crohn's Patients,"[""Inflammatory Bowel Disease""]",2008-08-28,INTERVENTIONAL,SUPPORTIVE_CARE,COMPLETED,"[""PHASE1""]",True,,no_explicit_crohn_condition,[]
NCT01933867,Water-aided Colonoscopy in Inflammatory Bowel Disease Patients,"[""Inflammatory Bowel Disease""]",2013-09-02,INTERVENTIONAL,DIAGNOSTIC,COMPLETED,"[""NA""]",False,,no_explicit_crohn_condition,[]
NCT03185000,Treg Immunotherapy in Crohn's Disease,"[""Crohn Disease""]",2017-06-14,INTERVENTIONAL,TREATMENT,UNKNOWN,"[""PHASE1""]",False,,included,[]
NCT03000101,Study of the Role of Pomegranate Juice Ellagitannins in the Modulation of Inflammation in Inflammatory Bowel Disease,"[""Crohn's Disease"", ""Ulcerative Colitis""]",2016-12-21,INTERVENTIONAL,BASIC_SCIENCE,COMPLETED,"[""NA""]",False,,not_treatment_purpose,[]
NCT02335281,Standardized Fecal Microbiota Transplantation for Inflammatory Bowel Disease,"[""Inflammatory Bowel Disease"", ""Ulcerative Colitis"", ""Crohn's Disease""]",2015-01-09,INTERVENTIONAL,TREATMENT,UNKNOWN,"[""PHASE2""]",False,,included,"[""CHEMBL704""]"
NCT02481687,The Value of I-Scan and Confocal Laser Endomicroscopy for the Assessment of Chronic Inflammatory Bowel Disease,"[""Inflammatory Bowel Disease"", ""Crohn's Disease"", ""Ulcerative Colitis"", ""Dysplasia""]",2015-06-25,OBSERVATIONAL,,TERMINATED,[],False,,not_interventional,[]
NCT00819663,Intestinal Wall Remodeling (Infliximab Therapy) in Crohn's Disease Patients Undergoing Serial Computed Tomography (CT) Enterography,"[""Crohn's Disease""]",2009-01-09,OBSERVATIONAL,,COMPLETED,[],False,,not_interventional,[]
NCT02704728,Study of Bacteroides Thetaiotaomicron in Young People Aged 16 to 18 Years With Stable Crohn's Disease,"[""Crohn's Disease""]",2016-03-10,INTERVENTIONAL,TREATMENT,COMPLETED,"[""NA""]",False,,no_drug_or_biological_intervention,[]
NCT05606419,The Crohn's Disease Exclusion Diet With Early Dairy Introduction vs Partial Enteral Nutrition for Crohn's Disease,"[""Crohn Disease""]",2022-11-04,INTERVENTIONAL,SUPPORTIVE_CARE,SUSPENDED,"[""NA""]",False,"Study was suspended on September 24 because of funding constraints. At that point, approximately 50 % of the planned participants had enrolled. All data collected to date will be analyzed.",not_treatment_purpose,[]
NCT07746765,A Study of Continued Use of Guselkumab in Participants With Crohn's Disease and Ulcerative Colitis in Real World Setting,"[""Crohn Disease"", ""Colitis, Ulcerative""]",2026-08-05,OBSERVATIONAL,,NOT_YET_RECRUITING,[],False,,not_interventional,[]
NCT03056664,The Role of MSC in the Treatment of Fistulas in Patients With Perianal Crohn's Disease,"[""Crohn's Disease"", ""Fistula""]",2017-02-17,INTERVENTIONAL,TREATMENT,UNKNOWN,"[""PHASE2"", ""PHASE3""]",False,,included,[]
NCT01199302,Long-term Safety Study of Brodalumab in Adults With Crohn's Disease,"[""Crohn's Disease""]",2010-09-10,INTERVENTIONAL,TREATMENT,TERMINATED,"[""PHASE2""]",True,The study was terminated early based on an imbalance in worsening Crohn's disease in active treatment groups.,included,"[""CHEMBL1742996""]"
NCT00524537,A Long-Term Registry of Humira® (Adalimumab) in Subjects With Moderately to Severely Active Crohn's Disease (CD),"[""Crohn's Disease""]",2007-09-03,OBSERVATIONAL,,COMPLETED,[],True,,not_interventional,[]
NCT03983837,Elemental Diet for Treatment of Inflammatory Bowel Disease in Patients With Chronic Granulomatous Disease,"[""Chronic Granulomatous Disease"", ""Inflammatory Bowel Disease""]",2019-06-12,INTERVENTIONAL,TREATMENT,COMPLETED,"[""PHASE2""]",False,,no_explicit_crohn_condition,[]
NCT07172945,Research and Follow-up of the Determinants of the Progression and Complications of Inflammatory Bowel Diseases Treated or Not With Immunosuppressants.,"[""Crohn"", ""Ulcerative Colitis (UC)"", ""IBD (Inflammatory Bowel Disease)""]",2025-09-15,INTERVENTIONAL,BASIC_SCIENCE,NOT_YET_RECRUITING,"[""NA""]",False,,not_treatment_purpose,[]
NCT01181765,The Efficacy of Open Label Infliximab for the Induction and Maintenance of Mucosal Healing in Small Bowel Crohn's Disease Assessed Through Wireless Camera Endoscopy,"[""Crohn's Disease""]",2010-08-13,INTERVENTIONAL,TREATMENT,COMPLETED,"[""PHASE4""]",False,,included,"[""CHEMBL1201581""]"
NCT01365767,Contrast Ultrasound of the Small Intestine in Patients With Crohns Disease,"[""Crohn Disease""]",2011-06-03,OBSERVATIONAL,,COMPLETED,[],False,,not_interventional,[]
NCT03378167,PediCRaFT: Pediatric Crohn's Disease Fecal Transplant Trial,"[""Crohn Disease"", ""Pediatric Crohns Disease"", ""Inflammatory Bowel Diseases"", ""Colitis""]",2017-12-19,INTERVENTIONAL,TREATMENT,COMPLETED,"[""PHASE1""]",False,,included,[]
NCT02130349,IBDSL Biobank Project. Molecular Markers for Diagnosis and Therapy Response in IBD.,"[""IBD"", ""Crohns Disease"", ""Ulcerative Colitis""]",2014-05-05,OBSERVATIONAL,,UNKNOWN,[],False,,not_interventional,[]
NCT01442363,A Safety and Efficacy Study of BLI-1300 Ointment in Symptomatic Perianal Crohn's Disease,"[""Perianal Crohn's Disease""]",2011-09-28,INTERVENTIONAL,TREATMENT,TERMINATED,"[""PHASE2""]",True,"Lack of recruitment, discontinuation of program",included,[]
NCT04998084,Advanced Therapy Registry of IBD Patients,"[""Crohn Disease"", ""Ulcerative Colitis"", ""Pouchitis""]",2021-08-10,OBSERVATIONAL,,UNKNOWN,[],False,,not_interventional,[]
NCT02247258,Azathioprine in the Prevention of Ileal Crohn's Disease Postoperative Recurrence.,"[""Crohn Disease"", ""Recurrence"", ""Azathioprine"", ""Prevention""]",2014-09-23,INTERVENTIONAL,PREVENTION,TERMINATED,"[""PHASE2""]",False,Slow recruitment,not_treatment_purpose,[]
NCT02019602,"A Multicener, Postmarketing Study Evaluating the Transfer of Cimzia From the Mother to the Infant Via the Placenta","[""Axial Spondyloarthritis (AxSpA)"", ""Non-radiographic Evidence-AxSpA"", ""Ankylosing Spondylitis"", ""Crohn's Disease"", ""Psoriatic Arthritis"", ""Rheumatoid Arthritis""]",2013-12-24,INTERVENTIONAL,OTHER,COMPLETED,"[""PHASE1""]",True,,not_treatment_purpose,[]
NCT00988832,An Audit of Patients With Crohn's Disease Treated With Infliximab (P06066),"[""Crohn's Disease""]",2009-10-02,OBSERVATIONAL,,COMPLETED,[],True,,not_interventional,[]
NCT00723047,Fibrin Glue for Perianal Fistulas in Crohn's Disease: a Randomized Controlled Trial,"[""Crohn's Disease""]",2008-07-28,INTERVENTIONAL,TREATMENT,COMPLETED,"[""PHASE3""]",False,,no_drug_or_biological_intervention,[]
NCT01577264,Certolizumab Pegol for the Treatment of Patients With Active Rheumatoid Arthritis (RA) and Crohn's Disease (CD),"[""Rheumatoid Arthritis"", ""Crohn's Disease""]",2012-04-13,OBSERVATIONAL,,TERMINATED,[],False,Study is replaced by some Risk Manag. Activities covering the whole Russian Federation. Primary objectives could not be met due to critical missing information.,not_interventional,[]
NCT07095634,Estimation of Cardiovascular Risk in Patients With Crohn's Disease and Ulcerative Colitis (PROVACI),"[""Ulcerative Colitis"", ""Myocardial Infarction"", ""Stroke"", ""Ischemic Heart Disease"", ""Atrial Fibrillation (AF)"", ""Thromboembolism"", ""Crohn Disease"", ""Transient Ischemic Attack (TIA)"", ""Heart Failure""]",2025-07-31,OBSERVATIONAL,,ENROLLING_BY_INVITATION,[],False,,not_interventional,[]
NCT06673134,Prospective Cohort Establishment and Clinical Observation of Children With Crohn's Disease,"[""Crohn Disease""]",2024-11-04,OBSERVATIONAL,,ACTIVE_NOT_RECRUITING,[],False,,not_interventional,[]
NCT01759264,An Observational Study of Fecal Calprotectin as Clinical Tool in Monitoring Moderate-to-severe Crohn's Disease on Adalimumab Induction Therapy: a KoRean Experience (FAIR),"[""Crohn's Disease""]",2013-01-03,OBSERVATIONAL,,COMPLETED,[],True,,not_interventional,[]
NCT03185611,Effectiveness of Rifaximin Combined With Thiopurine on Preventing Postoperative Recurrence in Crohn's Disease,"[""Crohn Disease""]",2017-06-14,INTERVENTIONAL,PREVENTION,UNKNOWN,"[""PHASE3""]",False,,not_treatment_purpose,[]
NCT03288961,Self Screening Tool for Crohn's Perianal Fistula,"[""Crohn Disease""]",2017-09-20,OBSERVATIONAL,,UNKNOWN,[],False,,not_interventional,[]
NCT07314151,Study on the Use of Traditional Chinese Medicine Diagnostic Tools to Assist in Identifying the Clinical Characteristics of Inflammatory Bowel Disease and Research on Metabolic Plastids of Tongue Coating,"[""Inflammatory Bowel Disease (Crohn&#39;s Disease and Ulcerative Colitis)""]",2026-01-02,OBSERVATIONAL,,RECRUITING,[],False,,not_interventional,[]
NCT00179842,Immune Ablation and Stem Cell Support for Crohn's Disease,"[""Crohn Disease""]",2005-09-16,INTERVENTIONAL,TREATMENT,WITHDRAWN,"[""PHASE2""]",False,,no_drug_or_biological_intervention,[]
NCT00406653,A Study of Abatacept in Patients With Active Crohn's Disease,"[""Crohn's Disease""]",2006-12-04,INTERVENTIONAL,TREATMENT,TERMINATED,"[""PHASE3""]",True,Sponsor Decision,included,"[""CHEMBL1201823""]"
NCT02208310,Trial of High Dose Vitamin D in Patient's With Crohn's Disease,"[""Crohn's Disease"", ""Vitamin D Deficiency""]",2014-08-05,INTERVENTIONAL,TREATMENT,TERMINATED,"[""PHASE4""]",True,"Unable to enroll at rate anticipated, insufft low vitamin D in clin rem @ 5 sites",included,"[""CHEMBL1042""]"
NCT07431983,Prospective Evaluation of the Carbon Footprint and Clinical Utility of IBUS Compared to Colonoscopy and Enterography in UC and CD,"[""Ulcerative Colitis (UC)"", ""Crohns Disease""]",2026-02-25,OBSERVATIONAL,,RECRUITING,[],False,,not_interventional,[]
NCT02395354,Comparative Prospective Multicenter Randomized Study of Endoscopic Treatment of Stenosis in Crohn´s Disease,"[""Stenosis"", ""Crohn's Disease"", ""Chronic Inflammation""]",2015-03-23,INTERVENTIONAL,TREATMENT,UNKNOWN,"[""NA""]",False,,no_drug_or_biological_intervention,[]
NCT07606339,A Study of Guselkumab in Participants With Crohn's Disease and Ulcerative Colitis,"[""Crohn Disease"", ""Colitis, Ulcerative""]",2026-05-26,OBSERVATIONAL,,RECRUITING,[],False,,not_interventional,[]
NCT05805020,Cellvizio to Evaluate Margins in Crohn's Ileal Disease,"[""Crohn Disease"", ""Resection Margins"", ""Recurrence""]",2023-04-07,INTERVENTIONAL,DIAGNOSTIC,RECRUITING,"[""NA""]",False,,not_treatment_purpose,[]
NCT01258205,Multiple Ascending Doses of AMG 139 in Healthy and Crohn's Disease Subjects,"[""Crohn's Disease""]",2010-12-10,INTERVENTIONAL,TREATMENT,COMPLETED,"[""PHASE1""]",False,,included,"[""CHEMBL3833372""]"
NCT01293656,"Study of Participants With Crohn's Disease and Ulcerative Colitis in Eastern Europe, Middle East, and North Africa (P08166)","[""Inflammatory Bowel Disease"", ""Crohn's Disease"", ""Ulcerative Colitis""]",2011-02-10,OBSERVATIONAL,,WITHDRAWN,[],False,,not_interventional,[]
NCT03074656,The Norwegian Drug Monitoring Study,"[""Rheumatoid Arthritis"", ""Spondyloarthritis"", ""Ankylosing Spondylitis"", ""Crohn Disease"", ""Ulcerative Colitis"", ""Psoriasis"", ""Psoriatic Arthritis""]",2017-03-09,INTERVENTIONAL,TREATMENT,COMPLETED,"[""NA""]",False,,no_drug_or_biological_intervention,[]
NCT01697761,Efficacy of Acupuncture and Moxibustion Treatment in Patients With Active Crohn's Disease,"[""Crohn's Disease"", ""CAM""]",2012-10-02,INTERVENTIONAL,TREATMENT,COMPLETED,"[""NA""]",False,,no_drug_or_biological_intervention,[]
NCT03999294,Bmgim Music Therapy Method in Reducing Stress in Patients With Inflammatory Bowel Disease,"[""Bowel Diseases, Inflammatory"", ""Crohn Disease"", ""Colitis, Ulcerative""]",2019-06-26,INTERVENTIONAL,SUPPORTIVE_CARE,COMPLETED,"[""NA""]",False,,not_treatment_purpose,[]
NCT05471492,Study to Evaluate the Efficacy and Safety of PF-06480605 in Adult Participants With Moderate to Severe Crohn's Disease,"[""Crohn Disease""]",2022-07-22,INTERVENTIONAL,TREATMENT,WITHDRAWN,"[""PHASE2""]",False,"Trial not started; change in Sponsor, a new trial to be registered by the new Sponsor",included,[]
NCT01190839,A Multicenter Trial Comparing REMICADE (Infliximab) and Placebo in the Prevention of Recurrence in Crohn's Disease (CD) Patients Undergoing Surgical Resection Who Are at an Increased Risk of Recurrence,"[""Crohn's Disease""]",2010-08-30,INTERVENTIONAL,PREVENTION,TERMINATED,"[""PHASE3""]",True,Study is terminated as per Sponsor's Decision.,not_treatment_purpose,[]
NCT02488005,The Use of Small Bowel Ultrasound to Predict Response to Remicade Induction,"[""Crohn's Disease""]",2015-07-02,INTERVENTIONAL,DIAGNOSTIC,COMPLETED,"[""NA""]",True,,not_treatment_purpose,[]
NCT01611805,Japanese Phase I of GSK1605786,"[""Crohn's Disease""]",2012-06-05,INTERVENTIONAL,OTHER,COMPLETED,"[""PHASE1""]",False,,not_treatment_purpose,[]
NCT05254886,Identification and Management of Comorbidities and Extra-intestinal Manifestations in Crohn's Disease: the NEMO Nurse-led Program,"[""Crohn Disease""]",2022-02-24,INTERVENTIONAL,PREVENTION,ACTIVE_NOT_RECRUITING,"[""NA""]",False,,not_treatment_purpose,[]
NCT03801928,"Observational, Real World Study Of Inflectra In Patients With Inflammatory Bowel Disease","[""Inflammatory Bowel Disease (IBD)"", ""Crohn's Disease (CD)"", ""Ulcerative Colitis (UC)""]",2019-01-14,OBSERVATIONAL,,COMPLETED,[],True,,not_interventional,[]
NCT07338565,Magnesium in Gastrointestinal Disease,"[""Colitis Ulcerosa"", ""Colitis Ulcerative"", ""Crohns Disease"", ""Morbus Crohn"", ""Ileostomy - Stoma"", ""Ileostoma"", ""Ileostomies"", ""Bile Acid Diarrhea"", ""Bile Acid Malabsorption"", ""Magnesium Deficiency"", ""Magnesium Level"", ""Magnesium""]",2026-01-14,OBSERVATIONAL,,RECRUITING,[],False,,not_interventional,[]
NCT05502965,Specific Dietary Pattern for Crohn's Disease Patients Following Surgery,"[""Crohn Disease""]",2022-08-16,INTERVENTIONAL,HEALTH_SERVICES_RESEARCH,RECRUITING,"[""NA""]",False,,not_treatment_purpose,[]
NCT01623453,Follow-up Study of Autologous Adipose-derived Stem Cells (ANTG-ASC) for the Complex Fistula (ANTG-ASC-211),"[""Perianal Fistula"", ""Primary; Complex""]",2012-06-20,OBSERVATIONAL,,TERMINATED,[],False,Difficulty recruiting subjects,no_explicit_crohn_condition,[]
NCT07152977,Description of the Radiological Response of Anoperineal Fistulizing Lesions of Crohn's Disease,"[""Anoperineal Lesions"", ""Crohn&#39;s Disease Relapse""]",2025-09-03,OBSERVATIONAL,,COMPLETED,[],False,,not_interventional,[]
NCT01266629,The Clinical Utility of Fecal Caprotectin and Lactoferrin in Patients Undergoing Capsular Endoscopy,"[""Crohn's Disease""]",2010-12-24,OBSERVATIONAL,,UNKNOWN,[],False,,not_interventional,[]
NCT03458195,Ileal Crohn's Disease and Post-operative Outcome: Prospective Cohort Study of the REMIND Group,"[""Crohn Disease""]",2018-03-08,INTERVENTIONAL,BASIC_SCIENCE,RECRUITING,"[""NA""]",False,,not_treatment_purpose,[]
NCT00329537,Study of Sargramostim in Moderately to Severely Active Crohn's Disease,"[""Crohn's Disease""]",2006-05-24,INTERVENTIONAL,TREATMENT,TERMINATED,"[""PHASE2""]",False,,included,[]
NCT04327219,Prospective Dietary Therapy Using Crohn's Disease Exclusion Diet for Ileal Pouch Anal Anastomosis Patients,"[""Pouchitis"", ""Crhon's Disease Like of the Pouch""]",2020-03-31,INTERVENTIONAL,PREVENTION,UNKNOWN,"[""NA""]",False,,no_explicit_crohn_condition,[]
NCT02750800,"Post-marketing Observational Study to Evaluate the Incremental Impact of AbbVie's Patient Support Program on Patient Reported Outcomes and Health Resource Utilization in Inflammatory Arthritis, Psoriasis and Inflammatory Bowel Diseases in Hungary (VALUE)","[""Rheumatoid Arthritis"", ""Ankylosing Spondylitis"", ""Psoriatic Arthritis"", ""Psoriasis"", ""Crohn's Disease"", ""Ulcerative Colitis""]",2016-04-26,OBSERVATIONAL,,COMPLETED,[],True,,not_interventional,[]
NCT02717117,Magnetic Resonance Imaging of Motility in Crohn's 1,"[""Healthy""]",2016-03-23,INTERVENTIONAL,BASIC_SCIENCE,COMPLETED,"[""NA""]",False,,no_explicit_crohn_condition,[]
NCT01442025,Study Investigating Tailored Treatment With Infliximab for Active Crohn's Disease,"[""Crohn's Disease""]",2011-09-28,INTERVENTIONAL,TREATMENT,COMPLETED,"[""PHASE4""]",False,,included,"[""CHEMBL1201581""]"
NCT02269358,Salvage Therapy With High/Low Methotrexate for Loss of Response to Infliximab Dose Escalation,"[""Crohn's Disease""]",2014-10-21,INTERVENTIONAL,TREATMENT,COMPLETED,"[""PHASE4""]",False,,included,"[""CHEMBL34259""]"
NCT00304252,Safety and Efficacy of Treatment With Interferon Beta-1a Rebif® in Patients With Crohn's Disease,"[""Crohn's Disease""]",2006-03-17,INTERVENTIONAL,TREATMENT,TERMINATED,"[""PHASE2""]",False,Lack of Efficacy,included,"[""CHEMBL1201562""]"
NCT01369355,A Study to Evaluate the Safety and Efficacy of Ustekinumab Maintenance Therapy in Patients With Moderately to Severely Active Crohn's Disease (IM-UNITI),"[""Crohn's Disease"", ""Colitis"", ""IBD"", ""Inflammatory Bowel Disease""]",2011-06-08,INTERVENTIONAL,TREATMENT,COMPLETED,"[""PHASE3""]",True,,included,"[""CHEMBL1201835""]"
NCT01078935,"The Effect of Probiotics on the Rate of Recovery of Inflammatory Bowel Disease Exacerbation, Endothelial Function, and Markers of Inflammation","[""Crohn's Disease"", ""Ulcerative Colitis""]",2010-03-02,INTERVENTIONAL,PREVENTION,UNKNOWN,"[""PHASE4""]",False,,not_treatment_purpose,[]
NCT02867540,Comparison of Endoscopy and Diffusion-weighted Enterography-MRI for the Diagnosis of Crohn's Disease Recurrence Following Ileocolic Resection: a Pilot Study,"[""Crohn's Disease""]",2016-08-16,INTERVENTIONAL,DIAGNOSTIC,UNKNOWN,"[""NA""]",False,,not_treatment_purpose,[]
NCT04274010,PANenteric Crohn's Capsule Versus Ileo-Colonoscopy and Scan Study,"[""Crohn Disease""]",2020-02-18,INTERVENTIONAL,DIAGNOSTIC,TERMINATED,"[""NA""]",False,Failed to meet recruitment target due to multitude of factors (strict eligibility criteria and lack of clinician and participant engagement),not_treatment_purpose,[]
NCT04991324,Cholecalciferol Comedication in IBD - the 5C-study,"[""Inflammatory Bowel Diseases""]",2021-08-05,INTERVENTIONAL,TREATMENT,COMPLETED,"[""PHASE3""]",False,,no_explicit_crohn_condition,[]
NCT06165289,Endoscopic Balloon Dilatation Combined With PRP Injection in Colonic Stenosis in Crohn's Disease,"[""Crohn Disease""]",2023-12-11,INTERVENTIONAL,TREATMENT,ENROLLING_BY_INVITATION,"[""NA""]",False,,no_drug_or_biological_intervention,[]
NCT02131168,Epidemiology of IBD in Hong Kong: An Inception Cohort and Follow up Study,"[""Inflammatory Bowel Diseases"", ""Crohn Disease"", ""Ulcerative Colitis""]",2014-05-06,OBSERVATIONAL,,COMPLETED,[],False,,not_interventional,[]
NCT00206713,Efficacy Study of Sargramostim in the Retreatment of Patients Who Have Crohn's Disease Who Have Previously Responded to Treatment With Sargramostim,"[""Crohn Disease""]",2005-09-21,INTERVENTIONAL,TREATMENT,TERMINATED,"[""PHASE3""]",False,,included,[]
NCT02453776,Precision Dosing of Infliximab Versus Conventional Dosing of Infliximab,"[""Inflammatory Bowel Disease""]",2015-05-27,INTERVENTIONAL,PREVENTION,COMPLETED,"[""PHASE4""]",False,,no_explicit_crohn_condition,[]
NCT06800326,Diagnostic Concordance of MR Enterography and Ultrasound for Treatment Response Assessment in Crohn's Disease (MANTRA),"[""Crohn Disease""]",2025-01-30,OBSERVATIONAL,,RECRUITING,[],False,,not_interventional,[]
NCT01836289,High-dose Cyclophosphamide for Severe Refractory Crohn Disease,"[""Crohn's Disease"", ""Crohn Disease""]",2013-04-19,INTERVENTIONAL,TREATMENT,WITHDRAWN,"[""PHASE1"", ""PHASE2""]",False,Too difficult to recruit given new Crohn's medications approved,included,"[""CHEMBL88""]"
NCT00261976,A Long-term Safety Study of Infliximab (Remicade),"[""Arthritis, Rheumatoid"", ""Crohn Disease"", ""Psoriasis""]",2005-12-06,OBSERVATIONAL,,COMPLETED,[],False,,not_interventional,[]
NCT04956991,"CT Diagnoses in Crohn""s Disease Activity","[""Crohn's Disease""]",2021-07-09,OBSERVATIONAL,,COMPLETED,[],False,,not_interventional,[]
NCT06441526,Surgical Closure vs Anti-TNF in the Treatment of Perianal Fistulas in Crohn's Disease (PISA-II): a Comprehensive Cohort Design,"[""Perianal Fistula"", ""Crohn Disease""]",2024-06-04,INTERVENTIONAL,TREATMENT,COMPLETED,"[""PHASE3""]",False,,included,[]
NCT02182947,Capsule Endoscopy in Inflammatory Bowel Disease (IBD) in Children,"[""IBD""]",2014-07-08,INTERVENTIONAL,DIAGNOSTIC,COMPLETED,"[""NA""]",True,,no_explicit_crohn_condition,[]
NCT04196920,"Methotrexate-associated Anti-TNF Combination Therapy, the Neglected One !","[""Chronic Inflammatory Bowel Disease""]",2019-12-12,OBSERVATIONAL,,UNKNOWN,[],False,,no_explicit_crohn_condition,[]
NCT06429241,Evaluate the Distribution and Dynamic Behavior of TH-SC01 Cells in Vivo in Patients With Perianal Fistula,"[""Anal Fistula"", ""Complex Perianal Fistulas"", ""Crohn's Disease""]",2024-05-24,INTERVENTIONAL,TREATMENT,UNKNOWN,"[""PHASE1""]",False,,included,[]
NCT00587041,Use of Oral Probiotics to Reduce Urinary Oxalate Excretion,"[""Nephrolithiasis"", ""Hyperoxaluria"", ""Crohn's Disease""]",2008-01-07,INTERVENTIONAL,TREATMENT,COMPLETED,"[""PHASE1"", ""PHASE2""]",True,,no_drug_or_biological_intervention,[]
NCT06683105,Clinical Investigation of MYIBDDiet App Developed for Inflammatory Bowel Disease (IBD) Patients to Self-manage Their Diet,"[""Inflammatory Bowel Disease (IBD)""]",2024-11-12,INTERVENTIONAL,OTHER,RECRUITING,"[""NA""]",False,,no_explicit_crohn_condition,[]
NCT04653259,Digital Nutrition Therapy for Patients With IBD,"[""Crohn Disease"", ""Ulcerative Colitis""]",2020-12-04,INTERVENTIONAL,OTHER,UNKNOWN,"[""NA""]",False,,not_treatment_purpose,[]
NCT00152841,Effect of Iron and Vitamin E Supplementation on Disease Activity in Patients With Either Crohn's Disease or Ulcerative Colitis,"[""Crohn's Disease"", ""Ulcerative Colitis"", ""Mild or Moderate Anaemia""]",2005-09-09,INTERVENTIONAL,,TERMINATED,"[""PHASE2""]",False,Lack of patients,included,[]
NCT00950105,Single Ascending Dose Study of Oral CPSI-2364 (Semapimod),"[""Crohn's Disease""]",2009-07-31,INTERVENTIONAL,,COMPLETED,"[""PHASE1""]",False,,included,[]
NCT04597905,Paricipant Preferences in the Treatment of Inflammatory Bowel Disease (IBD) in Europe,"[""Crohn Disease"", ""Colitis, Ulcerative"", ""Inflammatory Bowel Diseases""]",2020-10-22,OBSERVATIONAL,,COMPLETED,[],False,,not_interventional,[]
NCT00774969,Evaluation of the Pharmacokinetics of Metronidazole 10% Ointment Applied Peri Anally in Healthy Volunteers and Patients With Perianal Crohn's Disease,"[""Perianal Crohns'""]",2008-10-17,INTERVENTIONAL,BASIC_SCIENCE,COMPLETED,"[""PHASE1""]",False,,not_treatment_purpose,[]
NCT06629194,Validation of Scoring Systems for Differentiating Intestinal Tuberculosis from Crohn's Disease,"[""Crohn Disease"", ""Intestinal Tuberculosis"", ""Differential Diagnosis""]",2024-10-08,OBSERVATIONAL,,RECRUITING,[],False,,not_interventional,[]
NCT01233570,Topical Tacrolimus 0.1% Ointment For Treatment Of Cutaneous Crohn's Disease,"[""Crohn Disease""]",2010-11-03,INTERVENTIONAL,TREATMENT,COMPLETED,"[""PHASE2""]",False,,included,"[""CHEMBL269732""]"
NCT03472690,QBECO SSI for Clinical and Endoscopic Remission in Moderate to Severe Crohn's Disease,"[""Crohn Disease""]",2018-03-21,INTERVENTIONAL,TREATMENT,TERMINATED,"[""PHASE2""]",False,Corporate Decision to terminate study after Lead-In portion of the study completed.,included,[]
NCT03345823,A Maintenance and Long-Term Extension Study of the Efficacy and Safety of Upadacitinib (ABT-494) in Participants With Crohn's Disease Who Completed the Studies M14-431 or M14-433,"[""Crohn's Disease""]",2017-11-17,INTERVENTIONAL,TREATMENT,ACTIVE_NOT_RECRUITING,"[""PHASE3""]",False,,included,"[""CHEMBL3622821""]"
NCT00088062,STA-5326 in Crohn's Disease Patients,"[""Crohn's Disease""]",2004-07-21,INTERVENTIONAL,TREATMENT,COMPLETED,"[""PHASE1"", ""PHASE2""]",False,,included,[]
NCT01759017,PET/CT to Predict Response to Infliximab Therapy in Patients With Crohn's Disease,"[""Crohn's Disease""]",2013-01-02,OBSERVATIONAL,,TERMINATED,[],False,slow enrollment,not_interventional,[]
NCT02265588,Healthy Approach to Physical and Psychological Problems in Youngsters With IBD (HAPPY-IBD).,"[""Inflammatory Bowel Disease (IBD)"", ""Ulcerative Colitis"", ""Crohn's Disease"", ""Anxiety"", ""Depression""]",2014-10-16,INTERVENTIONAL,TREATMENT,COMPLETED,"[""NA""]",False,,no_drug_or_biological_intervention,[]
NCT00074542,An Efficacy and Safety Study of Omega-3 Free Fatty Acids (Epanova™) for the Maintenance of Symptomatic Remission in Subjects With Crohn's Disease,"[""Crohn's Disease""]",2003-12-16,INTERVENTIONAL,TREATMENT,COMPLETED,"[""PHASE3""]",False,,included,[]
NCT03915262,Exocrine Pancreatic Insufficiency's Prevalence in Active Crohn's Disease,"[""Crohn Disease""]",2019-04-16,OBSERVATIONAL,,RECRUITING,[],False,,not_interventional,[]
NCT05092269,A Long-term Extension Study of Ustekinumab in Pediatric Participants,"[""Crohn Disease"", ""Colitis, Ulcerative"", ""Arthritis, Psoriatic""]",2021-10-25,INTERVENTIONAL,OTHER,ACTIVE_NOT_RECRUITING,"[""PHASE3""]",False,,not_treatment_purpose,[]
NCT05043870,Combined Immunosuppression for Pediatric Crohn's Disease,"[""Crohn Disease"", ""Infliximab"", ""Immunosuppression"", ""Children, Only""]",2021-09-14,INTERVENTIONAL,TREATMENT,RECRUITING,"[""PHASE4""]",False,,included,"[""CHEMBL1201581""]"
NCT00224562,The RATIO: Registry of Infections and Lymphoma in Patients Treated With TNF-a Antagonists,"[""Rheumatoid Arthritis"", ""Crohn's Disease"", ""Ankylosing Spondylitis"", ""Psoriasis""]",2005-09-23,OBSERVATIONAL,,UNKNOWN,[],False,,not_interventional,[]
NCT00543374,Extended Evaluation of PROCHYMAL® Adult Human Stem Cells for Treatment-Resistant Moderate-to-Severe Crohn's Disease,"[""Crohn's Disease""]",2007-10-15,INTERVENTIONAL,TREATMENT,COMPLETED,"[""PHASE3""]",False,,included,[]
NCT05057273,Safety and Efficacy of Oral BT-11 in Crohn's Disease Patients With Moderate to Severe Disease,"[""Crohn's Disease""]",2021-09-27,INTERVENTIONAL,TREATMENT,WITHDRAWN,"[""PHASE2""]",False,Decision by Landos Biopharma (not related to safety or efficacy),included,"[""CHEMBL4788758""]"
NCT01974869,Anti Tumor Necrosis Factor Alpha Agents and Surgical Stress Response,"[""Inflammatory Bowel Diseases""]",2013-11-04,OBSERVATIONAL,,COMPLETED,[],False,,no_explicit_crohn_condition,[]
NCT04573959,Validation of CapsoVision CapsoCam® SV-3 Capsule Endoscopy System,"[""Intestinal Disease"", ""Inflammatory Bowel Diseases"", ""Crohn Disease"", ""Ulcer"", ""Celiac Disease""]",2020-10-05,INTERVENTIONAL,DIAGNOSTIC,COMPLETED,"[""NA""]",False,,not_treatment_purpose,[]
NCT02321280,The Efficacy of Denosumab in Active Crohn's Disease,"[""Crohn Disease""]",2014-12-22,INTERVENTIONAL,TREATMENT,COMPLETED,"[""PHASE1"", ""PHASE2""]",False,,included,"[""CHEMBL1237023""]"
NCT03512327,Autoimmune Protocol Diet and Inflammatory Bowel Disease,"[""Crohn Disease"", ""Ulcerative Colitis"", ""Inflammatory Bowel Diseases""]",2018-04-30,INTERVENTIONAL,TREATMENT,COMPLETED,"[""NA""]",True,,no_drug_or_biological_intervention,[]
NCT06796959,Combined [18F]-FDG PET-MRI in Diagnostics and Surveillance of Small Bowel Crohn's Disease,"[""Small Bowel Crohn&#39;s Disease""]",2025-01-28,OBSERVATIONAL,,COMPLETED,[],False,,not_interventional,[]
NCT05354609,DWI MR-enterography Without or With Bowel Cleansing to Assess Intestinal Inflammatory Activity in the Follow-up of Crohn's Disease,"[""Crohn Disease"", ""Bowel Cleansing"", ""Apparent Diffusion Coefficient""]",2022-04-29,INTERVENTIONAL,DIAGNOSTIC,ACTIVE_NOT_RECRUITING,"[""NA""]",False,,not_treatment_purpose,[]
NCT04750499,Treatment of Perianal Fistulas by Endorectal Advancement Flap Associated With Adipose Tissue Injection,"[""Anal Fistula""]",2021-02-11,INTERVENTIONAL,TREATMENT,UNKNOWN,"[""NA""]",False,,no_explicit_crohn_condition,[]
NCT03338894,A Trial of Yoga in Pediatric Inflammatory Bowel Disease,"[""Inflammatory Bowel Disease"", ""Crohn's Disease"", ""Ulcerative Colitis""]",2017-11-09,INTERVENTIONAL,SUPPORTIVE_CARE,COMPLETED,"[""NA""]",True,,not_treatment_purpose,[]
NCT03566407,Blood and Stool Molecular Biomarkers Longitudinal Detection Study in Crohn's Disease (CD) Patients,"[""Crohn's Disease""]",2018-06-25,INTERVENTIONAL,OTHER,TERMINATED,"[""NA""]",False,Sponsor decided to discontinue the study due to poor enrollment.,not_treatment_purpose,[]
NCT04989907,A Study in Adults With Ulcerative Colitis (UC) or Crohn's Disease (CD) Receiving Vedolizumab in Real-World Practice in Switzerland,"[""Inflammatory Bowel Diseases"", ""Crohns Disease"", ""Colitis, Ulcerative""]",2021-08-04,OBSERVATIONAL,,COMPLETED,[],False,,not_interventional,[]
NCT00769236,Evaluation of Intestinal Secretion of Antibodies and Auto-antibodies Associated With Crohn's Disease,"[""Crohn's Disease""]",2008-10-09,INTERVENTIONAL,DIAGNOSTIC,COMPLETED,"[""NA""]",False,,not_treatment_purpose,[]
NCT01369667,Vitamin D Supplementation in Adult Crohn's Disease,"[""Crohn's Disease""]",2011-06-09,INTERVENTIONAL,TREATMENT,COMPLETED,"[""PHASE4""]",False,,no_drug_or_biological_intervention,[]
NCT03079700,Immune Modulation From Trichuris Suis,"[""Crohn Disease"", ""Ulcerative Colitis"", ""Intestinal Helminthiasis""]",2017-03-14,OBSERVATIONAL,,COMPLETED,[],False,,not_interventional,[]
NCT02760836,Predictive Model of Clinical Outcomes Using Web-based Self-reporting Symptom Diary for Crohn's Disease,"[""Crohn's Disease""]",2016-05-04,OBSERVATIONAL,,UNKNOWN,[],False,,not_interventional,[]
NCT05653011,Predictors of Prognosis in IBD Patients,"[""Inflammatory Bowel Diseases"", ""Ulcerative Colitis"", ""Crohn Disease""]",2022-12-15,OBSERVATIONAL,,RECRUITING,[],False,,not_interventional,[]
NCT00072839,Safety and Efficacy of ALX-0600 in Subjects With Active Crohn's Disease,"[""Crohn's Disease""]",2003-11-13,INTERVENTIONAL,TREATMENT,COMPLETED,"[""PHASE2""]",False,,included,"[""CHEMBL2104987""]"
NCT04191395,Evolution and Treatments of Chronic Inflammatory Systemic Diseases,"[""Inflammatory Bowel Diseases"", ""Ulcerative Colitis"", ""Crohn Disease"", ""Arthritis, Rheumatoid"", ""Spondyloarthritis"", ""Psoriatic Arthritis"", ""Psoriasis"", ""Verneuil's Disease""]",2019-12-09,OBSERVATIONAL,,RECRUITING,[],False,,not_interventional,[]
NCT07686757,INSIGHT-IBD Pragmatic Study,"[""Ulcerative Colitis (UC)"", ""Crohn Disease (CD)""]",2026-07-07,INTERVENTIONAL,HEALTH_SERVICES_RESEARCH,ENROLLING_BY_INVITATION,"[""PHASE4""]",False,,not_treatment_purpose,[]
NCT00851565,Use of Combined Measurements of Serum Infliximab and Anti-infliximab Antibodies in the Treatment of Patients With Crohns Disease Failing Infliximab Therapy,"[""Crohn's Disease""]",2009-02-26,INTERVENTIONAL,TREATMENT,UNKNOWN,"[""PHASE4""]",False,,no_drug_or_biological_intervention,[]
NCT02742597,Patient-Centred Innovations for Persons With Multimorbidity - Ontario,"[""Hypertension"", ""Depression"", ""Anxiety"", ""Musculoskeletal Pain"", ""Arthritis"", ""Rheumatoid Arthritis"", ""Osteoporosis"", ""Chronic Obstructive Pulmonary Disease (COPD)"", ""Asthma"", ""Chronic Bronchitis"", ""Cardiovascular Disease"", ""Heart Failure"", ""Stroke"", ""Transient Ischemic Attacks"", ""Ulcer"", ""Gastroesophageal Reflux"", ""Irritable Bowel"", ""Crohn's Disease"", ""Ulcerative Colitis"", ""Diverticulosis"", ""Chronic Hepatitis"", ""Diabetes"", ""Thyroid Disorder"", ""Cancer"", ""Kidney Disease"", ""Urinary Tract Problem"", ""Dementia"", ""Alzheimer's Disease"", ""Hyperlipidemia"", ""HIV"", ""Multimorbidity""]",2016-04-19,INTERVENTIONAL,OTHER,COMPLETED,"[""NA""]",False,,not_treatment_purpose,[]
NCT06819891,A Study to Assess the Efficacy and Safety of Induction Therapy With Afimkibart (RO7790121) in Participants With Moderately to Severely Active Crohn's Disease,"[""Moderately to Severely Active Crohns Disease""]",2025-02-11,INTERVENTIONAL,TREATMENT,RECRUITING,"[""PHASE3""]",False,,included,"[""CHEMBL6068198""]"
NCT07556718,Amitriptyline for IBS-like Symptoms in Quiescent Crohn's Disease,"[""Quiescent Crohn's Disease (CD)""]",2026-04-29,INTERVENTIONAL,TREATMENT,RECRUITING,"[""PHASE2""]",False,,included,"[""CHEMBL629""]"
NCT02056418,Effects of Enteral Nutrition and Corticosteroid on Intestinal Flora in Induction Remission of Crohn Disease in Adult,"[""Crohn Disease""]",2014-02-06,INTERVENTIONAL,TREATMENT,UNKNOWN,"[""PHASE4""]",False,,included,[]
NCT00613197,"EPANOVA in Crohn's Disease, Study 1","[""Crohn's Disease""]",2008-02-12,INTERVENTIONAL,TREATMENT,COMPLETED,"[""PHASE3""]",False,,included,"[""CHEMBL3137327""]"
NCT05594862,Treatment of Crohn's Complex Perianal Fistulas With Tissue Transplantation by Local Injection of Micro-fragmented Autologous Adipose Tissue.,"[""Crohn Disease""]",2022-10-26,INTERVENTIONAL,TREATMENT,ACTIVE_NOT_RECRUITING,"[""NA""]",False,,no_drug_or_biological_intervention,[]
NCT02097797,Impact of the Fecal Flora Transplantation on Crohn's Disease,"[""Crohn's Disease""]",2014-03-27,INTERVENTIONAL,TREATMENT,COMPLETED,"[""NA""]",False,,no_drug_or_biological_intervention,[]
NCT02704624,Effects of Supplementation of Vitamin D in Patients With Crohn's Disease,"[""Crohn Disease"", ""Vitamin D Deficiency"", ""Fatigue"", ""Sarcopenia"", ""Muscle Weakness"", ""Disorder of Bone Density and Structure, Unspecified""]",2016-03-10,INTERVENTIONAL,TREATMENT,UNKNOWN,"[""PHASE4""]",False,,no_drug_or_biological_intervention,[]
NCT05242458,A Study of Ustekinumab Treatment in Children With Crohn's Disease,"[""Crohn's Disease""]",2022-02-16,OBSERVATIONAL,,COMPLETED,[],False,,not_interventional,[]
NCT00488085,"Crohn's Disease, Obesity and Disease Severity","[""Crohn's Disease, Obesity""]",2007-06-19,OBSERVATIONAL,,UNKNOWN,[],False,,not_interventional,[]
NCT07364734,Epidemiological Characteristics and Efficacy Evaluation of Difficult-To-Treat Crohn's Disease,"[""Crohn Disease""]",2026-01-23,OBSERVATIONAL,,RECRUITING,[],False,,not_interventional,[]
NCT06882993,Feasibility of a Minimally Invasive Diagnostic Algorithm in Suspected Crohn's Disease,"[""Crohn's Disease""]",2025-03-19,INTERVENTIONAL,DIAGNOSTIC,RECRUITING,"[""NA""]",False,,not_treatment_purpose,[]
NCT07184138,Real-World Study on the Safety and Effectiveness of IL-23 Inhibitors for Inflammatory Bowel Disease in China,"[""Inflamatory Bowel Disease (Crohn&#39;s and Ulcerative Colitis)""]",2025-09-19,OBSERVATIONAL,,NOT_YET_RECRUITING,[],False,,not_interventional,[]
NCT03362736,An Early Access Program For Ustekinumab In Participants With Moderately To Severely Active Crohn's Disease,"[""Crohn Disease""]",2017-12-05,EXPANDED_ACCESS,,NO_LONGER_AVAILABLE,[],False,,not_interventional,[]
NCT07619547,Longitudinal Immunophenotyping of Patients With Inflammatory Bowel Disease,"[""Inflammatory Bowel Disease"", ""Crohn's Disease"", ""Ulcerative Colitis""]",2026-06-02,OBSERVATIONAL,,RECRUITING,[],False,,not_interventional,[]
NCT05882006,Gallstones and Risk of Inflammatory Bowel Disease,"[""Inflammatory Bowel Diseases""]",2023-05-31,OBSERVATIONAL,,COMPLETED,[],False,,no_explicit_crohn_condition,[]
NCT06203158,Intestinal Epithelial Fucosylation Affects the Efficacy of Ustekinumab in Crohn's Disease,"[""IBD""]",2024-01-12,OBSERVATIONAL,,COMPLETED,[],False,,no_explicit_crohn_condition,[]
NCT06550843,Mesentery Guide Identify Microscopic Clean Resection and Reduces Crohn's Endoscopic Recurrence,"[""Crohn Disease"", ""Recurrence""]",2024-08-13,OBSERVATIONAL,,COMPLETED,[],False,,not_interventional,[]
NCT06560021,Utility of Random Biopsies in Patients With Inflammatory Bowel Disease,"[""Inflammatory Bowel Diseases"", ""Crohn Disease"", ""Ulcerative Colitis""]",2024-08-19,INTERVENTIONAL,PREVENTION,ENROLLING_BY_INVITATION,"[""NA""]",False,,not_treatment_purpose,[]
NCT03615378,Maintenance Dosing of Vitamin D in Crohn's Disease,"[""Crohns Disease"", ""Vitamin D Deficiency""]",2018-08-03,INTERVENTIONAL,TREATMENT,TERMINATED,"[""EARLY_PHASE1""]",False,Difficulties with enrollment,no_drug_or_biological_intervention,[]
NCT06338930,Remote Monitoring of Patients With an Inflammatory Bowel Disease Under no or Maintenance Therapy,"[""Crohn Disease"", ""Colitis, Ulcerative"", ""Inflammatory Bowel Diseases""]",2024-04-01,INTERVENTIONAL,OTHER,NOT_YET_RECRUITING,"[""NA""]",False,,not_treatment_purpose,[]
NCT07799428,Bacillus Probiotic Spores in Supporting the Treatment of Chronic Inflammatory Bowel Disease,"[""Crohn Disease and Ulcerative Colitis""]",2026-09-02,INTERVENTIONAL,TREATMENT,NOT_YET_RECRUITING,"[""NA""]",False,,no_drug_or_biological_intervention,[]
NCT01331551,Mesalamine and Reproductive Health Study,"[""Colitis Ulcerative"", ""Crohn Disease""]",2011-04-08,OBSERVATIONAL,,COMPLETED,[],False,,not_interventional,[]
NCT03172377,Lengthening Adalimumab Dosing Interval in Quiescent Crohn's Disease Patients,"[""Crohn Disease in Remission"", ""Crohn Disease""]",2017-06-01,INTERVENTIONAL,TREATMENT,UNKNOWN,"[""PHASE4""]",False,,no_drug_or_biological_intervention,[]
NCT01793831,Standardized Fecal Microbiota Transplantation for Crohn&Apos;s Diseases,"[""Inflammatory Bowel Disease"", ""Crohn&#39;s Disease (CD)""]",2013-02-18,INTERVENTIONAL,TREATMENT,UNKNOWN,"[""NA""]",False,,no_drug_or_biological_intervention,[]
NCT05099653,Study of the Impact of a Physical Activity Programme on the Quality of Life of Patients With Inflammatory Bowel Disease,"[""Crohn Disease Haemorrhagic Rectocolitis""]",2021-10-29,INTERVENTIONAL,OTHER,UNKNOWN,"[""NA""]",False,,not_treatment_purpose,[]
NCT06780683,Efficacy and Safety of Upadacitinib in Inflammatory Bowel Disease,"[""Inflammatory Bowel Disease"", ""Crohn's Disease"", ""Ulcerative Colitis""]",2025-01-17,OBSERVATIONAL,,RECRUITING,[],False,,not_interventional,[]
NCT02629211,Initial Experience With a Novel Single-Balloon Enteroscopy System in Children With IBD,"[""Inflammatory Bowel Diseases"", ""Colitis, Ulcerative"", ""Crohn Disease""]",2015-12-14,INTERVENTIONAL,DIAGNOSTIC,UNKNOWN,"[""NA""]",False,,not_treatment_purpose,[]
NCT01476995,Prognostic Indicators as Provided by the EPIC ClearView,"[""Coronary Artery Disease"", ""Congestive Heart Failure"", ""Valvular Heart Disease"", ""Atrial Fibrillation"", ""Hypertension"", ""Pyelonephritis"", ""Acute Renal Failure"", ""Renal Failure"", ""Viral Hepatitis"", ""Alcoholic Hepatitis"", ""Steatohepatitis"", ""Cirrhosis"", ""Asthma"", ""COPD"", ""Bronchitis"", ""Emphysema"", ""Pneumonia"", ""Inflammatory Bowel Disease"", ""Crohn's Disease"", ""Ulcerative Colitis"", ""Diverticulitis"", ""Peptic Ulcer Disease"", ""Irritable Bowel Syndrome"", ""Cholecystitis"", ""Pancreatitis"", ""Malabsorption Disorders"", ""Celiac Sprue"", ""Diabetes""]",2011-11-22,OBSERVATIONAL,,COMPLETED,[],False,,not_interventional,[]
NCT01817972,Cimzia Versus Cimzia Plus Azathioprine in the Treatment of Active Crohn's Disease,"[""Crohn's Disease""]",2013-03-26,INTERVENTIONAL,TREATMENT,UNKNOWN,"[""PHASE3""]",False,,included,"[""CHEMBL1201831"", ""CHEMBL1542""]"
NCT03142321,Defining Predictors of RT Response to Vedolizumab in IBD,"[""Crohn Disease of Small Intestine""]",2017-05-05,INTERVENTIONAL,TREATMENT,COMPLETED,"[""PHASE4""]",True,,included,"[""CHEMBL1743087""]"
NCT07111715,Comparison Between Artificial Intelligence and Standard Reading to Investigate Suspected Crohn Disease: the SCAI STUDY,"[""Crohn Disease (CD)""]",2025-08-08,OBSERVATIONAL,,RECRUITING,[],False,,not_interventional,[]
NCT02316678,Patient Attitudes and Preferences for Outcomes of Inflammatory Bowel Disease Therapeutics,"[""Colitis, Ulcerative"", ""Inflammatory Bowel Diseases"", ""Crohn's Disease""]",2014-12-15,OBSERVATIONAL,,COMPLETED,[],True,,not_interventional,[]
NCT01720368,OPERA Database - Crohn's Protocol,"[""Inflammatory Bowel Disease"", ""Crohn's Disease""]",2012-11-02,OBSERVATIONAL,,COMPLETED,[],False,,not_interventional,[]
NCT06256393,Inflammatory Bowel Disease Cohort in Nantes,"[""Inflammatory Bowel Diseases""]",2024-02-13,OBSERVATIONAL,,RECRUITING,[],False,,no_explicit_crohn_condition,[]
NCT06291948,A Clinical Study With Adalimumab Biosimilar,"[""Pharmacokinetics"", ""Safety Issues""]",2024-03-04,INTERVENTIONAL,OTHER,COMPLETED,"[""PHASE1""]",False,,no_explicit_crohn_condition,[]
NCT06485193,The Innate Immune Response and Enteric Nervous System in Crohn's Disease.,"[""Crohn Disease""]",2024-07-03,OBSERVATIONAL,,TERMINATED,[],False,Preliminary results showed no signs of associations in the data.,not_interventional,[]
NCT04803916,Pre-stenotic Inflammation Following Endoscopic Balloon Dilatation in Crohn's Disease: A Prospective Study,"[""Crohn Disease""]",2021-03-18,OBSERVATIONAL,,RECRUITING,[],False,,not_interventional,[]
NCT01692743,Telemedicine in Patients With Inflammatory Bowel Disease (TELE-IBD),"[""Inflammatory Bowel Disease"", ""Crohn's Disease"", ""Ulcerative Colitis"", ""Indeterminate Colitis""]",2012-09-25,INTERVENTIONAL,HEALTH_SERVICES_RESEARCH,COMPLETED,"[""PHASE3""]",True,,not_treatment_purpose,[]
NCT03782376,A Study to Evaluate Efficacy and Safety of Ustekinumab Re-induction Therapy in Participants With Moderately to Severely Active Crohn's Disease,"[""Crohn Disease""]",2018-12-20,INTERVENTIONAL,TREATMENT,COMPLETED,"[""PHASE3""]",True,,included,"[""CHEMBL1201835""]"
NCT01346826,Safety of Accelerated Infliximab Infusions in Patients With Inflammatory Bowel Disease (IBD),"[""Crohn's Disease"", ""Ulcerative Colitis""]",2011-05-03,INTERVENTIONAL,TREATMENT,COMPLETED,"[""PHASE4""]",False,,included,[]
NCT00553176,"The Crohn's Therapy, Resource, Evaluation, and Assessment Tool Registry","[""Crohn's Disease""]",2007-11-05,OBSERVATIONAL,,COMPLETED,[],False,,not_interventional,[]
NCT02341248,Bacteria & Inflammation in the Gut (BIG) Study,"[""Crohn Disease""]",2015-01-19,OBSERVATIONAL,,UNKNOWN,[],False,,not_interventional,[]
NCT05913817,The Evaluation of Injection Site Pain and Adherence in Patients Switching From a Low To High Concentration Adalimumab (AVT-02) Across Multiple Indications.,"[""Crohn Disease"", ""Ulcerative Colitis"", ""Rheumatoid Arthritis"", ""Ankylosing Spondylitis"", ""Psoriatic Arthritis"", ""Plaque Psoriasis"", ""Hidradenitis Suppurativa""]",2023-06-22,OBSERVATIONAL,,COMPLETED,[],False,,not_interventional,[]
NCT07644117,Individualizing Anti-TNF Therapy in Patients With Inflammatory Bowel Disease,"[""IBD (Inflammatory Bowel Disease)"", ""Crohn Disease (CD)"", ""Ulcerative Colitis (UC)""]",2026-06-12,OBSERVATIONAL,,RECRUITING,[],False,,not_interventional,[]
NCT00752622,Treatment With Infliximab in a Medical Setting (Study P05587),"[""Crohn's Disease""]",2008-09-15,INTERVENTIONAL,TREATMENT,TERMINATED,"[""PHASE4""]",True,"Factors that led to termination: recruitment challenges and a lower incidence of flares than estimated, causing a high risk of the study being underpowered.",included,"[""CHEMBL1201581""]"
NCT04859088,Biologics and Partial Enteral Nutrition Study,"[""Crohn Disease""]",2021-04-26,INTERVENTIONAL,TREATMENT,UNKNOWN,"[""NA""]",False,,no_drug_or_biological_intervention,[]
NCT04131504,Precision Crohn's Disease Management Utilizing Predictive Protein Panels (ENvISION),"[""Crohn's Disease"", ""IBD""]",2019-10-18,OBSERVATIONAL,,COMPLETED,[],False,,not_interventional,[]
NCT03950726,Ileocolic Resection for Complex Crohn's Disease,"[""Crohn Disease of Ileum""]",2019-05-15,OBSERVATIONAL,,COMPLETED,[],False,,not_interventional,[]
NCT02793778,Efficacy of CROWN in Repair and Maintenance of the Intestinal Mucosa in Patients With CD Receiving Anti-TNF Therapy,"[""Crohn's Disease""]",2016-06-08,INTERVENTIONAL,TREATMENT,TERMINATED,"[""PHASE2""]",False,enrollment,included,[]
NCT02379117,Eating Behaviour in Crohn's Disease,"[""Crohn's Disease""]",2015-03-04,OBSERVATIONAL,,COMPLETED,[],True,,not_interventional,[]
NCT07273760,VedAryo® (Vedolizumab) Effectiveness and Safety Evaluation,"[""Ulcerative Colitis (UC)"", ""Crohn Disease (CD)"", ""Inflammatory Bowel Disease (IBD)""]",2025-12-10,OBSERVATIONAL,,COMPLETED,[],False,,not_interventional,[]
NCT07383597,Lipopolysaccharide Adsorption (Efferon LPS) in Patients With Ulcerative Colitis and Crohn Disease,"[""Crohn Disease"", ""Ulcerative Colitis"", ""Inflammatory Bowel Diseases""]",2026-02-03,INTERVENTIONAL,TREATMENT,NOT_YET_RECRUITING,"[""NA""]",False,,no_drug_or_biological_intervention,[]
NCT05078879,Empagliflozin as a Treatment for Severe Congenital Neutropenia Due to G6PC3 Deficiency,"[""Crohn's Disease"", ""Glycogen Metabolism"", ""Inflammatory Bowel Disease (IBD)""]",2021-10-15,INTERVENTIONAL,TREATMENT,COMPLETED,"[""PHASE1""]",False,,included,"[""CHEMBL2107830""]"
NCT05056441,A Study of Real-World Outcomes of People With Crohn's Disease (CD),"[""Crohn Disease""]",2021-09-24,OBSERVATIONAL,,COMPLETED,[],False,,not_interventional,[]
NCT03357471,"Study to Test the Safe and Effective Use of an e-Device for the Self-injection of Certolizumab Pegol Solution by Subjects With Moderate to Severe Active Rheumatoid Arthritis, Active Ankylosing Spondylitis, Active Psoriatic Arthritis, or Moderately to Severely Active Crohn's Disease","[""Moderate and Severe Active Rheumatoid Arthritis"", ""Active Psoriatic Arthritis"", ""Active Ankylosing Spondylitis"", ""Moderately to Severely Active Crohn's Disease""]",2017-11-30,INTERVENTIONAL,TREATMENT,COMPLETED,"[""PHASE3""]",True,,included,[]
NCT07529236,"Digestive Evolution of Children With Crohn's Disease or Ulcerative Colitis Whose Anti-TNFα Treatment Was Switched to Ustekinumab Due to Paradoxical Psoriasis,","[""Chronic Inflammatory Bowel Diseases""]",2026-04-14,INTERVENTIONAL,OTHER,RECRUITING,"[""NA""]",False,,no_explicit_crohn_condition,[]
NCT04524611,Study Comparing Intravenous (IV)/Subcutaneous (SC) Risankizumab to IV/SC Ustekinumab to Assess Change in Crohn's Disease Activity Index (CDAI) in Adult Participants With Moderate to Severe Crohn's Disease (CD),"[""Crohn's Disease (CD)""]",2020-08-24,INTERVENTIONAL,TREATMENT,ACTIVE_NOT_RECRUITING,"[""PHASE3""]",False,,included,"[""CHEMBL1201835"", ""CHEMBL3990029""]"
NCT05849012,A Pilot Study Examining Low Sulfur Diet as Treatment for Persistent Symptoms in Quiescent Crohn's Disease,"[""Crohn's Disease in Remission""]",2023-05-08,INTERVENTIONAL,TREATMENT,RECRUITING,"[""NA""]",False,,no_drug_or_biological_intervention,[]
NCT03623932,Contribution of a Non Medicamentous Approach by Hypnosis on Quality of Life in Crohn Disease,"[""Crohn Disease""]",2018-08-09,INTERVENTIONAL,SUPPORTIVE_CARE,UNKNOWN,"[""NA""]",False,,not_treatment_purpose,[]
NCT07315711,The Effect of Vascular Imaging Devices on Success Rates of Peripheral Vascular Access in Pediatric Patients,"[""Peripheral Vascular Access in Pediatric Patients"", ""Peptic Ulcer"", ""Cataract"", ""Crohn's Disease""]",2026-01-02,OBSERVATIONAL,,NOT_YET_RECRUITING,[],False,,not_interventional,[]
NCT04530877,Exclusive Enteral Nutrition vs. Infliximab in Chinese CD Patients,"[""Crohn's Disease"", ""Exclusive Enteral Nutrition"", ""Infliximab"", ""Mucosal Healing""]",2020-08-28,INTERVENTIONAL,TREATMENT,WITHDRAWN,"[""PHASE4""]",False,no funding,included,"[""CHEMBL1201581""]"
NCT07308067,Kinetics of Transmural Healing in Patients With Crohns Disease Treated With Risankizumab (SKYRIZI®),"[""Crohn Disease (CD)""]",2025-12-29,OBSERVATIONAL,,ACTIVE_NOT_RECRUITING,[],False,,not_interventional,[]
NCT03464136,Safety and Efficacy of Adalimumab Versus Ustekinumab for One Year,"[""Crohn Disease""]",2018-03-13,INTERVENTIONAL,TREATMENT,COMPLETED,"[""PHASE3""]",True,,included,"[""CHEMBL1201580"", ""CHEMBL1201835""]"
NCT03850600,Modulating Early Life Microbiome Through Dietary Intervention in Crohn's Disease,"[""Crohn Disease"", ""Pregnancy""]",2019-02-22,INTERVENTIONAL,SUPPORTIVE_CARE,ACTIVE_NOT_RECRUITING,"[""NA""]",False,,not_treatment_purpose,[]
NCT04109300,Preemptive HLA Genotyping for the Safe Use of Infliximab-combination Therapy in Inflammatory Bowel Disease,"[""Inflammatory Bowel Diseases"", ""Ulcerative Colitis"", ""Crohn Disease""]",2019-09-30,INTERVENTIONAL,OTHER,UNKNOWN,"[""NA""]",False,,not_treatment_purpose,[]
NCT01314092,Clinical Trials of Autologous Cultured Adipose-derived Stem Cells (ANTG-ASC) on Complex Fistula,"[""Complex Perianal Fistula""]",2011-03-14,INTERVENTIONAL,TREATMENT,TERMINATED,"[""PHASE2""]",False,Difficulty recruiting subjects.,no_explicit_crohn_condition,[]
NCT04578392,MeSenteric SpAring Versus High Ligation Ileocolic Resection for the Prevention of REcurrent Crohn's DiseaSe (SPARES),"[""Crohn Disease""]",2020-10-08,INTERVENTIONAL,TREATMENT,TERMINATED,"[""NA""]",False,PI left Cleveland Clinic,no_drug_or_biological_intervention,[]
NCT02227602,Anti-Inflammatory Effects of Mango Polyphenolics in Inflammatory Bowel Disease,"[""Intestinal Diseases"", ""Ulcerative Colitis"", ""Crohn Disease""]",2014-08-28,INTERVENTIONAL,TREATMENT,COMPLETED,"[""NA""]",False,,included,[]
NCT00329550,Maintenance Study of Certolizumab Pegol (CZP) in Crohn's Disease,"[""Crohn's Disease""]",2006-05-24,INTERVENTIONAL,TREATMENT,COMPLETED,"[""PHASE2""]",True,,included,[]
NCT07691138,Stopping PPI Therapy in Inactive IBD,"[""Ulcerative Colitis (UC)"", ""Crohn's Disease""]",2026-07-08,INTERVENTIONAL,TREATMENT,RECRUITING,"[""PHASE4""]",False,,included,[]
NCT06742385,Evaluation of a Remote Monitoring Application in the Follow-up of Patients With Active Inflammatory Bowel Diseases,"[""Crohn Disease"", ""Ulcerative Colitis""]",2024-12-19,INTERVENTIONAL,OTHER,RECRUITING,"[""NA""]",False,,not_treatment_purpose,[]
NCT03776825,Permacol Paste in Perianal Crohn's Disease,"[""Crohn Disease"", ""Perianal Fistula""]",2018-12-17,OBSERVATIONAL,,UNKNOWN,[],False,,not_interventional,[]
NCT05049525,Evaluation of the Response of Itraconazole and Terbinafine Therapy in Subjects With Crohn's Disease,"[""Crohn's Disease"", ""Inflammatory Bowel Diseases""]",2021-09-20,INTERVENTIONAL,TREATMENT,TERMINATED,"[""PHASE2""]",False,Insufficient patient enrollment,included,"[""CHEMBL64391""]"
NCT04113733,Combinatorial Single Cell Strategies for a Crohn's Disease Gut Cell Atlas,"[""Crohn Disease""]",2019-10-03,OBSERVATIONAL,,ACTIVE_NOT_RECRUITING,[],False,,not_interventional,[]
NCT00940576,Dietetic Efficacy of Mare's Milk for Patients With Chronic Inflammatory Bowel Diseases,"[""Ulcerative Colitis"", ""Crohns Disease""]",2009-07-16,INTERVENTIONAL,TREATMENT,COMPLETED,"[""NA""]",True,,no_drug_or_biological_intervention,[]
NCT05321758,Fecal Microbiota Transplantation as the First-line Treatment in Active Pediatric Crohn's Disease,"[""Crohn Disease""]",2022-04-11,INTERVENTIONAL,TREATMENT,RECRUITING,"[""NA""]",False,,included,[]
NCT05377840,Use of Psychologist-administered Cognitive Behavioral Therapy (CBT) or Self-administered CBT for the Treatment of Anxiety and/or Depression in Inflammatory Bowel Disease (IBD),"[""Crohn Disease"", ""Ulcerative Colitis (UC)""]",2022-05-17,INTERVENTIONAL,TREATMENT,COMPLETED,"[""NA""]",False,,no_drug_or_biological_intervention,[]
NCT00338650,Treatment of the Human Anti-TNF Monoclonal Antibody Adalimumab in Moderate to Severe Crohn's Disease With Previous Exposure to Infliximab (CHOICE),"[""Crohn's Disease""]",2006-06-20,INTERVENTIONAL,TREATMENT,COMPLETED,"[""PHASE3""]",False,,included,"[""CHEMBL1201580""]"
NCT05725876,Quantitative Fluorescence Molecular Imaging of Ustekinumab-800CW to Elucidate the Drug Distribution Throughout Inflamed Tissue in Crohn's Disease and Psoriasis.,"[""Psoriasis"", ""Crohn Disease""]",2023-02-13,INTERVENTIONAL,OTHER,RECRUITING,"[""PHASE1""]",False,,not_treatment_purpose,[]
NCT03723447,Intraoperative TAP Block With Bupivacaine/Dexamethasone Against Liposomal Bupivacaine (Exparel®),"[""Pain, Postoperative"", ""Crohn Disease"", ""Inflammatory Bowel Diseases"", ""Colorectal Cancer"", ""Gastrointestinal Cancer"", ""Gastrointestinal Disease"", ""Digestive System Disease"", ""Pain"", ""Pain, Neuropathic"", ""Intestinal Disease""]",2018-10-29,INTERVENTIONAL,TREATMENT,COMPLETED,"[""PHASE4""]",True,,included,"[""CHEMBL1098""]"
NCT07781215,E-nose in Evaluating Colitis Activity,"[""IBD (Inflammatory Bowel Disease)""]",2026-08-24,OBSERVATIONAL,,NOT_YET_RECRUITING,[],False,,no_explicit_crohn_condition,[]
NCT07663526,Treatment of Chinese Adult Subjects With Moderate to Severe Crohn's Disease With Tabellvi®,"[""Crohn's Disease""]",2026-06-23,INTERVENTIONAL,TREATMENT,RECRUITING,"[""PHASE4""]",False,,included,[]
NCT00790543,Risk Stratification of Rapid Disease Progression in Children With Crohn's Disease,"[""Crohn's Disease""]",2008-11-13,OBSERVATIONAL,,COMPLETED,[],False,,not_interventional,[]
NCT06956703,NAZA - Nottingham/Astra ZenecA Prospective IBD Cohort Study,"[""Gastro-Intestinal Disorder"", ""Crohn Disease"", ""Ulcerative Colitis"", ""Inflammatory Bowel Diseases""]",2025-05-04,OBSERVATIONAL,,RECRUITING,[],False,,not_interventional,[]
NCT00215020,Evaluation of Urinary Isoprostanes in the Assessment of Children With Inflammatory Bowel Disease,"[""Inflammatory Bowel Disease"", ""Ulcerative Colitis"", ""Crohn's Disease""]",2005-09-22,OBSERVATIONAL,,COMPLETED,[],False,,not_interventional,[]
NCT05000242,West Hertfordshire Inflammatory Bowel Disease Technology Study,"[""Inflammatory Bowel Diseases""]",2021-08-11,OBSERVATIONAL,,ACTIVE_NOT_RECRUITING,[],False,,no_explicit_crohn_condition,[]
NCT01541579,Adipose Derived Mesenchymal Stem Cells for Induction of Remission in Perianal Fistulizing Crohn's Disease,"[""Crohn's Disease""]",2012-03-01,INTERVENTIONAL,TREATMENT,COMPLETED,"[""PHASE3""]",False,,no_drug_or_biological_intervention,[]
NCT03798691,Immunogenicity of Herpes Zoster Subunit Vaccine in Inflammatory Bowel Disease Patients Treated With Vedolizumab,"[""Inflammatory Bowel Diseases"", ""Crohn Disease"", ""Ulcerative Colitis"", ""Herpes Zoster""]",2019-01-10,INTERVENTIONAL,BASIC_SCIENCE,COMPLETED,"[""PHASE4""]",True,,not_treatment_purpose,[]
NCT07123350,Evaluating the Shift From Intravenous to Subcutaneous Vedolizumab for Inflammatory Bowel Disease,"[""Inflammatory Bowel Disease (IBD)"", ""Crohn&Amp;#39;s Disease (CD)"", ""Ulcerative Colitis (UC)""]",2025-08-14,OBSERVATIONAL,,ACTIVE_NOT_RECRUITING,[],False,,not_interventional,[]
NCT03524144,Upper Gastrointestinal Lesions in Crohn's Disease,"[""Upper Gastrointestinal Lesions"", ""Crohn's Disease""]",2018-05-14,INTERVENTIONAL,OTHER,UNKNOWN,"[""NA""]",False,,not_treatment_purpose,[]
NCT03059849,Brief Escalation of Adalimumab Treatment for Prevention of Clinical Relapse in IBD,"[""Crohn Disease"", ""Ulcerative Colitis""]",2017-02-23,INTERVENTIONAL,TREATMENT,WITHDRAWN,"[""PHASE4""]",False,lack of funding,included,"[""CHEMBL1201580""]"
NCT07546955,AI-Enhanced Wide-Field Endoscopic Fluorescence Mapping of Gastrointestinal Mucosal Permeability in IBD - A Pilot Study in IBD Patients and Controls,"[""Inflammatory Bowel Disease (Crohn's Disease; Ulcerative Colitis)"", ""NON-IBD""]",2026-04-23,OBSERVATIONAL,,NOT_YET_RECRUITING,[],False,,not_interventional,[]
NCT06777043,Long-term Remission After Ileorectal Anastomosis in Crohn's Disease.,"[""IBD - Inflammatory Bowel Disease""]",2025-01-15,OBSERVATIONAL,,COMPLETED,[],False,,no_explicit_crohn_condition,[]
NCT03574948,5-HTP in Patients With IBD in Clinical and Biologic Remission:Effect on Fatigue Scores,"[""Crohn Disease"", ""Ulcerative Colitis"", ""Fatigue"", ""Remission""]",2018-07-02,INTERVENTIONAL,TREATMENT,COMPLETED,"[""PHASE2""]",False,,included,[]
NCT01769755,"A Randomized, Double-Blind, Placebo-Controlled Dose-Escalation Study to Determine the Safety and Efficacy of Intravenous Infusion of Human Placenta-Derived Cells (PDA001) for the Treatment of Crohn's Disease","[""Crohns Disease""]",2013-01-17,INTERVENTIONAL,TREATMENT,COMPLETED,"[""PHASE1""]",False,,included,[]
NCT03747718,Randomized Trial Comparing Single vs. Maintenance Fecal Microbiota Transplant for Refractory Crohn's Disease in Children,"[""Crohn Disease""]",2018-11-20,INTERVENTIONAL,TREATMENT,WITHDRAWN,"[""PHASE1""]",False,Funding,included,[]
NCT01276509,Study To Test Whether PF-00547659 Is Safe And Improves Disease Symptoms In Patients With Crohn's Disease,"[""Crohn's Disease""]",2011-01-13,INTERVENTIONAL,TREATMENT,COMPLETED,"[""PHASE2""]",True,,included,[]
NCT06636032,Dose Escalation of Allogeneic Adipose Derived Stroma/Stem Cells for the Treatment of Crohn's Fistula,"[""Crohn Disease""]",2024-10-10,INTERVENTIONAL,TREATMENT,RECRUITING,"[""PHASE1"", ""PHASE2""]",False,,included,[]
NCT01352221,Safety and Efficacy Study of Oral Ferric Iron To Treat Iron Deficiency Anaemia in Quiescent Crohn's Disease (AEGIS-2),"[""Iron Deficiency Anaemia"", ""Inflammatory Bowel Disease"", ""Crohn's Disease""]",2011-05-11,INTERVENTIONAL,TREATMENT,COMPLETED,"[""PHASE3""]",True,,included,"[""CHEMBL4298110""]"
NCT01157650,Treatment of Fistulous Crohn's Disease by Implant of Autologous Mesenchymal Stem Cells Derived From Adipose Tissue,"[""Crohn Disease""]",2010-07-07,INTERVENTIONAL,TREATMENT,COMPLETED,"[""PHASE1"", ""PHASE2""]",False,,no_drug_or_biological_intervention,[]
NCT07686406,IBD Biomarker Discovery and Validation Platform,"[""Crohn Disease (CD)"", ""Ulcerative Colitis (UC)"", ""Inflammatory Bowel Diseases (IBD)""]",2026-07-07,OBSERVATIONAL,,RECRUITING,[],False,,not_interventional,[]
NCT03646708,Response Assessment in SB CD,"[""Small Bowel Crohn's Disease""]",2018-08-24,OBSERVATIONAL,,ACTIVE_NOT_RECRUITING,[],False,,not_interventional,[]
NCT02031276,"Efficacy, Safety and Pharmacokinetics of BI 655066/ABBV-066 (Risankizumab) in Patients With Active, Moderate-to-severe Crohn's Disease.","[""Crohn Disease""]",2014-01-09,INTERVENTIONAL,TREATMENT,COMPLETED,"[""PHASE2""]",True,,included,"[""CHEMBL3990029""]"
NCT07672574,Human Mass Balance Study of [14C] Ontunisertib in Healthy Volunteers,"[""Fibrostenotic Crohn's Disease""]",2026-06-29,INTERVENTIONAL,OTHER,RECRUITING,"[""PHASE1""]",False,,not_treatment_purpose,[]
NCT02033408,Manipulating the Microbiome in IBD by Antibiotics and FMT,"[""Exacerbation of Ulcerative Colitis"", ""Ulcerative Colitis, Active Severe"", ""Crohn's Colitis""]",2014-01-10,INTERVENTIONAL,TREATMENT,COMPLETED,"[""NA""]",False,,included,[]
NCT04163016,A Study in Pregnant Women With Chronic Inflammatory Diseases Treated With Cimzia (Certolizumab Pegol),"[""Rheumatoid Arthritis"", ""Psoriatic Arthritis"", ""Crohn's Disease"", ""Axial Spondyloarthritis"", ""Plaque Psoriasis""]",2019-11-14,INTERVENTIONAL,BASIC_SCIENCE,COMPLETED,"[""PHASE1""]",True,,not_treatment_purpose,[]
NCT02472457,Crohn Disease Exclusion Diet After Single Medication De-escalation,"[""Crohn Disease""]",2015-06-15,INTERVENTIONAL,TREATMENT,COMPLETED,"[""NA""]",True,,no_drug_or_biological_intervention,[]
NCT03167437,"An Open-Label, Proof of Consent Study of Vorinostat for the Treatment of Mdoerate-to-Severe Crohn s Disease and Maintenance Therapy With Ustekinumab","[""Crohn's Disease""]",2017-05-30,INTERVENTIONAL,TREATMENT,RECRUITING,"[""PHASE1"", ""PHASE2""]",False,,included,"[""CHEMBL1201835"", ""CHEMBL98""]"
NCT07310095,A Study to Evaluate the Efficacy of Guselkumab in Chinese Participants With Crohn's Disease (CD),"[""Crohn Disease""]",2025-12-30,INTERVENTIONAL,TREATMENT,RECRUITING,"[""PHASE4""]",False,,included,"[""CHEMBL2364648""]"
NCT05784129,A Study of Guselkumab for the Treatment of Participants With Crohn's Disease After Surgical Resection,"[""Crohn's Disease""]",2023-03-24,INTERVENTIONAL,TREATMENT,TERMINATED,"[""PHASE3""]",True,Janssen made an internal business decision to discontinue the PROGRESS study. This decision is not related to any efficacy or safety concerns.,included,"[""CHEMBL2364648""]"
NCT00829595,Pneumococcal Vaccination in Patients With Inflammatory Bowel Disease,"[""Inflammatory Bowel Disease"", ""Crohn Disease"", ""Ulcerative Colitis""]",2009-01-27,INTERVENTIONAL,PREVENTION,COMPLETED,"[""NA""]",False,,not_treatment_purpose,[]
NCT07387172,Relationships of B-cell Activating Factor Gene Polymorphisms With Crohn's Disease.,"[""Crohn Disease""]",2026-02-04,OBSERVATIONAL,,COMPLETED,[],False,,not_interventional,[]
NCT04828031,Vitamin D Regulation of Gut Specific B Cells and Antibodies Targeting Gut Bacteria in Inflammatory Bowel Disease,"[""Inflammatory Bowel Diseases"", ""Ulcerative Colitis"", ""Crohn Disease""]",2021-04-01,INTERVENTIONAL,TREATMENT,COMPLETED,"[""PHASE1""]",False,,included,[]
NCT05998577,A Personalized Approach to Abdominal Pain in Irritable Bowel Syndrome,"[""Irritable Bowel Syndrome"", ""Inflammatory Bowel Diseases"", ""Crohn Disease"", ""Ulcerative Colitis"", ""Functional Gastrointestinal Disorders"", ""Lifestyle Factors""]",2023-08-21,INTERVENTIONAL,TREATMENT,UNKNOWN,"[""NA""]",False,,no_drug_or_biological_intervention,[]
NCT05230875,Sexual Dysfunction Among Inflammatory Bowel Disease Adults-Clinical Trial,"[""Inflammatory Bowel Diseases"", ""Crohn Disease"", ""Ulcerative Colitis""]",2022-02-09,OBSERVATIONAL,,UNKNOWN,[],False,,not_interventional,[]
NCT04587141,Clinical Burden of Anemia in Inflammatory Bowel Disease: Therapeutic Trial,"[""Iron Deficiency Anemia"", ""Inflammatory Bowel Diseases""]",2020-10-14,INTERVENTIONAL,TREATMENT,UNKNOWN,"[""PHASE3""]",False,,no_explicit_crohn_condition,[]
NCT06568653,Human Placenta Mesenchymal Stem Cells Derived Exosomes Injection for Treatment of Complex Anal Fistula,"[""Fistula Perianal""]",2024-08-23,INTERVENTIONAL,TREATMENT,UNKNOWN,"[""PHASE2""]",False,,no_explicit_crohn_condition,[]
NCT01765439,The Effect of VSL#3 Probiotic Preparation on the Bile Acid Metabolism in Patients With Inflammatory Bowel Disease,"[""Crohn Disease"", ""Ulcerative Colitis""]",2013-01-10,INTERVENTIONAL,BASIC_SCIENCE,ACTIVE_NOT_RECRUITING,"[""NA""]",False,,not_treatment_purpose,[]
NCT00207675,A Study of the Safety and Efficacy of Infliximab (Remicade) in Pediatric Patients With Crohn's Disease,"[""Crohn Disease""]",2005-09-21,INTERVENTIONAL,TREATMENT,COMPLETED,"[""PHASE3""]",False,,included,"[""CHEMBL1201581""]"
NCT06553053,Acupuncture Reduces Relapse in Patients With Crohn's Disease: a Superiority Trial,"[""Crohn's Disease Relapse"", ""Inflammatory Bowel Diseases""]",2024-08-14,INTERVENTIONAL,TREATMENT,RECRUITING,"[""NA""]",False,,no_drug_or_biological_intervention,[]
NCT02103361,Stelara and Tremfya Pregnancy Exposure Registry OTIS Autoimmune Diseases in Pregnancy Project,"[""Psoriasis"", ""Pregnancy"", ""Psoriatic Arthritis"", ""Crohn Disease""]",2014-04-03,OBSERVATIONAL,,RECRUITING,[],False,,not_interventional,[]
NCT07057856,An Analysis of the Relationship Between the Genetic Polymorphisms of Interleukin 12 Receptor Subunit Beta 1 and Crohn's Disease in Chinese Patients,"[""Crohn's Disease""]",2025-07-10,OBSERVATIONAL,,COMPLETED,[],False,,not_interventional,[]
NCT03169894,"Evaluation of the Safety, Tolerability, and Efficacy of MDGN-002 in Adults With Moderate to Severe Active Crohn's Disease or Ulcerative Colitis","[""Crohn Disease"", ""Ulcerative Colitis""]",2017-05-30,INTERVENTIONAL,TREATMENT,TERMINATED,"[""PHASE1""]",True,Strategic reasons,included,"[""CHEMBL4802198""]"
NCT02852694,Reduce Risk for Crohn's Disease Patients,"[""Crohn's Disease""]",2016-08-02,INTERVENTIONAL,TREATMENT,COMPLETED,"[""PHASE4""]",False,,included,"[""CHEMBL1201580"", ""CHEMBL34259""]"
NCT06721962,Treatment of Moderate to Severe Refractory Crohn's Disease,"[""Crohns Disease""]",2024-12-06,INTERVENTIONAL,TREATMENT,RECRUITING,"[""PHASE1"", ""PHASE2""]",False,,included,"[""CHEMBL88""]"
NCT02727959,Inflammatory Bowel Disease in South Eastern Norway,"[""Colitis, Ulcerative"", ""Crohn Disease"", ""Inflammatory Bowel Disease""]",2016-04-05,OBSERVATIONAL,,COMPLETED,[],False,,not_interventional,[]
NCT01593462,Comparative Effectiveness of MR Enterography,"[""Crohns Disease""]",2012-05-08,INTERVENTIONAL,DIAGNOSTIC,COMPLETED,"[""NA""]",False,,not_treatment_purpose,[]
NCT02834754,Vedolizumab Post Op Study,"[""Crohn's Disease""]",2016-07-15,INTERVENTIONAL,TREATMENT,WITHDRAWN,"[""PHASE2""]",False,Limited time for enrollment of required number of subjects,included,"[""CHEMBL1743087""]"
NCT06901986,Health Benefits of Tart Cherry in Crohn's Disease,"[""Crohn Disease (CD)""]",2025-03-30,INTERVENTIONAL,TREATMENT,NOT_YET_RECRUITING,"[""NA""]",False,,no_drug_or_biological_intervention,[]
NCT07389161,Uneven Nutrition and Life Style as IBD Triggers in Adolescents and Adults,"[""Mb Crohn"", ""Ulcerative Colitis (UC)""]",2026-02-05,INTERVENTIONAL,TREATMENT,RECRUITING,"[""NA""]",False,,no_drug_or_biological_intervention,[]
NCT00109473,Trial of Growth Hormone Therapy in Pediatric Crohn's Disease,"[""Crohn's Disease""]",2005-04-29,INTERVENTIONAL,TREATMENT,COMPLETED,"[""PHASE2""]",True,,included,"[""CHEMBL1201621""]"
NCT05474742,The Nori Health App,"[""IBD"", ""Crohn Disease"", ""Ulcerative Colitis""]",2022-07-26,INTERVENTIONAL,SUPPORTIVE_CARE,TERMINATED,"[""NA""]",False,bankruptcy app owner,not_treatment_purpose,[]
NCT01705522,Multimodal Approach in IBD Patients,"[""Ulcerative Colitis"", ""Crohn's Disease"", ""Nonalcoholic Fatty Liver Disease (NAFLD)"", ""Vitamin D Deficiency""]",2012-10-12,OBSERVATIONAL,,UNKNOWN,[],False,,not_interventional,[]
NCT04799496,A Study of Kynteles Injection (Vedolizumab) in Adults With Moderate to Severe Ulcerative Colitis or Crohn's Disease or Chronic Pouchitis,"[""Inflammatory Bowel Diseases"", ""Colitis, Ulcerative"", ""Crohn Disease""]",2021-03-16,OBSERVATIONAL,,COMPLETED,[],False,,not_interventional,[]
NCT05262829,Clinical Study of Human Umbilical Cord Mesenchymal Stem Cells in the Treatment of Moderate and Severe Crohn's Disease,"[""Crohn Disease""]",2022-03-02,INTERVENTIONAL,TREATMENT,UNKNOWN,"[""NA""]",False,,included,[]
NCT06938295,"Comparing Diagnostic Accuracy of High-end Intestinal Ultrasound Versus Mid-end Ultrasound With Tandem Ileo-colonoscopy in Inflammatory Bowel Disease : a Paired, Validating Confirmatory Study","[""Inflammatory Bowel Disease (IBD)""]",2025-04-22,INTERVENTIONAL,DIAGNOSTIC,RECRUITING,"[""NA""]",False,,no_explicit_crohn_condition,[]
NCT03904212,Adipose Tissue Injection in Perianal Fistulas in Crohn´s Disease,"[""Crohn Disease"", ""Perianal Fistulas"", ""Cell- and Tissue-Based Therapy"", ""Treatment""]",2019-04-05,INTERVENTIONAL,TREATMENT,UNKNOWN,"[""PHASE2"", ""PHASE3""]",False,,no_drug_or_biological_intervention,[]
NCT02768532,Value of Pharmacokinetic Assays in the Prediction of Induction and Maintenance Therapeutic Response in Crohn's Disease,"[""Crohn Disease""]",2016-05-11,INTERVENTIONAL,TREATMENT,TERMINATED,"[""PHASE4""]",False,low inclusion rates,included,"[""CHEMBL1743087""]"
NCT00790933,An Open-label Study of Vedolizumab (MLN0002) in Participants With Ulcerative Colitis and Crohn's Disease,"[""Ulcerative Colitis"", ""Crohn's Disease""]",2008-11-14,INTERVENTIONAL,OTHER,COMPLETED,"[""PHASE3""]",True,,not_treatment_purpose,[]
NCT06511921,Effect of Biologic Therapy on Surgical Outcomes for Perforated Crohn's Patients,"[""Crohn Disease""]",2024-07-22,OBSERVATIONAL,,COMPLETED,[],False,,not_interventional,[]
NCT04271748,The Impact of Time Restricted Feeding in Crohn's Disease,"[""Crohn's Disease (CD)""]",2020-02-17,INTERVENTIONAL,TREATMENT,COMPLETED,"[""NA""]",False,,no_drug_or_biological_intervention,[]
NCT04637399,Circadian Misalignment in Inflammatory Bowel Disease,"[""Inflammatory Bowel Diseases"", ""Crohn Disease"", ""Ulcerative Colitis""]",2020-11-19,OBSERVATIONAL,,COMPLETED,[],False,,not_interventional,[]
NCT04921033,Exclusive Enteral Nutrition in Patients With Ileocaecal Crohn's Disease,"[""Crohn Disease"", ""Nutrient; Excess"", ""Remission/Regression""]",2021-06-10,INTERVENTIONAL,TREATMENT,UNKNOWN,"[""PHASE3""]",False,,included,[]
NCT03942120,Post-Marketing Surveillance for Crohn's Disease Participants Treated With Stelara (Ustekinumab),"[""Crohn Disease""]",2019-05-08,OBSERVATIONAL,,COMPLETED,[],False,,not_interventional,[]
NCT04129723,Stopping Biological Therapy in PCD Study,"[""Perianal Crohn Disease"", ""MRI"", ""Biological Therapy""]",2019-10-17,INTERVENTIONAL,TREATMENT,WITHDRAWN,"[""NA""]",False,No suitable case identified,no_drug_or_biological_intervention,[]
NCT02096861,Demonstrate Noninferiority in Efficacy and to Assess Safety of CT-P13 in Patients With Active Crohn's Disease,"[""Crohn's Disease""]",2014-03-26,INTERVENTIONAL,TREATMENT,COMPLETED,"[""PHASE3""]",True,,included,"[""CHEMBL1201581""]"
NCT00207662,A Safety and Efficacy Study of Infliximab (Remicade) in Patients With Moderate to Severe Active Crohn's Disease,"[""Crohn Disease""]",2005-09-21,INTERVENTIONAL,TREATMENT,COMPLETED,"[""PHASE3""]",False,,included,[]
NCT00114803,Nasal Calcitonin in the Treatment of Bone Mineral Loss in Children and Adolescents With Inflammatory Bowel Disease,"[""Ulcerative Colitis"", ""Crohn's Disease""]",2005-06-20,INTERVENTIONAL,,COMPLETED,"[""NA""]",False,,included,[]
NCT05651542,A Comprehensive Self-Management Intervention for Individuals With Inflammatory Bowel Disease,"[""Inflammatory Bowel Diseases"", ""Ulcerative Colitis"", ""Crohn Disease""]",2022-12-15,INTERVENTIONAL,OTHER,COMPLETED,"[""NA""]",True,,not_treatment_purpose,[]
NCT04520594,OptiMized REsistaNt Starch in Inflammatory Bowel Disease: The MEND Trial,"[""Crohn Disease"", ""Ulcerative Colitis"", ""Inflammatory Bowel Diseases""]",2020-08-20,INTERVENTIONAL,BASIC_SCIENCE,ACTIVE_NOT_RECRUITING,"[""NA""]",False,,not_treatment_purpose,[]
NCT03282903,The PRognostic Effect of Environmental Factors in Crohn's and Colitis,"[""Inflammatory Bowel Diseases"", ""Crohn Disease"", ""Ulcerative Colitis""]",2017-09-14,OBSERVATIONAL,,COMPLETED,[],False,,not_interventional,[]
NCT07089420,ALPCO/Calprotectin CLIA Assay: Expected Values of Calprotectin in Healthy Subjects,"[""IBD (Inflammatory Bowel Disease)"", ""IBS - Irritable Bowel Syndrome"", ""Crohn Disease (CD)"", ""UC - Ulcerative Colitis""]",2025-07-28,OBSERVATIONAL,,COMPLETED,[],False,,not_interventional,[]
NCT04791878,Study of Mesenchymal Stem Cells for Pediatric Perianal Fistulizing Crohn's Disease,"[""Perianal Fistula Due to Crohn's Disease (Disorder)""]",2021-03-10,INTERVENTIONAL,TREATMENT,TERMINATED,"[""PHASE1""]",False,PI left institution,included,[]
NCT01275508,Safety and Tolerability of FITC-Adalimumab Administration During Confocal Laser Endomicroscopy of the Gut,"[""Crohn's Disease""]",2011-01-12,INTERVENTIONAL,DIAGNOSTIC,COMPLETED,"[""PHASE1"", ""PHASE2""]",False,,not_treatment_purpose,[]
NCT07211789,Real World Evidence Study With Restrictive Diet and Otral Nutritional Supplementation on Pediatric Patients With Active Chron Disease,"[""Crohn Disease""]",2025-10-08,OBSERVATIONAL,,COMPLETED,[],False,,not_interventional,[]
NCT05584735,Determining the Relationship Between Gut Microbiota and Immune Response to Influenza or COVID-19 Vaccine,"[""Inflammatory Bowel Diseases""]",2022-10-18,OBSERVATIONAL,,COMPLETED,[],False,,no_explicit_crohn_condition,[]
NCT01881490,The ImageKids Study: Developing the pMEDIC and the PICMI,"[""Crohn's Disease""]",2013-06-19,INTERVENTIONAL,DIAGNOSTIC,COMPLETED,"[""NA""]",False,,not_treatment_purpose,[]
NCT02087878,"A Blood and Tissue Sample Collection Study of Patients Who Have Inflammatory Bowel Disease, Who Have Been Treated With Adalimumab and Who Developed Hepatosplenic T-Cell Lymphoma","[""Crohn's Disease"", ""Ulcerative Colitis (UC)"", ""Hepatosplenic T-Cell Lymphoma""]",2014-03-14,OBSERVATIONAL,,WITHDRAWN,[],False,Strategic considerations,not_interventional,[]
NCT04798625,Vaccine Response to COVID-19 Vaccines in Patients Using Immunosuppressive Medication,"[""Rheumatoid Arthritis"", ""Psoriatic Arthritis"", ""Spondyloarthritis"", ""Crohn Disease"", ""Ulcerative Colitis"", ""Autoimmune Hepatitis"", ""Liver Transplant; Complications""]",2021-03-15,OBSERVATIONAL,,ACTIVE_NOT_RECRUITING,[],False,,not_interventional,[]
NCT06362174,Capsule & Omics for pRedicting Exacerbation of Crohn's Disease,"[""Crohn's Disease""]",2024-04-12,OBSERVATIONAL,,UNKNOWN,[],False,,not_interventional,[]
NCT00132899,COMMIT (Combination Of Maintenance Methotrexate-Infliximab Trial),"[""Crohn's Disease""]",2005-08-22,INTERVENTIONAL,TREATMENT,COMPLETED,"[""PHASE3""]",False,,included,"[""CHEMBL34259""]"
NCT01881464,Anti TNF α Improves Endothelial Dysfunction in IBD Patients,"[""Crohn's Disease""]",2013-06-19,OBSERVATIONAL,,UNKNOWN,[],False,,not_interventional,[]
NCT06756100,Early Inflammatory Bowel Disease Progression,"[""Inflammatory Bowel Diseases"", ""Crohn Disease (CD)"", ""Ulcerative Colitis (UC)""]",2025-01-01,OBSERVATIONAL,,RECRUITING,[],False,,not_interventional,[]
NCT05079932,Pilot Study for the Evaluation of Food Choices in Patients With Inflammatory Bowel Diseases (MICI2021),"[""Inflammatory Bowel Diseases""]",2021-10-15,OBSERVATIONAL,,UNKNOWN,[],False,,no_explicit_crohn_condition,[]
NCT03009396,Open Label Efficacy and Safety of Anti-MAP (Mycobacterium Avium Ssp. Paratuberculosis) Therapy in Adult Crohn's Disease,"[""Crohn Disease""]",2017-01-04,INTERVENTIONAL,TREATMENT,COMPLETED,"[""PHASE3""]",True,,included,[]
NCT07303686,De-escalation of Ustekinumab Therapy in Patients With Crohn's Disease and Ulcerative Colitis,"[""Crohn Disease (CD)"", ""Ulcerative Colitis (UC)""]",2025-12-26,INTERVENTIONAL,TREATMENT,RECRUITING,"[""PHASE4""]",False,,included,"[""CHEMBL1201835""]"
NCT00162942,Study for the Treatment of Crohn's Disease With Adacolumn,"[""Crohn's Disease""]",2005-09-13,INTERVENTIONAL,TREATMENT,COMPLETED,"[""PHASE3""]",True,,no_drug_or_biological_intervention,[]
NCT01797224,OTIS Cimzia Pregnancy Registry,"[""Crohn's Disease"", ""Rheumatoid Arthritis"", ""Ankylosing Spondylitis"", ""Psoriatic Arthritis"", ""Psoriasis""]",2013-02-22,OBSERVATIONAL,,ACTIVE_NOT_RECRUITING,[],False,,not_interventional,[]
NCT02513459,"A Long Term Extension Trial of BI 655066/ABBV-066 (Risankizumab), in Patients With Moderately to Severely Active Crohn's Disease","[""Crohn Disease""]",2015-07-31,INTERVENTIONAL,TREATMENT,COMPLETED,"[""PHASE2""]",True,,included,"[""CHEMBL3990029""]"
NCT03656627,Nivolumab in Patients With Advanced Non-Small Cell Lung Cancer and Pre-existing Autoimmune Disease,"[""Autoimmune Diseases"", ""Non-small Cell Lung Cancer"", ""Rheumatoid Arthritis"", ""Psoriasis"", ""Giant Cell Arteritis"", ""Polymyalgia Rheumatica"", ""Systemic Lupus Erythematosus"", ""Crohn Disease"", ""Multiple Sclerosis"", ""Ulcerative Colitis""]",2018-09-04,INTERVENTIONAL,TREATMENT,TERMINATED,"[""PHASE1""]",False,low accrual,included,"[""CHEMBL2108738""]"
NCT03755583,"Effect of Exclusive Enteral Nutrition on Disease Process, Nutritional Status and Gastrointestinal Microbiota for Chinese Children With Crohn's Disease","[""Crohn Disease"", ""Enteral Nutrition"", ""Gastrointestinal Microbiome""]",2018-11-28,INTERVENTIONAL,TREATMENT,COMPLETED,"[""NA""]",False,,no_drug_or_biological_intervention,[]
NCT06637683,Efficacy of LiveSpo COLON as a Supportive Treatment for Inflammatory Bowel Disease (IBD),"[""Inflammatory Bowel Diseases""]",2024-10-15,INTERVENTIONAL,TREATMENT,COMPLETED,"[""NA""]",False,,no_explicit_crohn_condition,[]
NCT02499783,Study to Evaluate the Safety and Efficacy of Adalimumab in Chinese Subjects With Moderate to Severe Crohn's Disease,"[""Crohn's Disease""]",2015-07-16,INTERVENTIONAL,TREATMENT,COMPLETED,"[""PHASE3""]",True,,included,"[""CHEMBL1201580""]"
NCT07245394,Switching to the IL-23 Inhibitor Guselkumab for People With Active IBD Who Previously Used Ustekinumab (SHIFT-IBD),"[""Inflammatory Bowel Disease (IBD)"", ""Crohn Disease (CD)"", ""Ulcerative Colitis (UC)"", ""IBD-unclassified (IBD-U)""]",2025-11-24,OBSERVATIONAL,,RECRUITING,[],False,,not_interventional,[]
NCT01540292,Mesenchymal Stem Cell Therapy for the Treatment of Severe or Refractory Inflammatory and/or Autoimmune Disorders,"[""Crohn's Disease""]",2012-02-28,INTERVENTIONAL,TREATMENT,TERMINATED,"[""PHASE1"", ""PHASE2""]",False,,included,[]
NCT04539665,Extended Mesenteric Excision in Ileocolic Resections for Crohn's Disease.,"[""Crohn Disease"", ""Recurrence"", ""Crohn's Ileocolitis""]",2020-09-07,INTERVENTIONAL,PREVENTION,UNKNOWN,"[""NA""]",False,,not_treatment_purpose,[]
NCT01947036,T and B Cell Responses in Autoimmune Diseases,"[""Type 1 Diabetes Mellitus"", ""Multiple Sclerosis"", ""Arthritis, Rheumatoid"", ""Crohn's Disease"", ""Psoriasis""]",2013-09-20,OBSERVATIONAL,,TERMINATED,[],False,Lack of enrollment.,not_interventional,[]
NCT02931799,Prevention of Readmissions at IBD Centres of Excellence,"[""Colitis, Ulcerative"", ""Crohn Disease"", ""Inflammatory Bowel Diseases""]",2016-10-13,INTERVENTIONAL,HEALTH_SERVICES_RESEARCH,UNKNOWN,"[""NA""]",False,,not_treatment_purpose,[]
NCT07654751,A Study to Assess Concentration of TREMFYA in Breast Milk of Lactating Women Who Are Receiving TREMFYA Therapeutically,"[""Psoriasis"", ""Colitis, Ulcerative"", ""Crohn Disease"", ""Arthritis, Psoriatic""]",2026-06-17,INTERVENTIONAL,OTHER,RECRUITING,"[""PHASE4""]",False,,not_treatment_purpose,[]
NCT07167745,Tracking the Natural Course of Silent Small Bowel Narrowing in Adults With Crohn's Disease,"[""Inflammatory Bowel Disease""]",2025-09-11,OBSERVATIONAL,,COMPLETED,[],False,,no_explicit_crohn_condition,[]
NCT02193802,Role of Capsule Endoscopy in the Evaluation of Mucosal Changes During Treatment of Patients With Active Crohn's Disease,"[""Crohn's Disease""]",2014-07-18,INTERVENTIONAL,DIAGNOSTIC,UNKNOWN,"[""NA""]",False,,not_treatment_purpose,[]
NCT07219537,A Study for Imaging the Lower Gastrointestinal Tract Using a Retro-TCE Capsule,"[""Lynch Syndrome"", ""Crohn Disease"", ""Inflammatory Bowel Diseases"", ""Healthy""]",2025-10-22,INTERVENTIONAL,DEVICE_FEASIBILITY,RECRUITING,"[""NA""]",False,,not_treatment_purpose,[]
NCT03640637,The Role of PET/MRI in the Diagnosis and Treatment of Children and Adolescents With Inflammatory Bowel Diseases,"[""Inflammatory Bowel Diseases"", ""Crohn Disease"", ""Ulcerative Colitis""]",2018-08-21,OBSERVATIONAL,,UNKNOWN,[],False,,not_interventional,[]
NCT00274209,Chromoendoscopy for Ulcerative Colitis Surveillance,"[""Ulcerative Colitis"", ""Crohn's Disease""]",2006-01-10,OBSERVATIONAL,,COMPLETED,[],False,,not_interventional,[]
NCT03733314,A Study of E6011 in Participants With Active Crohn's Disease,"[""Crohn's Disease""]",2018-11-07,INTERVENTIONAL,TREATMENT,COMPLETED,"[""PHASE2""]",True,,included,"[""CHEMBL4297942""]"
NCT03283085,A Safety Extension Study of Ontamalimab in Participants With Moderate to Severe Ulcerative Colitis or Crohn's Disease (AIDA),"[""Crohn's Disease"", ""Ulcerative Colitis""]",2017-09-14,INTERVENTIONAL,TREATMENT,COMPLETED,"[""PHASE3""]",True,,included,"[""CHEMBL2109511""]"
NCT06670638,Development of a Novel Endoscopic Index and Patient-reported Outcome Measure for Clinical Trials in Participants With Permanent Ileostomy,"[""Crohns Disease""]",2024-11-01,OBSERVATIONAL,,RECRUITING,[],False,,not_interventional,[]
NCT00072943,A Humanized Anti-Interferon-γ Monoclonal Antibody (HuZAF) for Moderate to Severe Crohn's Disease,"[""Crohn's Disease"", ""Colitis"", ""Intestinal Disease"", ""Gastrointestinal Disease"", ""Digestive System Disease""]",2003-11-17,INTERVENTIONAL,TREATMENT,COMPLETED,"[""PHASE2""]",False,,included,[]
NCT06252493,Value of PET/MR Enterography in the Assessment of Crohn's Disease Using a Collagen-binding Radiotracer.,"[""Crohn Disease""]",2024-02-09,OBSERVATIONAL,,RECRUITING,[],False,,not_interventional,[]
NCT06655415,Family Members At INcreased-risk for Developing Inflammatory Bowel Disease,"[""Inflammatory Bowel Disease (IBD)"", ""Ulcerative Colitis (UC)"", ""IBD-unclassified (IBD-U)"", ""Indeterminate Colitis"", ""Crohn's Disease Colon"", ""Crohn's Colitis"", ""Crohn's Ileocolitis"", ""Crohn's Gastritis"", ""Crohn's Jejunitis"", ""Crohn's Duodenitis"", ""Crohn's Esophagitis"", ""Ulcerative Proctitis"", ""Ulcerative Proctosigmoiditis""]",2024-10-23,OBSERVATIONAL,,RECRUITING,[],False,,not_interventional,[]
NCT05598489,Development of Novel Fecal Microbial Biomarkers for Inflammatory Bowel Disease,"[""Inflammatory Bowel Diseases"", ""Ulcerative Colitis"", ""Crohn Disease"", ""Microbiome""]",2022-10-28,OBSERVATIONAL,,UNKNOWN,[],False,,not_interventional,[]
NCT00810030,"FERINJECT for Correction of Anaemia in IBD Patients, FER-IBD-COR","[""Inflammatory Bowel Disease"", ""Anemia"", ""Iron Deficiency"", ""Iron-Deficiency Anemia"", ""Crohn's Disease"", ""Ulcerative Colitis""]",2008-12-17,INTERVENTIONAL,TREATMENT,COMPLETED,"[""PHASE3""]",False,,included,"[""CHEMBL1200823"", ""CHEMBL2108597""]"
NCT04809363,A Study of CDPATH™ to Help Manage and Treat Crohn's Disease,"[""Crohn's Disease""]",2021-03-22,INTERVENTIONAL,DIAGNOSTIC,COMPLETED,"[""PHASE4""]",False,,not_treatment_purpose,[]
NCT07240649,Emerging Indications for Hyperbaric Oxygen Treatment,"[""Post-COVID-19 Condition"", ""Ulcerative Colitis"", ""Crohn Disease"", ""Calciphylaxis"", ""Frostbite"", ""Acute COVID-19"", ""Pyoderma Gangrenosum"", ""Pterygium"", ""Hypospadias"", ""Head Trauma"", ""Pneumatosis Intestinalis"", ""Ischemic Bowel"", ""Raynaud Syndrome"", ""Malignant Otitis Externa"", ""Nonarteritic Anterior Ischemic Optic Neuropathy"", ""Central Retinal Vein Occlusion"", ""Femoral Head Necrosis"", ""Invasive Fungal Infection"", ""Chronic Anal Fissure"", ""Vasculitic Ulcer"", ""Graft-vs-Host Disease"", ""Decubitus Ulcer"", ""Greater Trochanteric Pain Syndrome"", ""Rectovaginal Fistula"", ""Pouchitis"", ""Tinnitus"", ""Clostridium Enterocolitis"", ""Branch Retinal Artery Occlusion"", ""Axonotmesis"", ""Multiple Sclerosis"", ""Inclusion Body Myositis"", ""Epidermolysis Bullosa (EB)"", ""Osteonecrosis"", ""Ulcer Ischemic"", ""Avascular Necrosis of Bone"", ""Prosthesis Related Infections"", ""Facial Filler Injections"", ""Cystitis Chronic"", ""Ligament Injury"", ""Anastomosis, Leaking"", ""Cartilage Injury""]",2025-11-21,INTERVENTIONAL,TREATMENT,NOT_YET_RECRUITING,"[""PHASE4""]",False,,included,[]
NCT02148718,Rapidity of Response to Adalimumab Treatment in Patients With Crohn´s Disease,"[""Moderate to Severe Crohn's Disease""]",2014-05-28,INTERVENTIONAL,TREATMENT,COMPLETED,"[""PHASE4""]",True,,included,"[""CHEMBL1201580""]"
NCT04102111,A Study Evaluating Participants With Moderately to Severely Active Crohn's Disease,"[""Crohn Disease""]",2019-09-25,INTERVENTIONAL,TREATMENT,TERMINATED,"[""PHASE2""]",True,"IAC completed review of futility analysis data \& determined that futility criteria were met. As a result, Janssen made decision to stop trial immediately.",included,[]
NCT07833332,Endoscopic Stricturotomy Versus Balloon Dilation for Small Bowel Fibrotic Strictures in Crohn's Disease,"[""Crohn Disease (CD)"", ""Intestinal Stricture"", ""Intestinal Fibrosis""]",2026-09-22,INTERVENTIONAL,TREATMENT,RECRUITING,"[""NA""]",False,,no_drug_or_biological_intervention,[]
NCT03648398,Pilot Study of an Online Therapeutic Education Program for Patients With Inflammatory Bowel Disease,"[""Crohn's Disease"", ""Ulcerative Colitis""]",2018-08-27,INTERVENTIONAL,SUPPORTIVE_CARE,UNKNOWN,"[""NA""]",False,,not_treatment_purpose,[]
NCT02061163,Contrast-Enhanced Ultrasound in Human Crohn's Disease,"[""Crohn's Disease""]",2014-02-12,INTERVENTIONAL,DIAGNOSTIC,WITHDRAWN,"[""PHASE1"", ""PHASE2""]",False,PI leaving UM at the end of the month,not_treatment_purpose,[]
NCT05777616,The Impact of Medication Belief on Adherence to Infliximab in Patients With Crohn's Disease,"[""Inflammatory Bowel Diseases""]",2023-03-21,OBSERVATIONAL,,COMPLETED,[],False,,no_explicit_crohn_condition,[]
NCT06069167,Bowel Urgency in Inflammatory Bowel Disease,"[""Inflammatory Bowel Diseases"", ""Crohn Disease"", ""Ulcerative Colitis""]",2023-10-05,OBSERVATIONAL,,COMPLETED,[],False,,not_interventional,[]
NCT05852587,Xylitol Use for Decolonization of C. Difficile in Patients With IBD,"[""Inflammatory Bowel Diseases"", ""Clostridioides Difficile Infection""]",2023-05-10,INTERVENTIONAL,TREATMENT,NOT_YET_RECRUITING,"[""PHASE1""]",False,,no_explicit_crohn_condition,[]
NCT06937099,Mirikizumab and Tirzepatide Administered in Adult Participants With Moderately to Severely Active Crohn's Disease and Obesity or Overweight,"[""Crohn's Disease"", ""Obesity or Overweight""]",2025-04-22,INTERVENTIONAL,TREATMENT,RECRUITING,"[""PHASE3""]",False,,included,"[""CHEMBL3990014"", ""CHEMBL4297839""]"
NCT01355614,A Phase II Efficacy Study in Fistulizing Crohn's Disease Patients,"[""Crohn's Disease""]",2011-05-18,INTERVENTIONAL,TREATMENT,COMPLETED,"[""PHASE2""]",False,,included,"[""CHEMBL1201581"", ""CHEMBL2109465""]"
NCT04186247,Personalized AZithromycin/metronidAZole Therapy in Pediatric Crohn's Disease (CD),"[""Crohn Disease"", ""Pediatric Crohns Disease""]",2019-12-04,INTERVENTIONAL,TREATMENT,TERMINATED,"[""PHASE2""]",True,The DSMB concluded that feasibility endpoints were reached in time for Week 4 but no participants receiving standard of care dietary treatment could be randomized based on the at-risk of the microbiome signature.,included,"[""CHEMBL137"", ""CHEMBL529""]"
NCT01505855,Efficacy Study of Pneumococcal Vaccination in Crohn's Disease,"[""Crohn's Disease""]",2012-01-09,INTERVENTIONAL,DIAGNOSTIC,COMPLETED,"[""PHASE4""]",False,,not_treatment_purpose,[]
NCT04119635,Pediatric Penetrating Crohn's Disease,"[""Pediatric Penetrating Crohn's Disease""]",2019-10-08,OBSERVATIONAL,,COMPLETED,[],False,,not_interventional,[]
NCT01809275,Safety and Treatment Effect of QBECO in Moderate to Severe Crohn's Disease,"[""Crohn's Disease"", ""Inflammatory Bowel Disease""]",2013-03-12,INTERVENTIONAL,TREATMENT,COMPLETED,"[""PHASE1"", ""PHASE2""]",False,,included,[]
NCT03222011,Stricture Definition and Treatment (STRIDENT) Endoscopic Therapy Study,"[""Crohn Disease"", ""Inflammatory Bowel Diseases"", ""Stricture; Bowel""]",2017-07-19,INTERVENTIONAL,TREATMENT,UNKNOWN,"[""NA""]",False,,no_drug_or_biological_intervention,[]
NCT02965209,European Novel Motorized Spiral Endoscopy Trial,"[""Disorder of Small Intestine"", ""Gastrointestinal Hemorrhage"", ""Iron Deficiency Anaemia"", ""Crohn's Disease"", ""Small Bowel Tumors"", ""Intestinal Polyposis Syndrome"", ""Coeliac Disease""]",2016-11-16,INTERVENTIONAL,TREATMENT,COMPLETED,"[""NA""]",False,,no_drug_or_biological_intervention,[]
NCT07300553,Impact Of The Gut Microbiota On Host Cells Energy Metabolism in Health And In Inflammatory Bowel Disease,"[""IBD"", ""Crohn Disease"", ""Ulcerative Colitis (UC)""]",2025-12-24,INTERVENTIONAL,BASIC_SCIENCE,RECRUITING,"[""PHASE2""]",False,,not_treatment_purpose,[]
NCT01169194,Multi-Center African-American Inflammatory Bowel Disease Study (MAAIS),"[""Inflammatory Bowel Disease""]",2010-07-26,OBSERVATIONAL,,ACTIVE_NOT_RECRUITING,[],False,,no_explicit_crohn_condition,[]
NCT07263477,A Study on the Relationship of Interleukin-7 Receptor Gene Polymorphisms With the Risk of Crohn's Disease Onset and the Efficacy of Infliximab,"[""Crohn Disease (CD)""]",2025-12-04,OBSERVATIONAL,,COMPLETED,[],False,,not_interventional,[]
NCT00705471,Impact of Infliximab in Fistulizing Crohn's Disease on Health Care Resources (Study P04204)(TERMINATED),"[""Crohn Disease""]",2008-06-26,OBSERVATIONAL,,TERMINATED,[],False,Study stopped prematurely due to enrolment challenges.,not_interventional,[]
NCT04135027,Study of Factors and Mechanisms Influencing the Effects of Treatments in Crohn's Disease,"[""Crohn Disease""]",2019-10-22,OBSERVATIONAL,,UNKNOWN,[],False,,not_interventional,[]
NCT07017959,Impact of a Human Origin Heat Inactivated Probiotic-Lactobacillus Paracasei D3.5 (LpD3.5) as Dietary Supplement on Gut Mucin and Intestinal Permeability in Adults With IBD,"[""Inflammatory Bowel Diseases""]",2025-06-12,INTERVENTIONAL,SCREENING,NOT_YET_RECRUITING,"[""NA""]",False,,no_explicit_crohn_condition,[]
NCT00988273,Confocal Endomicroscopy During Endoscopy,"[""Inflammatory Bowel Disease""]",2009-10-02,OBSERVATIONAL,,COMPLETED,[],False,,no_explicit_crohn_condition,[]
NCT05504915,Real World Data on Vedolizumab Concentration and Outcomes in Inflammatory Bowel Disease (IBD) Patients Switching From Intravenous (IV) to Subcutaneous (SC) Vedolizumab in University Hospital Center Osijek,"[""Inflammatory Bowel Diseases"", ""Crohn Disease"", ""Colitis, Ulcerative""]",2022-08-17,OBSERVATIONAL,,COMPLETED,[],False,,not_interventional,[]
NCT03861689,Tight Control Management in Perianal Crohn's Disease,"[""Inflammatory Bowel Diseases"", ""Perianal Fistula""]",2019-03-04,INTERVENTIONAL,TREATMENT,UNKNOWN,"[""NA""]",False,,no_explicit_crohn_condition,[]
NCT00160706,A follow-on Safety Study in Subjects With Crohn's Disease Who Have Previously Been Withdrawn From the Double-blind Study CDP870-031 [NCT00152490] or CDP870-032 [NCT00152425] Due to an Exacerbation of Crohn's Disease,"[""Crohn's Disease""]",2005-09-12,INTERVENTIONAL,TREATMENT,COMPLETED,"[""PHASE3""]",True,,included,[]
NCT04223518,Serum Bovine Immunoglobulin (SBI) in Children and Young Adults With Inflammatory Bowel Disease (IBD),"[""Inflammatory Bowel Diseases"", ""Ulcerative Colitis"", ""Crohn Disease""]",2020-01-10,INTERVENTIONAL,TREATMENT,TERMINATED,"[""EARLY_PHASE1""]",False,Lack of study participants,no_drug_or_biological_intervention,[]
NCT00294112,Prochymal™ Adult Human Mesenchymal Stem Cells for Treatment of Moderate-to-severe Crohn's Disease,"[""Crohn's Disease""]",2006-02-20,INTERVENTIONAL,TREATMENT,COMPLETED,"[""PHASE2""]",False,,included,"[""CHEMBL2108046""]"
NCT06448819,Real-life Use of the Crohn's Disease Exclusion Diet (CDED) in Adult Patients With Crohn's Disease,"[""Crohn Disease""]",2024-06-07,INTERVENTIONAL,TREATMENT,COMPLETED,"[""NA""]",False,,no_drug_or_biological_intervention,[]
NCT04276636,Exploring the Effects of Caltrate Supplement on the Chronic Course of Crohn's Disease Patients With Vitamin D Deficiency,"[""Crohn's Disease"", ""Vitamin D Deficiency"", ""Vitamin D Supplement""]",2020-02-19,INTERVENTIONAL,TREATMENT,UNKNOWN,"[""EARLY_PHASE1""]",False,,included,[]
NCT06902987,Efficacy and Safety of Upatinib in the Treatment of Active Anal Fistulas in Crohn's Disease,"[""Crohn&#39;s Diseases"", ""Active Anal Fistula"", ""Upadacitinib""]",2025-03-30,INTERVENTIONAL,TREATMENT,RECRUITING,"[""PHASE1""]",False,,included,"[""CHEMBL3622821""]"
NCT06833021,Screening for Hepatitis Virus B Protein X (HBx) in Colitis-associated Cancer (CAC),"[""Colitis-associated Colorectal Cancer (CAC)""]",2025-02-18,OBSERVATIONAL,,NOT_YET_RECRUITING,[],False,,no_explicit_crohn_condition,[]
NCT05284136,Exclusion Diet vs corticosteroIds in patientS With activE Crohn's Disease,"[""Crohn Disease""]",2022-03-17,INTERVENTIONAL,TREATMENT,UNKNOWN,"[""PHASE2"", ""PHASE3""]",False,,included,[]
NCT07710287,Evaluation of the Accuracy of Immunostaining of Claudin 2 to Detect Active or Inactive Inflammation in Endoscopic Biopsies of IBD,"[""Ulcerative Colitis (UC)"", ""Crohn Disease""]",2026-07-17,OBSERVATIONAL,,RECRUITING,[],False,,not_interventional,[]
NCT03077412,Study to Evaluate the Efficacy and Safety of Filgotinib in the Treatment of Perianal Fistulizing Crohn's Disease,"[""Fistulizing Crohn's Disease""]",2017-03-13,INTERVENTIONAL,TREATMENT,COMPLETED,"[""PHASE2""]",True,,included,"[""CHEMBL3301607""]"
NCT07100093,"Prospective, Multicenter Study on the Association Between Serum Ustekinumab Levels and Clinical, Biological and Endoscopic Remission in Patients With Crohn's Disease.","[""Ustekinumab Serum Levels in Patients With Crohn´s Disease""]",2025-08-03,OBSERVATIONAL,,COMPLETED,[],False,,not_interventional,[]
NCT07694609,Integrated Clinical-Occupational Management for Workers With Chronic Noncommunicable Diseases,"[""Inflammatory Bowel Diseases (IBD)"", ""Crohn Disease"", ""Ulcerative Colitis (UC)""]",2026-07-10,OBSERVATIONAL,,ACTIVE_NOT_RECRUITING,[],False,,not_interventional,[]
NCT04923100,Therapeutic Effect of New Biologics in Crohn's Disease,"[""Inflammatory Bowel Diseases"", ""Crohn Disease"", ""Ulcerative Colitis"", ""Treatment Side Effects""]",2021-06-11,OBSERVATIONAL,,COMPLETED,[],False,,not_interventional,[]
NCT04496063,USTekinumab in Fistulising Perianal Crohn's Disease (USTAP),"[""Crohn's Disease""]",2020-08-03,INTERVENTIONAL,TREATMENT,UNKNOWN,"[""PHASE4""]",False,,included,"[""CHEMBL1201835""]"
NCT04912999,Inflammatory Bowel Diseases Remission Registry,"[""Crohn Disease"", ""Ulcerative Colitis"", ""Pouchitis""]",2021-06-03,OBSERVATIONAL,,UNKNOWN,[],False,,not_interventional,[]
NCT02039063,A Phase 1/2 Study of Repeated Intravenous E6011 Administration in Japanese Subjects With Crohn's Disease,"[""Crohn's Disease""]",2014-01-17,INTERVENTIONAL,TREATMENT,COMPLETED,"[""PHASE1"", ""PHASE2""]",True,,included,"[""CHEMBL4297942""]"
NCT02871635,"BI 695501 Versus Humira in Patients With Active Crohn's Disease: a Trial Comparing Efficacy, Endoscopic Improvement, Safety, and Immunogenicity","[""Crohn Disease""]",2016-08-18,INTERVENTIONAL,TREATMENT,COMPLETED,"[""PHASE3""]",True,,included,"[""CHEMBL1201580""]"
NCT00325078,Infliximab to Treat Crohn'S-like Inflammatory Bowel Disease in Chronic Granulomatous Disease,"[""Chronic Granulomatous Disease"", ""Crohn'S-like IBD"", ""Inflammatory Bowel Disease (IBD)""]",2006-05-12,INTERVENTIONAL,TREATMENT,TERMINATED,"[""PHASE1"", ""PHASE2""]",True,Insufficient patient participation,included,"[""CHEMBL1201581""]"
NCT07113717,Post Operative Hospital at Home After Colorectal Surgery,"[""Colo-rectal Cancer"", ""Colo-rectal Surgery"", ""Colocolic and Ileocolic Anastomosis"", ""Colon and/or Rectal Resection With Anastomosis for Cancer"", ""Diverticular Disease of Colon"", ""Colon Benign Tumor"", ""Crohn Disease and Ulcerative Colitis"", ""Ileostomy Closure"", ""Stoma Reversal Procedure""]",2025-08-11,INTERVENTIONAL,SUPPORTIVE_CARE,NOT_YET_RECRUITING,"[""NA""]",False,,not_treatment_purpose,[]
NCT02839317,COmparison of MicroBiota AccordIng to Age in Crohn's Disease (COMeBACk),"[""Crohn's Disease""]",2016-07-20,OBSERVATIONAL,,COMPLETED,[],False,,not_interventional,[]
NCT04842149,The Effects of Bifidobacterium Breve Bif195 for Small Intestinal Crohn's Disease,"[""Crohn Disease""]",2021-04-13,INTERVENTIONAL,TREATMENT,COMPLETED,"[""NA""]",False,,no_drug_or_biological_intervention,[]
NCT00446433,A Study to Evaluate CC-5013 in the Treatment of Adolescents and Adults With Moderately Severe Crohn's Disease,"[""Crohn's Disease""]",2007-03-12,INTERVENTIONAL,TREATMENT,COMPLETED,"[""PHASE2""]",False,,included,"[""CHEMBL848""]"
NCT06125678,Correlation of Cross Sectional Imaging and Small Intestinal Contrast Ultrasonography in Known Crohn's Disease,"[""Crohn Disease"", ""Ultrasound Therapy; Complications"", ""Computed Tomography"", ""Magnetic Resonance Imaging""]",2023-11-09,INTERVENTIONAL,DIAGNOSTIC,COMPLETED,"[""NA""]",False,,not_treatment_purpose,[]
NCT04538638,Mesenteric SParIng Versus Central mesenterectomY in Ileocolic Resection for Terminal Ileitis in Crohn's Disease,"[""Crohn's Disease""]",2020-09-04,INTERVENTIONAL,TREATMENT,COMPLETED,"[""NA""]",False,,no_drug_or_biological_intervention,[]
NCT04065048,A Dietary Intervention Study on the Microbiome in Crohn's Disease Patients,"[""Crohn Disease""]",2019-08-22,INTERVENTIONAL,OTHER,COMPLETED,"[""NA""]",True,,not_treatment_purpose,[]
NCT03150238,Surgically Resected Crohn's Disease Patients: Prognostic Factors for Re-operation and New Score Building,"[""Crohn Disease""]",2017-05-12,OBSERVATIONAL,,UNKNOWN,[],False,,not_interventional,[]
NCT02148640,The NOR-SWITCH Study,"[""Rheumatoid Arthritis"", ""Spondyloarthritis"", ""Psoriatic Arthritis"", ""Ulcerative Colitis"", ""Crohn's Disease"", ""Psoriasis Chronic""]",2014-05-28,INTERVENTIONAL,TREATMENT,COMPLETED,"[""PHASE4""]",False,,included,"[""CHEMBL1201581""]"
NCT03650413,An Extension Study to Evaluate the Long-Term Safety and Tolerability of UTTR1147A in Participants With Moderate to Severe Ulcerative Colitis or Crohn's Disease,"[""Ulcerative Colitis"", ""Crohn's Disease""]",2018-08-28,INTERVENTIONAL,TREATMENT,TERMINATED,"[""PHASE2""]",True,This study was terminated early by the Sponsor based on the interim analysis of Study GA39925 (NCT03558152) that showed low efficacy of UTTR1147A in ulcerative colitis. Development of the drug in this indication has been terminated.,included,"[""CHEMBL4650250""]"
NCT01632462,"A Prospective, Placebo Controlled, Double-Blind, Cross-over Study on the Effects of a Probiotic Preparation (VSL#3) on Metabolic Profile, Intestinal Permeability, Microbiota, Cytokines and Chemokines Expression and Other Inflammatory Markers in Pediatric Patients With Crohn's Disease","[""Crohn's Disease""]",2012-07-03,INTERVENTIONAL,TREATMENT,UNKNOWN,"[""PHASE4""]",False,,included,[]
NCT05611866,A Pilot Study of FMT on CD Patients With AIEC,"[""Crohn Disease""]",2022-11-10,INTERVENTIONAL,TREATMENT,UNKNOWN,"[""NA""]",False,,no_drug_or_biological_intervention,[]
NCT05130983,Study of ExoFlo for the Treatment of Medically Refractory Crohn's Disease,"[""Crohn Disease"", ""Inflammatory Bowel Diseases""]",2021-11-23,INTERVENTIONAL,TREATMENT,TERMINATED,"[""PHASE1""]",False,Enrollment challenges.,included,[]
NCT00234741,Study of STA-5326 Mesylate in Patients With Moderate to Severe Crohn's Disease,"[""Crohn's Disease""]",2005-10-07,INTERVENTIONAL,,COMPLETED,"[""PHASE2""]",False,,included,[]
NCT04882566,Assessment of Nutritional Knowledge in Patients With Inflammatory Bowel Disease,"[""Ulcerative Colitis"", ""Crohn Disease"", ""Nutrition""]",2021-05-12,OBSERVATIONAL,,UNKNOWN,[],False,,not_interventional,[]
NCT04654494,Colorectal Cancer in Crohn's Disease,"[""Crohn Disease"", ""Colorectal Cancer"", ""Inflammatory Bowel Diseases""]",2020-12-04,OBSERVATIONAL,,UNKNOWN,[],False,,not_interventional,[]
NCT01787786,Improving Treatment of Inflammatory Bowel Diseases Through Better Understanding Infliximab Drug and Antibody Levels,"[""Crohn's Disease"", ""Ulcerative Colitis""]",2013-02-11,OBSERVATIONAL,,WITHDRAWN,[],False,Unable to align the study questions with a complementary trial,not_interventional,[]
NCT04508088,Skeletal Health and Bone Marrow Composition in Newly Diagnosed Adolescents With Crohn Disease,"[""Inflammatory Bowel Disease"", ""Crohn Disease""]",2020-08-11,OBSERVATIONAL,,RECRUITING,[],False,,not_interventional,[]
NCT06666569,Evaluation of the Effectiveness of Kits Promonitor-IFX/ADL and Promonitor-Anti-IFX/ADL in Patients With IBD,"[""Crohn Disease and Ulcerative Colitis""]",2024-10-30,OBSERVATIONAL,,COMPLETED,[],False,,not_interventional,[]
NCT06116331,The Mind-Body IBD Study: Understanding the Mind-body Connection in IBD,"[""Inflammatory Bowel Diseases"", ""Crohn Disease"", ""Ulcerative Colitis"", ""Crohn Colitis""]",2023-11-03,OBSERVATIONAL,,UNKNOWN,[],False,,not_interventional,[]
NCT05421455,Surgery vs Biologics for Treating Stricturing CD--a RCT,"[""Crohn Disease""]",2022-06-16,INTERVENTIONAL,TREATMENT,RECRUITING,"[""NA""]",False,,included,[]
NCT06381518,Switching From Intravenous to Subcutaneous Infliximab in Adult Patients With Inflammatory Bowel Disease,"[""IBD"", ""Infliximab"", ""Crohn Disease"", ""Ulcerative Colitis""]",2024-04-24,INTERVENTIONAL,TREATMENT,COMPLETED,"[""NA""]",False,,no_drug_or_biological_intervention,[]
NCT01676324,FOCUS: The Future of Fecal Calprotectin Utility Study for the Diagnosis and Management of Inflammatory Bowel Disease (IBD),"[""Inflammatory Bowel Disease"", ""Crohn's Disease"", ""Ulcerative Colitis""]",2012-08-30,OBSERVATIONAL,,COMPLETED,[],False,,not_interventional,[]
NCT00094458,Trial Comparing Infliximab and Infliximab and Azathioprine in the Treatment of Patients With Crohn's Disease na�ve to Both Immunomodulators and Biologic Therapy (Study of Biologic and Immunomodulator Naive Patients in Chrohn's Disease: SONIC,"[""Crohn Disease""]",2004-10-20,INTERVENTIONAL,TREATMENT,COMPLETED,"[""PHASE3""]",True,,included,[]
NCT07403968,A Study of Zasocitinib (TAK-279) in Adults With Active Crohn's Disease,"[""Crohn's Disease""]",2026-02-11,INTERVENTIONAL,TREATMENT,RECRUITING,"[""PHASE2""]",False,,included,"[""CHEMBL5314423""]"
NCT03262649,Manitoba Inflammatory Bowel Disease Cohort Study,"[""Inflammatory Bowel Diseases"", ""Crohn Disease"", ""Ulcerative Colitis""]",2017-08-25,OBSERVATIONAL,,COMPLETED,[],False,,not_interventional,[]
NCT02073526,Anti-TNF-alpha Trough Level Measurements in Inflammatory Bowel Disease,"[""Inflammatory Bowel Disease"", ""Crohn's Disease"", ""Ulcerative Colitis""]",2014-02-27,OBSERVATIONAL,,COMPLETED,[],False,,not_interventional,[]
NCT02161640,Vascular Dysfunction in Paediatric IBD,"[""Inflammatory Bowel Disease"", ""Crohn Disease"", ""Ulcerative Colitis""]",2014-06-12,OBSERVATIONAL,,COMPLETED,[],False,,not_interventional,[]
NCT06813768,Treatment of Rectovaginal Crohn's Fistula by Combination of TAAM Injection and Biological Plug Placement,"[""Rectovaginal Fistula"", ""Crohn Disease""]",2025-02-07,INTERVENTIONAL,TREATMENT,SUSPENDED,"[""NA""]",False,Study currently suspended due to device-related issues,no_drug_or_biological_intervention,[]
NCT00130390,Study of Nitazoxanide Tablets in the Treatment of Mild to Moderate Active Crohn's Disease,"[""Crohn's Disease""]",2005-08-15,INTERVENTIONAL,TREATMENT,TERMINATED,"[""PHASE2""]",False,terminated due to slow recruitment,included,"[""CHEMBL1401""]"
NCT04919252,Efficacy and Safety of Vedolizumab in Biologic-naïve Korean Patients With Moderate to Severe Inflammatory Bowel Disease,"[""Crohn's Disease and Ulcerative Colitis""]",2021-06-09,INTERVENTIONAL,TREATMENT,UNKNOWN,"[""PHASE3""]",False,,included,"[""CHEMBL1743087""]"
NCT00468455,Post-Op Quality of Life After Colorectal Surgery,"[""Colorectal Neoplasms"", ""Colitis, Ulcerative"", ""Diverticulitis"", ""Colonic Polyps"", ""Crohn Disease""]",2007-05-02,OBSERVATIONAL,,COMPLETED,[],False,,not_interventional,[]
NCT03366090,Immunological Profiles in Inflammatory Bowel Disease,"[""IBD"", ""Immunology"", ""Crohn Disease"", ""Ulcerative Colitis"", ""T Cell Subsets"", ""Immunological Profiles""]",2017-12-08,OBSERVATIONAL,,UNKNOWN,[],False,,not_interventional,[]
NCT00586352,Protein Metabolism in Newly Diagnosed Pediatric Inflammatory Bowel Disease,"[""Crohn's Disease"", ""Ulcerative Colitis"", ""Protein Metabolism""]",2008-01-04,INTERVENTIONAL,BASIC_SCIENCE,COMPLETED,"[""NA""]",False,,not_treatment_purpose,[]
NCT00715117,The Efficacy of Low Dose Naltrexone Therapy in Children With Crohn's Disease,"[""Crohn's Disease""]",2008-07-15,INTERVENTIONAL,TREATMENT,COMPLETED,"[""PHASE2""]",True,,included,"[""CHEMBL19019""]"
NCT06575660,Digital Support for Mental Health Intervention in Patients With Inflammatory Bowel Disease,"[""Inflammatory Bowel Diseases"", ""Anxiety"", ""Depression"", ""Ulcerative Colitis"", ""Crohn Disease""]",2024-08-28,INTERVENTIONAL,OTHER,COMPLETED,"[""NA""]",False,,not_treatment_purpose,[]
NCT04456517,Reduce Crohn's-Associated Diarrhea With Sodium Channel Therapy,"[""Crohn's Disease"", ""Inflammatory Bowel Disease""]",2020-07-02,INTERVENTIONAL,TREATMENT,TERMINATED,"[""PHASE2""]",True,Low accrual and subject engagement,included,"[""CHEMBL1404""]"
NCT03414788,Distribution of a Single IV Dose Of [124I]-Pf 06687234 and Pf 06687234 Assessed With PET-CT Imaging In Moderate To Severe Ulcerative Colitis and Crohn's Disease,"[""Inflammatory Bowel Disease""]",2018-01-30,INTERVENTIONAL,OTHER,WITHDRAWN,"[""PHASE1""]",False,The study was withdrawn due to not being able to recruit subjects.,no_explicit_crohn_condition,[]
NCT06681324,Study Evaluating AZD7798 for Treatment in Crohn's Disease Patients With an Ileostomy,"[""Crohn's Disease""]",2024-11-08,INTERVENTIONAL,OTHER,ACTIVE_NOT_RECRUITING,"[""PHASE2""]",False,,not_treatment_purpose,[]
NCT00138879,Citrulline: A Plasmatic Marker to Assess and Monitor Small Bowel Crohn's Disease Patients,"[""Crohn's Disease"", ""Short Bowel Syndrome"", ""Malabsorption Syndromes"", ""Celiac Disease""]",2005-08-30,OBSERVATIONAL,,COMPLETED,[],False,,not_interventional,[]
NCT06912815,Ustekinumab With Semi-EN vs Exclusive EN for Preoperative Crohn's Disease Optimization.,"[""Crohn Disease (CD)""]",2025-04-06,INTERVENTIONAL,TREATMENT,RECRUITING,"[""NA""]",False,,included,[]
NCT01297907,Bronchial Hyperreactivity in Children With Crohn Disease,"[""Crohn's Disease""]",2011-02-17,OBSERVATIONAL,,COMPLETED,[],False,,not_interventional,[]
NCT04522271,Resistant Starch in Pediatric Inflammatory Bowel Disease (Crohn's Disease or Ulcerative Colitis),"[""Crohn Disease"", ""Ulcerative Colitis"", ""Inflammatory Bowel Diseases""]",2020-08-21,INTERVENTIONAL,BASIC_SCIENCE,ACTIVE_NOT_RECRUITING,"[""NA""]",False,,not_treatment_purpose,[]
NCT06023667,SMART-IBD App Trial,"[""Inflammatory Bowel Diseases"", ""IBD"", ""Crohn Disease"", ""Ulcerative Colitis""]",2023-09-05,INTERVENTIONAL,TREATMENT,COMPLETED,"[""NA""]",False,,no_drug_or_biological_intervention,[]
NCT02596893,Efficacy and Safety Study of Mongersen (GED-0301) for the Treatment of Subjects With Active Crohn's Disease,"[""Crohn Disease""]",2015-11-04,INTERVENTIONAL,TREATMENT,TERMINATED,"[""PHASE3""]",True,,included,"[""CHEMBL3707383""]"
NCT01169207,Johns Hopkins Crohn's Disease and Ulcerative Colitis Study,"[""Inflammatory Bowel Disease""]",2010-07-26,OBSERVATIONAL,,ACTIVE_NOT_RECRUITING,[],False,,no_explicit_crohn_condition,[]
NCT04835506,Proactive Infliximab Optimization Using a Pharmacokinetic Dashboard Versus Standard of Care in Patients With Inflammatory Bowel Disease: The OPTIMIZE Trial,"[""Crohn Disease"", ""Ulcerative Colitis"", ""Inflammatory Bowel Diseases""]",2021-04-08,INTERVENTIONAL,TREATMENT,ACTIVE_NOT_RECRUITING,"[""PHASE4""]",False,,included,"[""CHEMBL1201581""]"
NCT01388933,A Safety and Efficacy Study of Daikenchuto (TU-100) to Treat Crohn's Disease,"[""Crohn's Disease""]",2011-07-07,INTERVENTIONAL,TREATMENT,TERMINATED,"[""PHASE2""]",False,Study stopped due to low enrollment,included,"[""CHEMBL4297331""]"
NCT07740499,TOLerogenic Potential of Hematopoietic Stem and Progenitor Cells and Inflammatory Bowel Disease,"[""Inflammatory Bowel Disease (Crohn's Disease; Ulcerative Colitis)""]",2026-07-31,OBSERVATIONAL,,NOT_YET_RECRUITING,[],False,,not_interventional,[]
NCT03670693,Non-invasive Approaches to Identify the Cause of Fatigue in Inflammatory Bowel Disease Patients.,"[""Crohn Disease""]",2018-09-13,INTERVENTIONAL,DIAGNOSTIC,COMPLETED,"[""NA""]",False,,not_treatment_purpose,[]
NCT06514092,Study on the Long-Term Risk of Recurrence of Anoperineal Fistula in Crohn's Disease,"[""Crohn Disease""]",2024-07-23,OBSERVATIONAL,,COMPLETED,[],False,,not_interventional,[]
NCT02887287,Efficacy of Exclusive Enteral Nutrition in Adult Active Crohn's Disease,"[""Efficacy of Exclusive Enteral Nutrition in Adult Active Crohn's Disease With Complications or Failure of Medical Treatment""]",2016-09-02,OBSERVATIONAL,,COMPLETED,[],False,,not_interventional,[]
NCT01864616,The Impact of Vitamin D on Disease Activity in Crohn's Disease,"[""Crohn Disease""]",2013-05-29,INTERVENTIONAL,TREATMENT,TERMINATED,"[""NA""]",False,We couldn't recruit the sample the we required,no_drug_or_biological_intervention,[]
NCT06998316,Spondylo-arthritis Screening Tool Among Patient Suffering From Inflammatory Bowel Disease,"[""Spondylarthritis"", ""Inflammatory Bowel Diseases"", ""Crohn Disease"", ""Ulcerative Colitis"", ""Spondylitis, Ankylosing""]",2025-05-31,OBSERVATIONAL,,NOT_YET_RECRUITING,[],False,,not_interventional,[]
NCT05861167,SIIT Based on UST CDST in Patients With CD,"[""Crohn Disease""]",2023-05-16,INTERVENTIONAL,TREATMENT,UNKNOWN,"[""PHASE4""]",False,,included,[]
NCT05683730,Intermittent Caloric Restriction in Patients With Mild to Moderate Crohn's Disease,"[""Crohn's Disease""]",2023-01-13,INTERVENTIONAL,OTHER,RECRUITING,"[""NA""]",False,,not_treatment_purpose,[]
NCT06432764,Positron Emission Tomography Study of Changes in [11C]AZ14132516 Uptake Following Administration of AZD7798 to Patients With Crohn's Disease.,"[""Crohn Disease""]",2024-05-29,INTERVENTIONAL,TREATMENT,COMPLETED,"[""PHASE1""]",False,,included,[]
NCT00007163,Monoclonal Antibody Treatment of Crohn's Disease,"[""Crohn's Disease""]",2000-12-11,INTERVENTIONAL,TREATMENT,COMPLETED,"[""PHASE1""]",False,,included,"[""CHEMBL1742995""]"
NCT03051204,OptiCal Study -Optimizing Fecal Calprotectin Monitoring: a Clinical Study Comparing CalproLab Against PhiCal and Evaluating Its Association With the Gut Microbiome,"[""Crohn Disease"", ""Ulcerative Colitis"", ""Irritable Bowel Syndrome"", ""Celiac Disease"", ""Healthy""]",2017-02-13,OBSERVATIONAL,,COMPLETED,[],False,,not_interventional,[]
NCT03017014,A Study to Assess Safety and Effectiveness of Adalimumab for Treating Children and Adolescents With Crohn's Disease in Real Life Conditions,"[""Crohn's Disease""]",2017-01-11,OBSERVATIONAL,,TERMINATED,[],False,Low enrollment,not_interventional,[]
NCT05040464,Comparison of Azathioprine to Methotrexate in Combination Therapy With Adalimumab in Crohn's Disease: an Open-label Randomized Controlled Trial,"[""Crohn Disease"", ""Azathioprine"", ""Methotrexate""]",2021-09-10,INTERVENTIONAL,TREATMENT,RECRUITING,"[""PHASE3""]",False,,included,"[""CHEMBL1542"", ""CHEMBL34259""]"
NCT02453607,The Impact of 6MP Metabolite Levels on Infliximab Pharmacokinetics and Anti-infliximab Antibodies in Crohn's Disease,"[""Inflammatory Bowel Disease"", ""Crohn's Disease""]",2015-05-25,OBSERVATIONAL,,UNKNOWN,[],False,,not_interventional,[]
NCT07344428,Efficacy and Safety of CDED With Anti-TNF-α Biologics in Crohn's Disease,"[""Crohn Disease""]",2026-01-15,INTERVENTIONAL,TREATMENT,NOT_YET_RECRUITING,"[""NA""]",False,,no_drug_or_biological_intervention,[]
NCT03809728,IDENTIFICATION OF PROGNOSTIC AND PREDICTIVE BIOMARKERS IN INFLAMMATORY BOWEL DISEASE,"[""Inflammatory Bowel Diseases"", ""Crohn Disease"", ""Ulcerative Colitis""]",2019-01-18,INTERVENTIONAL,TREATMENT,RECRUITING,"[""NA""]",False,,no_drug_or_biological_intervention,[]
NCT06455267,Preliminary Clinical Study on the Effect of L-ornithine on the Efficacy of Ustekinumab in Patients With Crohn's Disease,"[""Mild to Severe Crohns Disease""]",2024-06-12,INTERVENTIONAL,TREATMENT,UNKNOWN,"[""NA""]",False,,no_drug_or_biological_intervention,[]
NCT00783692,Study of Vedolizumab (MLN0002) in Patients With Moderate to Severe Crohn's Disease,"[""Crohn's Disease""]",2008-11-03,INTERVENTIONAL,TREATMENT,COMPLETED,"[""PHASE3""]",True,,included,"[""CHEMBL1743087""]"
NCT04887428,Occupational Insertion and Educational Level of Adult Patients With Pediatric Early Inflammatory Bowel Disease (IBD),"[""Crohn Disease"", ""Ulcerative Colitis""]",2021-05-14,OBSERVATIONAL,,COMPLETED,[],False,,not_interventional,[]
NCT04189692,Evolution of Fatigue in Patients With Inflammatory Bowel Disease,"[""Fatigue"", ""Inflammatory Bowel Diseases"", ""Crohn Disease"", ""Ulcerative Colitis""]",2019-12-06,OBSERVATIONAL,,UNKNOWN,[],False,,not_interventional,[]
NCT03819257,Anorectal Function in Perianal Crohn's Disease,"[""Crohn Disease""]",2019-01-28,OBSERVATIONAL,,COMPLETED,[],False,,not_interventional,[]
NCT00897312,"Effect of Biological Therapy on Biomarkers in Patients With Untreated Hepatitis C, Metastatic Melanoma, or Crohn Disease","[""Melanoma""]",2009-05-12,OBSERVATIONAL,,TERMINATED,[],False,slow accrual,no_explicit_crohn_condition,[]
NCT06498167,Active Pharmacovigilance Study of the Medicine Rinvoq™ (Upadacitinib),"[""Inflammatory Disease"", ""Drug Side Effect"", ""Drug Use"", ""Adverse Drug Event"", ""Adverse Drug Reaction"", ""Safety Issues""]",2024-07-12,OBSERVATIONAL,,UNKNOWN,[],False,,no_explicit_crohn_condition,[]
NCT05463900,Microbial and Human Determinants of the Onset of IBD Flares,"[""Ulcerative Colitis"", ""Crohn Disease"", ""Irritable Bowel"", ""Crohns Disease Aggravated"", ""Crohn Disease in Remission""]",2022-07-19,OBSERVATIONAL,,UNKNOWN,[],False,,not_interventional,[]
NCT07524244,Ketogenic and Carnivore (Lion) Diets for Inflammatory Bowel Disease and Rheumatoid Arthritis,"[""Rheumatoid Arthritis (RA)"", ""Crohn's Disease (CD)"", ""Ulcerative Colitis (UC)""]",2026-04-13,INTERVENTIONAL,TREATMENT,RECRUITING,"[""NA""]",False,,no_drug_or_biological_intervention,[]
NCT05075811,Study of Ossium Mesenchymal Stem Cells for the Treatment of Pouch Fistulas in the Setting of Crohn's Disease,"[""Pouch, Ileal"", ""Fistula""]",2021-10-13,INTERVENTIONAL,TREATMENT,TERMINATED,"[""PHASE1"", ""PHASE2""]",False,PI left institution,no_explicit_crohn_condition,[]
NCT06573944,IUS Predicts Upadacitinib Efficacy in Patients With Moderate to Severe Crohn's Disease：a Prospective Study,"[""Crohn's Disease"", ""Upadacitinib"", ""Intestinal Ultrasound"", ""Predictors""]",2024-08-27,OBSERVATIONAL,,UNKNOWN,[],False,,not_interventional,[]
NCT06526234,Performance of Non-injected MR Enterography Compared to a Conventional MR Enterography Protocol With Contrast Agent Injection,"[""Crohn Disease""]",2024-07-29,OBSERVATIONAL,,COMPLETED,[],False,,not_interventional,[]
NCT06206811,Phase 1 Study to Investigate OD-07656 in Healthy Adult Participants,"[""Inflammatory Bowel Diseases"", ""Blau Syndrome"", ""Crohn Disease"", ""Ulcerative Colitis"", ""Spondyloarthritis""]",2024-01-16,INTERVENTIONAL,TREATMENT,COMPLETED,"[""PHASE1""]",False,,included,[]
NCT07821645,Modulen IBD for Induction and Maintenance of Remission in Pediatric Crohn's Disease,"[""Crohn Disease"", ""Inflammatory Bowel Diseases"", ""Pediatric Crohns Disease""]",2026-09-16,OBSERVATIONAL,,NOT_YET_RECRUITING,[],False,,not_interventional,[]
NCT02179372,Eicosapentaenoic Free Fatty Acid and Fecal Calprotectin in Inflammatory Bowel Diseases,"[""Ulcerative Colitis"", ""Crohn's Disease""]",2014-07-01,INTERVENTIONAL,TREATMENT,COMPLETED,"[""NA""]",False,,no_drug_or_biological_intervention,[]
NCT07157436,Implementation of Point Of Care UltraSound in the Assessment of Crohn's Disease -The POCUS Study,"[""Crohn Disease of Small Intestine""]",2025-09-05,OBSERVATIONAL,,TERMINATED,[],False,Lack of Recruitment due to COVID-19 Pandemic (no face to face patient appointments),not_interventional,[]
NCT00206700,Open-label Trial of Leukine in Active Crohn's Disease,"[""Crohn Disease""]",2005-09-21,INTERVENTIONAL,TREATMENT,TERMINATED,"[""PHASE2""]",False,,included,[]
NCT04266600,Extended Mesenteric Excision in Ileocolic Resections for Crohn's Disease,"[""Crohn Disease"", ""Recurrence"", ""Crohn's Ileocolitis""]",2020-02-12,INTERVENTIONAL,HEALTH_SERVICES_RESEARCH,UNKNOWN,"[""NA""]",False,,not_treatment_purpose,[]
NCT05039411,Safety of Allogeneic Human Umbilical Cord Mesenchymal Stem Cells (UC-MSCs) to Treat Perianal Fistulas w/ Crohn's Disease,"[""Perianal Fistula Due to Crohn's Disease"", ""Fistula in Ano""]",2021-09-09,INTERVENTIONAL,TREATMENT,RECRUITING,"[""PHASE1""]",False,,included,[]
NCT03435016,"A Comparative Study of MRI, US and CE for Assessing Treatment Response in Known Crohn's Disease","[""Crohn Disease""]",2018-02-15,INTERVENTIONAL,DIAGNOSTIC,COMPLETED,"[""NA""]",False,,not_treatment_purpose,[]
NCT05456763,Butyrate in Pediatric Inflammatory Bowel Disease,"[""Inflammatory Bowel Diseases""]",2022-07-13,INTERVENTIONAL,TREATMENT,COMPLETED,"[""NA""]",False,,no_explicit_crohn_condition,[]
NCT00267709,Visilizumab for Treatment of Perianal Fistulas in Crohn's Disease,"[""Crohn's Disease""]",2005-12-21,INTERVENTIONAL,TREATMENT,COMPLETED,"[""PHASE2""]",False,,included,"[""CHEMBL2108811""]"
NCT04754620,Distant Management of Crohn's Disease by Smartphones is Feasible and Effective Additionally it Reduces the Costs,"[""Crohn Disease""]",2021-02-15,INTERVENTIONAL,HEALTH_SERVICES_RESEARCH,COMPLETED,"[""NA""]",False,,not_treatment_purpose,[]
NCT04031469,A Non-Interventional Pilot Study to Explore the Role of Gut Flora in Disease,"[""Gut Microbiome"", ""Gastrointestinal Microbiome"", ""Autism"", ""Autism Spectrum Disorder"", ""Autism Spectrum Disorder High-Functioning"", ""Alzheimer Disease"", ""Alzheimer Dementia (AD)"", ""Alzheimer Dementia"", ""Alzheimer Disease (AD)"", ""Crohn"", ""Crohn Colitis"", ""Crohn Disease (CD)"", ""Crohn Disease Colon"", ""Myalgic Encephalomyelitis"", ""ME/CFS"", ""Myalgic Encephalomyelitis (ME)"", ""Myalgic Encephalomyelitis/Chronic Fatigue Syndrome"", ""Psoriasis"", ""Psoriasis Annularis"", ""Psoriasis Chronic"", ""Chronic Urinary Tract Infection"", ""Ulcerative Colitis (Disorder)"", ""Ulcerative Colitis (UC)"", ""Ulcerative Colitis Acute"", ""Ulcerative Colitis Chronic"", ""Multiple Sclerosis"", ""Multiple Sclerosis (MS) - Relapsing-remitting"", ""Multiple Sclerosis (MS) Primary Progressive"", ""Constipation Chronic Idiopathic"", ""Constipation"", ""Celiac"", ""Celiac Disease"", ""Celiac Sprue"", ""Lyme Arthritis"", ""Lyme Borreliosis, Nervous System"", ""Lyme Disease, Chronic"", ""Cholesterol"", ""Cholesterol Level, High"", ""Cancer"", ""Colon Cancer"", ""Amyotrophic Lateral Sclerosis (ALS)"", ""Amyotrophic Lateral Sclerosis"", ""Rheumatoid Arthritis (RA)"", ""Rheumatoid Arthritis - Rheumatism"", ""Chronic Fatigue Syndrome (CFS)"", ""PARKINSON DISEASE (Disorder)"", ""Parkinson Disease"", ""Parkinson Disease (PD)"", ""Depression"", ""Major Depressive Disorder (MDD)"", ""Depression Disorder"", ""Depression in Adults"", ""Anxiety"", ""Anxiety Disorder Generalized"", ""Obsessive Compulsive Disorder (OCD)"", ""Obsessive Compulsive Disorder OCD"", ""Obsessive - Compulsive Disorder"", ""Bipolar"", ""Bipolar 1 Disorder"", ""Bipolar Disorder (BD)"", ""Bipolar Disorder I and II"", ""Bipolar and Related Disorders"", ""Migraine"", ""Migraine Disorder"", ""Diabetes (DM)"", ""Diabetes"", ""Lupus"", ""Lupus Erythematosus"", ""Epidermolysis Bullosa (EB)"", ""Mesothelioma"", ""Mesothelioma Malignant"", ""IBS (Irritable Bowel Syndrome)"", ""Irritable Bowel"", ""IBS - Irritable Bowel Syndrome"", ""Irritable Bowel Syndrome (IBS)"", ""Eczema"", ""Eczema Atopic Dermatitis"", ""Acne"", ""Myasthaenia Gravis"", ""Gout""]",2019-07-24,OBSERVATIONAL,,SUSPENDED,[],False,Administrative,not_interventional,[]
NCT02842450,Study of Photographs of Interest in Training to Obtain Good Reproducibility of the Diagnosis of Perianal Lesions of Crohn's Disease Inspection in Internal Gastroenterology,"[""Crohn""]",2016-07-22,OBSERVATIONAL,,COMPLETED,[],False,,not_interventional,[]
NCT03251118,A 5-year Longitudinal Observational Study of Patients Undergoing Therapy for Inflammatory Bowel Disease,"[""Inflammatory Bowel Diseases"", ""Crohn's Disease"", ""Ulcerative Colitis"", ""Indeterminate Colitis""]",2017-08-16,OBSERVATIONAL,,ACTIVE_NOT_RECRUITING,[],False,,not_interventional,[]
NCT02389790,Extension Study of MT-1303 in Subjects With Crohn's Disease,"[""Crohn's Disease""]",2015-03-17,INTERVENTIONAL,TREATMENT,COMPLETED,"[""PHASE2""]",False,,included,"[""CHEMBL3707375""]"
NCT03220841,Stricture Definition and Treatment (STRIDENT) Drug Therapy Study,"[""Crohn Disease"", ""Inflammatory Bowel Diseases"", ""Stricture; Bowel""]",2017-07-18,INTERVENTIONAL,TREATMENT,UNKNOWN,"[""PHASE4""]",False,,included,"[""CHEMBL1201580""]"
NCT06351124,Beta-Hydroxybutyrate Feasibility Treating IBD,"[""Crohn's Disease"", ""Inflammatory Bowel Diseases""]",2024-04-08,INTERVENTIONAL,SUPPORTIVE_CARE,UNKNOWN,"[""PHASE1"", ""PHASE2""]",False,,not_treatment_purpose,[]
NCT07424040,The Efficacy and Safety of Infliximab Combination With Azathioprine in Crohn's Disease in Children,"[""Crohn's Diseases"", ""Crohn's Disease in Pediatric Patient""]",2026-02-20,INTERVENTIONAL,TREATMENT,NOT_YET_RECRUITING,"[""NA""]",False,,included,[]
NCT01540942,Impact of Disease Activity and Nutrition Treat on Postoperative Recurrence and Complications After Bowel Resection for Crohn's Disease,"[""Crohn's Disease""]",2012-02-29,INTERVENTIONAL,TREATMENT,COMPLETED,"[""NA""]",False,,no_drug_or_biological_intervention,[]
NCT01012570,The Effect of Adalimumab on the Bone Microstructure in Crohn's Disease (CD) Patients,"[""Crohn's Disease""]",2009-11-13,OBSERVATIONAL,,TERMINATED,[],False,not enough patients enrolled,not_interventional,[]
NCT00554710,Top Down Versus Step Up Strategies in Crohn's Disease,"[""Crohn's Disease""]",2007-11-07,INTERVENTIONAL,TREATMENT,COMPLETED,"[""PHASE4""]",False,,included,[]
NCT01046773,Vitamin D Supplementation as Non-toxic Immunomodulation in Children With Crohn's Disease,"[""Crohn's Disease"", ""Vitamin D Deficiency""]",2010-01-12,INTERVENTIONAL,BASIC_SCIENCE,TERMINATED,"[""PHASE1""]",False,Low enrollment,not_treatment_purpose,[]
NCT06995170,Investigation of the Correlation Between Polyamine Levels and Their Key Enzymatic Activities in Association With Inflammatory Bowel Disease Progression,"[""Inflammatory Bowel Diseases"", ""Colitis, Ulcerative"", ""Crohn Disease"", ""Polyamines"", ""Infliximab""]",2025-05-29,OBSERVATIONAL,,RECRUITING,[],False,,not_interventional,[]
NCT03267238,Fecal Microbial Transplantation in Patients With Crohn's Disease,"[""Crohn Disease""]",2017-08-30,INTERVENTIONAL,TREATMENT,COMPLETED,"[""EARLY_PHASE1""]",False,,included,[]
NCT06362863,Evaluation of Enteral Nutrition Biscuits for Inducing Remission in Moderate-to-severe Crohn's Disease,"[""Crohn's Disease""]",2024-04-12,INTERVENTIONAL,TREATMENT,UNKNOWN,"[""NA""]",False,,no_drug_or_biological_intervention,[]
NCT03351647,Predictive Factors of Clinical Response to Ustekinumab in Active Crohn's Disease,"[""Crohn Disease""]",2017-11-24,OBSERVATIONAL,,COMPLETED,[],False,,not_interventional,[]
NCT03138655,Vedolizumab IV in Pediatric Participants With Ulcerative Colitis (UC) or Crohn's Disease (CD),"[""Ulcerative Colitis"", ""Crohn's Disease""]",2017-05-03,INTERVENTIONAL,TREATMENT,COMPLETED,"[""PHASE2""]",True,,included,"[""CHEMBL1743087""]"
NCT00056355,Extracorporeal Photopheresis to Maintain Symptoms Remission During Steroid Withdrawal in Patients With Steroid-Dependent Crohn's Disease,"[""Crohn Disease""]",2003-03-11,INTERVENTIONAL,TREATMENT,COMPLETED,"[""PHASE1""]",False,,included,[]
NCT01635621,A Phase II Study to Assess the Efficacy and Safety of Olokizumab in Patients With Crohn's Disease,"[""Crohn's Disease""]",2012-07-09,INTERVENTIONAL,TREATMENT,WITHDRAWN,"[""PHASE2""]",False,Study was withdrawn due to delay in timelines. There were no safety concerns regarding the study or the compound in the decision to withdraw the trial.,included,"[""CHEMBL1743050""]"
NCT02213835,Treatment With the Specific Carbohydrate Diet for Children With Active Crohns Disease and Ulcerative Colitis,"[""Crohn's Disease"", ""Ulcerative Colitis""]",2014-08-12,INTERVENTIONAL,TREATMENT,COMPLETED,"[""NA""]",False,,no_drug_or_biological_intervention,[]
NCT01231217,Green Tea in Crohn's Disease,"[""Crohn's Disease""]",2010-11-01,INTERVENTIONAL,SUPPORTIVE_CARE,UNKNOWN,"[""NA""]",False,,not_treatment_purpose,[]
NCT07597577,Upadacitinib in Isolated Small Bowel Versus Non-Small Bowel Crohn's Disease,"[""Crohn Disease"", ""Upadacitinib""]",2026-05-19,OBSERVATIONAL,,COMPLETED,[],False,,not_interventional,[]
NCT04660136,Usefulness of Contrast-enhanced Ultrasound (CEUS) in Crohn's Disease Pediatric Patients,"[""Crohn's Disease in Pediatric Patient""]",2020-12-09,INTERVENTIONAL,DIAGNOSTIC,UNKNOWN,"[""PHASE4""]",False,,not_treatment_purpose,[]
NCT01114607,A Study to Assess the Relative Bioavailability of Four New Formulations of GSK1605786 in Healthy Subjects,"[""Crohn's Disease""]",2010-05-03,INTERVENTIONAL,BASIC_SCIENCE,COMPLETED,"[""PHASE1""]",False,,not_treatment_purpose,[]
NCT00445939,A Study of Adalimumab for the Induction of Clinical Remission in Japanese Subjects With Crohn's Disease,"[""Crohn's Disease""]",2007-03-09,INTERVENTIONAL,TREATMENT,COMPLETED,"[""PHASE2"", ""PHASE3""]",True,,included,"[""CHEMBL1201580""]"
NCT03173144,"Chronic Inflammatory Disease, Lifestyle and Treatment Response","[""Autoimmune Diseases"", ""Inflammatory Bowel Diseases"", ""Crohn Disease (CD)"", ""Colitis, Ulcerative (UC)"", ""Arthritis, Rheumatoid (RA)"", ""Spondylarthropathies"", ""Arthritis, Psoriatic (PsA)"", ""Psoriasis"", ""Hidradenitis Suppurativa (HS)"", ""Uveitis""]",2017-06-01,OBSERVATIONAL,,COMPLETED,[],False,,not_interventional,[]
NCT02327221,"Study Evaluating Ovasave, an Autologous Cell Therapy, in Patients With Active Crohn's Disease","[""Crohn Disease""]",2014-12-30,INTERVENTIONAL,TREATMENT,TERMINATED,"[""PHASE2""]",False,,included,[]
NCT05420233,The CROCO Study: CROhn's Disease COhort Study,"[""Crohn Disease""]",2022-06-15,INTERVENTIONAL,DIAGNOSTIC,ACTIVE_NOT_RECRUITING,"[""NA""]",False,,not_treatment_purpose,[]
NCT05598684,SAPHIR : Assessment of Predictive Factors for Persistence of Treatment After Initiation of Adalimumab With a Biosimilar (Adalimumab Fresenius KaBI or Substitution of Reference Adalimumab With the Fresenius Kabi Adalimumab Biosimilar in Patients With Chronic Inflammatory Diseases,"[""Crohn Disease"", ""Ulcerative Colitis"", ""Rheumatoid Arthritis"", ""Ankylosing Spondylitis"", ""Psoriatic Arthritis""]",2022-10-28,OBSERVATIONAL,,UNKNOWN,[],False,,not_interventional,[]
NCT01349504,Adherence to Mesalamine Profile for Patients With Inflammatory Bowel Disease,"[""Ulcerative Colitis"", ""Crohn's Disease""]",2011-05-06,OBSERVATIONAL,,COMPLETED,[],False,,not_interventional,[]
NCT06457035,Development and Validation of a Nomogram for Predicting Surgery in Newly-diagnosed Crohn's Disease: a Retrospective Cohort Study,"[""Newly-diagnosed Crohn's Disease""]",2024-06-13,OBSERVATIONAL,,COMPLETED,[],False,,not_interventional,[]
NCT05940558,Safety and Efficacy of MBF-118 in Patients with Crohn Disease,"[""Crohn Disease""]",2023-07-11,INTERVENTIONAL,TREATMENT,COMPLETED,"[""PHASE2""]",False,,included,[]
NCT04736368,Effect of EDIP Based Diet on CD Activity,"[""Crohn Disease""]",2021-02-03,INTERVENTIONAL,TREATMENT,UNKNOWN,"[""NA""]",False,,no_drug_or_biological_intervention,[]
NCT04933214,Adherence to Exclusive Enteral Nutrition in Patients With Crohn's Disease,"[""Crohn Disease""]",2021-06-21,OBSERVATIONAL,,UNKNOWN,[],False,,not_interventional,[]
NCT03691155,The Feasibility of Following the Crohn's Diet,"[""Crohn Disease"", ""Inflammatory Bowel Diseases"", ""Dietary Modification""]",2018-10-01,INTERVENTIONAL,OTHER,COMPLETED,"[""NA""]",False,,not_treatment_purpose,[]
NCT04650867,Non Invasive Characterization of Pediatric Inflammatory Bowel Diseases Using Multispectral Optoacoustic Tomography,"[""Crohn's Disease"", ""Ulcerative Colitis"", ""IBD""]",2020-12-03,OBSERVATIONAL,,COMPLETED,[],False,,not_interventional,[]
NCT05663671,Evaluate Established Anti-DEFA5 mAbs Diagnostic Efficacy and Safety in IBD,"[""Inflammatory Bowel Diseases"", ""Ulcerative Colitis"", ""Crohn Colitis"", ""Indeterminate Colitis""]",2022-12-23,OBSERVATIONAL,,UNKNOWN,[],False,,not_interventional,[]
NCT01345799,A Study of TRK-170 for the Treatment of Crohn's Disease,"[""Crohn's Disease""]",2011-05-02,INTERVENTIONAL,TREATMENT,COMPLETED,"[""PHASE2""]",False,,included,[]
NCT01629628,Adalimumab for the Management of Post-operative Crohn's Disease (CD),"[""Crohn Disease""]",2012-06-27,INTERVENTIONAL,PREVENTION,UNKNOWN,"[""PHASE3""]",False,,not_treatment_purpose,[]
NCT05432934,Transversus Abdominis Plane Blocks With and Without Dexamethasone,"[""Colorectal Disorders"", ""Regional Anesthesia Morbidity"", ""Analgesia"", ""Local Anesthetic Complication"", ""Pain, Postoperative"", ""Colorectal Cancer"", ""Crohn Disease"", ""Diverticular Diseases""]",2022-06-27,INTERVENTIONAL,TREATMENT,UNKNOWN,"[""PHASE1"", ""PHASE2""]",False,,included,"[""CHEMBL384467""]"
NCT07797998,Association of Diet and IBD,"[""IBD"", ""Inflammatory Bowel Disease (Crohn&#39;s Disease and Ulcerative Colitis)""]",2026-09-01,OBSERVATIONAL,,NOT_YET_RECRUITING,[],False,,not_interventional,[]
NCT04329481,The Effect of Mycobiome Supplementation on Gastrointestinal Symptoms in IBD Patients,"[""Ulcerative Colitis"", ""Crohn Disease"", ""Inflammatory Bowel Diseases""]",2020-04-01,INTERVENTIONAL,SUPPORTIVE_CARE,UNKNOWN,"[""NA""]",False,,not_treatment_purpose,[]
NCT04775732,Ultra-proactive Therapeutic Drug Monitoring in Inflammatory Bowel Disease,"[""Crohn Disease"", ""Ulcerative Colitis""]",2021-03-01,INTERVENTIONAL,TREATMENT,COMPLETED,"[""PHASE4""]",False,,included,[]
NCT02859675,"Olfactogustatory Perception, Eating Behaviour and Inflammation in Crohn's Disease","[""Crohn's Disease"", ""Olfactogustatory Perception""]",2016-08-09,OBSERVATIONAL,,COMPLETED,[],False,,not_interventional,[]
NCT04548583,Study of Mesenchymal Stem Cells for the Treatment of Medically Refractory Crohn's Colitis,"[""Crohn Colitis""]",2020-09-14,INTERVENTIONAL,TREATMENT,TERMINATED,"[""PHASE1"", ""PHASE2""]",False,PI left Cleveland Clinic,included,"[""CHEMBL2108046""]"
NCT06274554,Testing the Role of Anti-fungal Therapy in Improving the Response to Therapies for Crohn's Disease,"[""Crohn's Disease"", ""Inflammatory Bowel Diseases""]",2024-02-23,INTERVENTIONAL,TREATMENT,RECRUITING,"[""PHASE3""]",False,,included,"[""CHEMBL106""]"
NCT03046056,Study to Evaluate the Efficacy and Safety of Filgotinib in the Treatment of Small Bowel Crohn's Disease (SBCD),"[""Small Bowel Crohn's Disease""]",2017-02-08,INTERVENTIONAL,TREATMENT,COMPLETED,"[""PHASE2""]",True,,included,"[""CHEMBL3301607""]"
NCT03913572,Treatment of Perianal Disease Using Adipose-derived Stem Cells,"[""Perianal Fistula"", ""Crohn Disease""]",2019-04-12,OBSERVATIONAL,,UNKNOWN,[],False,,not_interventional,[]
NCT00454545,Atorvastatin in Moderate Active Crohns Disease,"[""Crohns Disease""]",2007-03-30,INTERVENTIONAL,TREATMENT,COMPLETED,"[""PHASE2""]",False,,included,"[""CHEMBL1487""]"
NCT04898530,Diet Patterns in IBD in Central Texas,"[""Inflammatory Bowel Diseases"", ""Crohn Disease"", ""Ulcerative Colitis""]",2021-05-24,OBSERVATIONAL,,SUSPENDED,[],False,interim analyses undeway,not_interventional,[]
NCT05910528,Afimkibart (RO7790121) for the Treatment of Moderate to Severe Active Crohn's Disease,"[""Crohns Disease""]",2023-06-18,INTERVENTIONAL,TREATMENT,ACTIVE_NOT_RECRUITING,"[""PHASE2""]",False,,included,"[""CHEMBL6068198""]"
NCT04134065,the Effect of Vitamin D in Crohn's Disease,"[""Vitamin D Deficiency"", ""Crohn Disease""]",2019-10-21,INTERVENTIONAL,TREATMENT,UNKNOWN,"[""EARLY_PHASE1""]",False,,included,[]
NCT04760964,Mitochondrial DAMPs as Mechanistic Biomarkers of Mucosal Inflammation in Crohn's Disease and Ulcerative Colitis,"[""Inflammatory Bowel Diseases""]",2021-02-18,OBSERVATIONAL,,UNKNOWN,[],False,,no_explicit_crohn_condition,[]
NCT06698601,Wild Blueberries in Colitis,"[""Ulcerative Colitis (UC)"", ""Crohn Disease (CD)""]",2024-11-21,INTERVENTIONAL,TREATMENT,RECRUITING,"[""NA""]",False,,no_drug_or_biological_intervention,[]
NCT06211400,Vibration Exercise for Crohn's to Observe Response,"[""Crohn's Disease""]",2024-01-18,INTERVENTIONAL,OTHER,RECRUITING,"[""NA""]",False,,not_treatment_purpose,[]
NCT02624037,Precision IFX: Using a Dashboard to Individualize Infliximab Dosage,"[""Inflammatory Bowel Disease""]",2015-12-08,INTERVENTIONAL,TREATMENT,COMPLETED,"[""NA""]",False,,no_explicit_crohn_condition,[]
NCT06997965,Open-label Single-arm Study to Assess the Efficacy of Mirikizumab in Patients With Inflammatory Strictures Due to CD,"[""Crohn Disease""]",2025-05-31,INTERVENTIONAL,TREATMENT,RECRUITING,"[""PHASE4""]",False,,included,"[""CHEMBL3990014""]"
NCT01099111,Advanced Metagenomic Analysis of Human Colonic Microbiota in Patients With Chronic GI Disorders,"[""Irritable Bowel Syndrome"", ""Colitis, Ulcerative"", ""Crohn Disease"", ""Colonic Neoplasms""]",2010-04-06,OBSERVATIONAL,,COMPLETED,[],True,,not_interventional,[]
NCT00032799,Safety and Efficacy of Natalizumab in the Treatment of Crohn's Disease,"[""Crohn's Disease""]",2002-04-04,INTERVENTIONAL,TREATMENT,COMPLETED,"[""PHASE3""]",False,,included,"[""CHEMBL1201607""]"
NCT04974099,Personalized Infliximab Induction Strategy With Model-informed Dosing in Patients With Crohn's Disease,"[""Crohn Disease""]",2021-07-23,INTERVENTIONAL,OTHER,TERMINATED,"[""PHASE2"", ""PHASE3""]",True,"This was the Pilot study. The larger, confirmatory study has started",not_treatment_purpose,[]
NCT03440372,Induction Study #1 of Oral Ozanimod as Induction Therapy for Moderately to Severely Active Crohn's Disease,"[""Crohn Disease""]",2018-02-22,INTERVENTIONAL,TREATMENT,TERMINATED,"[""PHASE3""]",True,Business objectives have changed.,included,"[""CHEMBL3707247""]"
NCT03816345,"Testing an Immunotherapy Anti-cancer Drug, Nivolumab, for Advanced Cancers in Patients With Autoimmune Disorders, AIM-NIVO","[""Autoimmune Disease"", ""Crohn Disease"", ""Dermatomyositis"", ""Hematopoietic and Lymphoid Cell Neoplasm"", ""Inflammatory Bowel Disease"", ""Malignant Solid Neoplasm"", ""Multiple Sclerosis"", ""Psoriasis"", ""Psoriatic Arthritis"", ""Rheumatoid Arthritis"", ""Sjogren Syndrome"", ""Systemic Lupus Erythematosus"", ""Systemic Scleroderma"", ""Ulcerative Colitis""]",2019-01-25,INTERVENTIONAL,TREATMENT,RECRUITING,"[""PHASE1""]",False,,included,"[""CHEMBL1789844"", ""CHEMBL2105717"", ""CHEMBL2108738""]"
NCT04372108,A Study to Assess the Long-Term Safety of Ustekinumab Versus Other Biologics in Patients With Crohn's Disease and Ulcerative Colitis,"[""Crohn Disease"", ""Colitis, Ulcerative""]",2020-05-01,OBSERVATIONAL,,RECRUITING,[],False,,not_interventional,[]
NCT05248191,FMT for Postop Crohn's Disease,"[""Crohn Disease""]",2022-02-21,INTERVENTIONAL,BASIC_SCIENCE,COMPLETED,"[""PHASE1""]",False,,not_treatment_purpose,[]
NCT00740103,Long-term Study of Semapimod (CNI-1493) for Treatment of Crohn's Disease,"[""Crohn's Disease""]",2008-08-22,INTERVENTIONAL,TREATMENT,COMPLETED,"[""PHASE2""]",False,,included,"[""CHEMBL2107779""]"
NCT05230160,Can Intermittent Fasting Induce Weight Loss and Improve Gut Health as Compared to Standard Medical Care in Patients With Obesity/High BMI and Crohn's Disease.,"[""Crohn Disease""]",2022-02-08,INTERVENTIONAL,OTHER,UNKNOWN,"[""NA""]",False,,not_treatment_purpose,[]
NCT06107179,Monitoring of Pediatric Inflammatory Bowel Diseases Using Multispectral Optoacoustic Tomography,"[""Crohn Disease"", ""Ulcerative Colitis"", ""Inflammatory Bowel Diseases""]",2023-10-30,OBSERVATIONAL,,UNKNOWN,[],False,,not_interventional,[]
NCT00676988,Study to Determine Relationship Between Serum Infliximab and Efficacy in Luminal Crohn's Disease Patients,"[""Crohn's Disease""]",2008-05-13,OBSERVATIONAL,,COMPLETED,[],False,,not_interventional,[]
NCT06510296,Digital Mind Body Intervention Among Black and Hispanic Patients Living With Inflammatory Bowel Disease,"[""Crohn's Disease"", ""Ulcerative Colitis"", ""Inflammatory Bowel Diseases""]",2024-07-19,INTERVENTIONAL,SUPPORTIVE_CARE,NOT_YET_RECRUITING,"[""NA""]",False,,not_treatment_purpose,[]
NCT00599625,Pravastatin Therapy in Patients With Active Crohn's Disease: A Pilot Study,"[""Crohn's Disease""]",2008-01-24,INTERVENTIONAL,TREATMENT,UNKNOWN,"[""NA""]",False,,included,"[""CHEMBL1144""]"
NCT04132024,Feasibility of Insomnia Tracking and Treatment in IBD,"[""Inflammatory Bowel Diseases"", ""Insomnia""]",2019-10-18,INTERVENTIONAL,TREATMENT,COMPLETED,"[""NA""]",False,,no_explicit_crohn_condition,[]
NCT01314079,Follow-up Study of Autologous Cultured Adipose-derived Stem Cells for the Crohn's Fistula,"[""Crohn's Disease"", ""Fistula""]",2011-03-14,OBSERVATIONAL,,COMPLETED,[],False,,not_interventional,[]
NCT02985489,Pre-Operative Parenteral Nutrition in Malnourished Patients,"[""Malnutrition"", ""Inflammatory Bowel Disease 1""]",2016-12-07,INTERVENTIONAL,SUPPORTIVE_CARE,WITHDRAWN,"[""NA""]",False,No patients recruited,no_explicit_crohn_condition,[]
NCT01663142,Early Postoperative Recurrence in Crohn's Disease: Predictors of Research Targeting the Constitutional Mutation of IRGM,"[""Flammatory Bowel Disease"", ""Crohn's Disease""]",2012-08-13,OBSERVATIONAL,,COMPLETED,[],False,,not_interventional,[]
NCT03495973,Prospective Observational Study on Ustekinumab (Stelara) Assessing Efficacy and Healthcare Resource Utilization in Crohn's Disease,"[""Crohn Disease""]",2018-04-12,OBSERVATIONAL,,COMPLETED,[],False,,not_interventional,[]
NCT04073472,Mesenchymal Stem Cells for the Treatment of Pouch Fistulas in Crohn's,"[""Crohn's Disease"", ""Fistula"", ""Anal Fistula"", ""Pouch, Ileal"", ""Pouches, Ileoanal""]",2019-08-29,INTERVENTIONAL,TREATMENT,WITHDRAWN,"[""PHASE1""]",False,This clinical trial was entered in error. Please refer to the correct entry of this study using the following link: https://clinicaltrials.gov/ct2/show/NCT04519684,included,[]
NCT00206596,"Study in Patients With Crohn's Disease Who Are Steroid Dependent, Despite Previous Unsuccessful Attempts to Reduce Steroids Due to Worsening of Crohn's Disease","[""Crohn Disease""]",2005-09-21,INTERVENTIONAL,TREATMENT,COMPLETED,"[""PHASE2""]",False,,included,[]
NCT06878495,Efficacy and Safety of Discontinuing 5-ASA in Patients With Inflammatory Bowel Disease,"[""Ulcerative Colitis (UC)"", ""Crohn&#39;s Disease"", ""Inflammatory Bowel Disease (IBD)""]",2025-03-17,INTERVENTIONAL,OTHER,NOT_YET_RECRUITING,"[""NA""]",False,,not_treatment_purpose,[]
NCT04225403,Telephone-based Motivational Interviewing for Smoking Cessation in Crohn's Disease Patients,"[""Crohn Disease""]",2020-01-13,INTERVENTIONAL,SUPPORTIVE_CARE,COMPLETED,"[""NA""]",False,,not_treatment_purpose,[]
NCT06241170,Mesenteric Surgical Margin for Crohn's Disease Endoscopic Recurrence,"[""Endoscopic Recurrence Rate"", ""After Ileocolic Crohn 's Disease Surgery""]",2024-02-05,INTERVENTIONAL,TREATMENT,RECRUITING,"[""NA""]",False,,no_drug_or_biological_intervention,[]
NCT02255370,Curcumin Associated With Thiopurin in the Prevention of Post-op Recurrence in Crohn Disease,"[""Crohn's Disease""]",2014-10-02,INTERVENTIONAL,TREATMENT,COMPLETED,"[""PHASE3""]",False,,included,"[""CHEMBL140""]"
NCT01277666,A Study to Investigate the Efficacy and Safety of GSK1605786A in the Treatment of Subjects With Moderately-to-Severely Active Crohn's Disease,"[""Crohn's Disease""]",2011-01-17,INTERVENTIONAL,TREATMENT,COMPLETED,"[""PHASE3""]",True,,included,"[""CHEMBL2178578""]"
NCT05698745,Immunological Characteristics of Preclinical IBD,"[""Crohn Disease"", ""Ulcerative Colitis"", ""IBD""]",2023-01-26,OBSERVATIONAL,,RECRUITING,[],False,,not_interventional,[]
NCT03522623,Estimating Indirect and OOP Costs in Pediatric Inflammatory Bowel Disease: a National Study,"[""IBD""]",2018-05-11,OBSERVATIONAL,,UNKNOWN,[],False,,no_explicit_crohn_condition,[]
NCT04118088,A Study of Darvadstrocel in Adults With Crohn's Disease and Complex Perianal Fistula,"[""Crohn's Disease"", ""Complex Perianal Fistula""]",2019-10-08,INTERVENTIONAL,TREATMENT,TERMINATED,"[""PHASE4""]",True,Sponsor decision,included,"[""CHEMBL4298180""]"
NCT00591669,Non-invasive Imaging of GI Inflammation Using Microbubble Contrast Enhanced Ultrasonography,"[""Inflammatory Bowel Disease""]",2008-01-11,INTERVENTIONAL,DIAGNOSTIC,TERMINATED,"[""NA""]",False,Data storage damage plus unexpected loss of funding,no_explicit_crohn_condition,[]
NCT03798405,Reactive vs. Proactive Pain Control in IBD,"[""Inflammatory Bowel Diseases"", ""Pain"", ""Opioid Use"", ""Crohn Disease"", ""Ulcerative Colitis""]",2019-01-10,INTERVENTIONAL,HEALTH_SERVICES_RESEARCH,TERMINATED,"[""NA""]",False,COVID-19-related restrictions,not_treatment_purpose,[]
NCT00291668,Clinical Study of CDP870/Certolizumab Pegol in Patients With Active Crohn's Disease,"[""Crohn's Disease""]",2006-02-14,INTERVENTIONAL,TREATMENT,COMPLETED,"[""PHASE2""]",True,,included,"[""CHEMBL1201831""]"
NCT06113913,Subcutaneous Infliximab After A Previous Intravenous Dose Optimization,"[""Inflammatory Bowel Diseases"", ""Crohn Disease"", ""Ulcerative Colitis""]",2023-11-02,INTERVENTIONAL,TREATMENT,RECRUITING,"[""PHASE4""]",False,,included,"[""CHEMBL1201581""]"
NCT02531113,Efficacy and Safety Trial of RPC1063 for Moderate to Severe Crohn's Disease,"[""Crohn's Disease""]",2015-08-24,INTERVENTIONAL,TREATMENT,COMPLETED,"[""PHASE2""]",True,,included,"[""CHEMBL3707247""]"
NCT02986724,A Study to Observe the Safety and Efficacy of Vedolizumab in Biologically Naive Participants With Ulcerative Colitis (UC) or Crohn´s Disease (CD),"[""Crohn Disease"", ""Colitis, Ulcerative"", ""Inflammatory Bowel Diseases""]",2016-12-08,OBSERVATIONAL,,COMPLETED,[],False,,not_interventional,[]
NCT04243525,Inflammatory Bowel Disease (IBD) Research Registry,"[""Inflamatory Bowel Disease (Crohn's and Ulcerative Colitis)""]",2020-01-28,OBSERVATIONAL,,RECRUITING,[],False,,not_interventional,[]
NCT06152289,Development of New Diagnostic Tools in Capsule Endoscopy,"[""Bowel Disease"", ""Crohn Disease"", ""Celiac Disease"", ""Chronic Diarrhea"", ""Tumor""]",2023-11-30,OBSERVATIONAL,,RECRUITING,[],False,,not_interventional,[]
NCT01215890,Risedronate Therapy in the Treatment of Low Bone Mineral Density in Crohn's Disease,"[""Crohn's Disease"", ""Low Bone Mineral Density""]",2010-10-07,INTERVENTIONAL,,COMPLETED,"[""PHASE4""]",False,,included,"[""CHEMBL923""]"
NCT03889613,Pillcam Crohn's Capsule for Monitoring of Panenteric Mucosal Healing in Crohn's Disease Patients With Vedolizumab,"[""Crohn Disease""]",2019-03-26,INTERVENTIONAL,DIAGNOSTIC,UNKNOWN,"[""NA""]",False,,not_treatment_purpose,[]
NCT00048113,Alicaforsen (ISIS 2302) in Patients With Active Crohn's Disease,"[""Crohn's Disease""]",2002-10-25,INTERVENTIONAL,TREATMENT,COMPLETED,"[""PHASE3""]",False,,included,"[""CHEMBL2108326""]"
NCT01897090,A Crohn's Disease Diet to Reduce Symptoms of Crohn's Disease,"[""Crohn's Disease""]",2013-07-11,INTERVENTIONAL,TREATMENT,WITHDRAWN,"[""NA""]",False,Unable to recruit,no_drug_or_biological_intervention,[]
NCT06958159,Hybrid Endoscopic Stricturotomy Plus Balloon Dilation Versus Stricturotomy Alone for Short Crohn's Disease Strictures,"[""Crohn Disease (CD)""]",2025-05-06,INTERVENTIONAL,TREATMENT,RECRUITING,"[""NA""]",False,,no_drug_or_biological_intervention,[]
NCT01656746,Single Incision Laparoscopic Surgery in Treating Patients With Colorectal Disease,"[""Adenomatous Polyp"", ""Crohn Disease"", ""Familial Adenomatous Polyposis"", ""Hereditary Intestinal Polyposis Syndrome"", ""Recurrent Colon Cancer"", ""Stage I Colon Cancer"", ""Stage IIA Colon Cancer"", ""Stage IIB Colon Cancer"", ""Stage IIC Colon Cancer"", ""Stage IIIA Colon Cancer"", ""Stage IIIB Colon Cancer"", ""Stage IIIC Colon Cancer""]",2012-08-03,INTERVENTIONAL,TREATMENT,COMPLETED,"[""NA""]",False,,no_drug_or_biological_intervention,[]
NCT02913508,Vedolizumab Subcutaneous (SC) Versus Intravenous (IV) in Ulcerative Colitis or Crohn's Disease,"[""Ulcerative Colitis"", ""Crohn's Disease""]",2016-09-23,INTERVENTIONAL,TREATMENT,WITHDRAWN,"[""PHASE2""]",False,,included,"[""CHEMBL1743087""]"
NCT05043818,A Clinical Study on the Screening of Intestinal Biomarkers in IBD Patients With Depression,"[""Inflammatory Bowel Diseases""]",2021-09-14,OBSERVATIONAL,,UNKNOWN,[],False,,no_explicit_crohn_condition,[]
NCT05500040,Changes in Faecal Calprotectin Levels and Participation-related Scores Following Three Weeks of Inpatient Rehabilitation,"[""Crohn Disease"", ""Ulcerative Colitis""]",2022-08-12,OBSERVATIONAL,,COMPLETED,[],False,,not_interventional,[]
NCT03096379,MRI Differentiating Gut TB and Crohn's,"[""Crohn Disease"", ""Intestinal Tuberculosis""]",2017-03-30,OBSERVATIONAL,,COMPLETED,[],False,,not_interventional,[]
NCT02549976,Evaluation of Digestive Damage and Associated Predictive Factors in Crohn's Disease 5 to 10 Years After Diagnosis,"[""Crohn's Disease""]",2015-09-15,INTERVENTIONAL,TREATMENT,COMPLETED,"[""NA""]",False,,no_drug_or_biological_intervention,[]
NCT04519697,Mesenchymal Stem Cells for the Treatment of Rectovaginal Fistulas in Participants With Crohn's Disease,"[""Rectovaginal Fistula"", ""Crohn Disease"", ""Crohn Disease of Vulva"", ""Rectolabial; Fistula""]",2020-08-20,INTERVENTIONAL,TREATMENT,TERMINATED,"[""PHASE1"", ""PHASE2""]",False,PI left Cleveland Clinic,included,[]
NCT06375382,Effects of Acupuncture on Abdominal Pain-related Intestinal Flora in Patients With Crohn's Disease,"[""Crohn Disease""]",2024-04-19,INTERVENTIONAL,TREATMENT,COMPLETED,"[""NA""]",False,,no_drug_or_biological_intervention,[]
NCT00167882,The Influence of 5-Aminosalicylates on Thiopurine Metabolite Levels,"[""Crohn's Disease"", ""Ulcerative Colitis"", ""Inflammatory Bowel Disease""]",2005-09-14,INTERVENTIONAL,TREATMENT,COMPLETED,"[""PHASE4""]",False,,included,[]
NCT00899678,The Use of Certolizumab Pegol for Treatment of Active Crohn's Disease in Children and Adolescents,"[""Crohn's Disease""]",2009-05-12,INTERVENTIONAL,TREATMENT,TERMINATED,"[""PHASE2""]",True,higher than projected discontinuation rate during Maintenance Phase,included,"[""CHEMBL1201831""]"
NCT07814274,Prospective Intestinal Ultrasound Study for Artificial Intelligence Algorithm Development,"[""Inflammatory Bowel Disease (IBD)""]",2026-09-10,OBSERVATIONAL,,NOT_YET_RECRUITING,[],False,,no_explicit_crohn_condition,[]
NCT05034159,"CBT-I for Sleep, Pain, and Inflammation in Crohn's Disease","[""Crohn Disease"", ""Insomnia"", ""Sleep Disturbance"", ""Pain"", ""Inflammation""]",2021-09-05,INTERVENTIONAL,TREATMENT,COMPLETED,"[""NA""]",False,,no_drug_or_biological_intervention,[]
NCT05781152,"Clinical, Imaging, and Endoscopic Outcomes of Children Newly Diagnosed With Crohn's Disease","[""Crohn Disease""]",2023-03-23,INTERVENTIONAL,TREATMENT,RECRUITING,"[""PHASE4""]",False,,included,[]
NCT01962415,"Reduced Intensity Conditioning for Non-Malignant Disorders Undergoing UCBT, BMT or PBSCT","[""Primary Immunodeficiency (PID)"", ""Congenital Bone Marrow Failure Syndromes"", ""Inherited Metabolic Disorders (IMD)"", ""Hereditary Anemias"", ""Inflammatory Conditions"", ""Systemic Juvenile Idiopathic Arthritis (sJIA)"", ""Juvenile Rheumatoid Arthritis (JRA)""]",2013-10-14,INTERVENTIONAL,TREATMENT,RECRUITING,"[""PHASE2""]",False,,no_explicit_crohn_condition,[]
NCT00206674,Efficacy (Induction of Response/Remission) and Safety Study in Patients With Moderate to Severe Crohn's Disease,"[""Crohn Disease""]",2005-09-21,INTERVENTIONAL,TREATMENT,COMPLETED,"[""PHASE3""]",False,,included,[]
NCT00306215,A Study to Evaluate the Efficacy and Safety of CCX282-B in Subjects With Moderate to Severe Crohn's Disease,"[""Crohn's Disease""]",2006-03-23,INTERVENTIONAL,TREATMENT,COMPLETED,"[""PHASE2""]",False,,included,"[""CHEMBL2178578""]"
NCT07261826,Real-World Study on Fecal Microbiota Transplantation: Long-Term Effectiveness and Safety Statistics,"[""Clostridium Difficile Infection Recurrence"", ""Ulcerative Colitis (UC)"", ""Crohn Disease (CD)"", ""Irritable Bowel Syndrome (IBS)"", ""Chronic Functional Constipation"", ""Chemotherapy-Induced Colitis"", ""PD-1 Associated Enteritis"", ""Autism Spectrum Disorder"", ""Incomplete Intestinal Obstruction""]",2025-12-03,OBSERVATIONAL,,RECRUITING,[],False,,not_interventional,[]
NCT01714726,"Evaluation of Efficacy and Safety of MEDI2070 in Patients With Active, Moderate-to-severe Crohn's Disease.","[""Crohn's Disease""]",2012-10-26,INTERVENTIONAL,TREATMENT,COMPLETED,"[""PHASE2""]",True,,included,"[""CHEMBL3833372""]"
NCT02575040,Efficacy of Fecal Microbiota Transplantation for Inflammatory Bowel Disease,"[""Ulcerative Colitis"", ""Crohn Disease"", ""Constipation (Excl Faecal Impaction)""]",2015-10-14,INTERVENTIONAL,TREATMENT,UNKNOWN,"[""PHASE3""]",False,,included,[]
NCT05177003,Study of the 12-month Efficacy of Stem Cell Injection in Crohn's Disease With Complex Ano-perineal Fistula,"[""Crohn Disease"", ""Ano Fistula""]",2022-01-04,OBSERVATIONAL,,UNKNOWN,[],False,,not_interventional,[]
NCT06299631,Endoscopic Relapse Risks Evaluation After Ileocolic Resection for Crohn's Disease,"[""Crohn's Disease""]",2024-03-08,OBSERVATIONAL,,COMPLETED,[],False,,not_interventional,[]
NCT06324513,Evaluation of the Efficacy and Tolerability of the Mediterranean Diet Pattern in the Exclusion Diet for Patients With Crohn's Disease.,"[""Crohn Disease""]",2024-03-22,INTERVENTIONAL,SUPPORTIVE_CARE,UNKNOWN,"[""NA""]",False,,not_treatment_purpose,[]
NCT01291810,Clinical Efficacy of TNFa Kinoid in Crohn's Disease Patients,"[""Crohn's Disease""]",2011-02-08,INTERVENTIONAL,TREATMENT,COMPLETED,"[""PHASE2""]",False,,included,[]
NCT06555042,Investigation of VAP-1 Expression and Tissue Blood Flow by PET-MRI in Patients With Crohn's Disease,"[""Crohn Disease"", ""Inflammatory Bowel Diseases"", ""Crohn Disease of Small Intestine"", ""Crohn Colitis"", ""Crohn's Ileocolitis"", ""Crohn Disease in Remission""]",2024-08-15,OBSERVATIONAL,,UNKNOWN,[],False,,not_interventional,[]
NCT03817983,MRE as a Screening Tool for axSpA in IBD,"[""Axial Spondyloarthritis"", ""Crohn Disease""]",2019-01-28,OBSERVATIONAL,,COMPLETED,[],True,,not_interventional,[]
NCT03943446,A Study of TAK-018 in Preventing the Recurrence of Crohn's Disease After Surgery,"[""Crohn Disease""]",2019-05-09,INTERVENTIONAL,PREVENTION,TERMINATED,"[""PHASE2""]",True,Sponsor decision to discontinue study due to inability to recruit the expected number of subjects within the requisite time period.,not_treatment_purpose,[]
NCT04629196,Induction Optimization With Stelara for Crohn's Disease,"[""Crohn Disease""]",2020-11-16,INTERVENTIONAL,TREATMENT,TERMINATED,"[""PHASE4""]",True,Other effective drugs have been introduced to market since the beginning of the study.,included,"[""CHEMBL1201835""]"
NCT06858553,AI-Assisted MRE for Intestinal Fibrosis in Crohn's Disease,"[""Crohn Disease (CD)""]",2025-03-05,OBSERVATIONAL,,RECRUITING,[],False,,not_interventional,[]
NCT06424769,Improving Outcomes and Reducing Disparities for Patients With Inflammatory Bowel Disease Through Epidemiology and Enhanced Disease Management,"[""Inflammatory Bowel Diseases"", ""Crohn Disease"", ""Ulcerative Colitis"", ""Colitis""]",2024-05-22,INTERVENTIONAL,SUPPORTIVE_CARE,ENROLLING_BY_INVITATION,"[""NA""]",False,,not_treatment_purpose,[]
NCT07258641,Fluorescence Imaging of Adalimumab-680LT and Risankizumab-800CW in Inflammatory Bowel Disease,"[""Ulcerative Colitis (UC)"", ""Crohn Disease (CD)""]",2025-12-02,INTERVENTIONAL,OTHER,NOT_YET_RECRUITING,"[""PHASE1"", ""PHASE2""]",False,,not_treatment_purpose,[]
NCT03194529,FMT in Pediatric Crohn's Disease,"[""Crohn Disease"", ""Pediatric Crohns Disease""]",2017-06-21,INTERVENTIONAL,OTHER,COMPLETED,"[""PHASE1"", ""PHASE2""]",False,,not_treatment_purpose,[]
NCT07791888,R-3750 in Patients With Crohn's Disease,"[""Crohn Disease (CD)""]",2026-08-28,INTERVENTIONAL,TREATMENT,NOT_YET_RECRUITING,"[""PHASE1""]",False,,included,[]
NCT07184931,An Induction Study to Investigate the Efficacy and Safety of Duvakitug in Participants With Moderately to Severely Active Crohn's Disease,"[""Crohn's Disease""]",2025-09-22,INTERVENTIONAL,TREATMENT,RECRUITING,"[""PHASE3""]",False,,included,"[""CHEMBL5314733""]"
NCT04290156,The Effect of Joint Transition Visits on Quality of Life in Inflammatory Bowel Diseases (TRANS-IBD),"[""Inflammatory Bowel Diseases"", ""Crohn's Disease"", ""Ulcerative Colitis""]",2020-02-28,INTERVENTIONAL,HEALTH_SERVICES_RESEARCH,UNKNOWN,"[""NA""]",False,,not_treatment_purpose,[]
NCT00265122,A Study of the Safety and Efficacy of Ustekinumab (CNTO 1275) in Participants With Crohn's Disease,"[""Crohn Disease""]",2005-12-14,INTERVENTIONAL,TREATMENT,COMPLETED,"[""PHASE2""]",True,,included,"[""CHEMBL1201835""]"
NCT02951650,Long Term Observational Study of a Vagal Nerve Stimulation Device in Crohn's Disease,"[""Crohn Disease""]",2016-11-01,INTERVENTIONAL,TREATMENT,UNKNOWN,"[""PHASE1"", ""PHASE2""]",False,,no_drug_or_biological_intervention,[]
NCT06810518,ALPCO Calprotectin CLIA Assay - Measurement of Calprotectin Levels in Human Stool,"[""Inflammatory Bowel Disease (Crohn&#39;s Disease and Ulcerative Colitis)"", ""Inflammatory Bowel Syndrome""]",2025-02-05,OBSERVATIONAL,,RECRUITING,[],False,,not_interventional,[]
NCT01813500,Host Immune Response to Clostridium Difficile Infection in Inflammatory Bowel Disease Patients,"[""Crohn's Disease"", ""Ulcerative Colitis"", ""Clostridium Difficile"", ""Inflammatory Bowel Disease""]",2013-03-19,OBSERVATIONAL,,COMPLETED,[],False,,not_interventional,[]
NCT03935451,Postoperative Extended Venous Thromboprophylaxis in Inflammatory Bowel Disease,"[""IBD"", ""Venous Thromboembolism"", ""Crohn Disease"", ""Ulcerative Colitis"", ""Pulmonary Embolism"", ""Colorectal Disorders""]",2019-05-02,INTERVENTIONAL,PREVENTION,UNKNOWN,"[""EARLY_PHASE1""]",False,,not_treatment_purpose,[]
NCT02649075,To Evaluate SBI in the Dietary Management of Mild to Moderate Crohn's Disease,"[""Crohn's Disease""]",2016-01-07,INTERVENTIONAL,SUPPORTIVE_CARE,TERMINATED,"[""NA""]",False,Lack of enrollment.,not_treatment_purpose,[]
NCT02942511,Predictors Favoring the Role of Exclusive Enteral Nutrition in Active Crohn's Disease,"[""Crohn's Disease"", ""Enteral Nutrition""]",2016-10-24,OBSERVATIONAL,,COMPLETED,[],False,,not_interventional,[]
NCT03850509,Efficacy and Safety of Oral OPS-2071 in Participants With Crohn's Disease Showing Symptoms of Active Inflammation,"[""Crohn's Disease""]",2019-02-21,INTERVENTIONAL,TREATMENT,TERMINATED,"[""PHASE2""]",True,Sponsor Decision,included,[]
NCT00944736,Effect of VSL#3 on Intestinal Permeability in Pediatric Crohn's Disease,"[""Crohn's Disease""]",2009-07-23,INTERVENTIONAL,TREATMENT,COMPLETED,"[""PHASE3""]",False,,no_drug_or_biological_intervention,[]
NCT03870334,Efficacy and Safety of Oral BT-11 in Moderate to Severe Crohn's Disease,"[""Crohn's Disease""]",2019-03-12,INTERVENTIONAL,TREATMENT,TERMINATED,"[""PHASE2""]",True,Decision of Landos Biopharma (not related to safety or efficacy),included,"[""CHEMBL4788758""]"
NCT07851207,A Study to Assess Guselkumab in Participants With Moderate-to-Severe Inflammatory Bowel Disease in Real Life Italian Setting,"[""Colitis, Ulcerative"", ""Crohn Disease"", ""Inflammatory Bowel Diseases""]",2026-10-01,OBSERVATIONAL,,NOT_YET_RECRUITING,[],False,,not_interventional,[]
NCT05807971,"Assessment of Safety, Tolerability, Pharmacokinetics, and Pharmacodynamics of ATH-063 in Healthy Subjects","[""Inflammatory Bowel Diseases"", ""Crohn Disease"", ""Ulcerative Colitis"", ""Autoimmune Diseases""]",2023-04-11,INTERVENTIONAL,TREATMENT,COMPLETED,"[""PHASE1""]",False,,included,[]
NCT05841537,An Observational Study to Assess Change in Disease Activity and Adverse Events In Adult Participants With Moderate to Severe Active Crohn's Disease (CD),"[""Crohn's Disease""]",2023-05-03,OBSERVATIONAL,,ACTIVE_NOT_RECRUITING,[],False,,not_interventional,[]
NCT02264275,Influence of Aerobic Exercise Training (AET) on Inflammatory Bowel Disease (IBD) in Children and Adolescents,"[""Ulcerative Colitis"", ""Crohn Disease"", ""Depression"", ""Sleep"", ""Quality of Life"", ""Motor Activity""]",2014-10-15,INTERVENTIONAL,SUPPORTIVE_CARE,UNKNOWN,"[""NA""]",False,,not_treatment_purpose,[]
NCT07089771,Virtual Versus Dye-based Chromoendoscopy in Inflammatory Bowel Disease Surveillance Colonoscopy,"[""Inflammatory Bowel Disease (IBD)"", ""Ulcerative Colitis (Disorder)"", ""Crohns Disease"", ""Colorectal Neoplasms""]",2025-07-28,INTERVENTIONAL,DIAGNOSTIC,NOT_YET_RECRUITING,"[""NA""]",False,,not_treatment_purpose,[]
NCT03709628,"A Study of a FimH Blocker, EB8018, in Crohn's Disease Patients","[""Crohn Disease""]",2018-10-17,INTERVENTIONAL,TREATMENT,COMPLETED,"[""PHASE1""]",False,,included,"[""CHEMBL4594305""]"
NCT00791557,Open Label Study for Adults With Pyoderma Gangrenosum and Inflammatory Bowel Disease,"[""Pyoderma Gangrenosum"", ""Crohn's Disease"", ""Ulcerative Colitis"", ""Inflammatory Bowel Disease""]",2008-11-14,INTERVENTIONAL,TREATMENT,COMPLETED,"[""NA""]",True,,included,"[""CHEMBL1201581""]"
NCT02343601,Perioperative Hemodynamic Optimization Using the Photoplethysmography in Colorectal Surgery,"[""Polyp of Large Intestine"", ""Colorectal Neoplasms"", ""Crohn Disease""]",2015-01-22,INTERVENTIONAL,OTHER,COMPLETED,"[""PHASE3""]",False,,not_treatment_purpose,[]
NCT06446219,Efficacy and Safety Comparison of Upadacitinib and Vedolizumab in Second-line Treatment for Crohn's Disease,"[""Crohn Disease""]",2024-06-06,OBSERVATIONAL,,COMPLETED,[],False,,not_interventional,[]
NCT04398836,Preoperative Nutrition for Crohn's Disease Patients,"[""Malnutrition"", ""Crohn Disease""]",2020-05-21,INTERVENTIONAL,TREATMENT,NOT_YET_RECRUITING,"[""PHASE3""]",False,,no_drug_or_biological_intervention,[]
NCT06332534,"Crohn's Disease: Efficacy, Safety, and Pharmacokinetics of Upadacitinib in Pediatric Subjects With Moderately to Severely Active Crohn's Disease","[""Crohn's Disease""]",2024-03-27,INTERVENTIONAL,TREATMENT,RECRUITING,"[""PHASE3""]",False,,included,"[""CHEMBL3622821""]"
NCT07195123,Evaluation of the SMART IBD App in Pediatric IBD,"[""Inflammatory Bowel Disease (IBD)"", ""IBD (Inflammatory Bowel Disease)"", ""IBD - Inflammatory Bowel Disease"", ""Ulcerative Colitis (UC)"", ""Indeterminate Colitis"", ""Crohn Disease (CD)"", ""IBD""]",2025-09-26,INTERVENTIONAL,TREATMENT,RECRUITING,"[""NA""]",False,,no_drug_or_biological_intervention,[]
NCT06226883,A Phase 2 Study to Evaluate MORF-057 in Adults With Moderately to Severely Active Crohn's Disease,"[""Inflammatory Bowel Diseases"", ""Crohn's Disease""]",2024-01-26,INTERVENTIONAL,TREATMENT,RECRUITING,"[""PHASE2""]",False,,included,[]
NCT06117423,Fluorescence Imaging of Adalimumab-680LT in Inflammatory Bowel Disease,"[""Crohn Disease"", ""Ulcerative Colitis""]",2023-11-07,INTERVENTIONAL,OTHER,UNKNOWN,"[""PHASE1"", ""PHASE2""]",False,,not_treatment_purpose,[]
NCT01576120,Evaluation of a PillCam Colon Bowel Preparation Regimen in Crohn's Disease Patients,"[""Crohn's Disease""]",2012-04-12,INTERVENTIONAL,OTHER,COMPLETED,"[""PHASE1"", ""PHASE2""]",True,,not_treatment_purpose,[]
NCT04312659,A Study of Infliximab in the Treatment of Chinese Children With Crohn's Disease,"[""Crohn Disease""]",2020-03-18,OBSERVATIONAL,,COMPLETED,[],False,,not_interventional,[]
NCT05028946,A Study of Oral Foralumab in Participants With Moderate to Severely Active Crohn's Disease,"[""Crohn's Disease""]",2021-08-31,INTERVENTIONAL,TREATMENT,WITHDRAWN,"[""PHASE1""]",False,For business reasons,included,"[""CHEMBL1743020""]"
NCT06720961,The Microbial Impact on Intestinal Fibrosis and the Associated Immune Microenvironment in Crohn's Disease,"[""Crohn Disease (CD)""]",2024-12-06,OBSERVATIONAL,,NOT_YET_RECRUITING,[],False,,not_interventional,[]
NCT01576471,Efficacy and Safety of Trichuris Suis Ova (TSO) as Compared to Placebo,"[""Crohn's Disease""]",2012-04-12,INTERVENTIONAL,TREATMENT,COMPLETED,"[""PHASE2""]",True,,included,[]
NCT02538679,A Comparison of Ultrasound Guided Transversus Abdominis Plane Nerve Block Techniques,"[""Crohn's Disease"", ""Inflammatory Bowel Disease"", ""Postoperative Pain""]",2015-09-02,INTERVENTIONAL,TREATMENT,COMPLETED,"[""NA""]",True,,included,[]
NCT01666327,"Safety, Tolerability, Pharmacokinetics and Pharmacodynamics Study of MT-1303 in Subjects With Inflammatory Bowel Disease","[""Inflammatory Bowel Disease""]",2012-08-16,INTERVENTIONAL,TREATMENT,COMPLETED,"[""PHASE1""]",False,,no_explicit_crohn_condition,[]
NCT02846961,Anti CT-P13 Antibody in Moderate to Severe Inflammatory Bowel Disease,"[""Inflammatory Bowel Disease"", ""Ulcerative Colitis"", ""Crohn's Disease""]",2016-07-27,OBSERVATIONAL,,COMPLETED,[],False,,not_interventional,[]
NCT02806206,Prucalopride Prior to Small Bowel Capsule Endoscopy,"[""Gastrointestinal Hemorrhage"", ""Crohn Disease"", ""Celiac Disease"", ""Intestinal Diseases"", ""Inflammatory Bowel Diseases""]",2016-06-20,INTERVENTIONAL,TREATMENT,UNKNOWN,"[""PHASE4""]",False,,included,"[""CHEMBL117287""]"
NCT05316584,A Novel Remote Patient and Medication Monitoring Solution to Improve Adherence and PerSiStence With IBD Therapy,"[""Inflammatory Bowel Diseases"", ""Crohn Disease"", ""Ulcerative Colitis""]",2022-04-07,INTERVENTIONAL,HEALTH_SERVICES_RESEARCH,ACTIVE_NOT_RECRUITING,"[""NA""]",False,,not_treatment_purpose,[]
NCT04590508,A Phase 2 Clinical Trial: Xanthohumol Metabolism and Signature (XMaS) in Crohn's Disease,"[""Crohn Disease""]",2020-10-19,INTERVENTIONAL,TREATMENT,ACTIVE_NOT_RECRUITING,"[""PHASE2""]",False,,included,"[""CHEMBL253896""]"
NCT02367326,Identification of Scores Associated With a Favorable Clinical Response With Thiopurines in IBD Patients,"[""Inflammatory Bowel Diseases""]",2015-02-20,OBSERVATIONAL,,COMPLETED,[],False,,no_explicit_crohn_condition,[]
NCT01145365,Study to Look at Benefit of Surgical Drainage Before Beginning Medical Therapy for Crohns Perianal Fistulas,"[""Crohns Disease"", ""Fistula"", ""Abscess""]",2010-06-16,INTERVENTIONAL,TREATMENT,COMPLETED,"[""NA""]",False,,no_drug_or_biological_intervention,[]
NCT02281799,Thiopurine Induced Pancreatitis in IBD Patients,"[""Pancreatitis"", ""Inflammatory Bowel Diseases""]",2014-11-04,INTERVENTIONAL,TREATMENT,WITHDRAWN,"[""PHASE4""]",False,No Participants Enrolled,no_explicit_crohn_condition,[]
NCT02240108,One Year Study of Rifaximin Delayed Release (DR) in Crohn's Disease,"[""Crohn's Disease""]",2014-09-15,INTERVENTIONAL,TREATMENT,TERMINATED,"[""PHASE3""]",True,The study was terminated early due to difficulty in enrollment and lack of clinical study drug access.,included,"[""CHEMBL1617""]"
NCT05710276,Assessment of Intestinal Inflammation by Infrared Thermography in Pediatric Crohn Disease,"[""Crohn Disease"", ""Infrared Thermography"", ""Child""]",2023-02-02,INTERVENTIONAL,SCREENING,COMPLETED,"[""NA""]",False,,not_treatment_purpose,[]
NCT04637438,Fecal Microbiota Transplantation in Postoperative Crohn's Disease,"[""Crohn Disease""]",2020-11-19,INTERVENTIONAL,PREVENTION,RECRUITING,"[""NA""]",False,,not_treatment_purpose,[]
NCT06647615,"A Pilot Study to Assess the Safety, Tolerability, and Efficacy of Virtual Reality for the Treatment of Abdominal Pain in Quiescent Crohn's Disease","[""Crohn's Disease"", ""Abdominal Pain (AP)""]",2024-10-18,INTERVENTIONAL,TREATMENT,RECRUITING,"[""NA""]",False,,no_drug_or_biological_intervention,[]
NCT07334340,Modified vs Standard CDED: Evaluation of a Nordic Adaptation of Nutritional Therapy in Paediatric Crohn's Disease,"[""Pediatric Crohns Disease""]",2026-01-12,INTERVENTIONAL,TREATMENT,NOT_YET_RECRUITING,"[""NA""]",False,,no_drug_or_biological_intervention,[]
NCT00587210,Evaluation of a New Oral Contrast Agent for MR Enterography in the Assessment of Crohn Disease in the Small Bowel,"[""Crohn Disease""]",2008-01-07,OBSERVATIONAL,,COMPLETED,[],False,,not_interventional,[]
NCT01524120,Endoscopy and Endomicroscopy for Assessment of Mucosal Healing in Inflammatory Bowel Disease (IBD),"[""Inflammatory Bowel Disease"", ""Crohn's Disease"", ""Ulcerative Colitis""]",2012-02-01,OBSERVATIONAL,,WITHDRAWN,[],False,,not_interventional,[]
NCT07143188,The EDICT Trial - Therapy for Inflammatory Bowel Disease Flares,"[""Inflammatory Bowel Disease""]",2025-08-27,INTERVENTIONAL,SUPPORTIVE_CARE,NOT_YET_RECRUITING,"[""NA""]",False,,no_explicit_crohn_condition,[]
NCT02543762,Usefulness of Chromoendoscopy for the Early Detection of Colorectal Cancer Associated With Inflammatory Bowel Disease,"[""Inflammatory Bowel Disease"", ""Colorectal Cancer""]",2015-09-07,OBSERVATIONAL,,COMPLETED,[],False,,no_explicit_crohn_condition,[]
NCT05626088,A Study in Adults With Inflammatory Bowel Disease (IBD) Receiving Vedolizumab in the Patient Support Program (PSP) in Brazil,"[""Ulcerative Colitis"", ""Crohn's Disease""]",2022-11-23,OBSERVATIONAL,,COMPLETED,[],False,,not_interventional,[]
NCT01126931,Wormwood in Chronic Progressive Disorders With Reduced Appetite,"[""Cancer""]",2010-05-20,OBSERVATIONAL,,UNKNOWN,[],False,,no_explicit_crohn_condition,[]
NCT02197780,Head-to-head Comparison of Two Fecal Biomarkers to Screen Children for IBD,"[""Abdominal Pain"", ""Rectal Bloodloss"", ""Diarrhea"", ""Inflammatory Bowel Disease"", ""Crohn's Disease"", ""Ulcerative Colitis"", ""Irritable Bowel Syndrome""]",2014-07-23,OBSERVATIONAL,,COMPLETED,[],False,,not_interventional,[]
NCT02675153,To Evaluate the Efficacy and Safety of Rapamycin for Crohn's Disease-related Stricture,"[""Crohn's Diseases""]",2016-02-05,INTERVENTIONAL,TREATMENT,UNKNOWN,"[""NA""]",False,,included,"[""CHEMBL413""]"
NCT01647412,Growth Hormone and Exclusion Diet Therapy in Juvenile Crohn's Disease,"[""Crohn's Disease""]",2012-07-23,INTERVENTIONAL,TREATMENT,WITHDRAWN,"[""PHASE2""]",False,PI left the institution,included,"[""CHEMBL1201621""]"
NCT07508592,Feasibility Study of the SEGER Device in Laparoscopic Gastrointestinal Surgery,"[""Colon Neoplasms"", ""Crohn Disease (CD)"", ""Obesity & Overweight""]",2026-04-02,INTERVENTIONAL,DEVICE_FEASIBILITY,COMPLETED,"[""NA""]",False,,not_treatment_purpose,[]
NCT03408249,IBDoc® Canadian User Performance Evaluation,"[""Inflammatory Bowel Diseases""]",2018-01-23,INTERVENTIONAL,DIAGNOSTIC,COMPLETED,"[""NA""]",False,,no_explicit_crohn_condition,[]
NCT07484620,Physical Activity and Fitness in Pediatric Inflammatory Bowel Disease,"[""Inflamatory Bowel Disease (Crohn&#39;s and Ulcerative Colitis)"", ""Inflamatory Bowel Disease""]",2026-03-20,INTERVENTIONAL,TREATMENT,ACTIVE_NOT_RECRUITING,"[""NA""]",False,,no_drug_or_biological_intervention,[]
NCT07791862,Familial Inflammatory Bowel Disease Early Risk,"[""Inflammatory Bowel Disease (Crohn&#39;s Disease and Ulcerative Colitis)"", ""Crohn Disease (CD)"", ""Ulcerative Colitis (UC)""]",2026-08-28,OBSERVATIONAL,,RECRUITING,[],False,,not_interventional,[]
NCT03706196,"Comparison of Environmental Factors Between the Areas of Over- and Under-incidence of Crohn's Disease in the Haut de France Region, by the Study of Dental Exposomes","[""Environmental Exposure""]",2018-10-15,OBSERVATIONAL,,COMPLETED,[],False,,no_explicit_crohn_condition,[]
NCT07170462,Cranberry and Gut Health in Crohn's Disease,"[""Crohn Disease (CD)"", ""Crohn Disease""]",2025-09-12,INTERVENTIONAL,BASIC_SCIENCE,RECRUITING,"[""EARLY_PHASE1""]",False,,not_treatment_purpose,[]
NCT07319442,CEDUR - German IBD Registry,"[""Ulcerative Colitis (UC)"", ""Indeterminate Colitis"", ""Crohn Disease (CD)""]",2026-01-06,OBSERVATIONAL,,RECRUITING,[],False,,not_interventional,[]
NCT00815061,Epidemiology of Ulcerative Colitis and Crohn's Disease in Non Jewish Israel Population,"[""Ulcerative Colitis"", ""Crohn's Disease""]",2008-12-29,OBSERVATIONAL,,WITHDRAWN,[],False,,not_interventional,[]
NCT07852273,Investigating the Effect of the Non-nutritive Sweetener Sucralose in Inflammatory Bowel Disease,"[""Inflamatory Bowel Disease"", ""Crohn Disease (CD)""]",2026-10-01,INTERVENTIONAL,BASIC_SCIENCE,RECRUITING,"[""NA""]",False,,not_treatment_purpose,[]
NCT06126146,An Observational Study to Assess Participant-Reported Real-World Experience of Risankizumab On-body Injector (OBI) for the Treatment of Crohn's Disease in Adult Participants in the United Kingdom (UK),"[""Crohn's Disease""]",2023-11-13,OBSERVATIONAL,,COMPLETED,[],False,,not_interventional,[]
NCT04617184,Registry and Biorepository for IBD in Central Texas,"[""Crohn Disease"", ""Ulcerative Colitis"", ""Inflammatory Bowel Diseases""]",2020-11-05,OBSERVATIONAL,,RECRUITING,[],False,,not_interventional,[]
NCT00271947,Crohn's Disease Stem Cell Transplantation,"[""Crohn's Disease""]",2006-01-04,INTERVENTIONAL,TREATMENT,TERMINATED,"[""PHASE2""]",True,"The PI, who was sponsor got retired",included,[]
NCT06900738,A Study to Evaluate Non-invasive Measurements of the Inflammatory Status in Patients with IBD,"[""Inflammatory Bowel Disease (IBD)"", ""Ulcerative Colitis (UC)"", ""Crohn Disease (CD)""]",2025-03-28,INTERVENTIONAL,OTHER,NOT_YET_RECRUITING,"[""NA""]",False,,not_treatment_purpose,[]
NCT07155148,Argentine Registry of Crohn's Disease and Ulcerative Colitis,"[""Epidemiology"", ""Inflammatory Bowel Disease (IBD)"", ""Therapy""]",2025-09-04,OBSERVATIONAL,,RECRUITING,[],False,,no_explicit_crohn_condition,[]
NCT05815355,Efficacy of Exclusive Enteral Nutrition in Adult Active Crohn's Disease,"[""Crohn's Disease""]",2023-04-18,OBSERVATIONAL,,COMPLETED,[],False,,not_interventional,[]
NCT01464333,Special Investigation (Long-term Investigation) in Patients With Crohn's Disease,"[""Crohn's Disease""]",2011-11-03,OBSERVATIONAL,,COMPLETED,[],True,,not_interventional,[]
NCT07652632,Regenerative Endoscopy in Refractory Perianal Crohn's Disease,"[""Crohn Disease (CD)"", ""Perianal Crohns Disease""]",2026-06-17,INTERVENTIONAL,TREATMENT,RECRUITING,"[""NA""]",False,,no_drug_or_biological_intervention,[]
NCT07522528,Biologics and Paediatric Enteral Nutrition in Crohn's Disease Study,"[""Crohn's Disease (CD)""]",2026-04-13,INTERVENTIONAL,TREATMENT,RECRUITING,"[""NA""]",False,,no_drug_or_biological_intervention,[]
NCT01517516,Multi Modal Imaging: An MRI Study to Investigate Differences in the Structure and the Function of the Brain at Rest.,"[""Irritable Bowel Syndrome"", ""Cyclical Vomiting Syndrome"", ""Ulcerative Colitis"", ""Vulvodynia"", ""Crohn's Disease""]",2012-01-25,OBSERVATIONAL,,COMPLETED,[],False,,not_interventional,[]
NCT05330416,Comparison of Quality of Life With or Without Automatic Seton Placement in Perianal Crohn's Fistula,"[""Crohn Disease""]",2022-04-15,INTERVENTIONAL,TREATMENT,UNKNOWN,"[""NA""]",False,,no_drug_or_biological_intervention,[]
NCT02324699,Corticosteroids With Vedolizumab in Crohn's Disease,"[""Crohn's Disease""]",2014-12-24,INTERVENTIONAL,TREATMENT,TERMINATED,"[""PHASE4""]",True,Difficult recruitment,included,"[""CHEMBL1743087"", ""CHEMBL635""]"
NCT03962998,Oral Administration of MB-102 Versus Dual Sugar Testing for Gut Permeability,"[""Crohn Disease""]",2019-05-24,INTERVENTIONAL,DIAGNOSTIC,COMPLETED,"[""EARLY_PHASE1""]",False,,not_treatment_purpose,[]
NCT05960864,Chinese Spondyloarthritis Inception Cohort (CESPIC),"[""Ankylosing Spondylitis (AS) / Radiographic Axial SpA (r-axSpA)"", ""Non-radiographic Axial Spondyloarthritis (Nr-axSpA)"", ""Axial Psoriatic Arthritis (axPsA)"", ""Acute Anterior Uveitis (AAU)"", ""Crohn Disease (CD)"", ""Ulcerative Colitis (UC)"", ""Reactive Arthritis (ReA)""]",2023-07-27,OBSERVATIONAL,,NOT_YET_RECRUITING,[],False,,not_interventional,[]
NCT01470599,"A Open-Label Study Of CP-690,550 As Long-Term Therapy (48 Weeks) In Subjects With Crohn's Disease","[""Crohn's Disease""]",2011-11-11,INTERVENTIONAL,TREATMENT,COMPLETED,"[""PHASE2""]",True,,included,"[""CHEMBL221959""]"
NCT00737932,Laquinimod Phase IIa Study in Active Crohn's Disease,"[""Crohn's Disease""]",2008-08-20,INTERVENTIONAL,TREATMENT,COMPLETED,"[""PHASE2""]",False,,included,"[""CHEMBL66092""]"
NCT07237516,Zymfentra (Infliximab-dyyb) REal World Cohort STudy,"[""Ulcerative Colitis (UC)"", ""Crohn's Disease (CD)"", ""Indeterminate Colitis"", ""Inflammatory Bowel Disease (IBD)""]",2025-11-19,OBSERVATIONAL,,RECRUITING,[],False,,not_interventional,[]
NCT00862121,A Study With Pentasa in Patients With Active Crohn's Disease,"[""Crohn´s Disease""]",2009-03-16,INTERVENTIONAL,TREATMENT,TERMINATED,"[""PHASE3""]",True,Terminated due to poor recruitment,included,"[""CHEMBL704""]"
NCT02177071,A proSpective Randomized Controlled Trial comParing infliximAb-antimetabolites Combination Therapy to Anti-metabolites monotheRapy and Infliximab monothErapy in Crohn's Disease Patients in Sustained Steroid-free Remission on Combination Therapy,"[""Crohn's Disease""]",2014-06-27,INTERVENTIONAL,TREATMENT,COMPLETED,"[""PHASE4""]",False,,included,"[""CHEMBL1201581"", ""CHEMBL1425"", ""CHEMBL1542"", ""CHEMBL34259""]"
NCT02542904,Extensive Mesenteric Excision (EME) Versus Local Mesenteric Excision (LME) for Crohn's Disease,"[""Postoperative Disease Recurrence"", ""Crohns Disease""]",2015-09-07,INTERVENTIONAL,PREVENTION,COMPLETED,"[""NA""]",False,,not_treatment_purpose,[]
NCT06426316,The Role of Cytokines and Regulatory T Lymphocytes in Migraine Pathophysiology.,"[""Migraine Disorders"", ""Pain"", ""Autoimmune Diseases"", ""Multiple Sclerosis"", ""Endometriosis"", ""Rheumatoid Arthritis"", ""Crohn Disease"", ""Lupus Erythematosus""]",2024-05-23,INTERVENTIONAL,BASIC_SCIENCE,RECRUITING,"[""NA""]",False,,not_treatment_purpose,[]
NCT02365649,"A Multicenter, Randomized, Double-Blind, Placebo-Controlled Study of ABT-494 for the Induction of Symptomatic and Endoscopic Remission in Subjects With Moderately to Severely Active Crohn's Disease Who Have Inadequately Responded to or Are Intolerant to Immunomodulators or Anti-TNF Therapy","[""Crohn's Disease""]",2015-02-19,INTERVENTIONAL,TREATMENT,COMPLETED,"[""PHASE2""]",True,,included,"[""CHEMBL3622821""]"
NCT06686589,The Utility of Hand-held Ultrasound Devices to Detect Bowel Wall Inflammatory Activity in Crohn's Disease,"[""Crohn Disease (CD)""]",2024-11-13,OBSERVATIONAL,,NOT_YET_RECRUITING,[],False,,not_interventional,[]
NCT06647823,Calculating the LEmann IndeX Using InTEstiNal Ultrasound,"[""Crohn Disease (CD)""]",2024-10-18,OBSERVATIONAL,,NOT_YET_RECRUITING,[],False,,not_interventional,[]
NCT03322488,Fistulodesis Pilot Study for Closure of Perianal Fistulae,"[""Perianal Fistula"", ""Crohn Disease""]",2017-10-26,INTERVENTIONAL,TREATMENT,UNKNOWN,"[""NA""]",False,,no_drug_or_biological_intervention,[]
NCT00979485,Microparticles in Pediatric Inflammatory Disease,"[""Crohn's Disease"", ""Ulcerative Colitis""]",2009-09-18,OBSERVATIONAL,,TERMINATED,[],False,initial results suggest no significant trends will be observed with completion of study,not_interventional,[]
NCT06892990,Texture and Color Enhancement Imaging (TXI) for Inflammation Assessment in Patients With Inflammatory Bowel Diseases,"[""Inflammatory Bowel Diseases"", ""Colitis, Ulcerative"", ""Crohn Disease""]",2025-03-25,INTERVENTIONAL,DIAGNOSTIC,RECRUITING,"[""NA""]",False,,not_treatment_purpose,[]
NCT01094613,Multicenter Clinical Efficacy and Safety Study of Delayed Release 6MP in Crohn's Disease,"[""Crohn's Disease""]",2010-03-29,INTERVENTIONAL,TREATMENT,TERMINATED,"[""PHASE1"", ""PHASE2""]",False,Sponsor withdrew support of study due to reorganization and project prioritization,included,"[""CHEMBL1425""]"
NCT03559517,Efficacy and Safety Study of Ontamalimab as Induction Therapy in Participants With Moderate to Severe Crohn's Disease (CARMEN CD 305),"[""Crohn's Disease""]",2018-06-18,INTERVENTIONAL,TREATMENT,TERMINATED,"[""PHASE3""]",True,Sponsor decision to discontinue the SHP647 (ontamalimab) clinical trial development program for inflammatory bowel diseases (IBD) early.,included,"[""CHEMBL2109511""]"
NCT04606017,Effect of Vitamin D Supplementation on Infliximab Response in Patients With Crohn's Disease,"[""Crohn Disease"", ""Vitamin D Deficiency"", ""Vitamin D Supplement""]",2020-10-28,OBSERVATIONAL,,COMPLETED,[],False,,not_interventional,[]
NCT02272868,Fecal Microbial Transplant in Pediatric Crohn's Disease,"[""Crohn's Disease""]",2014-10-23,INTERVENTIONAL,TREATMENT,TERMINATED,"[""PHASE1"", ""PHASE2""]",False,,included,"[""CHEMBL1200574""]"
NCT03239704,Improving Outcomes Among Urgent Care Clinic Patients With Inflammatory Bowel Disease,"[""Inflammatory Bowel Disease"", ""Ulcerative Colitis"", ""Crohn Disease""]",2017-08-04,INTERVENTIONAL,HEALTH_SERVICES_RESEARCH,UNKNOWN,"[""NA""]",False,,not_treatment_purpose,[]
NCT07707635,IBS-Oriented CDED Versus Low FODMAP Diet for Irritable Bowel Syndrome,"[""Irritable Bowel Syndrome (IBS)""]",2026-07-16,INTERVENTIONAL,TREATMENT,NOT_YET_RECRUITING,"[""NA""]",False,,no_explicit_crohn_condition,[]
NCT03395184,Study To Evaluate The Efficacy And Safety Of Oral PF-06651600 And PF-06700841 In Subjects With Moderate To Severe Crohn's Disease,"[""Crohn's Disease""]",2018-01-10,INTERVENTIONAL,TREATMENT,COMPLETED,"[""PHASE2""]",True,,included,"[""CHEMBL4085457"", ""CHEMBL4297477""]"
NCT03108326,Real World Effectiveness of Ustekinumab in Induction and Maintenance Therapy for Crohn´s Disease,"[""Crohn Disease""]",2017-04-11,OBSERVATIONAL,,UNKNOWN,[],False,,not_interventional,[]
NCT03498625,Crohn's Disease Endoscopic REmission Definition in an Objective Way,"[""CD""]",2018-04-17,INTERVENTIONAL,OTHER,COMPLETED,"[""NA""]",False,,no_explicit_crohn_condition,[]
NCT02677350,AlloGeneic Human Mesenchymal Stem Cells (hMSC) in PAtients With FistuLizing Crohn's Disease Via PErifistula iNjEctions (GALENE),"[""Crohn's Disease"", ""Fistulizing Crohn's Disease"", ""Stem Cells""]",2016-02-09,INTERVENTIONAL,TREATMENT,WITHDRAWN,"[""PHASE1""]",False,Study is permanently closed to enrollment,included,[]
NCT02620514,Medication Adherence in Patients With Inflammatory Bowel Disease (IBD),"[""Inflammatory Bowel Disease"", ""Crohn's Disease"", ""Ulcerative Colitis""]",2015-12-03,INTERVENTIONAL,OTHER,COMPLETED,"[""NA""]",False,,not_treatment_purpose,[]
NCT01523106,L-carnitine to Treat Fatigue Associated With Crohn's Disease,"[""Crohn's Disease"", ""Fatigue""]",2012-02-01,INTERVENTIONAL,TREATMENT,WITHDRAWN,"[""NA""]",False,,included,[]
NCT03107793,Study of Treat to Target Versus Routine Care Maintenance Strategies in Crohn's Disease Patients Treated With Ustekinumab,"[""Crohn Disease""]",2017-04-11,INTERVENTIONAL,TREATMENT,COMPLETED,"[""PHASE3""]",True,,included,"[""CHEMBL1201835""]"
NCT02367183,"A Randomized, Double-blind, Study to Explore the Effect of GED-0301 in Subjects With Active Crohn's Disease","[""Crohn Disease""]",2015-02-20,INTERVENTIONAL,TREATMENT,COMPLETED,"[""PHASE1""]",False,,included,"[""CHEMBL3707383""]"
NCT05721794,Comparative Accuracy of Transperineal Ultrasound (TPUS) Versus Magnetic Resonance Imaging (MRI) for the Assessment of Perianal Fistulae in Patients With Crohn's Disease (CD): a Prospective Observational Longitudinal Cohort Study,"[""Crohn Disease"", ""Perianal Fistula""]",2023-02-10,OBSERVATIONAL,,UNKNOWN,[],False,,not_interventional,[]
NCT02065570,Study to Evaluate Efficacy and Safety of Two Drug Regimens in Subjects With Moderate to Severe Crohn's Disease,"[""Crohn's Disease""]",2014-02-19,INTERVENTIONAL,TREATMENT,COMPLETED,"[""PHASE3""]",True,,included,"[""CHEMBL1201580""]"
NCT07818473,Conventional vs Biologic Therapy in Pediatric IBD,"[""Inflammatory Bowel Diseases"", ""Crohn Disease"", ""Ulcerative Colitis""]",2026-09-14,OBSERVATIONAL,,NOT_YET_RECRUITING,[],False,,not_interventional,[]
NCT04995783,Predicting Medication Response for Autoimmune Disease,"[""Ulcerative Colitis"", ""Crohn's Disease"", ""Psoriasis"", ""Rheumatoid Arthritis""]",2021-08-09,OBSERVATIONAL,,TERMINATED,[],False,Coral underwent an APA and is no longer in operation,not_interventional,[]
NCT03835780,The Risk of Venous Thromboembolism in Systemic Inflammatory Disorders: a United Kingdom (UK) Matched Cohort Study,"[""Venous Thromboses"", ""Venous Thromboembolism"", ""Deep Vein Thrombosis"", ""Pulmonary Embolism"", ""Rheumatoid Arthritis"", ""Inflammatory Bowel Diseases"", ""Ulcerative Colitis"", ""Crohn Disease"", ""Psoriatic Arthritis""]",2019-02-11,OBSERVATIONAL,,COMPLETED,[],True,,not_interventional,[]
NCT05088369,"Assessment of the Safety, Tolerability, and Pharmacokinetic of HM201","[""Ulcerative Colitis"", ""Crohn's Disease""]",2021-10-21,INTERVENTIONAL,TREATMENT,COMPLETED,"[""PHASE1""]",False,,included,[]
NCT07630883,A Pilot Study: Micro and NanoPlastics in Association With Crohn's Disease,"[""Crohn's Disease (CD)""]",2026-06-05,OBSERVATIONAL,,NOT_YET_RECRUITING,[],False,,not_interventional,[]
NCT00348283,Effects of Adalimumab on Mucosal Healing in Subjects With Crohn's Disease Involving the Colon,"[""Crohn's Disease""]",2006-07-04,INTERVENTIONAL,TREATMENT,COMPLETED,"[""PHASE3""]",True,,included,"[""CHEMBL1201580""]"
NCT04695964,Objective Perfusion Rate Assessment by Near-infrared Fluorescence in Ileal Pouch Formation and Ileal-pouch-anal Anastomosis,"[""Ulcerative Colitis"", ""Colorectal Cancer"", ""Crohn Disease"", ""Familial Adenomatous Polyposis"", ""Ulcerative Colitis in Remission"", ""Ulcerative Colitis Chronic"", ""Crohn Colitis"", ""Ileal Pouch""]",2021-01-06,INTERVENTIONAL,DIAGNOSTIC,UNKNOWN,"[""NA""]",False,,not_treatment_purpose,[]
NCT02877134,Safety and Efficacy Study of JNJ-64304500 in Participants With Moderately to Severely Active Crohn's Disease,"[""Crohn Disease""]",2016-08-24,INTERVENTIONAL,TREATMENT,COMPLETED,"[""PHASE2""]",True,,included,"[""CHEMBL1201835"", ""CHEMBL4594564""]"
NCT03546868,Diagnostic Validity of [18F]FSPG PET for the Assessment of Disease Activity in Inflammatory Bowel Disease,"[""Inflammatory Bowel Diseases"", ""Ulcerative Colitis"", ""Crohn Disease""]",2018-06-06,INTERVENTIONAL,DIAGNOSTIC,COMPLETED,"[""PHASE2""]",False,,not_treatment_purpose,[]
NCT03019016,Comparison of Intracorporeal and Extracorporeal Anastomoses for Minimally Invasive Right Colectomy,"[""Colonic Neoplasms"", ""Crohn Disease""]",2017-01-12,OBSERVATIONAL,,COMPLETED,[],False,,not_interventional,[]
NCT05029921,A Study of Ustekinumab (STELARA) in Chinese Participants With Moderately to Severely Active Crohn's Disease,"[""Crohn Disease""]",2021-09-01,INTERVENTIONAL,TREATMENT,COMPLETED,"[""PHASE4""]",False,,included,"[""CHEMBL1201835""]"
NCT06917443,Abdominally Targeted Management Exercises for Crohn's Disease Patients (TAME-CD),"[""Crohn Disease (CD)"", ""IBD (Inflammatory Bowel Disease)""]",2025-04-08,INTERVENTIONAL,TREATMENT,NOT_YET_RECRUITING,"[""NA""]",False,,no_drug_or_biological_intervention,[]
NCT04946448,COmbinAtion Therapy of dieT With biologicalS for Crohn's Disease: the OATS Study,"[""Crohn Disease"", ""Inflammatory Bowel Diseases"", ""Diet, Healthy""]",2021-06-30,INTERVENTIONAL,TREATMENT,UNKNOWN,"[""NA""]",False,,no_drug_or_biological_intervention,[]
NCT02878395,Genomic/Epigenomic Biomarkers of Deregulation of Immune System in Inflammatory Bowel Diseases,"[""Crohn Disease""]",2016-08-25,OBSERVATIONAL,,UNKNOWN,[],False,,not_interventional,[]
NCT02622139,Multispectral Optoacoustic Tomography (MSOT) for the Evaluation of Disease Activity in Inflammatory Bowel Diseases (IBD),"[""Crohn's Disease"", ""Ulcerative Colitis"", ""IBD""]",2015-12-04,INTERVENTIONAL,DIAGNOSTIC,COMPLETED,"[""NA""]",False,,not_treatment_purpose,[]
NCT04740541,Threonine Requirement in Adult Males With Crohn's Disease Using IAAO,"[""Crohn Disease"", ""IBD""]",2021-02-05,INTERVENTIONAL,TREATMENT,RECRUITING,"[""NA""]",False,,no_drug_or_biological_intervention,[]
NCT06583395,Quest to Analyze One Thousand Humans Meditating,"[""Amyotrophic Lateral Sclerosis (ALS)"", ""Angina, Stable"", ""Anxiety"", ""Asthma"", ""Atrial Fibrillation"", ""Cancer Brain"", ""Cancer, Breast"", ""Cancer Colon"", ""Cancer, Lung"", ""Cancer, Ovarian"", ""Cancer Prostate"", ""Cancer Skin"", ""Throat Cancer"", ""Lymphoma"", ""Cancer, Thyroid"", ""Cancer, Other"", ""Cerebral Palsy"", ""Chronic Fatigue Syndrome"", ""Cluster Headache"", ""Chronic Obstructive Pulmonary Disease (COPD)"", ""Chronic Kidney Diseases"", ""Crohn Disease"", ""Deafness"", ""Depression"", ""Diabetes"", ""Eczema"", ""Epilepsy"", ""Fibroids"", ""Fibromyalgia"", ""Heart Failure"", ""Hypertension"", ""Hyperthyroidism"", ""Hypothyroidism"", ""Irritable Bowel Syndrome (IBS)"", ""Infertility"", ""Lyme Disease"", ""Macular Degeneration"", ""Migraine"", ""Multiple Allergies"", ""Multiple Sclerosis"", ""Osteoarthritis"", ""Osteoporosis"", ""Ovarian Cysts"", ""Parkinson Disease"", ""Phantom Limb Pain"", ""Psoriasis"", ""Post Traumatic Stress Disorder (PTSD)"", ""Rheumatoid Arthritis"", ""Sjogrens Disease"", ""Spinal Cord Injury"", ""Spinal Stenosis"", ""Stroke"", ""Tension Headache"", ""Tinnitus"", ""Ulcerative Colitis""]",2024-09-04,OBSERVATIONAL,,ENROLLING_BY_INVITATION,[],False,,not_interventional,[]
NCT02770495,Postoperative REcurrence and DynamICs of T Cell Subsets in Crohn's Disease,"[""Crohn Disease""]",2016-05-12,INTERVENTIONAL,DIAGNOSTIC,COMPLETED,"[""PHASE3""]",False,,not_treatment_purpose,[]
NCT01387594,Evaluate PF-00547659 On Cerebrospinal Fluid Lymphocytes In Volunteers With Crohn's Disease Or Ulcerative Colitis Who Failed Or Did Not Tolerate Anti-TNFs,"[""Crohn's Disease"", ""Ileitis"", ""Ileo-colonic and Colonic Crohn's Disease"", ""Granulomatous Colitis"", ""Regional Enteritis"", ""Ulcerative Colitis""]",2011-07-04,INTERVENTIONAL,BASIC_SCIENCE,COMPLETED,"[""PHASE1""]",True,,not_treatment_purpose,[]
NCT05635266,Tissue Repository Providing Annotated Biospecimens for Approved Investigator-directed Biomedical Research Initiatives,"[""Age-Related Macular Degeneration"", ""Allergies"", ""Alpha-Gal Syndrome"", ""Alzheimer Disease"", ""Amyloidosis"", ""Ankylosing Spondylitis"", ""Arthritis"", ""Alopecia Areata"", ""Asthma"", ""Atopic Dermatitis"", ""Autism"", ""Autoimmune Hepatitis"", ""Behcet's Disease"", ""Beta-Thalassemia"", ""Cancer"", ""Celiac Disease"", ""Kidney Diseases"", ""COPD"", ""Crohn Disease"", ""Cystic Fibrosis"", ""Diabetes"", ""Dravet Syndrome"", ""DMD"", ""Fibromyalgia"", ""Graves Disease"", ""Thyroid Diseases"", ""Hepatitis"", ""Hidradenitis Suppurativa"", ""ITP"", ""Leukemia"", ""ALS"", ""Lupus or SLE"", ""Lymphoma"", ""Multiple Sclerosis"", ""Myasthenia Gravis"", ""Heart Diseases"", ""Parkinson Disease"", ""Pemphigus Vulgaris"", ""Cirrhosis"", ""Psoriasis"", ""Schizophrenia"", ""Scleroderma"", ""Sickle Cell Disease"", ""Stroke"", ""Ulcerative Colitis"", ""Vasculitis"", ""Vitiligo""]",2022-12-02,OBSERVATIONAL,,UNKNOWN,[],False,,not_interventional,[]
NCT06895772,Microbial Community Characteristics in Intestinal Mucosal Tissue of Patients With CD,"[""Crohn&#39;s Disease (CD)""]",2025-03-26,OBSERVATIONAL,,ACTIVE_NOT_RECRUITING,[],False,,not_interventional,[]
NCT01466374,Induction and Maintenance Study of BMS-936557 in Patients With Moderate to Severely Active Crohn's Disease,"[""Crohn's Disease""]",2011-11-08,INTERVENTIONAL,TREATMENT,COMPLETED,"[""PHASE2""]",False,,included,[]
NCT00152490,"A Study to Test the Effect of CDP870 in the Treatment of Crohn's Disease Over 26 Weeks, Comparing CDP870 to a Dummy Drug (Placebo)","[""Crohn's Disease""]",2005-09-09,INTERVENTIONAL,,COMPLETED,"[""PHASE3""]",False,,included,[]
NCT07224113,Assessment and Educational Intervention to Reduce Ultra-processed Food Consumption in Pediatric Patients With IBD,"[""IBD"", ""Crohn Disease (CD)"", ""Ulcerative Colitis (UC)"", ""Inflammatory Bowel Disease (IBD)"", ""Ultra Processed Food"", ""Nutrition Assessment"", ""DGBI""]",2025-11-04,OBSERVATIONAL,,RECRUITING,[],False,,not_interventional,[]
NCT05652491,The Role of Gut Microbiome in Predicting Comorbidities and Complications in Children With Inflammatory Bowel Disease,"[""Inflammatory Bowel Disease"", ""Crohn's Disease"", ""Ulcerative Colitis""]",2022-12-15,OBSERVATIONAL,,WITHDRAWN,[],False,NIH Intramural Program is not the Responsible Party for this study and thus not responsible for registration.,not_interventional,[]
NCT07794410,"A Study Comparing Transperineal Ultrasound, Magnetic Resonance Imaging, Endoscopic Ultrasound, and Examination Under Anesthesia to Detect and Classify Perianal Fistulas in Patients With Crohn's Disease or Fistulas of Unknown Cause","[""Crohn Disease (CD)"", ""Cryptoglandular Perianal Fistula""]",2026-08-31,INTERVENTIONAL,DIAGNOSTIC,RECRUITING,"[""NA""]",False,,not_treatment_purpose,[]
NCT00004423,Controlled Trial of 4-Aminosalicylic Acid in Patients With Small Bowel Crohn's Disease,"[""Crohn's Disease""]",1999-10-19,INTERVENTIONAL,TREATMENT,COMPLETED,"[""NA""]",False,,included,"[""CHEMBL1169""]"
NCT00055523,A Study of the Human Anti-TNF Antibody Adalimumab for the Induction of Clinical Remission in Subjects With Crohn's Disease,"[""Crohn's Disease""]",2003-03-06,INTERVENTIONAL,TREATMENT,COMPLETED,"[""PHASE2""]",False,,included,[]
NCT06030882,Improving Patient Outcomes Through the Implementation of an IBD Biologic Care Pathway,"[""Inflammatory Bowel Diseases"", ""Ulcerative Colitis"", ""Crohn Disease""]",2023-09-11,INTERVENTIONAL,HEALTH_SERVICES_RESEARCH,WITHDRAWN,"[""NA""]",False,"Intervention (Biologic care pathway) was implemented outside of the context of a research study at our care centre, the QEII, as quality improvement. It became infeasible to consent all physicians to use the tool, and carry out this study.",not_treatment_purpose,[]
NCT03375424,Vedolizumab Study With Inflammatory Bowel Disease Patients in Germany,"[""Inflammatory Bowel Diseases"", ""Treatment""]",2017-12-18,OBSERVATIONAL,,UNKNOWN,[],False,,no_explicit_crohn_condition,[]
NCT01947010,Pneumococcal Vaccination of Crohn Patients,"[""Crohns Disease""]",2013-09-20,INTERVENTIONAL,PREVENTION,COMPLETED,"[""PHASE4""]",False,,not_treatment_purpose,[]
NCT01111292,Inositol in Preventing Colorectal Cancer in Patients With Colitis-Associated Dysplasia,"[""Colon Carcinoma"", ""Dysplasia in Crohn Disease"", ""Low Grade Dysplasia in Ulcerative Colitis"", ""Rectal Carcinoma""]",2010-04-27,INTERVENTIONAL,PREVENTION,TERMINATED,"[""PHASE1"", ""PHASE2""]",True,The study was closed prematurely due to poor accrual.,not_treatment_purpose,[]
NCT01698307,Enhanced Algorithm for Crohn's Treatment Incorporating Early Combination Therapy,"[""Crohn's Disease""]",2012-10-02,INTERVENTIONAL,TREATMENT,COMPLETED,"[""PHASE4""]",False,,no_drug_or_biological_intervention,[]
NCT03105128,A Study of the Efficacy and Safety of Risankizumab in Participants With Moderately to Severely Active Crohn's Disease,"[""Crohn's Disease""]",2017-04-07,INTERVENTIONAL,TREATMENT,COMPLETED,"[""PHASE3""]",True,,included,"[""CHEMBL3990029""]"
NCT03014219,Phase 1 Crohn's Pediatric Sub-study of MSC AFP,"[""Perianal Fistula""]",2017-01-09,INTERVENTIONAL,TREATMENT,WITHDRAWN,"[""PHASE1""]",False,FDA approval was not obtained until adult trial completes accrual,no_explicit_crohn_condition,[]
NCT03706456,Phase 3 Study of Cx601 in Participants With Complex Perianal Fistulising Crohn's Disease,"[""Complex Perianal Fistulas in Adult Participants With Crohn's Disease""]",2018-10-16,INTERVENTIONAL,TREATMENT,COMPLETED,"[""PHASE3""]",True,,included,"[""CHEMBL4298180""]"
NCT06958536,A Study to Investigate Efficacy and Safety of SAR442970 in Patients With Crohn's Disease,"[""Crohn's Disease""]",2025-05-06,INTERVENTIONAL,TREATMENT,RECRUITING,"[""PHASE2""]",False,,included,[]
NCT06976853,Moving Beyond Inflammation as a Therapeutic Target for Crohn's Disease,"[""Crohn Disease (CD)""]",2025-05-16,INTERVENTIONAL,TREATMENT,RECRUITING,"[""PHASE2""]",False,,included,"[""CHEMBL4297839""]"
NCT00237653,MICI-CMV:Valganciclovir in Recurrent Bouts of Cryptogenic Inflammatory Bowel Diseases With an Infection by Cytomegalovirus,"[""Cytomegalovirus Infections"", ""Inflammatory Bowel Diseases""]",2005-10-12,INTERVENTIONAL,TREATMENT,TERMINATED,"[""PHASE3""]",False,difficulty to include patients,no_explicit_crohn_condition,[]
NCT03752970,A Study Testing How BI 655130 Works in Patients With Fistulizing Crohn's Disease,"[""Crohn Disease""]",2018-11-26,INTERVENTIONAL,TREATMENT,COMPLETED,"[""PHASE2""]",True,,included,"[""CHEMBL4297911""]"
NCT00573469,Efficacy and Safety Study of D9421-C 9 mg and 15 mg Versus Placebo in Japanese Patients With Active Crohn's Disease,"[""Crohn's Disease""]",2007-12-14,INTERVENTIONAL,TREATMENT,COMPLETED,"[""PHASE2""]",True,,included,[]
NCT04809194,Stress in Crohn's Disease,"[""Crohn Disease""]",2021-03-22,OBSERVATIONAL,,COMPLETED,[],False,,not_interventional,[]
NCT02925351,Fluorine F 18 Clofarabine PET/CT in Imaging Patients With Autoimmune or Inflammatory Diseases,"[""Autoimmune Disease"", ""Crohn Disease"", ""Inflammatory Disorder"", ""Rheumatoid Arthritis"", ""Systemic Lupus Erythematosus"", ""Takayasu Arteritis""]",2016-10-05,INTERVENTIONAL,DIAGNOSTIC,COMPLETED,"[""EARLY_PHASE1""]",False,,not_treatment_purpose,[]
NCT02027727,Individualized Infiximab Dosing-Proof of Concept Study,"[""Inflammatory Bowel Diseases""]",2014-01-06,OBSERVATIONAL,,UNKNOWN,[],False,,no_explicit_crohn_condition,[]
NCT00462072,Centocor Microarray Study of Patients,"[""Rheumatoid Arthritis"", ""Psoriatic Arthritis"", ""Psoriasis"", ""Crohn's Disease""]",2007-04-18,INTERVENTIONAL,TREATMENT,COMPLETED,"[""PHASE4""]",True,,included,"[""CHEMBL1201581""]"
NCT06651281,Extension Study of Long-term Safety and Efficacy of Tulisokibart in Participants With Crohn's Disease or Ulcerative Colitis (MK-7240-011),"[""Crohn Disease"", ""Colitis, Ulcerative""]",2024-10-21,INTERVENTIONAL,TREATMENT,RECRUITING,"[""PHASE3""]",False,,included,"[""CHEMBL5095370""]"
NCT01880307,Infliximab Top-down in Pediatric Crohn,"[""Crohn's Disease""]",2013-06-18,INTERVENTIONAL,TREATMENT,TERMINATED,"[""PHASE4""]",False,Not enough study subjects,included,"[""CHEMBL1201581"", ""CHEMBL131"", ""CHEMBL1542""]"
NCT06352164,Efficacy Classification Prediction of the Effects of Acupuncture on Abdominal Pain in Patients With Crohn's Disease,"[""Crohn Disease""]",2024-04-08,INTERVENTIONAL,SCREENING,COMPLETED,"[""NA""]",False,,not_treatment_purpose,[]
NCT02150551,Safety and Tolerability Of Allogeneic Mesenchymal Stromal Cells in Pediatric Inflammatory Bowel Disease,"[""Inflammatory Bowel Diseases""]",2014-05-30,INTERVENTIONAL,TREATMENT,COMPLETED,"[""PHASE1""]",True,,no_explicit_crohn_condition,[]
NCT05172557,IBD and Women's Health Wellness Program,"[""Inflammatory Bowel Diseases"", ""Ulcerative Colitis"", ""Crohn Disease""]",2021-12-29,INTERVENTIONAL,OTHER,COMPLETED,"[""NA""]",False,,not_treatment_purpose,[]
NCT07079007,Use of Water Ingestion in Small Intestine Ultrasound,"[""Crohn Disease (CD)"", ""Intestine Ultrasonography""]",2025-07-22,OBSERVATIONAL,,NOT_YET_RECRUITING,[],False,,not_interventional,[]
NCT03404557,Proteomic Analysis of Crohn's Disease Macrophages in Response or Not to AIEC,"[""Crohn's Disease"", ""Ulcerative Colitis""]",2018-01-19,OBSERVATIONAL,,COMPLETED,[],False,,not_interventional,[]
NCT05636709,National GMA Post-market Clinical Follow-up Study (GRACE),"[""Crohn Disease"", ""Ulcerative Colitis""]",2022-12-05,OBSERVATIONAL,,RECRUITING,[],False,,not_interventional,[]
NCT07292012,Efficacy of MIrikizumab to Achieve Transmural Healing in patiENTs With Crohn's Disease,"[""Crohn Disease (CD)""]",2025-12-18,INTERVENTIONAL,SUPPORTIVE_CARE,RECRUITING,"[""PHASE4""]",False,,not_treatment_purpose,[]
NCT07034664,IUS Predicts Guselkumab Efficacy in Patients With Moderate to Severe Crohn's Disease：a Prospective Study,"[""Crohn&#39;s Disease"", ""Guselkumab"", ""Intestinal Ultrasound"", ""Predictor""]",2025-06-24,OBSERVATIONAL,,RECRUITING,[],False,,not_interventional,[]
NCT02391012,Fecal Transplantation for Inflammatory Bowel Disease,"[""Inflammatory Bowel Disease""]",2015-03-18,INTERVENTIONAL,TREATMENT,TERMINATED,"[""PHASE1""]",False,unable to recruit enough patients,no_explicit_crohn_condition,[]
NCT03961815,Open-label Extension Study of Brazikumab in Crohn's Disease,"[""Crohn's Disease"", ""IBD""]",2019-05-23,INTERVENTIONAL,TREATMENT,TERMINATED,"[""PHASE3""]",True,Strategic decision to discontinue the development of brazikumab in inflammatory bowel disease.,included,[]
NCT00195715,Long-term Safety and Tolerability Study of Adalimumab in Subjects With Crohn's Disease,"[""Crohn's Disease""]",2005-09-20,INTERVENTIONAL,TREATMENT,COMPLETED,"[""PHASE3""]",True,,included,"[""CHEMBL1201580""]"
NCT04014517,Effect of Peri-operative Immunonutrition on Recurrence and Infections in Crohn's Disease Patients,"[""Crohn Disease""]",2019-07-10,INTERVENTIONAL,PREVENTION,UNKNOWN,"[""NA""]",False,,not_treatment_purpose,[]
NCT01140789,GWA Study in Patients With Inflammatory Bowel Disease,"[""Crohn's Disease"", ""Ulcerative Colitis""]",2010-06-10,OBSERVATIONAL,,RECRUITING,[],False,,not_interventional,[]
NCT01190410,Extension Study to Assess Long Term Safety in Children and Adolescents With Crohn's Disease Receiving Certolizumab Pegol,"[""Crohn's Disease""]",2010-08-27,INTERVENTIONAL,TREATMENT,COMPLETED,"[""PHASE2""]",True,,included,"[""CHEMBL1201831""]"
NCT07671313,Online Pain Education for Crohn's Disease and Ulcerative Colitis,"[""Crohn's Disease"", ""Ulcerative Colitis (UC)"", ""Inflammatory Bowel Disease (Crohn's Disease; Ulcerative Colitis)""]",2026-06-26,INTERVENTIONAL,TREATMENT,NOT_YET_RECRUITING,"[""NA""]",False,,no_drug_or_biological_intervention,[]
NCT00792740,Effect of ITF2357 on Mucosal Healing in Patients With Moderate-to-severe Active Crohn's Disease,"[""Crohn's Disease""]",2008-11-18,INTERVENTIONAL,TREATMENT,TERMINATED,"[""PHASE1"", ""PHASE2""]",True,"As no safety warnings were detected, Interim analysis from the first 40 patients recommends to stop the trial for futility",included,"[""CHEMBL1213492""]"
NCT03476317,Pilot Study of Fundamental Modification of the Gut Microbiota in the Treatment of Refractory Crohn's Disease,"[""Crohn Disease""]",2018-03-26,INTERVENTIONAL,TREATMENT,COMPLETED,"[""PHASE2""]",True,,included,"[""CHEMBL106"", ""CHEMBL1201479"", ""CHEMBL262777"", ""CHEMBL3989751"", ""CHEMBL8""]"
NCT05642247,Quantify the Value of Transmural Inflammation in the Treatment of Crohn's Disease With Ustekinumab:an Analysis Based on Imaging Science,"[""Inflammatory Bowel Diseases"", ""Crohn Disease"", ""Biologics""]",2022-12-08,OBSERVATIONAL,,COMPLETED,[],False,,not_interventional,[]
NCT07298421,"A Study to Assess the Pharmacokinetics, Effectiveness and Safety of Afimkibart for Induction and Maintenance Therapy in Children With Moderately to Severely Active Crohn's Disease","[""Moderately to Severely Active Crohns Disease""]",2025-12-23,INTERVENTIONAL,TREATMENT,RECRUITING,"[""PHASE3""]",False,,included,"[""CHEMBL6068198""]"
NCT00040521,Study Evaluating rhIL-11 in Active Crohn's Disease,"[""Crohn Disease"", ""Inflammatory Bowel Disease""]",2002-06-28,INTERVENTIONAL,TREATMENT,COMPLETED,"[""PHASE2""]",False,,included,[]
NCT06353633,The Effect of Exclusion Diet for Crohn's Disease Plus Enteral Nutrition on Children and Adolescents With Crohn's Disease,"[""Inflammatory Bowel Diseases""]",2024-04-09,INTERVENTIONAL,SUPPORTIVE_CARE,UNKNOWN,"[""NA""]",False,,no_explicit_crohn_condition,[]
NCT01241058,Registry of Pediatric Patients Diagnosed With Crohn's Disease in Belgium,"[""Description of Disease Course, Disease Fenotype, Medication, Safety, Analysis for Possible Associations""]",2010-11-16,OBSERVATIONAL,,COMPLETED,[],False,,no_explicit_crohn_condition,[]
NCT06579443,"Robotic Inflammatory Bowel Disease Development, Learning and Efficacy Study","[""Inflammatory Bowel Diseases"", ""Crohn Disease"", ""Ulcerative Colitis""]",2024-08-30,OBSERVATIONAL,,RECRUITING,[],False,,not_interventional,[]
NCT01635543,Investigation of Sexual Function in Crohn's Disease Patients With Perianal Fistulas,"[""Crohn's Disease"", ""Peri-anal Fistulas"", ""Sexual Dysfunction""]",2012-07-09,OBSERVATIONAL,,WITHDRAWN,[],False,This study was terminated due to some challenges in recruitment process,not_interventional,[]
NCT01434693,Safety and Tolerability of Single Doses Oral CNDO 201 Trichuris Suis Ova in Patients With Crohn's Disease,"[""Crohn's Disease""]",2011-09-15,INTERVENTIONAL,TREATMENT,COMPLETED,"[""PHASE1""]",True,,included,[]
NCT03140306,"CT Using MBIR in Crohn's Disease: Prospective Clinical Evaluation of Diagnostic Efficacy, Safety and Patient Outcome.","[""Radiology"", ""Inflammatory Bowel Diseases""]",2017-05-04,INTERVENTIONAL,DIAGNOSTIC,COMPLETED,"[""NA""]",False,,no_explicit_crohn_condition,[]
NCT04761952,N-3 Polyunsaturated Fatty Acids Prevent Postoperative Recurrence of Crohn's Disease,"[""Inflammatory Bowel Diseases"", ""Crohn Disease"", ""Polyunsaturated Acid Lipidosis""]",2021-02-21,INTERVENTIONAL,PREVENTION,UNKNOWN,"[""NA""]",False,,not_treatment_purpose,[]
NCT03677648,A Phase II Study in Patients With Moderate to Severe Active Crohn's Disease,"[""Crohn's Disease""]",2018-09-19,INTERVENTIONAL,TREATMENT,COMPLETED,"[""PHASE2""]",False,,included,"[""CHEMBL5095398""]"
NCT02084290,Evaluating a Shared Decision Making Program for Crohn's Disease,"[""Crohn's Disease""]",2014-03-11,INTERVENTIONAL,OTHER,COMPLETED,"[""NA""]",False,,not_treatment_purpose,[]
NCT06925594,Phase 3 Study of Human TH-SC01 Cell Injection for Treating Perianal Fistulas in Patients With Crohn's Disease,"[""Crohn's Disease""]",2025-04-13,INTERVENTIONAL,TREATMENT,RECRUITING,"[""PHASE3""]",False,,no_drug_or_biological_intervention,[]
NCT00739986,Semapimod for Treatment of Moderate to Severe Crohn's Disease 1 or 3 Days' Treatment Versus Placebo,"[""Crohn's Disease""]",2008-08-22,INTERVENTIONAL,TREATMENT,COMPLETED,"[""PHASE2""]",False,,included,"[""CHEMBL2107779""]"
NCT05347095,"A Study of Guselkumab in Participants With Fistulizing, Perianal Crohn's Disease","[""Fistulizing Crohns Disease"", ""Perianal Crohns Disease""]",2022-04-26,INTERVENTIONAL,TREATMENT,ACTIVE_NOT_RECRUITING,"[""PHASE3""]",False,,included,"[""CHEMBL2364648""]"
NCT04082559,Biomarker-based Multidisciplinary Team (Bio-MDT) Approach to Personalized Microbial-targeted Treatment of Pouchitis and Crohn's Disease,"[""Inflammatory Bowel Diseases""]",2019-09-09,INTERVENTIONAL,OTHER,UNKNOWN,"[""NA""]",False,,no_explicit_crohn_condition,[]
NCT00609973,Ciprofloxacin for the Prevention of Postoperative Endoscopic Recurrence in Crohn's Disease,"[""Crohn's Disease""]",2008-02-07,INTERVENTIONAL,PREVENTION,COMPLETED,"[""PHASE2""]",True,,not_treatment_purpose,[]
NCT05596422,A Study of Vedolizumab and Biologic Agents in Participants With Inflammatory Bowel Disease (IBD),"[""Inflammatory Bowel Disease (IBD)"", ""Ulcerative Colitis"", ""Crohn's Disease""]",2022-10-27,OBSERVATIONAL,,COMPLETED,[],False,,not_interventional,[]
NCT04211129,Effect of Acupuncture on Patients With Crohn's Disease in Remission,"[""Crohn Disease"", ""Inflammatory Bowel Diseases""]",2019-12-26,INTERVENTIONAL,TREATMENT,SUSPENDED,"[""NA""]",False,Insufficient funds.,no_drug_or_biological_intervention,[]
NCT00946361,Impaired Insulin-like Growth Factor-1 (IGF-1) Generation Causes Protein Catabolism and Poor Growth in Children With Crohn Disease,"[""Crohns Disease""]",2009-07-27,OBSERVATIONAL,,TERMINATED,[],False,PI left institution,not_interventional,[]
NCT06315179,Seattle Spatial Transcriptomic Research in Inflammatory Bowel Disease Evaluation (STRIDE),"[""Inflammatory Bowel Diseases"", ""Crohn Disease"", ""Ulcerative Colitis"", ""Indeterminate Colitis"", ""Functional Abdominal Pain Syndrome"", ""Functional Bowel Disorder"", ""Esophageal Diseases"", ""Gastroduodenal Disorder"", ""Bowel Dysfunction"", ""Gallbladder Diseases"", ""Sphincter of Oddi Dysfunction"", ""Anorectal Disorder""]",2024-03-18,OBSERVATIONAL,,RECRUITING,[],False,,not_interventional,[]
NCT04272788,Association of Breg and Treg With the Clinical Effects of Infliximab in the Treatment of Patients With Crohn's Disease,"[""Crohn Disease""]",2020-02-17,OBSERVATIONAL,,COMPLETED,[],False,,not_interventional,[]
NCT02245594,GI Symptoms and Sleep Disturbances in Patients With Quiescent Crohns Disease,"[""Crohn's Disease"", ""Inflammatory Bowel Disease"", ""Sleep Disturbances""]",2014-09-19,OBSERVATIONAL,,UNKNOWN,[],False,,not_interventional,[]
NCT03854305,Phase 2a Study of PRV-6527 in Subjects With Moderately to Severely Active Crohn's Disease,"[""Crohn's Disease""]",2019-02-26,INTERVENTIONAL,TREATMENT,COMPLETED,"[""PHASE2""]",False,,included,[]
NCT01405105,Exacerbating Factors in Inflammatory Bowel Disease,"[""Ulcerative Colitis"", ""Crohn's Disease""]",2011-07-29,OBSERVATIONAL,,COMPLETED,[],False,,not_interventional,[]
NCT02735941,Study on Cannabinoid Receptor Expression in Gastrointestinal Diseases,"[""Ulcerative Colitis"", ""Crohn's Disease"", ""Colon Cancer""]",2016-04-13,OBSERVATIONAL,,COMPLETED,[],False,,not_interventional,[]
NCT05578235,Comparing Hand-sewn (END-TO-END or Kono-S) to Stapled Anastomosis in Ileocolic Resection for Crohn's Disease,"[""Crohn Disease""]",2022-10-13,INTERVENTIONAL,TREATMENT,RECRUITING,"[""NA""]",False,,no_drug_or_biological_intervention,[]
NCT02580617,A Study to Evaluate the Safety of ALLO-ASC-CD for Treatment of Crohn's Disease,"[""Crohn's Disease""]",2015-10-20,INTERVENTIONAL,TREATMENT,UNKNOWN,"[""PHASE1""]",False,,included,[]
NCT00290524,Early Alimentation Following Colorectal Surgery,"[""Colorectal Neoplasms"", ""Crohn Disease""]",2006-02-13,INTERVENTIONAL,TREATMENT,UNKNOWN,"[""PHASE3""]",False,,no_drug_or_biological_intervention,[]
NCT06890650,A Study to Evaluate the Effect of Fecal Transplant and Dietary Changes on Disease Activity in Patients With Newly Diagnosed Active Crohn Disease,"[""Crohn Disease""]",2025-03-24,INTERVENTIONAL,TREATMENT,RECRUITING,"[""NA""]",False,,no_drug_or_biological_intervention,[]
NCT02559713,Postmarketing Vedolizumab Milk-Only Lactation Study in Lactating Women With Active Ulcerative Colitis or Crohn's Disease,"[""Colitis, Ulcerative"", ""Crohn's Disease""]",2015-09-24,INTERVENTIONAL,TREATMENT,COMPLETED,"[""PHASE4""]",True,,included,"[""CHEMBL1743087""]"
NCT04014413,Safety and Efficacy of Fecal Microbiota Transplantation,"[""Crohn Disease"", ""Ulcerative Colitis"", ""Celiac Disease"", ""Irritable Bowel Syndrome"", ""Functional Dysphonia"", ""Constipation"", ""Clostridium Difficile Infection"", ""Diabetes Mellitus"", ""Obesity"", ""Multidrug -Resistant Infection"", ""Hepatic Encephalopathy"", ""Multiple Sclerosis"", ""Pseudo-Obstruction"", ""Carbapenem-Resistant Enterobacteriaceae Infection"", ""Vancomycin Resistant Enterococci Infection"", ""Multiple Organ Dysfunction Syndrome"", ""Dysbiotic Bowel Syndrome"", ""MRSA Enteritis"", ""Pseudomembranous Enterocolitis"", ""Alopecia"", ""Autism"", ""Graft-versus-host Disease"", ""Idiopathic Thrombocytopenic Purpura"", ""Atopy or Allergy"", ""Liver Disease"", ""Alcohol Dependence"", ""Psoriatic Arthropathy""]",2019-07-10,INTERVENTIONAL,TREATMENT,RECRUITING,"[""NA""]",False,,no_drug_or_biological_intervention,[]
NCT04751396,Testing of an Educational Tool for Patients With Melanoma and Pre-Existing Autoimmune Disease Who Are Candidates for Immune Checkpoint Inhibitors,"[""Ankylosing Spondylitis"", ""Autoimmune Disease"", ""Crohn Disease"", ""Enteropathic Arthritis"", ""Enteropathic Spondylitis"", ""Inflammatory Bowel Disease"", ""Melanoma"", ""Psoriasis"", ""Psoriatic Arthritis"", ""Reactive Arthritis"", ""Rheumatoid Arthritis"", ""Systemic Lupus Erythematosus"", ""Ulcerative Colitis""]",2021-02-12,OBSERVATIONAL,,RECRUITING,[],False,,not_interventional,[]
NCT04976491,Based on the Special Disease Management of Crohn's Disease Diet Studies,"[""Inflammatory Bowel Diseases""]",2021-07-26,OBSERVATIONAL,,UNKNOWN,[],False,,no_explicit_crohn_condition,[]
NCT07544160,BCMA-CD19 cCAR T for the Treatment of Refractory Inflammatory Bowel Disease (IBD),"[""Inflammatory Bowel Diseases (IBD)""]",2026-04-22,INTERVENTIONAL,TREATMENT,NOT_YET_RECRUITING,"[""PHASE1"", ""PHASE2""]",False,,no_explicit_crohn_condition,[]
NCT04232553,A Long-term Extension Study of Mirikizumab (LY3074828) in Participants With Crohn's Disease,"[""Crohn's Disease""]",2020-01-18,INTERVENTIONAL,TREATMENT,ACTIVE_NOT_RECRUITING,"[""PHASE3""]",True,,included,"[""CHEMBL3990014""]"
NCT03872622,Intestinal Response Patterns to Microbial Signals,"[""CD - Crohn's Disease""]",2019-03-13,INTERVENTIONAL,OTHER,COMPLETED,"[""NA""]",False,,not_treatment_purpose,[]
NCT02164877,Effect of Soluble Dietary Fiber on Bacterial Translocation in Crohn's Disease,"[""Crohn's Disease""]",2014-06-17,INTERVENTIONAL,TREATMENT,TERMINATED,"[""PHASE2""]",False,Not enough participants enrolled,included,"[""CHEMBL2108751""]"
NCT06388057,Intraoperative Ultrasound in Crohn's Disease,"[""Crohn Disease""]",2024-04-29,INTERVENTIONAL,DIAGNOSTIC,UNKNOWN,"[""NA""]",False,,not_treatment_purpose,[]
NCT06589895,"Correlation Between RISANKIZUMAB's Trough Levels, Clinical and Biological Remission in Moderate to Severe Crohn's Disease: a Retrospective Multicentric Study","[""Inflammatory Bowel Diseases""]",2024-09-19,OBSERVATIONAL,,COMPLETED,[],False,,no_explicit_crohn_condition,[]
NCT03840928,PatientSpot Formerly Known as ArthritisPower,"[""Rheumatoid Arthritis"", ""Ankylosing Spondylitis"", ""Fibromyalgia"", ""Gout"", ""Crohn Disease"", ""Juvenile Idiopathic Arthritis"", ""Lupus Erythematosus"", ""Myositis"", ""Osteoarthritis"", ""Osteoporosis"", ""Psoriasis"", ""Psoriatic Arthritis"", ""Scleroderma"", ""Dermatomyositis"", ""Inflammatory Bowel Diseases"", ""Polymyositis"", ""Axial Spondyloarthritis"", ""Diffuse Idiopathic Skeletal Hyperostosis"", ""Polymyalgia Rheumatica"", ""Giant Cell Arteritis"", ""Temporal Arteritis"", ""Wegener"", ""Relapsing Polychondritis"", ""Undifferentiated Connective Tissue Disease"", ""Spinal Cord Injuries"", ""Alzheimer Disease"", ""Amyotrophic Lateral Sclerosis"", ""Ataxia"", ""Bell Palsy"", ""Brain Tumor"", ""Cerebral Aneurysm"", ""Epilepsy"", ""Guillain-Barre Syndrome"", ""Headache"", ""Head Injury"", ""Hydrocephalus"", ""Lumbar Disc Disease"", ""Meningitis"", ""Multiple Sclerosis"", ""Muscular Dystrophy"", ""Neurocutaneous Syndromes"", ""Parkinson Disease"", ""Stroke"", ""Cluster Headache"", ""Tension-Type Headache"", ""Chronic Obstructive Pulmonary Disease"", ""Asthma"", ""Lung Cancer"", ""Cystic Fibrosis"", ""Sleep Apnea"", ""Eczema"", ""Alopecia"", ""Chronic Inflammation"", ""Unstable Angina"", ""Heart Attack"", ""Heart Failure"", ""Arrythmia"", ""Valve Heart Disease"", ""High Blood Pressure"", ""Congenital Heart Disease"", ""Peripheral Arterial Disease"", ""Diabetes"", ""Chronic Liver Disease"", ""Obesity""]",2019-02-15,OBSERVATIONAL,,UNKNOWN,[],False,,not_interventional,[]
NCT01545050,Dose Ranging Study of BMS-945429 in Subjects With Moderate to Severe Crohn's Disease,"[""Crohn's Disease""]",2012-03-06,INTERVENTIONAL,TREATMENT,TERMINATED,"[""PHASE2""]",True,due to sponsor decision,included,"[""CHEMBL2108589""]"
NCT02501291,Thalidomide in Treating Crohn's Disease,"[""Crohn's Disease""]",2015-07-17,INTERVENTIONAL,TREATMENT,COMPLETED,"[""PHASE2""]",False,,included,"[""CHEMBL468""]"
NCT06216223,Laser Versus Surgery in Anal Diseases in Inflammatory Bowel Patients,"[""Inflammatory Bowel Diseases"", ""Anal Fissure"", ""Hemorrhoids""]",2024-01-22,INTERVENTIONAL,TREATMENT,COMPLETED,"[""NA""]",False,,no_explicit_crohn_condition,[]
NCT01468090,Disease Course in an IBD Cohort in the Era of Biological Treatment,"[""Crohn's Disease"", ""Ulcerative Colitis""]",2011-11-09,OBSERVATIONAL,,COMPLETED,[],False,,not_interventional,[]
NCT00946946,Preventing Postoperative Relapse in Crohn's Disease Patients at Risk: Azathioprine Versus Mesalazine,"[""Crohn's Disease""]",2009-07-27,INTERVENTIONAL,PREVENTION,COMPLETED,"[""PHASE3""]",False,,not_treatment_purpose,[]
NCT03078803,Fecal Transplant for Crohn's Disease,"[""Crohn Disease""]",2017-03-13,INTERVENTIONAL,TREATMENT,COMPLETED,"[""PHASE2""]",False,,included,[]
NCT00731172,"A Double Blind Placebo Control Study to Assess the Safety,Tolerability and Efficacy of Copaxone in Crohn's Disease","[""Crohns Disease""]",2008-08-08,INTERVENTIONAL,TREATMENT,UNKNOWN,"[""PHASE2""]",False,,included,"[""CHEMBL1201507""]"
NCT06871267,Dietary Modification In Inflammatory Bowel Disease Patients,"[""Crohn Disease""]",2025-03-11,INTERVENTIONAL,TREATMENT,RECRUITING,"[""NA""]",False,,no_drug_or_biological_intervention,[]
NCT05733845,Evaluation of Molecular Mechanisms of Non-response to Therapy in Patients With Inflammatory Bowel Disease,"[""Crohn's Disease"", ""Ulcerative Colitis""]",2023-02-17,INTERVENTIONAL,OTHER,RECRUITING,"[""NA""]",False,,not_treatment_purpose,[]
NCT03218202,Stricture Definition and Treatment (STRIDENT) Observational Study.,"[""Inflammatory Bowel Diseases"", ""Crohn Disease"", ""Ulcerative Colitis"", ""Stricture; Colon""]",2017-07-14,OBSERVATIONAL,,TERMINATED,[],False,To focus on STRIDENT intervention studies as this study population is heterogenous,not_interventional,[]
NCT07123207,Preliminary Clinical Study on the Effect of Bacillus Subtilis on the Efficacy of Infliximab in Patients With Crohn's Disease,"[""Mild to Severe Crohns Disease""]",2025-08-14,INTERVENTIONAL,TREATMENT,RECRUITING,"[""NA""]",False,,no_drug_or_biological_intervention,[]
NCT01277419,German Spondyloarthritis Inception Cohort,"[""Ankylosing Spondylitis (AS) / Radiographic Axial SpA (r-axSpA)"", ""Non-radiographic Axial Spondyloarthritis (Nr-axSpA)"", ""Axial Psoriatic Arthritis (axPsA)"", ""Acute Anterior Uveitis (AAU)"", ""Crohn Disease (CD)"", ""Ulcerative Colitis (UC)""]",2011-01-17,OBSERVATIONAL,,RECRUITING,[],False,,not_interventional,[]
NCT00509639,Evaluation of Topical 10% Metronidazole Ointment for the Treatment of Active Perianal Crohn's Disease,"[""Crohn's Disease""]",2007-07-31,INTERVENTIONAL,TREATMENT,COMPLETED,"[""PHASE3""]",False,,included,[]
NCT05098600,"The Epidemiology, Management and Comorbidities in Alopecia Areata in Czech Republic","[""Alopecia Areata"", ""Alopecia Totalis"", ""Alopecia Universalis"", ""Alopecia Areata (& Ophiasis)"", ""Alopecia Barbae"", ""Alopecia Diffuse"", ""Autoimmune Diseases"", ""Autoimmune Hyperthyroidism"", ""Autoimmune Hypothyroidism"", ""Diabetes Mellitus, Type 1"", ""Ulcerative Colitis"", ""Inflammatory Bowel Diseases"", ""Crohn Disease"", ""Rheumatoid Arthritis"", ""Down Syndrome"", ""Atopic Dermatitis"", ""Atopic Asthma"", ""Atopic Rhinitis"", ""Vitiligo"", ""Psoriasis"", ""Ankylosing Spondylitis"", ""Multiple Sclerosis"", ""Lupus Erythematosus"", ""COVID-19 Pandemic"", ""Vaccine Reaction"", ""Infections"", ""Anemia, Pernicious""]",2021-10-28,OBSERVATIONAL,,COMPLETED,[],False,,not_interventional,[]
NCT04431700,Study of Dietary Composition in Crohn's Disease,"[""Inflammatory Bowel Diseases"", ""Crohn Disease""]",2020-06-16,INTERVENTIONAL,PREVENTION,TERMINATED,"[""NA""]",False,Unable to complete enrollment,not_treatment_purpose,[]
NCT03072836,Study of Gut Microbiota in Crohn's Disease Patients Suffering From Spondylarthritis,"[""Crohn Disease"", ""Spondyloarthritis""]",2017-03-07,INTERVENTIONAL,BASIC_SCIENCE,UNKNOWN,"[""NA""]",False,,not_treatment_purpose,[]
NCT03345836,A Study of the Efficacy and Safety of Upadacitinib (ABT-494) in Participants With Moderately to Severely Active Crohn's Disease Who Have Inadequately Responded to or Are Intolerant to Biologic Therapy,"[""Crohn's Disease""]",2017-11-17,INTERVENTIONAL,TREATMENT,COMPLETED,"[""PHASE3""]",True,,included,"[""CHEMBL3622821""]"
NCT05768971,Contrast-enhanced Ultrasound in Patients With Crohn´s Disease and Food Allergy,"[""Crohn Disease"", ""Food Allergy""]",2023-03-15,OBSERVATIONAL,,COMPLETED,[],False,,not_interventional,[]
NCT03462875,The ENIGMA Study: Eastern Inflammatory Bowel Disease Gut Microbiota,"[""Crohn Disease""]",2018-03-13,OBSERVATIONAL,,UNKNOWN,[],False,,not_interventional,[]
NCT00308581,Certolizumab in Crohn's Disease Patients With Loss of Response or Intolerance to Infliximab,"[""Crohn's Disease""]",2006-03-29,INTERVENTIONAL,TREATMENT,COMPLETED,"[""PHASE3""]",True,,included,"[""CHEMBL1201831""]"
NCT04191707,Metabolomic Markers of Fatigue in Inflammatory Bowel Disease,"[""Fatigue"", ""Inflammatory Bowel Disease"", ""Ulcerative Colitis"", ""Crohn Disease""]",2019-12-10,OBSERVATIONAL,,COMPLETED,[],False,,not_interventional,[]
NCT01298492,A Study To Monitor Long-Term Treatment With PF-00547659,"[""Crohn's Disease""]",2011-02-17,INTERVENTIONAL,TREATMENT,COMPLETED,"[""PHASE2""]",True,,included,"[""CHEMBL2109511""]"
NCT06727253,Glycan Supplementation on a Human Model of Crohn's Disease Initiation and Progression,"[""Crohn Disease (CD)""]",2024-12-10,INTERVENTIONAL,BASIC_SCIENCE,RECRUITING,"[""NA""]",False,,not_treatment_purpose,[]
NCT02392221,Impact of Therapeutic Strategies in the Pediatric Inflammatory Bowel Disease: a Population Based Study (1988-2011).,"[""Pediatric Inflammatory Bowel Disease""]",2015-03-18,OBSERVATIONAL,,COMPLETED,[],False,,no_explicit_crohn_condition,[]
NCT02896985,Observational Study Evaluating the Effectiveness of Drug Concentration to Predict the Recapture of Response in Crohn's Disease Patients With Loss of Response ( PRADA ),"[""Crohn's Disease""]",2016-09-12,OBSERVATIONAL,,COMPLETED,[],False,,not_interventional,[]
NCT00584740,"Efficacy, Safety and Tolerability of AIN457 in Moderate to Severe Active Crohn's Disease","[""Crohn's Disease""]",2008-01-02,INTERVENTIONAL,TREATMENT,TERMINATED,"[""PHASE2""]",True,The study was terminated prematurely after futility criterion was met at planned interim analysis of 41 patients.,included,"[""CHEMBL1743068""]"
NCT00655733,Phase II Study of HMPL-004 in Subjects With Crohn's Disease,"[""Crohn's Disease""]",2008-04-10,INTERVENTIONAL,TREATMENT,COMPLETED,"[""PHASE2""]",True,,included,"[""CHEMBL186141""]"
NCT03872726,Development and Validation of a Self-reported Objective Index of Work Disability in Inflammatory Bowel Disease,"[""Inflammatory Bowel Diseases"", ""Ulcerative Colitis"", ""Crohn Disease"", ""Disabling Disease"", ""Disability Physical""]",2019-03-13,OBSERVATIONAL,,UNKNOWN,[],False,,not_interventional,[]
NCT01991314,Treatment of Iron Deficiency Anaemia in Inflammatory Bowel Disease With Ferrous Sulphate,"[""Ulcerative Colitis"", ""Crohn's Disease""]",2013-11-25,INTERVENTIONAL,TREATMENT,COMPLETED,"[""PHASE4""]",True,,included,"[""CHEMBL1200830""]"
NCT02678052,OTIS Vedolizumab Pregnancy Exposure Registry,"[""Colitis, Ulcerative"", ""Crohn's Disease""]",2016-02-09,OBSERVATIONAL,,COMPLETED,[],False,,not_interventional,[]
NCT06997055,"ROLL'YN-UST: an Observational Study in Patients Treated by Steqeyma®, an Ustekinumab Biosimilar","[""Crohn Disease"", ""Plaque Psoriasis""]",2025-05-30,OBSERVATIONAL,,RECRUITING,[],False,,not_interventional,[]
NCT00562887,"Dose Ranging Study Comparing the Efficacy, Safety and Pharmacokinetics of Intravenous Infusions of ABT-874 vs Placebo in Subjects With Active Crohn's Disease","[""Crohn's Disease""]",2007-11-26,INTERVENTIONAL,TREATMENT,TERMINATED,"[""PHASE2""]",False,,included,"[""CHEMBL1742995""]"
NCT00705614,Postmarketing Safety Surveillance European Registry of Crohn's Disease Patients Treated With Remicade or Standard Therapy (MK-2155-035),"[""Crohn's Disease""]",2008-06-26,OBSERVATIONAL,,COMPLETED,[],True,,not_interventional,[]
NCT04913467,Effect of Ileocolonic Delivered Vitamins and an Anti-Inflammatory Diet on Crohn's Disease and Healthy Volunteers,"[""Crohn Disease""]",2021-06-04,INTERVENTIONAL,TREATMENT,UNKNOWN,"[""NA""]",False,,no_drug_or_biological_intervention,[]
NCT00472992,Pregnancy Exposure Registry for Tysabri®,"[""Crohn's Disease"", ""Prenatal Exposure"", ""Multiple Sclerosis"", ""Pregnancy""]",2007-05-14,OBSERVATIONAL,,COMPLETED,[],False,,not_interventional,[]
NCT00771667,A Study of Safety and Effectiveness of Ustekinumab in Patients With Moderate to Severe Active Crohn's Disease Who Have Been Previously Treated With Anti-TNF Therapy,"[""Crohn's Disease""]",2008-10-13,INTERVENTIONAL,TREATMENT,COMPLETED,"[""PHASE2""]",True,,included,"[""CHEMBL1201835""]"
NCT03871634,Assessment of Nutritional Status of Patients With Crohn's Disease,"[""Crohn's Disease"", ""Malnutrition"", ""Overweight and Obesity"", ""Sarcopenia"", ""Sarcopenic Obesity""]",2019-03-12,OBSERVATIONAL,,COMPLETED,[],False,,not_interventional,[]
NCT04655807,A Study of JNJ-64304500 as Add-on Therapy in Participants With Active Crohn's Disease,"[""Crohn Disease""]",2020-12-07,INTERVENTIONAL,TREATMENT,WITHDRAWN,"[""PHASE2""]",False,Sponsor Decision.,included,"[""CHEMBL1201580"", ""CHEMBL1201835"", ""CHEMBL4594564""]"
NCT05689892,Shared Decision Making in Paediatric Inflammatory Bowel Disease,"[""Inflammatory Bowel Diseases"", ""Crohn Disease"", ""Ulcerative Colitis"", ""IBD""]",2023-01-19,INTERVENTIONAL,SUPPORTIVE_CARE,UNKNOWN,"[""NA""]",False,,not_treatment_purpose,[]
NCT05930275,Study to Assess Speed of Onset and Durability of Effectiveness of Upadacitinib in Adult Participants With Moderate to Severe Crohn's Disease (CD) in Real World Clinical Practice.,"[""Crohn's Disease""]",2023-07-05,OBSERVATIONAL,,ACTIVE_NOT_RECRUITING,[],False,,not_interventional,[]
NCT00820365,SC12267 (4SC-101) for Treatment of Patients With Inflammatory Bowel Disease,"[""Inflammatory Bowel Disease (IBD)""]",2009-01-12,INTERVENTIONAL,TREATMENT,COMPLETED,"[""PHASE2""]",False,,no_explicit_crohn_condition,[]
NCT02843100,Diet for Induction and Maintenance of Remission and Re-biosis in Crohn's Disease,"[""Crohn's Disease""]",2016-07-25,INTERVENTIONAL,TREATMENT,COMPLETED,"[""NA""]",False,,no_drug_or_biological_intervention,[]
NCT00295165,Efficacy (Induction of Response/Remission) and Safety Study in Patients With Moderate to Severe Crohn's Disease,"[""Crohn Disease""]",2006-02-23,INTERVENTIONAL,TREATMENT,TERMINATED,"[""PHASE3""]",False,,included,[]
NCT03950336,"Prebiotics and Diet to Reduce ""Leaky"" Gut in First Degree Relatives of Crohn's Disease Patients","[""Healthy First Degree Relatives of Crohn's Disease Patients""]",2019-05-15,INTERVENTIONAL,OTHER,COMPLETED,"[""NA""]",False,,not_treatment_purpose,[]
NCT03466411,A Study of the Efficacy and Safety of Guselkumab in Participants With Moderately to Severely Active Crohn's Disease,"[""Crohn's Disease""]",2018-03-15,INTERVENTIONAL,TREATMENT,ACTIVE_NOT_RECRUITING,"[""PHASE2"", ""PHASE3""]",True,,included,"[""CHEMBL1201835"", ""CHEMBL2364648""]"
NCT03301311,Personalized Research on Diet in Ulcerative Colitis and Crohn's Disease,"[""Inflammatory Bowel Diseases"", ""Crohn Disease"", ""Ulcerative Colitis"", ""Indeterminate Colitis""]",2017-10-04,INTERVENTIONAL,TREATMENT,COMPLETED,"[""NA""]",False,,no_drug_or_biological_intervention,[]
NCT07167186,Evaluation of a Multimodal Day Hospital for the Overall Management of Patients With Chronic Inflammatory Bowel Diseases (IBD),"[""Inflammatory Bowel Disease (IBD)"", ""Crohn Disease"", ""Ulcerative Colitis (Disorder)""]",2025-09-11,OBSERVATIONAL,,NOT_YET_RECRUITING,[],False,,not_interventional,[]
NCT00630643,NI-0401 in Active Crohn's Disease,"[""Moderate to Severe Crohn's Disease""]",2008-03-07,INTERVENTIONAL,TREATMENT,COMPLETED,"[""PHASE1"", ""PHASE2""]",False,,included,[]
NCT04151225,"Study to Evaluate Safety, Tolerability and Efficacy of GSK2330811 in Crohn's Disease","[""Crohns Disease"", ""Crohn's Disease""]",2019-11-05,INTERVENTIONAL,TREATMENT,WITHDRAWN,"[""PHASE2""]",False,Internal sponsor decision to terminate project in Crohn's disease due to potential narrow therapeutic window. No subjects were enrolled,included,"[""CHEMBL6068608""]"
NCT07804511,Adapted Physical Activity for Persistent Fatigue in Patients With Inflammatory Bowel Disease in Remission,"[""Inflammatory Bowel Diseases (IBD)"", ""Fatigue"", ""Crohn Disease (CD)"", ""Ulcerative Colitis (UC)""]",2026-09-04,INTERVENTIONAL,SUPPORTIVE_CARE,NOT_YET_RECRUITING,"[""NA""]",False,,not_treatment_purpose,[]
NCT00445432,A Study of Adalimumab for the Maintenance of Clinical Remission in Japanese Subjects With Crohn's Disease,"[""Crohn's Disease""]",2007-03-09,INTERVENTIONAL,TREATMENT,COMPLETED,"[""PHASE2"", ""PHASE3""]",True,,included,"[""CHEMBL1201580""]"
NCT07184944,A Maintenance Study to Investigate the Efficacy and Safety of Duvakitug in Participants With Moderately to Severely Active Crohn's Disease,"[""Crohn's Disease""]",2025-09-22,INTERVENTIONAL,TREATMENT,RECRUITING,"[""PHASE3""]",False,,included,"[""CHEMBL5314733""]"
NCT04283864,"Decoding Personalized Nutritional, Microbiome and Host Patterns Impacting Clinical and Prognostic Features in Crohn's Disease","[""Crohn Disease""]",2020-02-25,OBSERVATIONAL,,ACTIVE_NOT_RECRUITING,[],False,,not_interventional,[]
NCT02782663,"A Study to Evaluate the Long-Term Efficacy, Safety, and Tolerability of Repeated Administration of Upadacitinib (ABT-494) in Participants With Crohn's Disease","[""Crohn's Disease (CD)""]",2016-05-25,INTERVENTIONAL,TREATMENT,COMPLETED,"[""PHASE2""]",True,,included,"[""CHEMBL3622821""]"
NCT00999115,Allogenic Stem Cells Derived From Lipoaspirates for the Treatment of Recto-vaginal Fistulas Associated to Crohn's Disease (ALOREVA),"[""Rectovaginal Fistula"", ""Crohn Disease""]",2009-10-21,INTERVENTIONAL,TREATMENT,COMPLETED,"[""PHASE1"", ""PHASE2""]",False,,included,[]
NCT01015391,Efficacy Study of T2 Versus AZA to Maintain Clinical and Endoscopic Remission in Postoperative Crohn's Disease,"[""Crohn's Disease""]",2009-11-18,INTERVENTIONAL,TREATMENT,UNKNOWN,"[""NA""]",False,,included,"[""CHEMBL1542""]"
NCT00126373,A Trial of Wellbutrin for Crohn's Disease,"[""Crohn Disease""]",2005-08-04,INTERVENTIONAL,TREATMENT,COMPLETED,"[""PHASE2"", ""PHASE3""]",False,,included,[]
NCT07680283,Ultrasound-Guided Versus Standard Margin Selection in Ileocecal Resection of Terminal Ileal CD,"[""Crohn's Disease (CD)""]",2026-07-02,INTERVENTIONAL,TREATMENT,RECRUITING,"[""NA""]",False,,no_drug_or_biological_intervention,[]
NCT05719766,Effect of Incentive Integrated E-IBD Chronic Disease Management Model on the Quality of Life in IBD Patients,"[""Inflammatory Bowel Diseases"", ""Crohn Disease"", ""Ulcerative Colitis""]",2023-02-09,INTERVENTIONAL,SUPPORTIVE_CARE,NOT_YET_RECRUITING,"[""NA""]",False,,not_treatment_purpose,[]
NCT04655729,Biomarkers to Predict and Monitor Response to Infliximab,"[""Crohn Disease""]",2020-12-07,OBSERVATIONAL,,UNKNOWN,[],False,,not_interventional,[]
NCT03426683,The Effect of Intestinal Microbiota Transplantation for Inflammatory Bowel Diseases,"[""Inflammatory Bowel Disease(IBD)""]",2018-02-08,INTERVENTIONAL,TREATMENT,COMPLETED,"[""NA""]",False,,no_explicit_crohn_condition,[]
NCT04370535,PMA-Zeolite-Clinoptilolite Effects in Crohn Disease,"[""Crohn Disease""]",2020-05-01,INTERVENTIONAL,TREATMENT,UNKNOWN,"[""NA""]",False,,no_drug_or_biological_intervention,[]
NCT02566889,An Efficacy and Safety Study of Infliximab Dose Escalation in Pediatric Participants With Inflammatory Bowel Disease,"[""Inflammatory Bowel Diseases""]",2015-10-02,INTERVENTIONAL,TREATMENT,TERMINATED,"[""PHASE4""]",True,Study was terminated due to the inability to enroll a sufficient number of the required subject population,no_explicit_crohn_condition,[]
NCT01631435,PillCam® Platform With the PillCam Crohn's Disease Capsule,"[""Crohn's Disease""]",2012-06-29,INTERVENTIONAL,OTHER,COMPLETED,"[""PHASE1"", ""PHASE2""]",True,,not_treatment_purpose,[]
NCT03885713,Identification of Predictive Biomarkers for Response to Biologic Therapies and Tofacitinib in Inflammatory Bowel Disease,"[""Inflammatory Bowel Diseases"", ""Crohn Disease"", ""Ulcerative Colitis""]",2019-03-22,INTERVENTIONAL,TREATMENT,COMPLETED,"[""PHASE4""]",False,,included,[]
NCT07673497,Can Vitamin D Replacement Correct Chronic Disease Anemia?,"[""Vitamin D"", ""Iron Deficiency and Overload"", ""Inflammatory Bowel Disease (Crohn's Disease; Ulcerative Colitis)""]",2026-06-29,INTERVENTIONAL,TREATMENT,COMPLETED,"[""PHASE4""]",False,,included,[]
NCT04861597,Digital Behavioral Interventions in Inflammatory Bowel Disease,"[""Crohn Disease"", ""Ulcerative Colitis"", ""Inflammatory Bowel Diseases"", ""Stress, Psychological"", ""Depression, Anxiety""]",2021-04-27,INTERVENTIONAL,TREATMENT,COMPLETED,"[""NA""]",True,,no_drug_or_biological_intervention,[]
NCT02968108,A Pharmacokinetic Study of Ustekinumab in Pediatric Subjects With Moderately to Severely Active Crohn's Disease,"[""Crohn Disease""]",2016-11-18,INTERVENTIONAL,TREATMENT,COMPLETED,"[""PHASE1""]",False,,included,"[""CHEMBL1201835""]"
NCT05591976,Exercise Training in Youth With Inflammatory Bowel Disease,"[""Pediatric Inflammatory Bowel Diseases"", ""Pediatric Crohns Disease"", ""Pediatric Ulcerative Colitis""]",2022-10-24,INTERVENTIONAL,SUPPORTIVE_CARE,COMPLETED,"[""NA""]",False,,not_treatment_purpose,[]
NCT05944068,The Effects of a Mindfulness Based Intervention on IBD Disability,"[""Crohn Disease""]",2023-07-13,INTERVENTIONAL,SUPPORTIVE_CARE,UNKNOWN,"[""NA""]",False,,not_treatment_purpose,[]
NCT05835973,Evaluation of Sleep Changes in Inflammatory Bowel Diseases (IBD) Patients.,"[""Disease Bowel"", ""Crohn Disease"", ""Ulcerative Colitis""]",2023-04-28,INTERVENTIONAL,OTHER,RECRUITING,"[""NA""]",False,,not_treatment_purpose,[]
NCT07531342,Repetitive Transcranial Magnetic Stimulation Combined With Anti-inflammatory Diet in Crohn's Disease,"[""Crohn's Disease""]",2026-04-15,INTERVENTIONAL,TREATMENT,RECRUITING,"[""NA""]",False,,no_drug_or_biological_intervention,[]
NCT07177118,Risankizumab for Fibrostenotic Crohn's Disease Treatment,"[""Crohn Disease"", ""Crohn Disease and Ulcerative Colitis""]",2025-09-16,INTERVENTIONAL,TREATMENT,NOT_YET_RECRUITING,"[""PHASE3""]",False,,included,"[""CHEMBL1201835"", ""CHEMBL3990029""]"
NCT06124287,MRE Predictors of Disease Relapse After Stopping Biologics,"[""Crohn's Disease""]",2023-11-09,OBSERVATIONAL,,RECRUITING,[],False,,not_interventional,[]
NCT03456206,"Chronic Inflammatory Disease, Lifestyle and Risk of Disease","[""Autoimmune Diseases"", ""Inflammatory Bowel Diseases"", ""Crohn Disease (CD)"", ""Ulcerative Colitis (UC)"", ""Arthritis, Rheumatoid (RA)"", ""Spondylarthropathies"", ""Arthritis, Psoriatic (PsA)"", ""Psoriasis (PsO)"", ""Multiple Sclerosis (MS)""]",2018-03-07,OBSERVATIONAL,,UNKNOWN,[],False,,not_interventional,[]
NCT01392365,Development of a Prediction Model for Differential Diagnosis Between Intestinal Tuberculosis and Crohn's Disease,"[""Crohn's Disease"", ""Intestinal Tuberculosis""]",2011-07-12,OBSERVATIONAL,,COMPLETED,[],False,,not_interventional,[]
NCT07113522,A Phase 2 Study to Evaluate Therapies for Inflammatory Bowel Disease,"[""Inflammatory Bowel Disease (IBD)"", ""Ulcerative Colitis (UC)"", ""Crohn's Disease""]",2025-08-08,INTERVENTIONAL,TREATMENT,RECRUITING,"[""PHASE2""]",False,,included,"[""CHEMBL2108018""]"
NCT04239521,"The Epidemiology, Management, and the Associated Burden of Related Conditions in Alopecia Areata","[""Alopecia Areata"", ""Depressive Episode"", ""Recurrent Depressive Disorder"", ""Anxiety Disorders"", ""Atopic Dermatitis"", ""Allergic Rhinitis"", ""Asthma"", ""Crohn Disease"", ""Ulcerative Colitis"", ""Pernicious Anemia"", ""Type 1 Diabetes"", ""Hashimoto Thyroiditis"", ""Graves Disease"", ""Rheumatoid Arthritis"", ""Psoriatic Arthritis"", ""Ankylosing Spondylitis"", ""Systemic Lupus Erythematosus"", ""Polymyalgia Rheumatica"", ""Sjogren's Syndrome"", ""Psoriasis"", ""Vitiligo"", ""Multiple Sclerosis"", ""Celiac Disease"", ""Upper Respiratory Tract Infection"", ""Influenza"", ""Lower Resp Tract Infection"", ""Acute Bronchitis"", ""Pneumonia"", ""Gastrointestinal Infection"", ""Skin Infection"", ""Urinary Tract Infections"", ""Genital Infection"", ""Herpes Zoster"", ""Herpes Simplex"", ""Infection"", ""Infection Viral""]",2020-01-27,OBSERVATIONAL,,COMPLETED,[],False,,not_interventional,[]
NCT06456593,Efficacy and Safety of Obefazimod in Subjects With Moderately to Severely Active Crohn's Disease,"[""Moderately to Severely Active Crohn Disease""]",2024-06-13,INTERVENTIONAL,TREATMENT,RECRUITING,"[""PHASE2""]",False,,included,"[""CHEMBL4297344""]"
NCT05994716,Telemonitoring for IBD Goodness Examination in Russia,"[""Inflammatory Bowel Diseases"", ""Crohn Disease"", ""Ulcerative Colitis""]",2023-08-16,INTERVENTIONAL,OTHER,UNKNOWN,"[""NA""]",False,,not_treatment_purpose,[]
NCT04643496,CRP Monitoring After ICR in CD Patients,"[""Crohn Disease"", ""Ileocolic Resection""]",2020-11-25,OBSERVATIONAL,,COMPLETED,[],False,,not_interventional,[]
NCT02914561,Filgotinib in the Induction and Maintenance of Remission in Adults With Moderately to Severely Active Crohn's Disease,"[""Crohn's Disease""]",2016-09-26,INTERVENTIONAL,TREATMENT,COMPLETED,"[""PHASE3""]",True,,included,"[""CHEMBL3301607""]"
NCT05374967,The Effect of a Multimodal Lifestyle Intervention on Chronic Fatigue in Patients With Inflammatory Bowel Disease,"[""Inflammatory Bowel Diseases"", ""Fatigue""]",2022-05-16,INTERVENTIONAL,TREATMENT,UNKNOWN,"[""NA""]",False,,no_explicit_crohn_condition,[]
NCT06063967,A Study to Assess Adverse Events and Change in Disease Activity of Risankizumab Subcutaneous Induction Treatment for Moderately to Severely Active Crohn's Disease.,"[""Crohn's Disease""]",2023-10-03,INTERVENTIONAL,TREATMENT,ACTIVE_NOT_RECRUITING,"[""PHASE3""]",False,,included,"[""CHEMBL3990029""]"
NCT02256462,Pediatric Crohn's Disease AdalImumab Level-based Optimization Treatment (PAILOT) Trial,"[""Crohn's Disease""]",2014-10-03,INTERVENTIONAL,TREATMENT,COMPLETED,"[""PHASE4""]",False,,included,"[""CHEMBL1201580""]"
NCT07377188,Pregnancy and Inflammatory Bowel Disease,"[""IBD"", ""Crohn's Disease"", ""Ulcerative Colitis"", ""Pregnancy""]",2026-01-29,OBSERVATIONAL,,RECRUITING,[],False,,not_interventional,[]
NCT07020481,Spiritual Needs of European Patients With Inflammatory Bowel Disease and Their Caregivers,"[""Inflammatory Bowel Disease (Crohn&#39;s Disease and Ulcerative Colitis)""]",2025-06-13,OBSERVATIONAL,,NOT_YET_RECRUITING,[],False,,not_interventional,[]
NCT01417728,Endomicroscopy in IBD Patients,"[""Crohn's Disease"", ""Ulcerative Colitis""]",2011-08-16,OBSERVATIONAL,,COMPLETED,[],False,,not_interventional,[]
NCT05499130,A Study to Test the Effect of TEV-48574 in Moderate to Severe Ulcerative Colitis or Crohn's Disease,"[""Crohn Disease"", ""Colitis, Ulcerative""]",2022-08-12,INTERVENTIONAL,TREATMENT,COMPLETED,"[""PHASE2""]",True,,included,"[""CHEMBL5314733""]"
NCT07822087,A Phase 1 Study of ATORM-C in Patients With Crohn's Disease,"[""Crohn's Diseases"", ""Crohn's Disease""]",2026-09-16,INTERVENTIONAL,TREATMENT,RECRUITING,"[""PHASE1""]",False,,included,[]
NCT07616687,"Optimal Care With Guselkumab in Crohn's Disease / OPTIM Study A Prospective Open Label Interventional, Multicenter Study","[""Crohn Disease (CD)"", ""Intensification""]",2026-06-01,INTERVENTIONAL,TREATMENT,RECRUITING,"[""PHASE4""]",False,,included,"[""CHEMBL2364648""]"
NCT02847884,IDeaL Pilot Study - Infliximab Dose to Level: Pilot Study,"[""Inflammatory Bowel Disease"", ""Crohn's Disease""]",2016-07-28,OBSERVATIONAL,,COMPLETED,[],False,,not_interventional,[]
NCT03939117,The IUSS Crohn's Study: A Feasibility Study,"[""Crohn Disease"", ""Inflammatory Bowel Diseases""]",2019-05-06,OBSERVATIONAL,,COMPLETED,[],False,,not_interventional,[]
NCT07784114,Incremental Value of Traditional Chinese Medicine Features in Two-Stage Pre-Endoscopic Prediction,"[""Ulcerative Colitis (Disorder)"", ""Crohn Disease (CD)"", ""Inflammatory Bowel Diseases"", ""Colorectal Neoplasms""]",2026-08-25,OBSERVATIONAL,,COMPLETED,[],False,,not_interventional,[]
NCT07337902,Comparing Over the Counter Pain Medicines for Discomfort in Crohn's Disease (AVID-CD),"[""Crohn's Disease (CD)"", ""Dysmenorrhea Primary""]",2026-01-13,INTERVENTIONAL,TREATMENT,RECRUITING,"[""NA""]",False,,no_drug_or_biological_intervention,[]
NCT05456932,Predicting Response to Iron Supplementation in Patients With Active Inflammatory Bowel Disease,"[""Inflammatory Bowel Diseases"", ""Iron-deficiency"", ""Iron Deficiency Anemia""]",2022-07-13,INTERVENTIONAL,DIAGNOSTIC,UNKNOWN,"[""PHASE4""]",False,,no_explicit_crohn_condition,[]
NCT00615199,"A Study to Investigate the Safety and Efficacy of CP-690,550 in Patients With Moderate to Severe Crohn's Disease","[""Crohn's Disease""]",2008-02-14,INTERVENTIONAL,TREATMENT,COMPLETED,"[""PHASE2""]",True,,included,"[""CHEMBL221959""]"
NCT00731809,Evaluation of PET CT in the Management of Patients With Crohn's Disease.,"[""Crohn's Disease""]",2008-08-11,INTERVENTIONAL,DIAGNOSTIC,UNKNOWN,"[""PHASE4""]",False,,not_treatment_purpose,[]
NCT06548399,Longitudinal Study on Bacterial Production of LPC and LPA in Patients With Inflammatory Bowel Disease,"[""Inflammatory Bowel Diseases"", ""Crohn's Disease"", ""Ulcerative Colitis""]",2024-08-12,OBSERVATIONAL,,RECRUITING,[],False,,not_interventional,[]
NCT04136587,The Bacterial Secretome in IBD,"[""Inflammatory Bowel Diseases""]",2019-10-23,OBSERVATIONAL,,COMPLETED,[],False,,no_explicit_crohn_condition,[]
NCT06324591,Observational Prospective Study to Identify Intestinal Microbial Profiles in Newly Diagnosed Crohn's Disease Patients,"[""Crohn Disease""]",2024-03-22,INTERVENTIONAL,DIAGNOSTIC,UNKNOWN,"[""NA""]",False,,not_treatment_purpose,[]
NCT01674413,Calprotectin-Directed Humira® Maintenance Therapy (CADHUM),"[""Crohn's Disease""]",2012-08-28,INTERVENTIONAL,TREATMENT,WITHDRAWN,"[""PHASE3""]",False,Unable to recruit; all patients interested simply wanted to stop medication,included,"[""CHEMBL1201580""]"
NCT07541261,A Real-World Study of Guselkumab in Ulcerative Colitis and Crohn's Disease in Saudi Arabia,"[""Colitis"", ""Ulcerative"", ""Crohn Disease""]",2026-04-21,OBSERVATIONAL,,RECRUITING,[],False,,not_interventional,[]
NCT01728870,Partial Enteral Nutrition With a Unique Diet vs. Exclusive Enteral Nutrition for the Treatment of Pediatric Crohn's Disease,"[""Crohn's Disease""]",2012-11-20,INTERVENTIONAL,TREATMENT,COMPLETED,"[""NA""]",False,,no_drug_or_biological_intervention,[]
NCT01564823,Adalimumab on Preventing Post-chirurgic Recurrence on Crohn´s Disease,"[""Crohn´s Disease""]",2012-03-28,INTERVENTIONAL,TREATMENT,COMPLETED,"[""PHASE3""]",False,,included,"[""CHEMBL1201580"", ""CHEMBL137"", ""CHEMBL1542""]"
NCT06439641,Prevalence and Factors Associated With Sleep Disorders in Inflammatory Bowel Disease,"[""Inflammatory Bowel Diseases"", ""Crohn Disease"", ""Ulcerative Colitis"", ""Sleep Disorder""]",2024-06-03,INTERVENTIONAL,DIAGNOSTIC,COMPLETED,"[""NA""]",False,,not_treatment_purpose,[]
NCT01203254,Colesevelam for the Treatment of Bile Acid Malabsorption in Patients With Crohn's Disease,"[""Crohns Disease"", ""Bile Acid Malabsorption""]",2010-09-16,INTERVENTIONAL,TREATMENT,TERMINATED,"[""PHASE4""]",False,insufficient enrollment,included,"[""CHEMBL6068331""]"
NCT05886322,Remote Monitoring of IBD,"[""Inflammatory Bowel Diseases"", ""Crohn Disease"", ""Ulcerative Colitis""]",2023-06-02,OBSERVATIONAL,,UNKNOWN,[],False,,not_interventional,[]
NCT01288053,Non-myeloablative Allogeneic Hematopoietic Stem Cell Transplantation (NST) for Patients With Refractory Crohn's Disease,"[""Crohn's Disease""]",2011-02-02,INTERVENTIONAL,TREATMENT,TERMINATED,"[""PHASE1"", ""PHASE2""]",True,No participant enrolled more than two years. No plan to continue study.,included,[]
NCT00774982,Pilot Comparative Bioavailability Study of 6Mercaptopurine (Delayed Release vs. Purinethol) in Crohns Disease Patients,"[""Crohns Disease""]",2008-10-17,INTERVENTIONAL,,COMPLETED,"[""PHASE1""]",False,,included,"[""CHEMBL1425""]"
NCT01393899,"The Safety And Efficacy Of Maintenance Therapy With CP-690,550","[""Crohn's Disease""]",2011-07-13,INTERVENTIONAL,TREATMENT,COMPLETED,"[""PHASE2""]",True,,included,"[""CHEMBL221959""]"
NCT00917514,An Investigational Study to Test Usability of the Electronic Dosing Equipment Medicpen,"[""Crohn's Disease"", ""Ulcerative Colitis""]",2009-06-10,OBSERVATIONAL,,COMPLETED,[],False,,not_interventional,[]
NCT06324838,Extended Mesenteric Resection in Ileocecal Crohn's Disease.,"[""Crohn's Disease of Terminal Ileum""]",2024-03-22,INTERVENTIONAL,TREATMENT,RECRUITING,"[""NA""]",False,,no_drug_or_biological_intervention,[]
NCT06862843,"Study on Eating Habits and Association with ""omic"" Profiles in Families with a Subject Affected by a Chronic Immune-mediated Inflammatory Pathology. Observational Multicenter Study.","[""Juvenile Idiopathic Arthritis (JIA)"", ""Crohn Disease (CD)"", ""Ulcerative Colitis (UC)""]",2025-03-06,OBSERVATIONAL,,RECRUITING,[],False,,not_interventional,[]
NCT00101946,Nine-Weeks Treatment With 683699 In Subjects With Moderately-To-Severely Active Crohn's Disease,"[""Crohn's Disease""]",2005-01-19,INTERVENTIONAL,TREATMENT,COMPLETED,"[""PHASE2""]",False,,included,[]
NCT00358683,A Trial Evaluating Safety of Chronic Therapy With Certolizumab Pegol in Crohn's Disease,"[""Crohn's Disease""]",2006-08-01,INTERVENTIONAL,TREATMENT,WITHDRAWN,"[""PHASE3""]",False,,included,"[""CHEMBL1201831""]"
NCT04965584,Microflora and Metabolomics of Crohn's Disease Patients,"[""Crohn Disease""]",2021-07-16,OBSERVATIONAL,,UNKNOWN,[],False,,not_interventional,[]
NCT03161886,A Treat-to-target Strategy Using Pan-enteric Capsule Endoscopy (PCE) in Paediatric Crohn's Disease (CD).,"[""Inflammatory Bowel Diseases"", ""Children, Only""]",2017-05-22,INTERVENTIONAL,DIAGNOSTIC,COMPLETED,"[""NA""]",False,,no_explicit_crohn_condition,[]
NCT00032786,Safety and Efficacy of Natalizumab in the Treatment of Crohn's Disease,"[""Crohn's Disease""]",2002-04-04,INTERVENTIONAL,TREATMENT,COMPLETED,"[""PHASE3""]",False,,included,"[""CHEMBL1201607""]"
NCT00353756,"Phase 1 Study of Safety and Biological Effects of C326, an Inhibitor of IL-6, in Crohn's Disease","[""Crohn's Disease""]",2006-07-19,INTERVENTIONAL,TREATMENT,UNKNOWN,"[""PHASE1""]",False,,included,[]
NCT01792388,Vitd and Barrier Function in IBD,"[""Crohn's Disease""]",2013-02-15,INTERVENTIONAL,,COMPLETED,"[""PHASE4""]",False,,no_drug_or_biological_intervention,[]
NCT04100005,A Pilot Study to Explore the Role of Gut Flora in Crohn's Disease,"[""Crohn Disease"", ""Crohn Colitis"", ""Crohn's Ileocolitis"", ""Crohn Ileitis"", ""Crohn Disease of Ileum"", ""Crohn's Disease Relapse"", ""Crohn's Gastritis"", ""Crohns Disease Aggravated"", ""Crohn Disease in Remission"", ""Crohn's Jejunitis"", ""Crohn's Duodenitis"", ""Crohn's Disease of Pylorus"", ""Crohn's Esophagitis"", ""Crohn's""]",2019-09-23,OBSERVATIONAL,,WITHDRAWN,[],False,Company focus shifted,not_interventional,[]
NCT01438151,Understanding the Relationship Between Infliximab Levels to Clinical Response of Remicade in Crohn's Disease,"[""Crohn's Disease""]",2011-09-21,INTERVENTIONAL,,TERMINATED,"[""NA""]",True,terminated due to poor enrollment,included,"[""CHEMBL1201581""]"
NCT06925061,Target Engagement of EXL01 in the Prevention of Post-operative Recurrence of Crohn's Disease,"[""Crohn Disease (CD)""]",2025-04-13,INTERVENTIONAL,SUPPORTIVE_CARE,RECRUITING,"[""PHASE2""]",False,,not_treatment_purpose,[]
NCT01847170,Impact of Fecal Biotherapy (FBT) on Microbial Diversity in Patients With Moderate to Severe Inflammatory Bowel Disease,"[""Crohn's Disease""]",2013-05-06,INTERVENTIONAL,BASIC_SCIENCE,COMPLETED,"[""PHASE1""]",False,,not_treatment_purpose,[]
NCT07610694,Eating Disorders in Patients With IBD,"[""Inflammatory Bowel Disease (Crohn&#39;s Disease and Ulcerative Colitis)"", ""Crohn Disease (CD)"", ""Ulcerative Colitis (UC)"", ""ARFID"", ""Eating Disorders""]",2026-05-28,OBSERVATIONAL,,COMPLETED,[],False,,not_interventional,[]
NCT00417391,Phase II Study of RR110 in Patients With Active Crohn's Disease,"[""Crohn's Disease""]",2007-01-01,INTERVENTIONAL,TREATMENT,COMPLETED,"[""PHASE2""]",False,,included,"[""CHEMBL25202""]"
NCT06453720,Predicting IBD Treatment Outcomes With Gut Microbiome Analysis,"[""Inflammatory Bowel Diseases"", ""Crohn Disease""]",2024-06-12,OBSERVATIONAL,,RECRUITING,[],False,,not_interventional,[]
NCT01487759,Prebiotic Effect on Metabolites in Crohn's Disease,"[""Crohn Disease""]",2011-12-07,INTERVENTIONAL,BASIC_SCIENCE,COMPLETED,"[""NA""]",False,,not_treatment_purpose,[]
NCT07436910,Health-Related Quality of Life Among Patients With Inflammatory Bowel Disease,"[""Irritable Bowel Disease"", ""Ulcerative Colitis (UC)"", ""Crohn Disease (CD)""]",2026-02-27,OBSERVATIONAL,,ENROLLING_BY_INVITATION,[],False,,not_interventional,[]
NCT06250361,Identification of Factors ASsociaTed With a Delayed Diagnosis in Crohn's Disease,"[""Crohn Disease""]",2024-02-09,OBSERVATIONAL,,UNKNOWN,[],False,,not_interventional,[]
NCT04159597,Expanded Access to Upadacitinib,"[""Crohn Disease"", ""Ulcerative Colitis"", ""Idiopathic Arthritis (Including sJIA, pJIA, or JPsA)"", ""Atopic Dermatitis"", ""Rheumatoid Arthritis"", ""Psoriatic Arthritis"", ""Axial Spondyloarthritis"", ""Non-radiographic Axial"", ""Spondyloarthritis"", ""Giant Cell Arteritis"", ""Systemic Lupus Erythematosus"", ""Alopecia Areata"", ""Non Segmental Vitiligo"", ""Hidradenitis Suppurativa""]",2019-11-12,EXPANDED_ACCESS,,AVAILABLE,[],False,,not_interventional,[]
NCT00989573,A Dose-finding and Confirmatory Trial of OPC-6535 in Patients With Active Crohn's Disease,"[""Crohn's Disease""]",2009-10-05,INTERVENTIONAL,TREATMENT,COMPLETED,"[""PHASE2"", ""PHASE3""]",True,,included,"[""CHEMBL332750""]"
NCT05523050,Active Surgical Intervention on Crohn's Disease,"[""Crohn Disease""]",2022-08-31,INTERVENTIONAL,TREATMENT,UNKNOWN,"[""NA""]",False,,no_drug_or_biological_intervention,[]
NCT00868660,Healthy Normal Single Ascending Dose and Crohn's Patient Multiple Ascending Dose,"[""Inflammatory Bowel Disease""]",2009-03-25,INTERVENTIONAL,TREATMENT,COMPLETED,"[""PHASE1""]",False,,no_explicit_crohn_condition,[]
NCT00427804,Tumor Necrosis Factor Decreases Vitamin D Dependant Calcium Absorption,"[""Rheumatoid Arthritis"", ""Crohn's Disease""]",2007-01-29,INTERVENTIONAL,TREATMENT,COMPLETED,"[""NA""]",True,,included,"[""CHEMBL846""]"
NCT00440817,An Observational Study of Lymphoma in Patients With Rheumatoid Arthritis or Crohn's Disease.,"[""Lymphoma""]",2007-02-27,OBSERVATIONAL,,COMPLETED,[],False,,no_explicit_crohn_condition,[]
NCT04245215,Loss of RESponse to Ustekinumab Treated by Dose Escalation,"[""Crohn Disease""]",2020-01-28,INTERVENTIONAL,TREATMENT,COMPLETED,"[""PHASE3""]",True,,included,"[""CHEMBL1201835""]"
NCT04178408,IBD Registry in a Sub-Saharan African Population,"[""Inflammatory Bowel Diseases"", ""Ulcerative Colitis"", ""Crohn Disease""]",2019-11-26,OBSERVATIONAL,,UNKNOWN,[],False,,not_interventional,[]
NCT00102921,Safety and Activity Study of an Oral Medication to Treat Moderate to Severe Crohn's Disease,"[""Crohn Disease""]",2005-02-07,INTERVENTIONAL,TREATMENT,COMPLETED,"[""PHASE2""]",False,,included,"[""CHEMBL2178578""]"
NCT05974358,KONO-S Anastomosis Compared to Conventional Ileocolonic Anastomosis to Reduce Recurrence in Crohn's Disease,"[""Crohn Disease""]",2023-08-03,INTERVENTIONAL,TREATMENT,RECRUITING,"[""NA""]",False,,no_drug_or_biological_intervention,[]
NCT05174208,Study of Imaginomics Predicting Early Surgical Rates in Crohn's Disease,"[""Crohn Disease"", ""Prognostic Model"", ""Radiomics""]",2021-12-30,OBSERVATIONAL,,COMPLETED,[],False,,not_interventional,[]
NCT07528040,"An Observational, Multicenter Study to Evaluate the Effectiveness of Guselkumab for the Treatment of Participants With Crohn's Disease After Surgical Resection","[""Crohn's Disease (CD)""]",2026-04-14,OBSERVATIONAL,,NOT_YET_RECRUITING,[],False,,not_interventional,[]
NCT07770425,Lesion Size Measurement During Gastrointestinal Endoscopies,"[""Polyp of Colon"", ""Crohn Disease""]",2026-08-18,OBSERVATIONAL,,RECRUITING,[],False,,not_interventional,[]
NCT02770599,Improving the Health Care in Inflammatory Bowel Disease.,"[""Crohn Disease"", ""Colitis, Ulcerative""]",2016-05-12,OBSERVATIONAL,,UNKNOWN,[],False,,not_interventional,[]
NCT03712826,Identification by Cytometry by Mass of Predictive Immunological Profiles of Answer to Treatmentby Biotherapics for Patients With Crohn's Disease,"[""Crohn Disease""]",2018-10-19,INTERVENTIONAL,PREVENTION,WITHDRAWN,"[""NA""]",False,No inclusion,not_treatment_purpose,[]
NCT07724990,A Specific Probiotic in thE MOdulation of Gut Microbiota of patieNts With Mild-to-modErate Ulcerative Colitis,"[""Ulcerative Colitis"", ""Crohn Disease""]",2026-07-24,INTERVENTIONAL,DIAGNOSTIC,RECRUITING,"[""NA""]",False,,not_treatment_purpose,[]
NCT04806620,Unhide® Project: A Digital Health Platform to Collect Lifestyle Data for Brain Inflammation Research,"[""Post-Acute COVID-19 Syndrome"", ""ME/CFS"", ""Rheumatic Arthritis"", ""Juvenile Rheumatoid Arthritis (JRA)"", ""Psoriatic Arthritis (PsA)"", ""Ankylosing Spondylitis (AS)"", ""Autoimmune Encephalitis"", ""Celiac Disease"", ""Celiac Disease in Children"", ""Chronic Lyme Disease"", ""Post-treatment Lyme Disease Syndrome"", ""Crohn's Disease"", ""Dysautonomia"", ""Anorexia Nervosa"", ""Bulimia Nervosa"", ""ARFID"", ""Avoidant / Restrictive Food Intake Disorder"", ""Ehlers Danlos Syndrome"", ""Endometriosis"", ""Fibromyalgia (FM)"", ""Long COVID"", ""Lupus"", ""Migraines"", ""Mast Cell Activation Syndrome"", ""Multiple Sclerosis"", ""Myalgic Encephalomyelitis (ME)"", ""Myasthenia Gravis, Generalized"", ""Myasthenia Gravis in Children"", ""Narcolepsy"", ""Obsessive Compulsive Disorder (OCD)"", ""PANDAS"", ""Pediatric Acute-onset Neuropsychiatric Syndrome (PANS)"", ""POTS - Postural Orthostatic Tachycardia Syndrome"", ""General Anxiety Disorder, Social Anxiety Disorder"", ""PTSD - Post Traumatic Stress Disorder"", ""Psoriasis"", ""Traumatic Brain Injury"", ""Tourette's Syndrome"", ""Inflammatory Bowel Disease (IBD)"", ""Autoimmune Diseases"", ""Neurological Diseases or Conditions"", ""Psychiatric Disorder"", ""Sjogren&#39;s Syndrome"", ""Ulcerative Colitis and Crohn&#39;s Disease""]",2021-03-19,OBSERVATIONAL,,RECRUITING,[],False,,not_interventional,[]
NCT02330653,Fecal Microbiota Transplant (FMT) in Pediatric Active Ulcerative Colitis and Pediatric Active Crohn's Colitis,"[""Inflammatory Bowel Diseases"", ""Ulcerative Colitis"", ""Crohn Disease""]",2015-01-05,INTERVENTIONAL,TREATMENT,COMPLETED,"[""PHASE1"", ""PHASE2""]",True,,included,[]
NCT01318993,Open-Label Extension Study of GSK1605786A,"[""Crohn's Disease""]",2011-03-21,INTERVENTIONAL,TREATMENT,TERMINATED,"[""PHASE3""]",True,This study was terminated due to the lack of efficacy of GSK1605786A in Crohn's disease based on the results of Study CCX114151.,included,"[""CHEMBL2178578""]"
NCT06538649,Effect of Statins on Crohn's Disease,"[""Crohn's Ileocolitis"", ""Crohn Disease""]",2024-08-06,INTERVENTIONAL,PREVENTION,RECRUITING,"[""EARLY_PHASE1""]",False,,not_treatment_purpose,[]
NCT03027193,A Study to Determine the Safety and Immunogenicity of a Candidate MAP Vaccines ChAdOx2 HAV and MVA in Healthy Adult Volunteers,"[""Crohn Disease"", ""Mycobacterium Avium Subspecies Paratuberculosis""]",2017-01-23,INTERVENTIONAL,TREATMENT,COMPLETED,"[""PHASE1""]",False,,included,[]
NCT07225998,Oral N-acetylglucosamine in Crohn's Disease,"[""Crohns Disease""]",2025-11-10,INTERVENTIONAL,TREATMENT,NOT_YET_RECRUITING,"[""PHASE2""]",False,,included,[]
NCT03467958,An Extension Study of Oral Ozanimod for Moderately to Severely Active Crohn's Disease,"[""Crohn Disease""]",2018-03-16,INTERVENTIONAL,TREATMENT,TERMINATED,"[""PHASE3""]",True,Business objectives have changed,included,"[""CHEMBL3707247""]"
NCT00222378,"Prevalence of Cytomegalovirus, Epstein Barr Virus and Human Herpes 6 Virus in Inflammatory Bowel Disease","[""Crohn's Disease"", ""Ulcerative Colitis""]",2005-09-22,OBSERVATIONAL,,COMPLETED,[],False,,not_interventional,[]
NCT02044952,Efficacy and Safety Study of Tripterygium Glycoside in the Treatment of Crohn's Disease for Induction Remission,"[""Inflammatory Bowel Diseases"", ""Crohn's Disease"", ""Gastrointestinal Diseases"", ""Digestive System Diseases"", ""Intestinal Diseases""]",2014-01-24,INTERVENTIONAL,TREATMENT,UNKNOWN,"[""PHASE2"", ""PHASE3""]",False,,included,[]
NCT07748338,Ustekinumab Real World Evidence Study,"[""Crohn's Disease""]",2026-08-05,OBSERVATIONAL,,COMPLETED,[],False,,not_interventional,[]
NCT02231814,The Crohn's Disease Exclusion Diet With Partial Enteral Nutrition or Alone in Adult Patients With Crohn's Disease,"[""Crohn's Disease""]",2014-09-04,INTERVENTIONAL,TREATMENT,COMPLETED,"[""NA""]",False,,no_drug_or_biological_intervention,[]
NCT03393247,The Therapy Effect of Azathioprine Initial or 14 Weeks After Combined With Infliximab on CD,"[""Crohn Disease""]",2018-01-08,INTERVENTIONAL,TREATMENT,UNKNOWN,"[""NA""]",False,,included,[]
NCT05955963,Bowel Sounds Analysis in Paediatric Inflammatory Bowel Disease: Relationship With wPCDAI,"[""Bowel Sounds"", ""Intestinal Inflammation"", ""Crohn Disease""]",2023-07-21,INTERVENTIONAL,DIAGNOSTIC,COMPLETED,"[""NA""]",False,,not_treatment_purpose,[]
NCT05615116,Clinical Study on the Distribution of Digestive Tract Microbiota Before and After Ileocecal Resection in Crohn's Disease,"[""Crohn Disease"", ""Microtia"", ""Ileocecal; Lesion""]",2022-11-14,OBSERVATIONAL,,UNKNOWN,[],False,,not_interventional,[]
NCT03291743,The Biologic Onset of Crohn's Disease: A Screening Study in First Degree Relatives,"[""Crohn Disease"", ""Genetic Predisposition"", ""IBD""]",2017-09-25,INTERVENTIONAL,DIAGNOSTIC,TERMINATED,"[""NA""]",False,Death of Principal Investigator,not_treatment_purpose,[]
NCT05686135,90Second IBD for the Improvement of Self Efficacy and Quality of Life in Inflammatory Bowel Disease Patients,"[""IBD"", ""Crohn Disease"", ""Ulcerative Colitis""]",2023-01-17,INTERVENTIONAL,OTHER,WITHDRAWN,"[""NA""]",False,Company could not update IT infrastructure to support the project,not_treatment_purpose,[]
NCT04672161,Education Intervention on Vaccination Adherence Among Inflammatory Bowel Disease (IBD) Patients,"[""Crohn Disease (CD)"", ""Ulcerative Colitis (UC)"", ""Indeterminate Colitis""]",2020-12-17,INTERVENTIONAL,PREVENTION,COMPLETED,"[""NA""]",False,,not_treatment_purpose,[]
NCT02680756,Safety and Efficacy Study of Oral Ferric Maltol Compared to Intravenous Iron To Treat Iron Deficiency Anaemia in IBD,"[""Anemia, Iron-Deficiency"", ""Inflammatory Bowel Disease"", ""Crohn's Disease""]",2016-02-11,INTERVENTIONAL,TREATMENT,COMPLETED,"[""PHASE3""]",True,,included,"[""CHEMBL2108597"", ""CHEMBL4298110""]"
NCT03926130,A Study of Mirikizumab (LY3074828) in Participants With Crohn's Disease,"[""Crohn's Disease""]",2019-04-24,INTERVENTIONAL,TREATMENT,COMPLETED,"[""PHASE3""]",True,,included,"[""CHEMBL1201835"", ""CHEMBL3990014""]"
NCT03134586,Advanced Non-Invasive Diagnostics in Inflammatory Bowel Disease,"[""Crohn Disease""]",2017-05-01,INTERVENTIONAL,DIAGNOSTIC,COMPLETED,"[""NA""]",False,,not_treatment_purpose,[]
NCT01735461,Calcium Supplements Strategy for Kidney Stones Prevention in Crohn's Patients,"[""Kidney Calculi"", ""Crohn's Disease""]",2012-11-28,INTERVENTIONAL,PREVENTION,UNKNOWN,"[""NA""]",False,,not_treatment_purpose,[]
NCT03809195,Clinical Hypnosis in Pediatric Crohn's Disease,"[""Pediatric Crohns Disease""]",2019-01-18,INTERVENTIONAL,TREATMENT,COMPLETED,"[""NA""]",False,,no_drug_or_biological_intervention,[]
NCT05230173,Treat-to-Target of Endoscopic Remission in Patients With IBD in Symptomatic Remission,"[""Ulcerative Colitis"", ""Crohn Disease""]",2022-02-08,INTERVENTIONAL,OTHER,RECRUITING,"[""NA""]",False,,not_treatment_purpose,[]
NCT01430039,Syndecan-1 a Surrogate Marker for IBD,"[""Inflammatory Bowel Diseases""]",2011-09-07,OBSERVATIONAL,,COMPLETED,[],False,,no_explicit_crohn_condition,[]
NCT01279577,Trichuris Suis Ova (TSO) Suspension Versus Placebo in Active Crohn's Disease,"[""Crohn´s Disease""]",2011-01-19,INTERVENTIONAL,TREATMENT,COMPLETED,"[""PHASE2""]",False,,included,[]
NCT06051253,TDM-based Infliximab Treatment for Active Perianal Fistulizing Crohn's Disease,"[""Crohn Disease"", ""Infliximab"", ""Perianal Fistula Due to Crohn's Disease"", ""Therapeutic Drug Monitoring"", ""Magnetic Resonance Novel Index for Fistula Imaging in Crohn's Disease Score""]",2023-09-22,INTERVENTIONAL,TREATMENT,RECRUITING,"[""PHASE4""]",False,,included,[]
NCT00287170,"Efficacy Study of Targeted, Local Delivery of Drugs to Treat Crohn's Disease","[""Crohn's Disease""]",2006-02-06,INTERVENTIONAL,TREATMENT,COMPLETED,"[""PHASE1"", ""PHASE2""]",False,,included,[]
NCT04488146,Pain in Patients With Crohn Disease (PAINCD),"[""Crohn Disease"", ""Pain"", ""Depression, Anxiety""]",2020-07-27,OBSERVATIONAL,,UNKNOWN,[],False,,not_interventional,[]
NCT05394805,A Study of Subcutaneous HUMIRA (Adalimumab) Injection to Assess Adverse Events and Change in Disease Activity In Adult Participants With Moderate to Severe Active Crohn's Disease (CD),"[""Crohn's Disease""]",2022-05-27,OBSERVATIONAL,,COMPLETED,[],False,,not_interventional,[]
NCT01555437,"Assessment of Capsule Endoscopy Scoring Index (CESI), Harvey-Bradshaw Index (HBI) and Biological Markers in Small Bowel Crohn's Disease (SBCD)","[""Small Bowel Crohn's Disease""]",2012-03-15,OBSERVATIONAL,,COMPLETED,[],False,,not_interventional,[]
NCT05332639,Personalized Risk Estimation for Crohn's Disease (PRE-Crohn's): Implementation and Feasibility,"[""Inflammatory Bowel Diseases"", ""Crohn Disease"", ""Crohn Colitis"", ""Crohn's Ileocolitis"", ""Crohn's Gastritis"", ""Crohn's Jejunitis"", ""Crohn's Duodenitis"", ""Crohn's Esophagitis""]",2022-04-18,INTERVENTIONAL,PREVENTION,RECRUITING,"[""NA""]",False,,not_treatment_purpose,[]
NCT05394272,Efficacy of Energy Therapy in the Management of Chronic Pain Medical Condition in Children and Adolescents.,"[""Inflammatory Bowel Disease"", ""Ulcerative Colitis"", ""Crohn Disease"", ""Chronic Pancreatitis""]",2022-05-27,INTERVENTIONAL,TREATMENT,UNKNOWN,"[""NA""]",False,,no_drug_or_biological_intervention,[]
NCT06939712,A Study on the Impact of Online Positive Psychological Intervention on the Mental Health and Quality of Life of Crohn's Disease Patients,"[""Crohn Disease""]",2025-04-23,INTERVENTIONAL,SUPPORTIVE_CARE,RECRUITING,"[""NA""]",False,,not_treatment_purpose,[]
NCT05322057,Efficacy of Cx601 (Darvadstrocel) for the Treatment of Perianal Fistulizing Crohn's Disease,"[""Crohn Disease"", ""Fistula Perianal""]",2022-04-11,OBSERVATIONAL,,COMPLETED,[],False,,not_interventional,[]
NCT06696222,Fermented Vegan Optimized Diet in Health and Colitis,"[""Healthy Volunteers"", ""Inflammatory Bowel Disease (IBD)""]",2024-11-20,INTERVENTIONAL,TREATMENT,RECRUITING,"[""NA""]",False,,no_explicit_crohn_condition,[]
NCT06750731,Study of Efficacy and Adherence to Subcutaneous vs. Intravenous Vedolizumab in Patients With Inflammatory Bowel Disease Using a Novel Remote MONITORing Intervention,"[""Inflammatory Bowel Disease (IBD)"", ""Crohn&#39;s Disease"", ""Ulcerative Colitis""]",2024-12-27,OBSERVATIONAL,,RECRUITING,[],False,,not_interventional,[]
NCT04225819,Adjunctive Treatment With Vitamin D3 in Patients With Active IBD,"[""IBD"", ""Inflammatory Bowel Diseases"", ""Crohn Disease"", ""Ulcerative Colitis"", ""Vitamin D3 Deficiency""]",2020-01-13,INTERVENTIONAL,TREATMENT,SUSPENDED,"[""NA""]",False,Protocol is being modified.,no_drug_or_biological_intervention,[]
NCT01289366,Endocytoscopy for in Vivo Determination of Mucosal Inflammatory Cells and Intestinal Disease Activity in Inflammatory Bowel Disease (IBD),"[""Crohn´s Disease"", ""Ulcerative Colitis""]",2011-02-03,OBSERVATIONAL,,COMPLETED,[],False,,not_interventional,[]
NCT07769437,Non-nutritive Sweeteners in Inflammatory Bowel Disease,"[""Inflamatory Bowel Disease"", ""Crohn Disease (CD)""]",2026-08-18,INTERVENTIONAL,OTHER,RECRUITING,"[""NA""]",False,,not_treatment_purpose,[]
NCT06056986,Shear-Wave Elastography in Intestinal Fibrosis Evaluation in Crohn's Disease,"[""Crohn Disease""]",2023-09-28,INTERVENTIONAL,DIAGNOSTIC,UNKNOWN,"[""NA""]",False,,not_treatment_purpose,[]
NCT05113095,A Survey of Darvadstrocel in People With Crohn's Disease,"[""Crohn's Disease""]",2021-11-09,OBSERVATIONAL,,RECRUITING,[],False,,not_interventional,[]
NCT02826330,Abnormal Fecal Microbiota in Healthy Subjects at High Risk for Crohn's Disease,"[""Crohn's Disease"", ""Genetic Predisposition""]",2016-07-11,OBSERVATIONAL,,COMPLETED,[],False,,not_interventional,[]
NCT02791854,Improving the Quality of Care for Adults With Inflammatory Bowel Disease,"[""Crohn's Disease"", ""Ulcerative Colitis"", ""Inflammatory Bowel Diseases""]",2016-06-07,OBSERVATIONAL,,ENROLLING_BY_INVITATION,[],False,,not_interventional,[]
NCT05169593,Prevention of Postoperative Endoscopic Recurrence With Endoscopy-driven Versus Systematic Biological Therapy,"[""Crohn Disease""]",2021-12-27,INTERVENTIONAL,PREVENTION,RECRUITING,"[""PHASE4""]",False,,not_treatment_purpose,[]
NCT02943538,Telemedicine Crohn's Disease and Ulcerative Colitis (TECCU),"[""Crohn's Disease"", ""Colitis, Ulcerative""]",2016-10-24,INTERVENTIONAL,,COMPLETED,"[""NA""]",False,,no_drug_or_biological_intervention,[]
NCT02578238,"Post-Marketing Surveillance of Humira in Korean Pediatric Crohn's Disease (CD) Patients Under the ""New-Drug Re-examination""","[""Pediatric Crohn's Disease""]",2015-10-16,OBSERVATIONAL,,COMPLETED,[],True,,not_interventional,[]
NCT06042387,Genome Analysis Across Populations in Inflammatory Bowel Disease,"[""Ulcerative Colitis"", ""Healthy"", ""Crohn Disease"", ""Inflammatory Bowel Diseases""]",2023-09-18,OBSERVATIONAL,,RECRUITING,[],False,,not_interventional,[]
NCT03847467,Pilot and Feasibility Study of 2'-FL as a Dietary Supplement in IBD Patients Receiving Stable Maintenance Anti-TNF Therapy,"[""Inflammatory Bowel Diseases"", ""Crohn Disease"", ""Ulcerative Colitis""]",2019-02-20,INTERVENTIONAL,TREATMENT,COMPLETED,"[""PHASE1"", ""PHASE2""]",False,,included,"[""CHEMBL4297252""]"
NCT05452304,"AZD7798 Safety, Tolerability, and Pharmacokinetics After a Single Ascending and Repeat Dose Administrations to Healthy Subjects, and Patients With Crohn's Disease","[""Healthy Subjects"", ""Crohns Disease""]",2022-07-11,INTERVENTIONAL,TREATMENT,COMPLETED,"[""PHASE1""]",False,,included,[]
NCT04397263,A Study of Guselkumab in Participants With Moderately to Severely Active Crohn's Disease,"[""Crohns Disease""]",2020-05-21,INTERVENTIONAL,TREATMENT,COMPLETED,"[""PHASE3""]",True,,included,"[""CHEMBL2364648""]"
NCT05214430,Exclusive Enteral Nutrition for Remissionof Crohn's Diseases After Surgery,"[""Crohn Disease in Remission""]",2022-01-28,INTERVENTIONAL,PREVENTION,COMPLETED,"[""NA""]",False,,not_treatment_purpose,[]
NCT03606499,Real-world Effectiveness of Ustekinumab in Participants Suffering From Inflammatory Bowel Disease (Crohn's Disease or Ulcerative Colitis) With Extra-intestinal Manifestations or Immune-mediated Inflammatory Diseases,"[""Crohn Disease"", ""Colitis, Ulcerative""]",2018-07-31,OBSERVATIONAL,,COMPLETED,[],False,,not_interventional,[]
NCT06505304,AI-enabled Endoscopic Prediction of Post-operative Recurrence in Crohn's Disease,"[""Crohn Disease""]",2024-07-17,OBSERVATIONAL,,UNKNOWN,[],False,,not_interventional,[]
NCT07671872,Tailored Anti-Inflammatory American Diet for Patients With Crohn's Disease,"[""Crohn's Disease, Active"", ""Crohn's Disease (CD)"", ""Diet Interventions""]",2026-06-26,INTERVENTIONAL,TREATMENT,RECRUITING,"[""NA""]",False,,no_drug_or_biological_intervention,[]
NCT06603298,Evaluation of the Efficacy and Safety of Endoscopic Dilatation and Biological Therapy in Intestinal Stenosis Due to CD,"[""Crohn Disease""]",2024-09-19,OBSERVATIONAL,,UNKNOWN,[],False,,not_interventional,[]
NCT07295834,Modafinil For Fatigue in IBD: A Feasibility Randomised Controlled Trial,"[""Crohn Disease (CD)"", ""Ulcerative Colitis (UC)"", ""Fatigue""]",2025-12-22,INTERVENTIONAL,TREATMENT,NOT_YET_RECRUITING,"[""PHASE2""]",False,,included,"[""CHEMBL1373""]"
NCT05796245,"A Study to Learn About the Study Medicine Called Infliximab (Genetical Recombination)[Infliximab Biosimilar 3] in People With Rheumatoid Arthritis, Ulcerative Colitis, Crohn's Disease, or Psoriasis","[""Arthritis, Rheumatoid"", ""Colitis, Ulcerative"", ""Crohn Disease"", ""Psoriasis""]",2023-04-03,OBSERVATIONAL,,COMPLETED,[],True,,not_interventional,[]
NCT04306939,Genomic Resources for Enhancing Available Therapies (GREAT1.0) Study,"[""Chronic Pancreatitis"", ""Inflammatory Bowel Diseases"", ""Hepatitis"", ""NASH - Nonalcoholic Steatohepatitis"", ""Acute Pancreatitis"", ""Rheumatoid Arthritis"", ""Diabetes Mellitus"", ""Dyslipidemias"", ""Multiple Sclerosis"", ""Irritable Bowel Syndrome"", ""Chronic Pain"", ""Chronic Disease"", ""Chronic Kidney Diseases"", ""Crohn Disease"", ""Celiac Disease"", ""Biliary Cirrhosis"", ""Bile Acid Synthesis Defect"", ""Gastritis"", ""Cholecystitis"", ""Cholelithiases"", ""IPMN"", ""Cyst Pancreas"", ""Cystic Fibrosis"", ""Pancreatic Exocrine Insufficiency"", ""Diarrhea Chronic"", ""Constipation - Functional"", ""Constipation Chronic Idiopathic""]",2020-03-13,OBSERVATIONAL,,SUSPENDED,[],False,Suspended for analysis and to consider further enrollment.,not_interventional,[]
NCT03105102,A Study of the Efficacy and Safety of Risankizumab in Participants With Crohn's Disease,"[""Crohn's Disease""]",2017-04-07,INTERVENTIONAL,TREATMENT,ACTIVE_NOT_RECRUITING,"[""PHASE3""]",False,,included,"[""CHEMBL3990029""]"
NCT00321412,Safety and Efficacy of AST-120 in Mild to Moderate Crohn's Patients With Fistulas,"[""Inflammatory Bowel Disease"", ""Intestinal Fistula""]",2006-05-03,INTERVENTIONAL,TREATMENT,COMPLETED,"[""PHASE3""]",False,,no_explicit_crohn_condition,[]
NCT05363930,The MOTOR-CD Trial,"[""Crohn's Disease""]",2022-05-06,INTERVENTIONAL,DIAGNOSTIC,COMPLETED,"[""NA""]",False,,not_treatment_purpose,[]
NCT03488030,"A Study to Evaluate Disease Control, Treatment Patterns, Burden of Disease and Quality of Life in Participants With Moderate to Severe Inflammatory Bowel Disease (IBD)","[""Crohn Disease"", ""Colitis, Ulcerative"", ""Inflammatory Bowel Disease""]",2018-04-04,OBSERVATIONAL,,COMPLETED,[],True,,not_interventional,[]
NCT04492267,Inflammatory Bowel Disease (IBD) and Covid-19 Infection,"[""Inflammatory Bowel Disease""]",2020-07-30,OBSERVATIONAL,,UNKNOWN,[],False,,no_explicit_crohn_condition,[]
NCT02304666,Study of Inflammatory Markers (VNN1) in Crohn Disease and Ulcerative Colitis.,"[""Inflammatory Bowel Disease (Crohn's Disease and Ulcerative Colitis)""]",2014-12-02,INTERVENTIONAL,BASIC_SCIENCE,UNKNOWN,"[""NA""]",False,,not_treatment_purpose,[]
NCT07305454,Impact of a Structured Therapeutic Education Session on the Practice of Adapted Physical Activity in Chronic Inflammatory Bowel Diseases,"[""Chronic Inflammatory Bowel Disease""]",2025-12-26,OBSERVATIONAL,,RECRUITING,[],False,,no_explicit_crohn_condition,[]
NCT07632573,A Phase I Study to Evaluate the Safety/Tolerability of BDHK-2009 Tablets in Healthy Adult,"[""Ulcerative Colitis (UC)"", ""Ulcerative Colitis (Disorder)"", ""Ulcerative Colitis Acute"", ""IBD (Inflammatory Bowel Disease)"", ""CD - Crohn's Disease""]",2026-06-08,INTERVENTIONAL,TREATMENT,RECRUITING,"[""PHASE1""]",False,,included,[]
NCT07483073,A Master Protocol (IIBD): A Study of Multiple Drugs in Adults With Ulcerative Colitis or Crohn's Disease,"[""Colitis, Ulcerative"", ""Crohn Disease""]",2026-03-19,INTERVENTIONAL,TREATMENT,RECRUITING,"[""PHASE2""]",False,,included,"[""CHEMBL3990014""]"
NCT07273188,68Ga-FAPI-46 PET/CT for Assessing Small Bowel Fibrostenosis in Crohn's Disease,"[""Crohn's Disease"", ""Intestinal Fibrosis"", ""Inflamatory Bowel Disease"", ""Intestinal Strictures Related to Crohn´s Disease""]",2025-12-09,INTERVENTIONAL,DIAGNOSTIC,RECRUITING,"[""EARLY_PHASE1""]",False,,not_treatment_purpose,[]
NCT03808103,Safety and Efficacy of EcoActive on Intestinal Adherent Invasive E. Coli in Patients With Inactive Crohn's Disease,"[""Crohn Disease""]",2019-01-17,INTERVENTIONAL,TREATMENT,ACTIVE_NOT_RECRUITING,"[""PHASE1"", ""PHASE2""]",False,,included,[]
NCT02612103,Biomarkers in Inflammatory Bowel Diseases,"[""Inflammatory Bowel Disease"", ""Colitis, Ulcerative"", ""Crohn Disease""]",2015-11-23,OBSERVATIONAL,,COMPLETED,[],False,,not_interventional,[]
NCT04060303,ENhanced Recovery in CHildren Undergoing Surgery,"[""Inflammatory Bowel Disease"", ""Crohn's Disease"", ""Ulcerative Colitis""]",2019-08-19,INTERVENTIONAL,HEALTH_SERVICES_RESEARCH,COMPLETED,"[""PHASE3""]",True,,not_treatment_purpose,[]
NCT00225810,A Study Comparing the Acceptability of Pentasa® Sachets Versus Pentasa® Tablets in Children With Crohn´s Disease,"[""Crohn's Disease""]",2005-09-26,INTERVENTIONAL,PREVENTION,COMPLETED,"[""PHASE4""]",False,,not_treatment_purpose,[]
NCT01095042,Cognition and Emotion in the SII and IBD,"[""Irritable Bowel Syndrome"", ""Inflammatory Bowel Disease (IBD)"", ""Crohn's Disease(CD)"", ""Ulcerative Colitis""]",2010-03-29,INTERVENTIONAL,SUPPORTIVE_CARE,COMPLETED,"[""NA""]",False,,not_treatment_purpose,[]
NCT00004941,Phase III Randomized Study of Anti-Tumor Necrosis Factor Chimeric Monoclonal Antibody (cA2) for Patients With Enterocutaneous Fistulae as a Complication of Crohn's Disease,"[""Crohn's Disease""]",2000-02-25,INTERVENTIONAL,TREATMENT,COMPLETED,"[""PHASE3""]",False,,included,[]
NCT01296841,Telemedicine To Provide Inflammatory Bowel Disease Outpatient Care,"[""Inflammatory Bowel Disease"", ""Ulcerative Colitis"", ""Crohn's Disease""]",2011-02-16,INTERVENTIONAL,HEALTH_SERVICES_RESEARCH,COMPLETED,"[""PHASE2""]",True,,not_treatment_purpose,[]
NCT01105741,"Metabolomic Analysis, a Potential Tool to Direct Treatment With Adalimumab in Crohn's Disease (CD)","[""Crohn's Disease""]",2010-04-16,OBSERVATIONAL,,COMPLETED,[],False,,not_interventional,[]
NCT03000296,Autologous Unselected Hematopoietic Stem Cell Transplantation for Refractory Crohn's Disease,"[""Crohn's Disease"", ""Inflammatory Bowel Diseases"", ""Gastroenteritis""]",2016-12-22,INTERVENTIONAL,TREATMENT,UNKNOWN,"[""NA""]",False,,no_drug_or_biological_intervention,[]
NCT02405442,Safety and Efficacy of Andecaliximab in Participants With Moderately to Severely Active Crohn's Disease,"[""Crohn's Disease""]",2015-04-01,INTERVENTIONAL,TREATMENT,TERMINATED,"[""PHASE2""]",True,,included,"[""CHEMBL3833374""]"
NCT06581042,Study to Assess Treatment Patterns and Outcomes With Upadacitinib in Adult Participants With Inflammatory Bowel Disease in Belgium,"[""Ulcerative Colitis"", ""Crohn's Disease""]",2024-08-30,OBSERVATIONAL,,RECRUITING,[],False,,not_interventional,[]
NCT05705856,Effectiveness and Safety of Ustekinumab Intensification in Crohn's Disease,"[""Crohn Disease""]",2023-01-31,OBSERVATIONAL,,UNKNOWN,[],False,,not_interventional,[]
NCT06036680,Long-term Study of Endoscopic Treatment of Stenosis in Crohn´s Disease,"[""Crohn Disease"", ""Stenosis""]",2023-09-14,OBSERVATIONAL,,UNKNOWN,[],False,,not_interventional,[]
NCT05180175,The Nordic IBD Treatment Strategy Trial,"[""Inflammatory Bowel Diseases"", ""Ulcerative Colitis"", ""Crohn Disease""]",2022-01-06,INTERVENTIONAL,TREATMENT,COMPLETED,"[""PHASE4""]",False,,included,[]
NCT01009281,An Open Label Safety and Tolerability Study of AIN457 in Patients With Moderate to Severe Crohn's Disease,"[""Crohn's Disease"", ""Inflammatory Bowel Disease""]",2009-11-06,INTERVENTIONAL,TREATMENT,TERMINATED,"[""PHASE2""]",True,,included,"[""CHEMBL1743068""]"
NCT03266471,Cytokines and Genes in Therapeutic Response in Crohn's Disease,"[""Inflammatory Bowel Diseases""]",2017-08-30,OBSERVATIONAL,,COMPLETED,[],False,,no_explicit_crohn_condition,[]
NCT03836612,"Healthcare Resource Utilisation, Common Mental Health Problems, and Infections in People With Inflammatory Bowel Disease","[""Inflammatory Bowel Diseases"", ""Ulcerative Colitis"", ""Crohn Disease""]",2019-02-11,OBSERVATIONAL,,COMPLETED,[],True,,not_interventional,[]
NCT00936585,NIH Substudy of AIN457 (Anti-IL-17 Monoclonal Antibody) for Treatment of Moderate to Severe Crohn's Disease,"[""Colitis"", ""Crohn's Disease"", ""Inflammatory Bowel Disease""]",2009-07-10,INTERVENTIONAL,DIAGNOSTIC,TERMINATED,"[""NA""]",True,Study halted by the sponsor,not_treatment_purpose,[]
NCT00367705,VSL#3 Treatment in Children With Crohn's Disease,"[""Crohn's Disease""]",2006-08-23,INTERVENTIONAL,TREATMENT,UNKNOWN,"[""PHASE4""]",False,,no_drug_or_biological_intervention,[]
NCT03481751,Validation and Interobserver Reliability of a Simple Ultrasound Score for Crohn's Disease,"[""Crohn Disease"", ""Ultrasound""]",2018-03-29,OBSERVATIONAL,,UNKNOWN,[],False,,not_interventional,[]
NCT06301477,PRecisiOn Microbiome Directed ExtensiOn of Anti-TNFα Crohn's Disease ThErapy in Children: The PROMOTE Trial,"[""Inflammatory Bowel Diseases"", ""Crohn Disease""]",2024-03-08,INTERVENTIONAL,BASIC_SCIENCE,ACTIVE_NOT_RECRUITING,"[""NA""]",False,,not_treatment_purpose,[]
NCT05635292,Addressing Disability Effectively With Psychosocial Telemedicine,"[""Crohn Disease""]",2022-12-02,INTERVENTIONAL,OTHER,COMPLETED,"[""NA""]",False,,not_treatment_purpose,[]
NCT04321941,Trial Evaluating the Diagnostic Usefulness of Lumentin® 44 When Used as Contrast Agent,"[""Crohn Disease""]",2020-03-25,INTERVENTIONAL,DIAGNOSTIC,COMPLETED,"[""PHASE2""]",False,,not_treatment_purpose,[]
NCT07812675,Intertriginous/Periorificial Dermatoses in Patients With IBD on Anti-TNFα: Relative Abundance of Staphylococcus Aureus Within the Lesion Microbiota and Clinical Correlation (micSPIDER).,"[""Inflammatory Bowel Diseases"", ""Crohn's Disease"", ""Skin Diseases"", ""Dermatitis""]",2026-09-10,OBSERVATIONAL,,NOT_YET_RECRUITING,[],False,,not_interventional,[]
NCT05995353,"A Study to Assess Adverse Events, Change in Disease Activity, and How Intravenous and Subcutaneous Risankizumab Moves Through the Body of Pediatric Participants With Moderately to Severely Active Crohn's Disease","[""Crohn's Disease""]",2023-08-16,INTERVENTIONAL,TREATMENT,RECRUITING,"[""PHASE3""]",False,,included,"[""CHEMBL3990029""]"
NCT00692939,Autologous Stem Cell Transplantation for Crohn's Disease,"[""Crohn's Disease""]",2008-06-06,INTERVENTIONAL,TREATMENT,RECRUITING,"[""PHASE1"", ""PHASE2""]",False,,included,"[""CHEMBL1098319"", ""CHEMBL1201576"", ""CHEMBL1201587"", ""CHEMBL2108981"", ""CHEMBL671"", ""CHEMBL852"", ""CHEMBL88""]"
NCT03706664,Small Bowel Deep Learning Algorithm Project,"[""Crohn Disease""]",2018-10-16,INTERVENTIONAL,DIAGNOSTIC,ACTIVE_NOT_RECRUITING,"[""NA""]",False,,not_treatment_purpose,[]
NCT06794944,Use of Fidaxomicin Compared to Vancomycin for Decolonization of C. Difficile in Patients With Inflammatory Bowel Disease,"[""Inflammatory Bowel Disease (IBD)"", ""Clostridioides Difficile Infection""]",2025-01-27,INTERVENTIONAL,TREATMENT,NOT_YET_RECRUITING,"[""PHASE4""]",False,,no_explicit_crohn_condition,[]
NCT01216514,Serologic Markers for Inflammatory Bowel Disease During Clinical Forms With Weak or Strong Evolution Capacities,"[""Inflammatory Bowel Diseases""]",2010-10-07,OBSERVATIONAL,,COMPLETED,[],False,,no_explicit_crohn_condition,[]
NCT06249555,VOICE-Early Response to Vedolizumab and IL-23 Antagonists in Participants With Crohn's Disease: A Prospective Observational Study,"[""Crohn's Disease""]",2024-02-08,OBSERVATIONAL,,ACTIVE_NOT_RECRUITING,[],False,,not_interventional,[]
NCT02054533,Study to Determine Risk Factors for Post-operative Infection in Inflammatory Bowel Disease,"[""Crohn's Disease"", ""Ulcerative Colitis""]",2014-02-04,OBSERVATIONAL,,COMPLETED,[],False,,not_interventional,[]
NCT05333978,Optoacoustic Detection of Inflammation Using MSOT Device,"[""Graft Vs Host Disease"", ""Colitis"", ""Crohn Disease""]",2022-04-19,INTERVENTIONAL,DIAGNOSTIC,TERMINATED,"[""NA""]",False,Administrative Reasons,not_treatment_purpose,[]
NCT04971525,A Study to Check How Often People Treated With Darvadstrocel for Crohn's Disease Are Diagnosed With Cancer,"[""Crohn Disease"", ""Complex Perianal Fistula""]",2021-07-21,OBSERVATIONAL,,WITHDRAWN,[],False,Sponsors decision,not_interventional,[]
NCT00552058,Study to Evaluate Efficacy and Safety of Certolizumab Pegol for Induction of Remission in Patients With Crohn's Disease,"[""Crohn Disease""]",2007-11-01,INTERVENTIONAL,TREATMENT,COMPLETED,"[""PHASE3""]",True,,included,[]
NCT07118878,A Multiple Ascending Dose Study With AGMB-129 in Healthy Participants,"[""Fibrostenotic Crohn's Disease""]",2025-08-12,INTERVENTIONAL,OTHER,COMPLETED,"[""PHASE1""]",False,,not_treatment_purpose,[]
NCT01880918,A RETROspective Data Collection of comPRESSion Anastomosis Using the ColonRing,"[""Diverticulum, Colon"", ""Colorectal Neoplasms"", ""Crohn Disease"", ""Colitis, Ulcerative"", ""Colostomy"", ""Ileostomy - Stoma"", ""Rectal Prolapse"", ""Intestinal Polyposis"", ""Lymphoma"", ""Endometriosis"", ""Intestinal Volvulus""]",2013-06-19,OBSERVATIONAL,,UNKNOWN,[],False,,not_interventional,[]
NCT04200690,Effectiveness of Interdisciplinary Care Compared to Usual Care in Patients With Immune-Mediated Inflammatory Diseases,"[""Psoriasis"", ""Psoriatic Arthritis"", ""Axial Spondyloarthritis"", ""Hidradenitis Suppurativa"", ""Crohn Disease"", ""Ulcerative Colitis""]",2019-12-16,INTERVENTIONAL,HEALTH_SERVICES_RESEARCH,UNKNOWN,"[""NA""]",False,,not_treatment_purpose,[]
NCT02760940,Anemia in Inflammatory Bowel Disease,"[""Anemia"", ""Bowel Diseases, Inflammatory""]",2016-05-04,INTERVENTIONAL,TREATMENT,UNKNOWN,"[""PHASE4""]",False,,no_explicit_crohn_condition,[]
NCT00275418,Beta Carotene From Natural Source for Patients With Non-Active Crohn's Disease,"[""Crohn's Disease""]",2006-01-12,INTERVENTIONAL,PREVENTION,UNKNOWN,"[""PHASE3""]",False,,not_treatment_purpose,[]
NCT01582568,EUS Evaluation of Perianal and Peri-rectal Fistulizing Crohn's Disease With CERTOLIZUMAB Treatment,"[""Crohns Disease""]",2012-04-20,OBSERVATIONAL,,TERMINATED,[],False,Not enough subjects to reach accrual goals.,not_interventional,[]
NCT04904224,Diagnosis of Inflammatory Bowel Disease by Examining the Entire Bowel by Pan-intestinal Capsule Endoscopy,"[""Inflammatory Bowel Diseases"", ""Morbus Crohn""]",2021-05-27,INTERVENTIONAL,DIAGNOSTIC,UNKNOWN,"[""NA""]",False,,not_treatment_purpose,[]
NCT04827368,Volatile Organic Compounds (VOCs) in Active Inflammatory Bowel Disease,"[""IBD"", ""Crohn Disease"", ""Ulcerative Colitis""]",2021-04-01,OBSERVATIONAL,,COMPLETED,[],False,,not_interventional,[]
NCT02611817,Efficacy and Safety of Vedolizumab Subcutaneous (SC) as Maintenance Therapy in Crohn's Disease (CD),"[""Crohn's Disease""]",2015-11-23,INTERVENTIONAL,TREATMENT,COMPLETED,"[""PHASE3""]",True,,included,"[""CHEMBL1743087""]"
NCT03566823,Efficacy and Safety Study of Ontamalimab as Induction Therapy in Participants With Moderate to Severe Crohn's Disease (CARMEN CD 306),"[""Crohn's Disease""]",2018-06-25,INTERVENTIONAL,TREATMENT,TERMINATED,"[""PHASE3""]",True,Sponsor decision to discontinue the SHP647 (ontamalimab) clinical trial development program for inflammatory bowel diseases (IBD) early.,included,"[""CHEMBL2109511""]"
NCT05165108,Non-invasive Vagus Nerve Stimulation in the Treatment of Crohn's Disease - A Pilot Study,"[""Crohn Disease""]",2021-12-21,INTERVENTIONAL,TREATMENT,TERMINATED,"[""NA""]",True,Lack of enrollment,no_drug_or_biological_intervention,[]
NCT05704413,Digestive Biobank for Exploring Microbiota-host Interactions,"[""Inflammatory Bowel Diseases"", ""Crohn Disease"", ""Ulcerative Colitis"", ""Colorectal Cancer"", ""Indeterminate Colitis""]",2023-01-30,OBSERVATIONAL,,UNKNOWN,[],False,,not_interventional,[]
NCT01233960,Evaluation of PROCHYMAL® for Treatment-refractory Moderate-to-severe Crohn's Disease,"[""Crohn's Disease""]",2010-11-03,INTERVENTIONAL,TREATMENT,COMPLETED,"[""PHASE3""]",False,,included,"[""CHEMBL2108046""]"
NCT02869880,Trial of Enhanced Pre-Consent Discussion,"[""Pediatric Crohn's Disease""]",2016-08-17,INTERVENTIONAL,OTHER,COMPLETED,"[""NA""]",False,,not_treatment_purpose,[]
NCT00487396,Evaluation of Capsule Endoscopy in Patients With Suspected Crohn's Disease,"[""Crohn's Disease""]",2007-06-18,INTERVENTIONAL,DIAGNOSTIC,COMPLETED,"[""NA""]",True,,not_treatment_purpose,[]
NCT00622557,General Surgical Outcomes Quality Improvement Database (UH-SOCRATES),"[""Colon Cancer"", ""Diverticulitis"", ""Colorectal Polyps"", ""Crohn's Disease"", ""Ulcerative Colitis"", ""Rectal Cancer""]",2008-02-25,OBSERVATIONAL,,COMPLETED,[],False,,not_interventional,[]
NCT06587828,A Biospecimen Collection Study to Identify the Targets of Disease-Reactive T Cells in Patients With Autoimmune Disease,"[""Autoimmune Diseases"", ""Ulcerative Colitis"", ""Multiple Sclerosis"", ""Scleroderma"", ""Ankylosing Spondylitis"", ""Celiac Disease"", ""Non-radiographic Axial Spondyloarthritis (Nr-axSpA)"", ""Crohn&Amp;#39;s Disease"", ""Birdshot Chorioretinitis""]",2024-09-19,OBSERVATIONAL,,COMPLETED,[],False,,not_interventional,[]
NCT01182467,Use of PET-CT in the Management of Crohn's Disease,"[""Crohn's Disease""]",2010-08-16,OBSERVATIONAL,,TERMINATED,[],False,PI left the institution,not_interventional,[]
NCT01183845,Evaluation of the Applicability of the CDEIS to Data Obtained by the Colonic Capsule Endoscopy in Crohn Disease,"[""Crohn Disease""]",2010-08-18,INTERVENTIONAL,DIAGNOSTIC,COMPLETED,"[""PHASE4""]",False,,not_treatment_purpose,[]
NCT06104631,A Prospective Trial in Patients With Crohn's Disease in Remission and Having Irritable Bowel Syndrome-like Symptoms,"[""Irritable Bowel Syndrome-like Symptoms"", ""Crohn Disease Remission""]",2023-10-27,INTERVENTIONAL,OTHER,RECRUITING,"[""NA""]",False,,not_treatment_purpose,[]
NCT02749630,"A Safety Study of Intravenously Administered UTTR1147A in Healthy Volunteers (HVs), Participants With Ulcerative Colitis (UC), and Participants With Crohn's Disease (CD)","[""Ulcerative Colitis"", ""Crohn's Disease""]",2016-04-25,INTERVENTIONAL,TREATMENT,COMPLETED,"[""PHASE1""]",False,,included,"[""CHEMBL4650250""]"
NCT02641171,Volatiles in Exhaled Breath and Blood in Crohn's Disease: Validation Cohort,"[""Crohn's Disease""]",2015-12-29,OBSERVATIONAL,,TERMINATED,[],False,Too slow recruitment and no staff availability,not_interventional,[]
NCT05057832,Determination of Ustekinumab Levels in Patients With Crohn's Disease,"[""Crohn Disease""]",2021-09-27,OBSERVATIONAL,,UNKNOWN,[],False,,not_interventional,[]
NCT06023030,An Observational Study to Assess Change in Disease Activity and Adverse Events in Adolescent and Adult Participants With Moderate to Severe Active Crohn's Disease (CD) in Japan,"[""Crohn's Disease""]",2023-09-05,OBSERVATIONAL,,RECRUITING,[],False,,not_interventional,[]
NCT07495644,Efficacy of Different Biological Treatments in Patients With Inflammatory Bowel Disease After One Year of Treatment in Upper Egypt,"[""Inflamatory Bowel Disease (Crohn&#39;s and Ulcerative Colitis)""]",2026-03-27,OBSERVATIONAL,,NOT_YET_RECRUITING,[],False,,not_interventional,[]
NCT05843578,"STENOVA - A Study to Evaluate Safety, Tolerability, PK and PD of AGMB-129 in Patients With Fibrostenotic Crohn's Disease","[""Fibrostenotic Crohn's Disease""]",2023-05-06,INTERVENTIONAL,TREATMENT,COMPLETED,"[""PHASE2""]",False,,included,[]
NCT07625293,DB-3Q for the Treatment of Medically Refractory Crohn's Disease,"[""Crohn Disease (CD)""]",2026-06-04,INTERVENTIONAL,TREATMENT,RECRUITING,"[""PHASE2""]",False,,included,[]
NCT03466515,Stem Cells Treatment of Complex Crohn's Anal Fistula,"[""Anal Fistula"", ""Crohn Disease""]",2018-03-15,INTERVENTIONAL,TREATMENT,COMPLETED,"[""NA""]",False,,no_drug_or_biological_intervention,[]
NCT05566587,Designing a Personalized Diet to Reduce the Risk of Crohn's Disease Onset,"[""Diet, Healthy"", ""High Risk""]",2022-10-04,INTERVENTIONAL,PREVENTION,UNKNOWN,"[""NA""]",False,,no_explicit_crohn_condition,[]
NCT07682038,"Retrospective Observational Multicenter Study on the Treatment Patterns, Extra-Intestinal Manifestations, Resource Utilisation, and Outcomes of Patients With Inflammatory Bowel Disease in Dutch Hospitals","[""Crohn Disease"", ""Inflammatory Bowel Disease (IBD)"", ""Colitis Ulcerative""]",2026-07-02,OBSERVATIONAL,,NOT_YET_RECRUITING,[],False,,not_interventional,[]
NCT00655135,Phase 2 Study of the Safety and Efficacy of LDP-02 in Mildly to Moderately Active Crohn's Patients,"[""Crohn's Disease""]",2008-04-09,INTERVENTIONAL,TREATMENT,COMPLETED,"[""PHASE2""]",False,,included,"[""CHEMBL1743087""]"
NCT05713409,Prediction and Close Monitoring of Postoperative Recurrence by Intestinal Ultrasound After Ileocecal Resection in Crohn's Disease Patients,"[""Crohn Disease""]",2023-02-06,OBSERVATIONAL,,UNKNOWN,[],False,,not_interventional,[]
NCT07385807,"Exploring Fecal Calprotectin Levels, Maternal and Infant Microbiota, Infant Health, Nutrition, and Adverse Pregnancy Outcomes With Patient With Inflammatory Bowel Disease","[""IBD (Inflammatory Bowel Disease)"", ""IBD"", ""IBD - Inflammatory Bowel Disease"", ""Pregnancy""]",2026-02-04,OBSERVATIONAL,,RECRUITING,[],False,,no_explicit_crohn_condition,[]
NCT02820493,Effectiveness of Vedolizumab in CD Patients Naïve to Anti-TNF,"[""Crohn Disease""]",2016-07-01,INTERVENTIONAL,TREATMENT,WITHDRAWN,"[""PHASE4""]",False,Internal problems,included,"[""CHEMBL1743087""]"
NCT03992469,"Study to Evaluate Safety, Tolerability and Efficacy of Oral E-B-FAHF-2 in Mild-to-Moderate Crohn's Disease","[""Crohn's Disease""]",2019-06-20,INTERVENTIONAL,TREATMENT,ACTIVE_NOT_RECRUITING,"[""PHASE1""]",False,,included,[]
NCT07077681,Evaluation of the Acceptability and Therapeutic Maintenance After Substitution of Ustekinumab With a Biosimilar,"[""Crohn Disease (CD)""]",2025-07-22,OBSERVATIONAL,,RECRUITING,[],False,,not_interventional,[]
NCT06430801,A Study to Evaluate the Efficacy and Safety of Tulisokibart (MK-7240) in Participants With Moderate to Severe Crohn's Disease (MK-7240-008),"[""Crohn's Disease""]",2024-05-28,INTERVENTIONAL,TREATMENT,RECRUITING,"[""PHASE3""]",False,,included,"[""CHEMBL5095370""]"
NCT05521672,Clinical Trial to Evaluate if the Laparoscopic Administration of Cells Derived From the Fatty Tissue Can Improve the Inflammatory Stenosis in Patient With Crohn's Disease,"[""Stenosis; Bowel"", ""Crohn Disease""]",2022-08-30,INTERVENTIONAL,TREATMENT,TERMINATED,"[""PHASE1"", ""PHASE2""]",False,low recruitment,included,[]
NCT05903066,TRansmural hEaliNg Definition in CroHn's Disease (TRENCH 1),"[""Crohn Disease""]",2023-06-15,OBSERVATIONAL,,RECRUITING,[],False,,not_interventional,[]
NCT04739579,Post-operative CRP Trend After Ileocolic Resection in Crohn's Disease Patients.,"[""Crohn Disease""]",2021-02-04,OBSERVATIONAL,,COMPLETED,[],False,,not_interventional,[]
NCT07629245,Tolerance of Local Administration of Cryopreserved Autologous Stromal Vascular Fraction Combined With Micrograft for the Treatment of Refractory Ano-perineal Fistulas in Crohn's Disease,"[""Crohn Disease (CD)""]",2026-06-05,INTERVENTIONAL,TREATMENT,RECRUITING,"[""PHASE1"", ""PHASE2""]",False,,included,[]
NCT05923073,A Study of Guselkumab in Pediatric Participants With Moderately to Severely Active Crohn's Disease,"[""Crohn's Disease""]",2023-06-28,INTERVENTIONAL,TREATMENT,RECRUITING,"[""PHASE3""]",False,,included,"[""CHEMBL2364648""]"
NCT07697456,Study of Advanced Therapies for the Treatment of Adult Participants With Moderately to Severely Active Crohn's Disease or Ulcerative Colitis,"[""Crohn's Disease"", ""Ulcerative Colitis""]",2026-07-13,INTERVENTIONAL,TREATMENT,RECRUITING,"[""PHASE2""]",False,,included,"[""CHEMBL3990029"", ""CHEMBL6068185""]"
NCT02311660,Vagus Nerve Stimulation in Crohn's Disease,"[""Crohn's Disease""]",2014-12-08,INTERVENTIONAL,TREATMENT,UNKNOWN,"[""NA""]",False,,no_drug_or_biological_intervention,[]
NCT00818272,Remicade Safety Line (Crohn's Disease)(Study P03288)(COMPLETED),"[""Crohn's Disease""]",2009-01-07,OBSERVATIONAL,,COMPLETED,[],True,,not_interventional,[]
NCT04643483,"A Study to Test Efficacy, Safety, and Pharmacokinetics of Certolizumab Pegol in Children and Adolescents With Moderately to Severely Active Crohn's Disease","[""Crohn's Disease""]",2020-11-25,INTERVENTIONAL,TREATMENT,WITHDRAWN,"[""PHASE3""]",False,Sponsor decision,included,"[""CHEMBL1201580"", ""CHEMBL1201831""]"
NCT03589183,Gut Microbiome in Inflammatory Bowel Disease,"[""Inflammatory Bowel Diseases"", ""Ulcerative Colitis"", ""Crohn Disease""]",2018-07-17,OBSERVATIONAL,,RECRUITING,[],False,,not_interventional,[]
NCT02517151,Iron Supplementation in Inflammatory Bowel Disease (IBD) Patients With Chronic Fatigue,"[""Chronic Fatigue"", ""Inflammatory Bowel Disease""]",2015-08-06,INTERVENTIONAL,TREATMENT,UNKNOWN,"[""PHASE2""]",False,,no_explicit_crohn_condition,[]
NCT03953794,Inflammatory Bowel Disease Tracker (IBD Tracker),"[""Inflammatory Bowel Diseases"", ""Ulcerative Colitis"", ""Crohn Disease""]",2019-05-17,OBSERVATIONAL,,WITHDRAWN,[],False,No accrual,not_interventional,[]
NCT07413653,Virtual hIStology of Crohn's Disease Ex-vivo Resected Anatomical Lesions,"[""Crohn Disease (CD)""]",2026-02-17,OBSERVATIONAL,,NOT_YET_RECRUITING,[],False,,not_interventional,[]
NCT07415473,Akkermansia Muciniphila Combined With Infliximab for Promoting Intestinal Mucosal Healing in Crohn's Disease,"[""Crohn's Diseases""]",2026-02-17,INTERVENTIONAL,TREATMENT,NOT_YET_RECRUITING,"[""PHASE4""]",False,,included,"[""CHEMBL1201581""]"
NCT03983473,Identification of Fecal Microbiota Biomarkers of Spondyloarthritis in Patients Suffering From Crohn's Disease.,"[""Crohn Disease"", ""Spondyloarthritis""]",2019-06-12,INTERVENTIONAL,SCREENING,RECRUITING,"[""NA""]",False,,not_treatment_purpose,[]
NCT04213729,Diet Intervention for Crohn's Disease Patient,"[""Crohn Disease""]",2019-12-30,INTERVENTIONAL,SUPPORTIVE_CARE,COMPLETED,"[""NA""]",False,,not_treatment_purpose,[]
NCT04135482,CD Patients Immune Status Evaluation,"[""Severe Crohn's Diease""]",2019-10-22,OBSERVATIONAL,,COMPLETED,[],False,,not_interventional,[]
NCT05837897,A Study of Vedolizumab in Adult Participants With Moderate to Severe Crohn's Disease,"[""Crohn's Disease""]",2023-05-01,INTERVENTIONAL,TREATMENT,RECRUITING,"[""PHASE3""]",False,,included,"[""CHEMBL1743087""]"
NCT02085083,Improving OutcoMes in the Pediatric to Adult Care Transition in Inflammatory Bowel Disease,"[""Inflammatory Bowel Disease"", ""Crohn Disease"", ""Colitis, Ulcerative""]",2014-03-12,INTERVENTIONAL,HEALTH_SERVICES_RESEARCH,COMPLETED,"[""NA""]",False,,not_treatment_purpose,[]
NCT00798473,Zoledronate for Osteopenia in Pediatric Crohn's,"[""Crohn's Disease"", ""Osteopenia"", ""Osteoporosis""]",2008-11-26,INTERVENTIONAL,TREATMENT,COMPLETED,"[""PHASE3""]",False,,included,"[""CHEMBL924""]"
NCT04031482,TARGET Registry A Project of the German Network for Intestinal Diseases in Cooperation With Other Corporate Partners,"[""Crohn Disease"", ""Ulcerative Colitis"", ""Indeterminate Colitis""]",2019-07-24,OBSERVATIONAL,,UNKNOWN,[],False,,not_interventional,[]
NCT02128503,Prevalence and Clinical Course of Chronic Hep B Infection in IBD and Rheumatologic Disease,"[""Inflammatory Bowel Disease"", ""Crohn Disease"", ""Ulcerative Colitis"", ""Rheumatic Diseases"", ""Hepatitis B, Chronic""]",2014-05-01,INTERVENTIONAL,PREVENTION,TERMINATED,"[""NA""]",False,sample size recruited is not enough,not_treatment_purpose,[]
NCT03359642,Characterization of the Intestinal Microbiota in Patients With Inflammatory Bowel Disease and/or Spondyloarthritis and Study of the Impact of an Anti-TNF Alpha Therapy,"[""Spondyloarthritis"", ""Crohn Disease"", ""Ulcerative Colitis""]",2017-12-02,INTERVENTIONAL,OTHER,COMPLETED,"[""NA""]",False,,not_treatment_purpose,[]
NCT02152241,Long-term Functional Outcome of Children With Inflammatory Bowel Disease,"[""Inflammatory Bowel Disease""]",2014-06-02,OBSERVATIONAL,,COMPLETED,[],False,,no_explicit_crohn_condition,[]
NCT00805766,Efficacy and Safety of Increased Dose of TA-650 (Infliximab) in Patients With Crohn's Disease (CD),"[""Crohn's Disease""]",2008-12-10,INTERVENTIONAL,TREATMENT,COMPLETED,"[""PHASE3""]",True,,included,"[""CHEMBL1201581""]"
NCT05239702,Clinical Study of Targeting CD7 CAR-T Cells in the Treatment of Autoimmune Diseases,"[""Crohn Disease"", ""Ulcerative Colitis"", ""Dermatomyositis"", ""Still Disease"", ""Autoimmune Diseases""]",2022-02-15,INTERVENTIONAL,TREATMENT,UNKNOWN,"[""EARLY_PHASE1""]",False,,included,[]
NCT05509777,A Study of Mirikizumab (LY3074828) in Pediatric Participants With Crohn's Disease,"[""Crohn's Disease""]",2022-08-22,INTERVENTIONAL,TREATMENT,RECRUITING,"[""PHASE3""]",False,,included,"[""CHEMBL3990014""]"
NCT00783575,Genetic Markers as Predictors of Phenotypes in Pediatric Onset Crohn's Disease,"[""Crohn's Disease"", ""Ulcerative Colitis"", ""Inflammatory Bowel Disease""]",2008-10-31,OBSERVATIONAL,,WITHDRAWN,[],False,PI has left institution,not_interventional,[]
NCT01203631,Safety and Efficacy of NNC 0142-0000-0002 in Subjects With Moderately to Severely Active Crohn's Disease,"[""Inflammation"", ""Crohn's Disease""]",2010-09-16,INTERVENTIONAL,TREATMENT,COMPLETED,"[""PHASE2""]",False,,included,"[""CHEMBL4594564""]"
NCT03897400,Ovarian Reserve in Crohn's Disease,"[""Crohn Disease"", ""Ovary Disease"", ""Anti-Mullerian Hormone Deficiency""]",2019-04-01,OBSERVATIONAL,,COMPLETED,[],False,,not_interventional,[]
NCT05458531,Monitoring of Inflammatory Conditions,"[""Inflammatory Disease"", ""Crohn Disease"", ""Ulcerative Colitis"", ""Rheumatoid Arthritis"", ""System; Lupus Erythematosus"", ""Psoriatic Arthritis"", ""Reactive Arthritis"", ""Inflammatory Arthritis"", ""Psoriasis""]",2022-07-14,OBSERVATIONAL,,COMPLETED,[],False,,not_interventional,[]
NCT03223012,"Impact of AbbVie Care Patient Support Program on Clinical, Health Economic and Patient Reported Outcomes, in Crohn's Disease, Ulcerative Colitis, Rheumatoid Arthritis, Psoriatic Arthritis, Psoriasis and Axial Spondyloarthritis, in the Portuguese National Health Service","[""Crohn's Disease"", ""Ulcerative Colitis (UC)"", ""Rheumatoid Arthritis (RA)"", ""Psoriatic Arthritis"", ""Psoriasis"", ""Ankylosing Spondylitis (AS)"", ""Non-radiographic Axial Spondyloarthritis""]",2017-07-19,OBSERVATIONAL,,COMPLETED,[],False,,not_interventional,[]
NCT02423512,The Impact of Anti-TNF Exposure on Vedolizumab Effectiveness,"[""Inflammatory Bowel Disease"", ""Crohn's Disease"", ""Ulcerative Colitis""]",2015-04-22,OBSERVATIONAL,,COMPLETED,[],False,,not_interventional,[]
NCT05321745,Fecal Microbiota Transplantation in Pediatric Crohn's Disease,"[""Crohn Disease""]",2022-04-11,INTERVENTIONAL,TREATMENT,RECRUITING,"[""NA""]",False,,no_drug_or_biological_intervention,[]
NCT00364130,Bone Health in Pediatric Crohn's Disease: A Low Magnitude Mechanical Stimulus Trial,"[""Crohn Disease""]",2006-08-15,INTERVENTIONAL,TREATMENT,COMPLETED,"[""NA""]",True,,no_drug_or_biological_intervention,[]
NCT01560377,Perfusion Assessment in Laparoscopic Left Anterior Resection,"[""Rectal Cancer"", ""Colon Cancer"", ""Crohn's Disease"", ""Polyp"", ""Procidentia"", ""Diverticulitis""]",2012-03-22,INTERVENTIONAL,SUPPORTIVE_CARE,COMPLETED,"[""PHASE1""]",True,,not_treatment_purpose,[]
NCT00055536,Safety and Efficacy of Natalizumab in Combination With Remicade in the Treatment of Crohn's Disease,"[""Crohn's Disease""]",2003-03-06,INTERVENTIONAL,TREATMENT,COMPLETED,"[""PHASE2""]",False,,included,"[""CHEMBL1201607""]"
NCT02451839,An ObserVatIonal STudy of the Effectiveness of AdaLimumab on Health and Disability Outcomes in New Zealand Patients With Immune-Mediated InflammaTorY Diseases (VITALITY),"[""Crohn's Disease"", ""Rheumatoid Arthritis"", ""Psoriasis""]",2015-05-22,OBSERVATIONAL,,COMPLETED,[],True,,not_interventional,[]
NCT03452501,Safety and Effectiveness Study of Remsima® in the Treatment of Inflammatory Bowel Diseases Among Saudi Arabia Patients,"[""Inflammatory Bowel Diseases"", ""Crohn Disease"", ""Fistulizing Crohn's Disease"", ""Ulcerative Colitis""]",2018-03-02,OBSERVATIONAL,,COMPLETED,[],False,,not_interventional,[]
NCT06860009,Psychological Intervention for Fatigue in Inflammatory Bowel Diseases,"[""IBD"", ""Crohn&#39;s Diseases"", ""Ulcerative Colitis (UC)""]",2025-03-05,INTERVENTIONAL,TREATMENT,NOT_YET_RECRUITING,"[""NA""]",False,,no_drug_or_biological_intervention,[]
NCT07419204,Tissue Cytomegalovirus Viral Load and Associated Factors in Pediatric Patients Undergoing Colonoscopy,"[""Colonoscopy"", ""Inflammatory Bowel Disease (Crohn's Disease and Ulcerative Colitis)"", ""CMV""]",2026-02-18,OBSERVATIONAL,,COMPLETED,[],False,,not_interventional,[]
NCT04344249,Cohort of Patients With Inflammatory Bowel Disease During COVID-19 Pandemic,"[""IBD"", ""COVID""]",2020-04-14,OBSERVATIONAL,,COMPLETED,[],False,,no_explicit_crohn_condition,[]
NCT01802593,Comparison of 2 Immunomodulator Withdrawal Schemes for Infliximab Monotherapy in Active Pediatric Crohn's Disease After Thiopurine Failure,"[""Crohn's Disease""]",2013-03-01,INTERVENTIONAL,TREATMENT,TERMINATED,"[""PHASE4""]",False,lack of budget and failure to reach milestones,included,"[""CHEMBL1425""]"
NCT04915911,Nutritional Status and Body Composition of Adult Patients With Crohn's Disease,"[""Crohn Disease""]",2021-06-07,OBSERVATIONAL,,UNKNOWN,[],False,,not_interventional,[]
NCT07013578,TIDHI Mental Health in IBD Patients Study,"[""Crohn Disease (CD)"", ""Ulcerative Colitis (UC)"", ""Inflammatory Bowel Disease (IBD)""]",2025-06-10,INTERVENTIONAL,TREATMENT,RECRUITING,"[""NA""]",False,,no_drug_or_biological_intervention,[]
NCT05578508,Stem Cells for the Treatment of Pouchitis,"[""Pouchitis"", ""Crohn's Disease"", ""Ulcerative Colitis Chronic"", ""Inflammatory Bowel Diseases"", ""Pouch, Ileal""]",2022-10-13,INTERVENTIONAL,TREATMENT,WITHDRAWN,"[""PHASE1""]",False,PI decision not to move forward with study.,included,[]
NCT03541733,Bowel Preparation for Magnetic Resonance Enterography,"[""Crohn Disease""]",2018-05-30,INTERVENTIONAL,SUPPORTIVE_CARE,COMPLETED,"[""NA""]",False,,not_treatment_purpose,[]
NCT02674308,Entyvio (Vedolizumab) Long Term Safety Study,"[""Ulcerative Colitis and Crohn's Disease""]",2016-02-04,OBSERVATIONAL,,COMPLETED,[],False,,not_interventional,[]
NCT01024647,Optimizing Cimzia in Crohn's Patients,"[""Crohn's Disease""]",2009-12-03,INTERVENTIONAL,TREATMENT,UNKNOWN,"[""PHASE4""]",False,,included,"[""CHEMBL1201831""]"
NCT00178438,Wireless Capsule Endoscopy in Small-Bowel Crohn's Disease,"[""Crohn's Disease""]",2005-09-15,INTERVENTIONAL,TREATMENT,WITHDRAWN,"[""PHASE1"", ""PHASE2""]",False,,no_drug_or_biological_intervention,[]
NCT07010926,"A Double-Blind, Randomized, Placebo-Controlled Phase II Clinical Trial to Evaluate the Safety and Efficacy of L2-01 in Subjects With Crohn's Disease","[""Crohn&Amp;#39;s"", ""Crohn&Amp;#39;s Disease (CD)""]",2025-06-08,INTERVENTIONAL,TREATMENT,NOT_YET_RECRUITING,"[""PHASE2""]",False,,included,[]
NCT07795476,Artificial Intelligence For Outcomes Research in Crohn's Disease: Digital Pathology Assessment of Fibrosis and Association With Patient History and Clinical Outcomes,"[""Crohn Disease"", ""Fibrostenotic Crohn's Disease"", ""CD - Crohn's Disease""]",2026-08-31,OBSERVATIONAL,,NOT_YET_RECRUITING,[],False,,not_interventional,[]
NCT04528355,"Data Collection Study of Patients With Non-Malignant Disorders Undergoing UCBT, BMT or PBSCT With RIC","[""Primary Immunodeficiency (PID)"", ""Congenital Bone Marrow Failure Syndromes"", ""Inherited Metabolic Disorders (IMD)"", ""Hereditary Anemias"", ""Inflammatory Conditions""]",2020-08-27,OBSERVATIONAL,,RECRUITING,[],False,,no_explicit_crohn_condition,[]
NCT01804166,A Research Study to Bank Samples for Future Evaluation to Identify Biomarkers That Predispose Crohn's Disease and Ulcerative Colitis Patients to Develop Hepatosplenic T-Cell Lymphoma (HSTCL),"[""Hepatosplenic T-Cell Lymphoma""]",2013-03-05,INTERVENTIONAL,OTHER,COMPLETED,"[""PHASE4""]",True,,no_explicit_crohn_condition,[]
NCT05407766,Mesenchymal Stem Cells (MSCs) for Perianal Fistula,"[""Rectal Fistula""]",2022-06-07,INTERVENTIONAL,TREATMENT,WITHDRAWN,"[""PHASE1""]",False,OSSM-001 will not be used in this clinical program.,no_explicit_crohn_condition,[]
NCT00277251,Alendronate Osteoporosis Study,"[""Glucocorticoid-Associated Osteopenia and Osteoporosis""]",2006-01-16,INTERVENTIONAL,TREATMENT,COMPLETED,"[""PHASE2"", ""PHASE3""]",False,,no_explicit_crohn_condition,[]
NCT00038766,CNI-1493 for Treatment of Moderate to Severe Crohn's Disease,"[""Crohn Disease""]",2002-06-07,INTERVENTIONAL,TREATMENT,TERMINATED,"[""PHASE2""]",False,Unable to enroll into study.,included,"[""CHEMBL2107779""]"
NCT02883296,Long-term Follow-up of Anal Fistulae in Crohn's Disease Treated With Anti-TNFalpha and Interest of New MRI Sequences,"[""Anal Fistula"", ""Crohn's Disease""]",2016-08-30,INTERVENTIONAL,PREVENTION,COMPLETED,"[""NA""]",False,,not_treatment_purpose,[]
NCT07417696,Palmitoleic Acid Combined With Infliximab for Promoting Intestinal Mucosal Healing in Crohn's Disease,"[""Crohn's Disease""]",2026-02-18,INTERVENTIONAL,TREATMENT,NOT_YET_RECRUITING,"[""PHASE4""]",False,,included,"[""CHEMBL1201581""]"
NCT05660746,Precise Infliximab Exposure and Pharmacodynamic Control,"[""Crohn Disease""]",2022-12-21,INTERVENTIONAL,TREATMENT,RECRUITING,"[""PHASE2"", ""PHASE3""]",False,,included,"[""CHEMBL1201581""]"
NCT07166588,Research for the Precision Medicine in the Treatment of Inflammatory Bowel Disease,"[""Crohn Disease (CD)"", ""Ulcerative Colitis (UC)"", ""IBD (Inflammatory Bowel Disease)""]",2025-09-10,OBSERVATIONAL,,ENROLLING_BY_INVITATION,[],False,,not_interventional,[]
NCT03455751,Precision Pain Management for Major Abdominal Surgery in Colorectal Surgery,"[""Colorectal Cancer"", ""Diverticular Disease"", ""Crohn Disease"", ""Ulcerative Colitis""]",2018-03-07,INTERVENTIONAL,SUPPORTIVE_CARE,TERMINATED,"[""NA""]",False,Failed to meet enrollment goals,not_treatment_purpose,[]
NCT03196427,Long-term Safety With Vedolizumab Intravenous (IV) in Pediatric Participants With Ulcerative Colitis (UC) or Crohn's Disease (CD),"[""Ulcerative Colitis"", ""Crohn's Disease""]",2017-06-22,INTERVENTIONAL,TREATMENT,COMPLETED,"[""PHASE2""]",True,,included,"[""CHEMBL1743087""]"
NCT03282786,Comparison of Carbon Dioxide (CO2) to Air Insufflation in Colonoscopy in Patients With Inflammatory Bowel Disease,"[""Inflammatory Bowel Diseases""]",2017-09-14,INTERVENTIONAL,DIAGNOSTIC,UNKNOWN,"[""NA""]",False,,no_explicit_crohn_condition,[]
NCT05636657,Comparative Study of Intestinal Color Ultrasound and Capsule Endoscopy in Monitoring Crohn's Disease,"[""Digestive System Disease"", ""Inflammatory Bowel Diseases"", ""Crohn Disease"", ""Crohn Disease of Small Intestine""]",2022-12-05,OBSERVATIONAL,,UNKNOWN,[],False,,not_interventional,[]
NCT02631967,Surgical Prevention of Anastomotic Recurrence by Excluding Mesentery in Crohn's Disease,"[""Crohn Disease""]",2015-12-16,INTERVENTIONAL,TREATMENT,UNKNOWN,"[""NA""]",False,,no_drug_or_biological_intervention,[]
NCT02994836,GIS-SUSANTI-TNF-2015 (Anti-TNF Discontinuation ),"[""Crohn's Disease"", ""Inflammatory Bowel Disease"", ""Ulcerative Colitis""]",2016-12-16,INTERVENTIONAL,TREATMENT,COMPLETED,"[""PHASE4""]",False,,included,[]
NCT00571337,Stop Infliximab in Patients With Crohn's Disease,"[""Crohn Disease""]",2007-12-12,INTERVENTIONAL,TREATMENT,COMPLETED,"[""PHASE3""]",False,,included,"[""CHEMBL1201581""]"
NCT07289672,Food Limitations In Crohn's Disease and Ulcerative coliTis,"[""Crohn Disease (CD)"", ""Ulcerative Colitis (UC)"", ""IBD (Inflammatory Bowel Disease)""]",2025-12-17,INTERVENTIONAL,TREATMENT,ENROLLING_BY_INVITATION,"[""NA""]",False,,no_drug_or_biological_intervention,[]
NCT06844565,Role of IL 12 and IL 23 as Potential Biomarkers in Diagnosis of Early Crohn's Disease,"[""Interleukin 12"", ""Interleukin 23"", ""Biomarker"", ""Diagnosis"", ""Crohn Disease""]",2025-02-25,OBSERVATIONAL,,COMPLETED,[],False,,not_interventional,[]
NCT06515171,Efficacy and Safety of Bowel Preparation for Patency Capsule in CD Patients Who Previously Failed Patency Capsule,"[""Crohn Disease"", ""Crohn Disease of Small Intestine""]",2024-07-23,OBSERVATIONAL,,UNKNOWN,[],False,,not_interventional,[]
NCT05842564,Autophagy in Paediatric Crohn's Disease,"[""Crohn Disease"", ""Pediatric Crohns Disease""]",2023-05-06,INTERVENTIONAL,BASIC_SCIENCE,NOT_YET_RECRUITING,"[""NA""]",False,,not_treatment_purpose,[]
NCT02403232,Autologous Adipose-derived Stem Cells (ASCs) for the Treatment of Perianal Fistula in Crohn Disease: A Pilot Study,"[""Perianal Fistula"", ""Crohn Disease""]",2015-03-31,INTERVENTIONAL,TREATMENT,UNKNOWN,"[""PHASE2""]",False,,no_drug_or_biological_intervention,[]
NCT07590271,Research on the Whole Process of AI Intelligent Management System for the Diagnosis and Treatment of Inflammatory Bowel Diseases,"[""Inflammatory Bowel Disease (Crohn&#39;s Disease and Ulcerative Colitis)"", ""Crohn's Disease (CD)"", ""Ulcerative Colitis (UC)"", ""Artificial Intelligence (AI)"", ""Natural Language Processing (NLP)""]",2026-05-15,OBSERVATIONAL,,NOT_YET_RECRUITING,[],False,,not_interventional,[]
NCT01012726,Study About the Effect of Doxycycline and Acetylcystein in the Treatment of CD-associated Fistulae,"[""Crohn's Disease""]",2009-11-13,INTERVENTIONAL,TREATMENT,TERMINATED,"[""NA""]",False,not enough patients enrolled,no_drug_or_biological_intervention,[]
NCT06723418,Development and Validation of a New Paediatric Inflammatory Bowel Disease NUTrition Risk Score (PIBD-NUTS),"[""Inflammatory Bowel Diseases (IBD)"", ""Crohns Disease"", ""Ulcerative Colitis (UC)""]",2024-12-09,OBSERVATIONAL,,ACTIVE_NOT_RECRUITING,[],False,,not_interventional,[]
NCT01090817,An Australian Study of Mesenchymal Stromal Cells for Crohn's Disease,"[""Crohn Disease""]",2010-03-23,INTERVENTIONAL,TREATMENT,COMPLETED,"[""PHASE2""]",False,,included,[]
NCT03729674,Comparative Effectiveness and Safety of Biosimilar and Legacy Drugs,"[""Rheumatoid Arthritis"", ""Ankylosing Spondylitis"", ""Ulcerative Colitis"", ""Crohn's Disease""]",2018-11-05,OBSERVATIONAL,,UNKNOWN,[],False,,not_interventional,[]
NCT00972218,Effectiveness and Safety of Spondylitis Related to Inflammatory Bowel Disease,"[""Spondyloarthritis"", ""Crohn's Disease""]",2009-09-04,INTERVENTIONAL,TREATMENT,WITHDRAWN,"[""PHASE4""]",False,Difficulty with enrollment,included,"[""CHEMBL1201580""]"
NCT06606808,Fluorescence Imaging of Risankizumab-800CW in Inflammatory Bowel Disease,"[""Ulcerative Colitis (UC)"", ""Crohn Disease (CD)""]",2024-09-23,INTERVENTIONAL,OTHER,RECRUITING,"[""PHASE1"", ""PHASE2""]",False,,not_treatment_purpose,[]
NCT04522843,Analysis of Intestinal Defensin Expression in Acute GVHD,"[""GVHD,Acute"", ""Ulcerative Colitis"", ""Morbus Crohn""]",2020-08-21,OBSERVATIONAL,,COMPLETED,[],False,,not_interventional,[]
NCT02445690,Thrombin Generation in Crohn's Disease,"[""Crohn Disease"", ""Blood Clot"", ""Thrombosis""]",2015-05-15,OBSERVATIONAL,,UNKNOWN,[],False,,not_interventional,[]
NCT03256240,Study of the Kono-S Anastomosis Versus the Side-to-side Functional End Anastomosis,"[""Crohn's Disease""]",2017-08-21,INTERVENTIONAL,PREVENTION,RECRUITING,"[""NA""]",False,,not_treatment_purpose,[]
NCT06244849,TOward a Better Understanding of the autoPhagy Machinery for the Identification of Potential Novel Biomarkers and Therapeutic Targets in Crohn's Disease - TOPIC Study,"[""Crohn's Disease""]",2024-02-06,INTERVENTIONAL,OTHER,UNKNOWN,"[""NA""]",False,,not_treatment_purpose,[]
NCT07141238,Microplastic Analysis in Pediatric Inflammatory Bowel Disease,"[""Crohn Disease"", ""Pediatric Inflammatory Bowel Diseases"", ""Ulcerative Colitis (UC)"", ""Inflammatory Bowel Disease (IBD)""]",2025-08-26,OBSERVATIONAL,,RECRUITING,[],False,,not_interventional,[]
NCT02883452,"A Phase I Study to Evaluate Pharmacokinetics, Efficacy and Safety of CT-P13 Subcutaneous in Patients With Active Crohn's Disease and Ulcerative Colitis","[""Crohn's Disease"", ""Ulcerative Colitis (Part 2 Only)""]",2016-08-30,INTERVENTIONAL,TREATMENT,COMPLETED,"[""PHASE1""]",True,,included,"[""CHEMBL1201581""]"
NCT07697547,Efficacy and Safety of Low-Dose Upadacitinib Combined With Ustekinumab in the Treatment of Refractory Crohn's Disease,"[""Inflammatory Bowel Disease (IBD)"", ""Crohn's Disease""]",2026-07-13,OBSERVATIONAL,,COMPLETED,[],False,,not_interventional,[]
NCT01752790,Efficacy and Safety of Top-down Therapy in Pediatric Crohn's Disease,"[""Pediatric Crohn's Disease""]",2012-12-19,INTERVENTIONAL,TREATMENT,WITHDRAWN,"[""PHASE4""]",False,The study will be part of a European multicenter trial (Infliximab Top-down Study in Kids with Crohn's disease),included,[]
NCT03540784,Effects of WB-EMS and High Protein Diet in IBD Patients,"[""Inflammatory Bowel Diseases""]",2018-05-30,INTERVENTIONAL,SUPPORTIVE_CARE,UNKNOWN,"[""NA""]",False,,no_explicit_crohn_condition,[]
NCT00356408,"Examining the Long Term Safety, Efficacy, and Corticosteroid-sparing Effect of Certolizumab Pegol in Crohn's Disease","[""Crohn's Disease""]",2006-07-26,INTERVENTIONAL,TREATMENT,COMPLETED,"[""PHASE3""]",True,,included,"[""CHEMBL1201831""]"
NCT07102368,A Study to Generate Real-world Evidence of Guselkumab Effectiveness in Inflammatory Bowel Disease in Germany,"[""Inflammatory Bowel Disease"", ""Colitis, Ulcerative"", ""Crohn's Disease""]",2025-08-03,OBSERVATIONAL,,RECRUITING,[],False,,not_interventional,[]
NCT03397108,Assessing the Drug Exposure Risk of Infants Breastfed by Women With Inflammatory Bowel Disease,"[""Crohn's Disease"", ""Ulcerative Colitis"", ""Healthy Controls""]",2018-01-11,OBSERVATIONAL,,COMPLETED,[],True,,not_interventional,[]
NCT05906576,Post-marketing Registry Study of Infliximab for Injection in Chinese Pediatric Crohn's Disease Patients,"[""Crohn Disease""]",2023-06-18,INTERVENTIONAL,TREATMENT,RECRUITING,"[""PHASE4""]",False,,included,"[""CHEMBL1201581""]"
NCT04876690,A Study of the Quality of Life in Adults With Crohn's Disease With Complex Perianal Fistulas,"[""Crohn Disease"", ""Rectal Fistula""]",2021-05-06,OBSERVATIONAL,,COMPLETED,[],True,,not_interventional,[]
NCT02550158,A Study Evaluating the Impact of an Educational Program (EDU-MICI) on Patients With Inflammatory Bowel Disease,"[""Crohn's Disease"", ""Ulcerative Colitis""]",2015-09-15,INTERVENTIONAL,SUPPORTIVE_CARE,COMPLETED,"[""NA""]",False,,not_treatment_purpose,[]
NCT01559142,Efficacy and Safety of Two Regimens of Maintenance Therapy in Children With Crohn Disease,"[""Crohn Disease""]",2012-03-21,INTERVENTIONAL,TREATMENT,UNKNOWN,"[""PHASE3""]",False,,included,[]
NCT06548542,Study of Targeted Therapies for the Treatment of Adult Participants With Moderate to Severe Crohn's Disease,"[""Crohn's Disease""]",2024-08-12,INTERVENTIONAL,TREATMENT,RECRUITING,"[""PHASE2""]",False,,included,"[""CHEMBL3990029"", ""CHEMBL4594518"", ""CHEMBL6068185""]"
NCT03171246,CD-TREAT Diet: a Novel Therapy for Active Luminal Crohn's Disease,"[""Crohn Disease""]",2017-05-31,INTERVENTIONAL,TREATMENT,COMPLETED,"[""NA""]",False,,no_drug_or_biological_intervention,[]
NCT01916161,The Influence of Information Sources on Knowledge and Anxiety in Inflammatory Bowel Disease Patients,"[""Crohn's Disease"", ""Ulcerative Colitis"", ""Anxiety""]",2013-08-05,OBSERVATIONAL,,COMPLETED,[],False,,not_interventional,[]
NCT05572203,Phenotyping of Adult Crohn's Focusing on Sarcopenia,"[""Inflammatory Bowel Diseases"", ""Sarcopenia"", ""Digestive System Disease"", ""Nutrition, Healthy"", ""Protein Malabsorption"", ""Crohn Disease""]",2022-10-07,INTERVENTIONAL,BASIC_SCIENCE,UNKNOWN,"[""NA""]",False,,not_treatment_purpose,[]
NCT03914261,Expanded Access to Risankizumab,"[""Crohn's Disease"", ""Ulcerative Colitis (UC)""]",2019-04-16,EXPANDED_ACCESS,,NO_LONGER_AVAILABLE,[],False,,not_interventional,[]
NCT06488703,"Retrospective Analysis of Systemic Glucocorticoid Mediated Long-term Effects, Patient Pathways and Economic Burden Across Multiple Indications","[""Asthma""]",2024-07-05,OBSERVATIONAL,,COMPLETED,[],False,,no_explicit_crohn_condition,[]
NCT06896305,"Impact of Exclusion Diet in Addition to Anti-TNF Therapy in Crohn's Disease and Ulcerative Colitis: a Prospective, Randomized, Double-arm, Open-label Study","[""Ulcerative Colitis (UC)"", ""Crohn Disease (CD)""]",2025-03-26,INTERVENTIONAL,TREATMENT,RECRUITING,"[""NA""]",False,,included,[]
NCT02764762,Triple Combination Therapy in High Risk Crohn's Disease (CD),"[""Crohn Disease""]",2016-05-06,INTERVENTIONAL,TREATMENT,COMPLETED,"[""PHASE4""]",True,,included,"[""CHEMBL1201580"", ""CHEMBL1743087"", ""CHEMBL34259""]"
NCT05918562,Efficacy of a Low Fiber Diet for Pediatric Colonoscopy Prep,"[""Colitis"", ""Gastrointestinal Diseases"", ""Pediatric Disorder"", ""Pediatric Crohns Disease"", ""Procedural Sequelae""]",2023-06-26,INTERVENTIONAL,TREATMENT,UNKNOWN,"[""NA""]",False,,no_drug_or_biological_intervention,[]
NCT06562361,A Microdose Trial Investigating Binding of [68Ga]Ga-DOTA-CYS-ATH001 in Healthy Subjects and Different Patient Groups.,"[""MASH"", ""PSC"", ""Fibrostenotic Crohn's Disease"", ""Healthy Volunteers""]",2024-08-20,INTERVENTIONAL,DIAGNOSTIC,UNKNOWN,"[""EARLY_PHASE1""]",False,,not_treatment_purpose,[]
NCT02522169,TOPIT; Trough Level Optimized Pediatric Inflammatory Bowel Disease Therapy: A Multicenter Study Comparing Effectiveness of Trough Level Optimized Infliximab Maintenance Therapy With Standard Dosing Regimen of Pediatric Patients With Crohn's Disease,"[""Pediatric Crohns Disease""]",2015-08-13,INTERVENTIONAL,TREATMENT,UNKNOWN,"[""NA""]",False,,included,"[""CHEMBL1201581""]"
NCT02000362,Safety and Efficacy of FURESTEM-CD Inj. in Patients With Moderately Active Crohn's Disease(CD),"[""Crohn's Disease""]",2013-12-04,INTERVENTIONAL,TREATMENT,UNKNOWN,"[""PHASE1"", ""PHASE2""]",False,,included,[]
NCT07539727,Clinical Value of Intestinal Ultrasound in Predicting Clinical Relapse in Crohn's Disease Patients in Deep Remission: a Multicenter Prospective Observational Study,"[""Inflammatory Bowel Diseases""]",2026-04-20,OBSERVATIONAL,,RECRUITING,[],False,,no_explicit_crohn_condition,[]
NCT04924270,Safety and Efficacy of Capsule FMT in Treatment-naïve Patients With Newly Diagnosed Chronic Inflammatory Diseases,"[""Rheumatoid Arthritis"", ""Ankylosing Spondylitis"", ""Psoriatic Arthritis"", ""Crohn Disease"", ""Ulcerative Colitis""]",2021-06-11,INTERVENTIONAL,TREATMENT,RECRUITING,"[""PHASE2""]",False,,included,[]
NCT00055497,"Remission in Subjects With Crohn's Disease, 1 Year Phase","[""Crohn's Disease""]",2003-03-05,INTERVENTIONAL,TREATMENT,COMPLETED,"[""PHASE3""]",True,,included,"[""CHEMBL1201580""]"
NCT03559660,CUP Certolizumab Pegol (CDP-870) in Adults Suffering From Crohn's Disease (CD),"[""Crohn's Disease""]",2018-06-18,EXPANDED_ACCESS,,NO_LONGER_AVAILABLE,[],False,,not_interventional,[]
NCT06770140,Unraveling the Blood Microbiome in Postoperative Recurrence of Crohn's Disease,"[""Crohn&#39;s Disease (CD)""]",2025-01-13,OBSERVATIONAL,,NOT_YET_RECRUITING,[],False,,not_interventional,[]
NCT02349594,Immune Modulation by Parenteral Fish Oil in Patients With Crohn's Disease,"[""Crohn Disease""]",2015-01-29,INTERVENTIONAL,TREATMENT,COMPLETED,"[""PHASE4""]",False,,included,"[""CHEMBL1201485"", ""CHEMBL3833369""]"
NCT05013905,A Phase 2a Safety and Efficacy Open-Label Study of Tulisokibart (MK-7240/PRA023) in Participants With Moderately to Severely Active Crohn's Disease (MK-7240-006),"[""Crohn Disease""]",2021-08-19,INTERVENTIONAL,TREATMENT,COMPLETED,"[""PHASE2""]",True,,included,"[""CHEMBL5095370""]"
NCT00816842,Plasma Citrulline Concentration in Tropical Enteropathy,"[""Malabsorption Syndromes"", ""Granulomatous Enteritis"", ""Enteritis"", ""HIV Enteropathy"", ""Ileal Diseases""]",2009-01-05,OBSERVATIONAL,,COMPLETED,[],False,,no_explicit_crohn_condition,[]
NCT00333788,Follow-up to Welcome Study C87042 [NCT00308581] Examining Certolizumab Pegol (CDP870) in Subjects With Crohn's Disease,"[""Crohn's Disease""]",2006-06-06,INTERVENTIONAL,TREATMENT,COMPLETED,"[""PHASE3""]",True,,included,[]
NCT00546546,Early Immunosuppressants in Crohn's Disease,"[""Crohn's Disease""]",2007-10-19,INTERVENTIONAL,TREATMENT,COMPLETED,"[""PHASE4""]",False,,included,[]
NCT00889161,Curcumin in Pediatric Inflammatory Bowel Disease,"[""Inflammatory Bowel Disease"", ""Ulcerative Colitis"", ""Crohn's Disease""]",2009-04-28,INTERVENTIONAL,TREATMENT,COMPLETED,"[""PHASE1""]",False,,included,"[""CHEMBL140""]"
NCT05668013,A Study to Evaluate the Long-Term Effect of TEV-48574 in Moderate to Severe Ulcerative Colitis or Crohn's Disease,"[""Crohn Disease"", ""Colitis, Ulcerative""]",2022-12-29,INTERVENTIONAL,TREATMENT,ACTIVE_NOT_RECRUITING,"[""PHASE2""]",False,,included,"[""CHEMBL5314733""]"
NCT04973423,STUDY OF THE ADDED VALUE OF A TRANSMURAL EVALUATION IN PATIENTS WITH CROHN'S DISEASE UNDER BIOTHERAPY WITH CLOSE FECAL CALPROTECTIN FOLLOW-UP,"[""Crohn Disease"", ""Calprotectin"", ""MRI""]",2021-07-22,INTERVENTIONAL,PREVENTION,RECRUITING,"[""NA""]",False,,not_treatment_purpose,[]
NCT04939337,A Study of TH-SC01 for Treating Complex Perianal Fistula in Perianal Crohn's Disease.,"[""Crohn's Disease""]",2021-06-25,INTERVENTIONAL,TREATMENT,UNKNOWN,"[""PHASE1""]",False,,included,[]
NCT00755937,Remicade® Crohn's Disease Registry Across Canada (Study P02793),"[""Crohn's Disease""]",2008-09-19,OBSERVATIONAL,,TERMINATED,[],True,Satisfied a post-marketing commitment to Canadian Health Authorities.,not_interventional,[]
NCT02775656,UCB Cimzia Pregnancy Follow-up Study,"[""Rheumatoid Arthritis (RA)"", ""Crohn's Disease (CD)"", ""Psoriatic Arthritis (PsA)"", ""Axial Spondyloarthritis and Ankylosing Spondylitis""]",2016-05-17,OBSERVATIONAL,,TERMINATED,[],False,,not_interventional,[]
NCT05673278,Non-Invasive Monitoring Through Bowel Ultrasound in Paediatric Inflammatory Bowel Disease Study,"[""Inflammatory Bowel Diseases"", ""Ulcerative Colitis"", ""Crohn Disease"", ""Pediatric Crohns Disease"", ""Pediatric Ulcerative Colitis""]",2023-01-06,OBSERVATIONAL,,UNKNOWN,[],False,,not_interventional,[]
NCT06788340,MOdel-Informed Precision Dosing of Ustekinumab and VEdolizumab in Inflammatory Bowel Disease,"[""Inflammatory Bowel Diseases"", ""Crohn Disease"", ""Ulcerative Colitis""]",2025-01-23,INTERVENTIONAL,TREATMENT,NOT_YET_RECRUITING,"[""PHASE4""]",False,,included,[]
NCT03264690,Study to Observe the Change in Microbiome in Human Derived Sample and the Relation With Clinical Response Before and After the Anti-TNF Treatment in IBD Patients,"[""Inflammatory Bowel Disease""]",2017-08-29,OBSERVATIONAL,,COMPLETED,[],False,,no_explicit_crohn_condition,[]
NCT02538341,Safety and Effectiveness of Live Zoster Vaccine in Anti-Tumor Necrosis Factor (TNF) Users (VERVE Trial),"[""Rheumatoid Arthritis"", ""Inflammatory Arthritis"", ""Arthritis"", ""Psoriatic Arthritis"", ""Psoriasis"", ""Ankylosing Spondylitis"", ""Enteropathic Arthritis"", ""Crohn's Disease""]",2015-09-02,INTERVENTIONAL,PREVENTION,COMPLETED,"[""PHASE2""]",True,,not_treatment_purpose,[]
NCT02108821,Fecal Microbiota Transplantation in Pediatric Patients,"[""Inflammatory Bowel Diseases (IBD)"", ""Crohn's Disease (CD)"", ""Ulcerative Colitis (UC)""]",2014-04-09,INTERVENTIONAL,TREATMENT,COMPLETED,"[""PHASE1""]",True,,included,[]
NCT01891214,Validation of the French Version of the Inflammatory Bowel Disease Questionnaire (IBDQ) for Ulcerative Colitis and Crohn's Disease,"[""Ulcerative Colitis"", ""Crohn's Disease""]",2013-07-03,OBSERVATIONAL,,COMPLETED,[],False,,not_interventional,[]
NCT05519904,Prevalence of Encephalopathy in Patients With Inflammatory Bowel Diseases,"[""Inflammatory Bowel Diseases"", ""Ulcerative Colitis Chronic"", ""Crohn Disease"", ""Irritable Bowel Syndrome"", ""Encephalopathy""]",2022-08-29,OBSERVATIONAL,,UNKNOWN,[],False,,not_interventional,[]
NCT00221026,Safety and Efficacy of Extracorporeal Photoimmune Therapy With UVADEX for the Treatment of Crohn's Disease,"[""Crohn's Disease""]",2005-09-22,INTERVENTIONAL,TREATMENT,COMPLETED,"[""PHASE2""]",False,,included,"[""CHEMBL416""]"
NCT02716454,Early Surgery Versus Conservative Treatment in Patients With Ileocaecal Crohn's Disease,"[""Crohn's Disease""]",2016-03-23,INTERVENTIONAL,TREATMENT,UNKNOWN,"[""NA""]",False,,no_drug_or_biological_intervention,[]
NCT04297566,MICISPORT Survey : Questionnaire,"[""Crohn's Disease""]",2020-03-05,OBSERVATIONAL,,COMPLETED,[],False,,not_interventional,[]
NCT06971627,"Telehealth Monitoring in Inflammatory Bowel Disease: Effects on Medication Compliance, Self-Efficacy, and Quality of Life","[""Inflammatory Bowel Disease (IBD)"", ""Medication Compliance"", ""Quality of Life"", ""Telehealth Monitoring""]",2025-05-14,INTERVENTIONAL,SUPPORTIVE_CARE,RECRUITING,"[""NA""]",False,,no_explicit_crohn_condition,[]
NCT04046913,The ADDapt Diet in Reducing Crohn's Disease Inflammation,"[""Crohn Disease"", ""Inflammatory Bowel Diseases""]",2019-08-06,INTERVENTIONAL,TREATMENT,UNKNOWN,"[""NA""]",False,,no_drug_or_biological_intervention,[]
NCT04927403,Integrative Therapy of Chronic Diseases,"[""Chronic Disease""]",2021-06-16,OBSERVATIONAL,,UNKNOWN,[],False,,no_explicit_crohn_condition,[]
NCT00528073,"Placebo Controlled Study of 3 Doses of Rifaximin-EIR Tablet to Treat Moderate, Active Crohn's Disease","[""Crohn's Disease""]",2007-09-11,INTERVENTIONAL,TREATMENT,COMPLETED,"[""PHASE2""]",False,,included,"[""CHEMBL1617""]"
NCT00160524,A follow-on Safety Study of CDP870 in Subjects With Crohn's Disease (CD) Who Have Completed a 26-week Double Blind Study CDP870-031 [NCT00152490] or CDP870-032 [NCT00152425],"[""Crohn's Disease""]",2005-09-12,INTERVENTIONAL,TREATMENT,COMPLETED,"[""PHASE3""]",True,,included,[]
NCT04254783,A Study to Evaluate the Effect of Intravenous (IV) Infusions of Risankizumab on Pharmacokinetics of Cytochome P450 Substrates in Adult Participants With Moderately to Severely Active Ulcerative Colitis or Crohn's Disease,"[""Ulcerative Colitis (UC)"", ""Crohn's Disease""]",2020-02-05,INTERVENTIONAL,TREATMENT,COMPLETED,"[""PHASE1""]",False,,included,"[""CHEMBL3990029""]"
NCT05382897,Fasting-mimicking Diet in Treatment of Depressive Symptoms in IBD,"[""Inflammatory Bowel Diseases"", ""Crohn Disease"", ""Ulcerative Colitis""]",2022-05-19,INTERVENTIONAL,TREATMENT,COMPLETED,"[""NA""]",False,,no_drug_or_biological_intervention,[]
NCT00955123,Effects of Prednisolone and Infliximab on the Regulation of Urea Synthesis in Active Inflammatory Bowel Disease,"[""Inflammatory Bowel Diseases""]",2009-08-07,OBSERVATIONAL,,COMPLETED,[],False,,no_explicit_crohn_condition,[]
NCT04596566,Modeling Patient Response to a Therapeutic Diet in Crohn's Disease,"[""Crohn Disease""]",2020-10-22,INTERVENTIONAL,OTHER,UNKNOWN,"[""NA""]",False,,not_treatment_purpose,[]
NCT02634060,Home basEd faecaL calProtectin Measurements Predicting Adalimumab Induction Destiny,"[""Crohn Disease"", ""Colitis, Ulcerative""]",2015-12-17,INTERVENTIONAL,DIAGNOSTIC,COMPLETED,"[""NA""]",False,,not_treatment_purpose,[]
NCT01266785,"Infliximab, Regulatory T Cells, IL2 and Crohn's Disease","[""Crohn's Disease""]",2010-12-24,INTERVENTIONAL,TREATMENT,WITHDRAWN,"[""NA""]",False,Lack of enrollment,included,"[""CHEMBL1201581""]"
NCT03358706,A Study to Evaluate the Effect of Ustekinumab on Cytochrome P450 Enzyme Activities Following Induction and Maintenance Dosing in Participants With Active Crohn's Disease or Ulcerative Colitis,"[""Crohn Disease"", ""Ulcerative Colitis""]",2017-12-02,INTERVENTIONAL,OTHER,TERMINATED,"[""PHASE1""]",False,The study was stopped as all post-marketing commitments had been fulfilled or released,not_treatment_purpose,[]
NCT03064815,The SpACE Study - Small Bowel Crohn's Disease and Spondyloarthropathies,"[""Spondyloarthropathy"", ""Crohn Disease""]",2017-02-27,INTERVENTIONAL,DIAGNOSTIC,COMPLETED,"[""NA""]",False,,not_treatment_purpose,[]
NCT05190484,"bIosimilar of aDalimumab, an European evAluation","[""Rheumatoid Arthritis"", ""Ankylosing Spondylitis"", ""Psoriatic Arthritis"", ""Crohn Disease"", ""Ulcerative Colitis""]",2022-01-13,OBSERVATIONAL,,UNKNOWN,[],False,,not_interventional,[]
NCT00513552,Treatment of Crohn's Disease With an Antibiotic Regimen Directed Against Mycobacterium Avium Paratuberculosis,"[""Crohn's Disease""]",2007-08-08,INTERVENTIONAL,TREATMENT,WITHDRAWN,"[""PHASE4""]",False,No patient,included,[]
NCT01298648,Special Investigation in Patients With Crohn's Disease (All Patients Investigation),"[""Crohn's Disease""]",2011-02-18,OBSERVATIONAL,,COMPLETED,[],True,,not_interventional,[]
NCT00269386,Clarithromycin in Active Crohn's Disease,"[""Crohn's Disease""]",2005-12-23,INTERVENTIONAL,TREATMENT,COMPLETED,"[""PHASE3""]",False,,included,"[""CHEMBL1741""]"
NCT07292454,Prevalence of Helicobacter Pylori on Patients With Chronic Inflammatory Bowel Disease (IBD) at the CHU of Guadeloupe,"[""HELICOBACTER PYLORI INFECTIONS"", ""Inflammatory Bowel Disease (Crohn&#39;s Disease and Ulcerative Colitis)""]",2025-12-18,OBSERVATIONAL,,NOT_YET_RECRUITING,[],False,,not_interventional,[]
NCT00048295,Alicaforsen (ISIS 2302) in Patients With Active Crohn's Disease,"[""Crohn's Disease""]",2002-10-30,INTERVENTIONAL,TREATMENT,COMPLETED,"[""PHASE3""]",False,,included,"[""CHEMBL2108326""]"
NCT07670975,Resting Energy Expenditure in Pediatric Patients With Inflammatory Bowel Disease (REE-MICI),"[""Crohn Disease Colitis"", ""Colitis, Ulcerative"", ""Inflammatory Bowel Diseases""]",2026-06-26,OBSERVATIONAL,,RECRUITING,[],False,,not_interventional,[]
NCT06681181,"A First-time in Human (FTIH) Study to Evaluate Safety, Tolerability, Pharmacokinetics and Target Engagement of GSK4528287 in Healthy Participants","[""Colitis, Ulcerative""]",2024-11-08,INTERVENTIONAL,TREATMENT,ACTIVE_NOT_RECRUITING,"[""PHASE1""]",False,,no_explicit_crohn_condition,[]
NCT03815851,Relationship Between Prophylactic Drainage and Postoperative Complications (PPOI) in Crohn's Patients After Surgery,"[""Crohn's Disease""]",2019-01-24,INTERVENTIONAL,PREVENTION,UNKNOWN,"[""NA""]",False,,not_treatment_purpose,[]
NCT07416383,Safety and Efficiency of the Universal CNK-UT009 in Difficult-to-treat Inflammatory Bowel Disease Patients,"[""Inflamatory Bowel Disease"", ""Crohn Disease (CD)"", ""Ulcerative Colitis (UC)""]",2026-02-18,INTERVENTIONAL,TREATMENT,NOT_YET_RECRUITING,"[""PHASE1""]",False,,included,[]
NCT02538354,The Effect of Riboflavin in Crohn's Disease,"[""Crohn Disease""]",2015-09-02,INTERVENTIONAL,OTHER,COMPLETED,"[""NA""]",True,,not_treatment_purpose,[]
NCT07149441,Efficacy and Mechanism of FMT in the Treatment of Inflammatory Bowel Disease: an Open-label Randomized Controlled Study,"[""Inflammatory Bowel Disease (Crohn&Amp;#39;s Disease and Ulcerative Colitis)"", ""Fecal Microbiota Transplantation""]",2025-09-02,INTERVENTIONAL,TREATMENT,ACTIVE_NOT_RECRUITING,"[""NA""]",False,,included,"[""CHEMBL1201581""]"
NCT06918808,DB-3Q bmMSC-EVs in Patients With Perianal Fistulizing Crohn's Disease,"[""Perianal Fistula Due to Crohn's Disease""]",2025-04-09,INTERVENTIONAL,TREATMENT,RECRUITING,"[""PHASE2""]",False,,included,[]
NCT02421705,Visceral Sensitivity in IBD (Irritable Bowel Disease) and IBS (Irritable Bowel Syndrome),"[""IBS"", ""Ulcerative Colitis, Active"", ""Ulcerative Colitis, Remission (3a: With IBS Symptoms, 3b: Without IBS Symptoms)"", ""Healthy Controls"", ""Crohn's Disease, Active"", ""Crohn's Disease, Remission (6a: With IBS Symptoms, 6b: Without IBS Symptoms)""]",2015-04-21,INTERVENTIONAL,BASIC_SCIENCE,RECRUITING,"[""NA""]",False,,not_treatment_purpose,[]
NCT04502303,18F-FDG and 68Ga-FAPI PET/CT in Crohn's Disease,"[""Crohn Disease""]",2020-08-06,INTERVENTIONAL,DIAGNOSTIC,UNKNOWN,"[""PHASE2""]",False,,not_treatment_purpose,[]
NCT07156929,Kinetics and Metabolism of Nicotinamide Provided as a Dietary Supplementation,"[""Respiratory Infection (for Example, Pneumonia, Bronchitis)"", ""Respiratory Infection Virus"", ""Community Acquired Pneumonia (CAP)"", ""COPD Acute Exacerbation"", ""Inflammatory Bowel Disease (IBD)""]",2025-09-05,INTERVENTIONAL,OTHER,COMPLETED,"[""NA""]",False,,no_explicit_crohn_condition,[]
NCT02858557,The Effect of Diet on Microbial Profile and Disease Outcomes in Patients With Inflammatory Bowel Diseases,"[""Inflammatory Bowel Diseases"", ""Crohn's Disease"", ""Dietary Modification""]",2016-08-08,INTERVENTIONAL,TREATMENT,UNKNOWN,"[""NA""]",False,,no_drug_or_biological_intervention,[]
NCT06065228,Therapeutic Endpoint in Pediatric IBD Conditions,"[""Inflammatory Bowel Diseases"", ""Colitis, Ulcerative"", ""Crohn Disease""]",2023-10-03,OBSERVATIONAL,,RECRUITING,[],False,,not_interventional,[]
NCT03221166,Thalidomide Versus Infliximab in New Onset Crohn's Disease With Poor Prognostic Factors,"[""Crohn Disease""]",2017-07-18,INTERVENTIONAL,TREATMENT,TERMINATED,"[""PHASE3""]",False,Difficulty in recruiting subjects who meet the inclusion/exclusion criteria,included,"[""CHEMBL1201581"", ""CHEMBL468""]"
NCT01736046,Comparison of Standard and Low Dose CT Enterography for Crohn's Disease,"[""Crohn's Disease""]",2012-11-29,OBSERVATIONAL,,COMPLETED,[],False,,not_interventional,[]
NCT02998827,Thalidomide Results in Diminished Ovarian Reserve in Reproductive Age Female IBD Patients,"[""Crohn Disease""]",2016-12-20,INTERVENTIONAL,,UNKNOWN,"[""NA""]",False,,included,"[""CHEMBL468""]"
NCT04748627,Global IBD Visualization of Epidemiology Studies (GIVES) in the 21st Century,"[""Inflammatory Bowel Diseases"", ""Ulcerative Colitis"", ""Crohn Disease""]",2021-02-10,OBSERVATIONAL,,UNKNOWN,[],False,,not_interventional,[]
NCT07456566,Developing a Self-Management Intervention to Improve Health Outcomes for Patients With Inflammatory Bowel Disease,"[""Inflammatory Bowel Diseases"", ""Ulcerative Colitis"", ""Crohn Disease""]",2026-03-06,INTERVENTIONAL,TREATMENT,RECRUITING,"[""NA""]",False,,no_drug_or_biological_intervention,[]
NCT07011979,SNU IBD Cohort Study : Searching for Characterization of High Risk Populations for Developing Inflammatory Bowel Disease,"[""Inflammatory Bowel Disease (IBD)""]",2025-06-10,OBSERVATIONAL,,RECRUITING,[],False,,no_explicit_crohn_condition,[]
NCT00653094,"An Open Label, Prospective, One Arm, Feasibility, Study for The Use of Halevy Kit for the Treatment of Perianal Fistulas in Patients With Crohn's Disease","[""Crohn Disease"", ""Fistula""]",2008-04-04,INTERVENTIONAL,TREATMENT,UNKNOWN,"[""NA""]",False,,no_drug_or_biological_intervention,[]
NCT05972694,Effect of Grapes in Inflammatory Bowel Disease,"[""Crohn Disease""]",2023-08-02,INTERVENTIONAL,OTHER,COMPLETED,"[""NA""]",False,,not_treatment_purpose,[]
NCT06606756,CEDATA GPGE - a Patient Registry for Children and Adolescents With Inflammatory Bowel Disease,"[""Inflammatory Bowel Disease (IBD)""]",2024-09-23,OBSERVATIONAL,,RECRUITING,[],False,,no_explicit_crohn_condition,[]
NCT02452151,"""Efficacy and Safety of Infliximab-biosimilar (Inflectra) Compared to Infliximab-innovator (Remicade) in Patients With Inflammatory Bowel Disease in Remission: the SIMILAR Trial""","[""Colitis, Ulcerative"", ""Crohn's Disease""]",2015-05-22,INTERVENTIONAL,TREATMENT,UNKNOWN,"[""PHASE4""]",False,,included,"[""CHEMBL1201581""]"
NCT06710067,Urine Metabolites in the Diagnosis of Disease,"[""Colorectal Cancer"", ""Small Intestinal Bacterial Overgrowth Syndrome (SIBO)"", ""Crohn Disease"", ""Celiac Disease""]",2024-11-29,OBSERVATIONAL,,RECRUITING,[],False,,not_interventional,[]
NCT01757964,Bacteriotherapy in Pediatric Inflammatory Bowel Disease,"[""Inflammatory Bowel Disease"", ""Crohn's Disease"", ""Ulcerative Colitis"", ""CD""]",2012-12-31,INTERVENTIONAL,TREATMENT,COMPLETED,"[""PHASE1""]",True,,included,[]
NCT01316939,GSK1605786A in the Maintenance of Remission in Subjects With Crohn's Disease,"[""Crohn's Disease""]",2011-03-16,INTERVENTIONAL,TREATMENT,TERMINATED,"[""PHASE3""]",True,This study was terminated due to the lack of efficacy of GSK1605786A in Crohn's disease based on the results of Study CCX114151.,included,"[""CHEMBL2178578""]"
NCT06657001,Enabling Microbiomics- Driven Personalized Nutrition,"[""Inflammatory Bowel Disease (IBD)"", ""Irritable Bowel Syndrome (IBS)"", ""Celiac Disease"", ""Diarrhea"", ""Constipation"", ""Microbiome"", ""Crohn's Disease"", ""UC - Ulcerative Colitis"", ""Microscopic Colitis"", ""Functional Dyspepsia""]",2024-10-24,OBSERVATIONAL,,ENROLLING_BY_INVITATION,[],False,,not_interventional,[]
NCT00114465,VSL#3 Versus Placebo in Maintenance of Remission in Crohn's Disease,"[""Crohn's Disease""]",2005-06-15,INTERVENTIONAL,TREATMENT,COMPLETED,"[""PHASE4""]",False,,included,[]
NCT00340444,Genetic Studies of Inflammatory Bowel Disease,"[""Inflammatory Bowel Disease""]",2006-06-21,OBSERVATIONAL,,COMPLETED,[],False,,no_explicit_crohn_condition,[]
NCT00132184,Vitamin D Treatment for Crohn´s Disease,"[""Crohns Disease""]",2005-08-19,INTERVENTIONAL,TREATMENT,UNKNOWN,"[""PHASE2"", ""PHASE3""]",False,,included,[]
NCT01083121,Surveillance of Humira Injection in Korean Patients,"[""Rheumatoid Arthritis"", ""Psoriatic Arthritis"", ""Ankylosing Spondylitis"", ""Crohn's Disease"", ""Psoriasis""]",2010-03-09,OBSERVATIONAL,,COMPLETED,[],True,,not_interventional,[]
NCT05927064,"Study Evaluating the Persistence, Efficacy and Tolerability of Methotrexate in Inflammatory Bowel Disease Patients","[""Inflammatory Bowel Diseases"", ""Crohn Disease"", ""Ulcerative Colitis""]",2023-07-03,OBSERVATIONAL,,COMPLETED,[],False,,not_interventional,[]
NCT04102163,Health-Related Quality of Life in Crohn's Disease Participants With Complex Perianal Fistula Before and After Treatment,"[""Crohn Disease"", ""Inflammatory Bowel Disease"", ""Gastrointestinal Diseases"", ""Intestinal Diseases""]",2019-09-25,OBSERVATIONAL,,TERMINATED,[],False,Business Decision; No Safety or Efficacy Concerns,not_interventional,[]
NCT07352995,Thermal Measurements of the Gut With a Colonoscope Compatible Thermal Probe,"[""Inflammatory Bowel Diseases"", ""Crohn Disease"", ""Ulcerative Colitis""]",2026-01-20,INTERVENTIONAL,DEVICE_FEASIBILITY,ENROLLING_BY_INVITATION,"[""NA""]",False,,not_treatment_purpose,[]
NCT02332356,Therapeutic Optimization Study Based on MR Enterocolonography in Patients With Crohn's Disease,"[""Crohn Disease""]",2015-01-06,INTERVENTIONAL,PREVENTION,UNKNOWN,"[""PHASE3""]",False,,not_treatment_purpose,[]
NCT07318753,A Clinical Study on The Use of DL-endopeptidase-producing Probiotics as an Adjunctive Therapy for Inflammatory Bowel Disease.,"[""Inflammatory Bowel Disease (IBD)""]",2026-01-06,INTERVENTIONAL,TREATMENT,ACTIVE_NOT_RECRUITING,"[""NA""]",False,,no_explicit_crohn_condition,[]
NCT02709694,Imaging Biomarkers in Crohn's Associated Spondyloarthritis,"[""Crohn's Disease"", ""Spondyloarthritis""]",2016-03-16,OBSERVATIONAL,,COMPLETED,[],True,,not_interventional,[]
NCT01086553,9 mg Budesonide Once Daily (OD) Versus 3 mg Budesonide Three Times Daily (TID) in Active Crohn's Disease,"[""Crohn´s Disease""]",2010-03-15,INTERVENTIONAL,TREATMENT,COMPLETED,"[""PHASE3""]",False,,included,"[""CHEMBL1370""]"
NCT01388257,Anal Crohn Fistula Surgery,"[""Crohn Disease"", ""Fistula"", ""Anoperineal Fistula"", ""Anal Fistula""]",2011-07-06,INTERVENTIONAL,TREATMENT,UNKNOWN,"[""NA""]",False,,no_drug_or_biological_intervention,[]
NCT02685683,Pharmacodynamic and Clinical Outcome Study of Mongersen in Patients With Crohn's Disease,"[""Crohn's Disease""]",2016-02-19,INTERVENTIONAL,TREATMENT,TERMINATED,"[""PHASE2""]",False,Study terminated by Sponsor following a recommendation from external DMC to terminate the ongoing Phase 3 CD studies; there were no new emergent safety findings,included,"[""CHEMBL3707383""]"
NCT00267722,"Visilizumab for Moderate to Severe Inflammatory, Nonstricturing, Nonpenetrating Crohn's Disease","[""Crohn's Disease""]",2005-12-21,INTERVENTIONAL,TREATMENT,COMPLETED,"[""PHASE2""]",False,,included,"[""CHEMBL2108811""]"
NCT05688852,VTX958 for the Treatment of Moderately to Severely Active Crohn's Disease,"[""Crohn Disease""]",2023-01-18,INTERVENTIONAL,TREATMENT,TERMINATED,"[""PHASE2""]",False,Sponsor Decision,included,"[""CHEMBL6068046""]"
NCT05645055,Biologics for Stricturing Crohn's Diseases,"[""The Efficacy of Biologics for Stricturing Crohn's Diseases""]",2022-12-09,OBSERVATIONAL,,RECRUITING,[],False,,not_interventional,[]
NCT06214299,Study of the Psychometric Properties of Two Questionnaires for Measuring Disease Flare-up in IBD,"[""Chronic Inflammatory Bowel Diseases""]",2024-01-19,OBSERVATIONAL,,UNKNOWN,[],False,,no_explicit_crohn_condition,[]
NCT04018599,Comparison of PK and Tolerability of MSB11022 Administered by AI or PFS,"[""Rheumatoid Arthritis"", ""Polyarticular Juvenile Idiopathic Arthritis"", ""Psoriatic Arthritis"", ""Ankylosing Spondylitis"", ""Crohn Disease"", ""Ulcerative Colitis"", ""Plaque Psoriasis"", ""Pediatric Plaque Psoriasis"", ""Pediatric Crohns Disease"", ""Hidradenitis Suppurativa"", ""Non-infectious Uveitis""]",2019-07-12,INTERVENTIONAL,BASIC_SCIENCE,COMPLETED,"[""PHASE1""]",False,,not_treatment_purpose,[]
NCT04519684,Study of Mesenchymal Stem Cells for the Treatment of Ileal Pouch Fistula's in Participants With Crohn's Disease,"[""Ileal Pouch"", ""Crohn Disease""]",2020-08-20,INTERVENTIONAL,TREATMENT,TERMINATED,"[""PHASE1"", ""PHASE2""]",False,PI left Cleveland Clinic,included,[]
NCT00720538,Thalidomide in Pediatric Inflammatory Bowel Diseases.,"[""Inflammatory Bowel Diseases"", ""Crohn's Disease"", ""Ulcerative Colitis""]",2008-07-22,INTERVENTIONAL,TREATMENT,COMPLETED,"[""PHASE3""]",False,,included,"[""CHEMBL468""]"
NCT02956538,Induced Adult Refractory Active Crohn's Disease Clinical Relieving by Using Thalidomide,"[""Crohn Disease""]",2016-11-07,INTERVENTIONAL,TREATMENT,UNKNOWN,"[""EARLY_PHASE1""]",False,,included,"[""CHEMBL468""]"
NCT05414578,NORDTREAT Prospective Study on Inflammatory Bowel Disease,"[""Inflammatory Bowel Diseases (IBD)"", ""Crohn Disease (CD)"", ""Ulcerative Colitis (UC)""]",2022-06-10,OBSERVATIONAL,,COMPLETED,[],False,,not_interventional,[]
NCT06094608,IBD-Sleep: A Pilot Study Looking at Changes in Sleep Timing and IBD Symptoms,"[""Inflammatory Bowel Diseases"", ""Ulcerative Colitis"", ""Crohn Disease""]",2023-10-23,INTERVENTIONAL,TREATMENT,COMPLETED,"[""NA""]",False,,no_drug_or_biological_intervention,[]
NCT06116604,Early Bowel Resection for Terminal Ileal Crohn's Disease,"[""Crohn Disease""]",2023-11-03,OBSERVATIONAL,,UNKNOWN,[],False,,not_interventional,[]
NCT04160325,Effect of the Exclusive Enteral Nutrition Combined With Azathioprine for Remission of Crohn's Diseases After Surgery,"[""Crohn Disease""]",2019-11-13,INTERVENTIONAL,PREVENTION,UNKNOWN,"[""NA""]",False,,not_treatment_purpose,[]
NCT01338740,Switching From Adalimumab to Infliximab,"[""Crohn's Disease""]",2011-04-19,OBSERVATIONAL,,COMPLETED,[],False,,not_interventional,[]
NCT03011593,Effect of UGIR in Adults With Compromised Gut Function and Malabsorption,"[""Irritable Bowel Syndrome"", ""Crohn Disease"", ""Ulcerative Colitis"", ""Celiac Disease""]",2017-01-05,INTERVENTIONAL,SUPPORTIVE_CARE,COMPLETED,"[""NA""]",False,,not_treatment_purpose,[]
NCT04147585,Effects of an Intermittent Reduced Calorie Diet on Crohn's Disease,"[""Inflammatory Bowel Diseases"", ""Crohn Disease"", ""Diet Modification""]",2019-11-01,INTERVENTIONAL,TREATMENT,COMPLETED,"[""NA""]",False,,no_drug_or_biological_intervention,[]
NCT06446635,Semiflex Assisted Vacuum Therapy for Perianal Abscesses/Sinuses and Fistula: a Pilot Study,"[""Perianal Fistula"", ""Perianal Fistula Due to Crohn's Disease"", ""Perianal Abscess""]",2024-06-06,INTERVENTIONAL,TREATMENT,UNKNOWN,"[""NA""]",False,,no_drug_or_biological_intervention,[]
NCT07164209,The Remeasure Trial,"[""Ileocolic Crohn Disease"", ""Kono S Anastomosis"", ""Resection of the Mesentery""]",2025-09-10,INTERVENTIONAL,TREATMENT,COMPLETED,"[""NA""]",False,,no_drug_or_biological_intervention,[]
NCT07499232,A Study of Guselkumab Versus Risankizumab in Participants With Moderately to Severely Active Crohn's Disease,"[""Crohn Disease""]",2026-03-30,INTERVENTIONAL,TREATMENT,RECRUITING,"[""PHASE3""]",False,,included,"[""CHEMBL2364648"", ""CHEMBL3990029""]"
NCT02015793,"Study to Evaluate the Pharmacokinetics, Safety and Efficacy of Two Treatment Modules in Chinese Subjects With Moderate to Severe Crohn's Disease","[""Crohn's Disease""]",2013-12-19,INTERVENTIONAL,TREATMENT,COMPLETED,"[""PHASE2""]",True,,included,"[""CHEMBL1201580""]"
NCT03945019,CT-P13 (Infliximab) Subcutaneous Administration in Patients With Moderately to Severely Active Crohn's Disease (LIBERTY-CD),"[""Crohn's Disease""]",2019-05-10,INTERVENTIONAL,TREATMENT,COMPLETED,"[""PHASE3""]",True,,included,[]
NCT03662919,One-year Persistence to Treatment of Participants Receiving Flixabi or Imraldi: a French Cohort Study,"[""Arthritis, Rheumatoid"", ""Spondylitis, Ankylosing"", ""Arthritis, Psoriatic"", ""Crohn's Disease"", ""Colitis, Ulcerative""]",2018-09-10,OBSERVATIONAL,,COMPLETED,[],False,,not_interventional,[]
NCT03599622,An Investigational Study of Experimental Medication BMS-986165 in Participants With Moderate to Severe Crohn's Disease,"[""Granulomatous Colitis"", ""Crohn's Disease"", ""Crohn's Enteritis"", ""Granulomatous Enteritis""]",2018-07-26,INTERVENTIONAL,TREATMENT,TERMINATED,"[""PHASE2""]",True,Trial terminated because of lack of efficacy in the short term acute phase,included,"[""CHEMBL4596392""]"
NCT07177157,The Prospective Improved Vitamin D Study for Inflammatory Bowel Disease Patients,"[""Ulcerative Colitis (UC)"", ""IBD (Inflammatory Bowel Disease)"", ""Crohn Disease (CD)""]",2025-09-16,INTERVENTIONAL,TREATMENT,NOT_YET_RECRUITING,"[""PHASE1""]",False,,no_drug_or_biological_intervention,[]
NCT00289328,Glucocorticoid-induced Osteopenia in Children,"[""Crohn's Disease"", ""Nephrotic Syndrome""]",2006-02-09,OBSERVATIONAL,,COMPLETED,[],False,,not_interventional,[]
NCT02199561,Fecal Microbiota Transplantation (FMT) in the Management of Active Crohn's Disease,"[""Crohn's Disease""]",2014-07-24,INTERVENTIONAL,TREATMENT,COMPLETED,"[""PHASE1"", ""PHASE2""]",False,,included,[]
NCT07196722,A Study of Icotrokinra in Participants With Moderately to Severely Active Crohn's Disease,"[""Crohn Disease""]",2025-09-29,INTERVENTIONAL,TREATMENT,RECRUITING,"[""PHASE2"", ""PHASE3""]",False,,included,"[""CHEMBL6068124""]"
NCT00360022,Transition of Inflammatory Bowel Disease (IBD) Patients From Pediatric to Adult Gastroenterologist (GI),"[""Inflammatory Bowel Diseases"", ""Crohn's Disease"", ""Ulcerative Colitis""]",2006-08-03,INTERVENTIONAL,OTHER,TERMINATED,"[""NA""]",False,problems with subject accrual,not_treatment_purpose,[]
NCT04777656,Use of Crohn's Disease Exclusion Diet on Top of Standard Therapy Versus Standard Therapy Alone in Unstable Pediatric Crohn's Disease Patients.,"[""Crohn's Disease""]",2021-03-02,INTERVENTIONAL,TREATMENT,RECRUITING,"[""PHASE3""]",False,,no_drug_or_biological_intervention,[]
NCT05194007,Investigating the Anti-inflammatory Effects of Frondanol in Adults With Inflammatory Bowel Disease,"[""Ulcerative Colitis Chronic Mild"", ""Ulcerative Colitis Chronic Moderate"", ""Crohn Colitis""]",2022-01-18,INTERVENTIONAL,TREATMENT,COMPLETED,"[""PHASE2"", ""PHASE3""]",False,,included,[]
NCT02641392,A Long-term Active Treatment Study of Mongersen (GED-0301) in Subjects With Crohn's Disease,"[""Crohn's Disease""]",2015-12-29,INTERVENTIONAL,TREATMENT,TERMINATED,"[""PHASE3""]",True,Study terminated by Sponsor following a recommendation from external DMC based on lack of emerging benefit; there were no new emergent safety findings,included,"[""CHEMBL3707383""]"
NCT06802887,Long-term Treatment With Ustekinumab in Patients With Crohn's Disease and Ulcerative Colitis: a Cohort Study,"[""IBD - Inflammatory Bowel Disease""]",2025-01-31,OBSERVATIONAL,,RECRUITING,[],False,,no_explicit_crohn_condition,[]
NCT07242248,A Study to Observe Real-world Evidence of Guselkumab Treatment in Participants With Ulcerative Colitis and Crohn's Disease in the United Kingdom (UK),"[""Inflammatory Bowel Disease"", ""Colitis, Ulcerative"", ""Crohn's Disease""]",2025-11-21,OBSERVATIONAL,,RECRUITING,[],False,,not_interventional,[]
NCT04488198,Acupuncture in Pediatrics and Adolescents With Chronic Inflammatory Bowel Diseases,"[""Morbus Crohn"", ""Colitis, Ulcerative""]",2020-07-27,INTERVENTIONAL,TREATMENT,ACTIVE_NOT_RECRUITING,"[""NA""]",False,,no_drug_or_biological_intervention,[]
NCT00237055,Infectious Agents in Pediatric Crohn's,"[""Crohn's Disease"", ""Inflammatory Bowel Disease""]",2005-10-12,OBSERVATIONAL,,COMPLETED,[],False,,not_interventional,[]
NCT04191655,High Definition Colonoscopy (HDC) vs. Dye Spraying Chromo-colonoscopy (DSC) in Screening Patients With Long-standing Inflammatory Bowel Disease (IBD),"[""Inflammatory Bowel Diseases"", ""Colon Dysplasia"", ""Ulcerative Colitis"", ""Crohn Colitis"", ""Indeterminate Colitis""]",2019-12-10,INTERVENTIONAL,SCREENING,COMPLETED,"[""NA""]",False,,not_treatment_purpose,[]
NCT06257706,VECTORS - A Study to Evaluate Transmural Healing as a Treatment Target in Crohn's Disease,"[""Moderately to Severely Active Crohn's Disease"", ""Crohn Disease"", ""Disease Crohn""]",2024-02-14,INTERVENTIONAL,TREATMENT,RECRUITING,"[""PHASE4""]",False,,included,"[""CHEMBL1743087""]"
NCT00796250,Efficacy of Infliximab in the Treatment of Patients Affected by Corticodependent Crohn's Disease (P02732),"[""Crohn's Disease""]",2008-11-24,INTERVENTIONAL,TREATMENT,TERMINATED,"[""PHASE3""]",False,"Due to poor patient recruitment, a decision was made to terminate this trial.",included,"[""CHEMBL1201581"", ""CHEMBL131"", ""CHEMBL1542""]"
NCT02578576,The Diagnostic Methods of Early Postoperative Flare-up of Crohn's Disease,"[""Crohn's Disease""]",2015-10-19,OBSERVATIONAL,,UNKNOWN,[],False,,not_interventional,[]
NCT03219359,Autologous Stem Cell Transplant for Crohn's Disease,"[""Crohn Disease""]",2017-07-17,INTERVENTIONAL,TREATMENT,RECRUITING,"[""PHASE2""]",False,,included,"[""CHEMBL1743087"", ""CHEMBL2108981"", ""CHEMBL650"", ""CHEMBL88""]"
NCT04779762,"Stelara and Diet Trial for Crohn""s Disease","[""Crohn Disease""]",2021-03-03,INTERVENTIONAL,TREATMENT,UNKNOWN,"[""NA""]",False,,included,[]
NCT01244386,Low-dose CT Using Iterative Reconstruction in Patients With Inflammatory Bowel Disease,"[""Inflammatory Bowel Disease"", ""Crohn's Disease"", ""Ulcerative Colitis""]",2010-11-19,OBSERVATIONAL,,UNKNOWN,[],False,,not_interventional,[]
NCT04056442,"A Phase 2a Study to Evaluate the Safety, Tolerability and Efficacy of Cannabidiol as a Steroid-sparing Therapy in Steroid-dependent Crohn's Disease Patients","[""Steroid Dependent Crohn's Disease""]",2019-08-14,INTERVENTIONAL,TREATMENT,COMPLETED,"[""PHASE2""]",False,,included,[]
NCT07409376,Comparison of the Therapeutic Effects of Balloon Assisted Enteroscopy Assisted Narrow Incision and Balloon Dilation in the Treatment of Crohn's Disease Small Intestinal Stenosis,"[""CD - Crohn's Disease""]",2026-02-13,INTERVENTIONAL,TREATMENT,NOT_YET_RECRUITING,"[""NA""]",False,,no_drug_or_biological_intervention,[]
NCT06587646,VirtuAl Technology to Improve the Management of Perianal Crohn&#39;s (VAMP) - PROSPECTIVE,"[""Perianal Crohns Disease""]",2024-09-19,INTERVENTIONAL,TREATMENT,RECRUITING,"[""NA""]",False,,no_drug_or_biological_intervention,[]
NCT01261286,Drug-Disease Interaction in Crohn's Disease,"[""Crohn's Disease""]",2010-12-16,INTERVENTIONAL,,COMPLETED,"[""PHASE1""]",False,,included,"[""CHEMBL6966""]"
NCT01290042,"Study to Evaluate Safety, Tolerability, Pharmacokinetics and Pharmacodynamics of AMG 181.","[""Ulcerative Colitis"", ""Crohn's Disease""]",2011-02-04,INTERVENTIONAL,TREATMENT,COMPLETED,"[""PHASE1""]",False,,included,"[""CHEMBL3137351""]"
NCT05836883,Study of ExoFlo for the Treatment of Perianal Fistulas,"[""Perianal Fistula"", ""Crohn's Disease""]",2023-05-01,INTERVENTIONAL,TREATMENT,TERMINATED,"[""PHASE1"", ""PHASE2""]",True,Enrollment challenges.,included,[]
NCT01150890,Brodalumab (AMG 827) in Adults With Moderate to Severe Crohn's Disease,"[""Crohn's Disease""]",2010-06-25,INTERVENTIONAL,TREATMENT,TERMINATED,"[""PHASE2""]",True,The study was terminated early based on an imbalance in worsening Crohn's disease in active treatment groups,included,"[""CHEMBL1742996""]"
NCT07149467,"Ustekinumab and Upadacitinib for Induction and Maintenance Therapy in Patients With Refractory Crohn's Disease: A Multicenter, Randomized, Parallel-Controlled Study","[""Crohn&#39;s Disease Aggravated"", ""Crohn&#39;s Disease in Remission""]",2025-09-02,INTERVENTIONAL,TREATMENT,NOT_YET_RECRUITING,"[""PHASE3""]",False,,included,"[""CHEMBL3622821""]"
NCT01554007,Clinical Course of Korean Crohn's Disease Cohort,"[""Crohn's Disease""]",2012-03-14,OBSERVATIONAL,,UNKNOWN,[],False,,not_interventional,[]
NCT02953275,Synergistic Effect of Vedolizumab and Pentoxifylline,"[""Crohn Disease""]",2016-11-02,INTERVENTIONAL,TREATMENT,COMPLETED,"[""EARLY_PHASE1""]",False,,included,"[""CHEMBL1743087"", ""CHEMBL628""]"
NCT02624414,Capsule Colonoscopy in Crohn's Disease and Its Correlation With Conventional Colonoscopy and Faecal Calprotectin,"[""Crohn's Disease""]",2015-12-08,INTERVENTIONAL,SUPPORTIVE_CARE,COMPLETED,"[""NA""]",False,,not_treatment_purpose,[]
NCT01196702,Lymphocyte Immunophenotyping in Common Variable Immunodeficiency,"[""Common Variable Immunodeficiency"", ""Granulomatous Disease"", ""Bronchiectasis"", ""Immunoglobulin Treatment""]",2010-09-08,OBSERVATIONAL,,COMPLETED,[],False,,no_explicit_crohn_condition,[]
NCT02917577,Hepatitis A Vaccine Dosing Regimens Among Pediatric Patients on Immunosuppressive Therapy,"[""Autoimmune Rheumatologic Disease""]",2016-09-28,INTERVENTIONAL,PREVENTION,COMPLETED,"[""NA""]",True,,no_explicit_crohn_condition,[]
NCT07240181,OPTImization of Inflammatory Bowel Disease Treatment Through Understanding of Gut VIRome Heterogeneity,"[""IBD (Inflammatory Bowel Disease)"", ""Crohns Disease"", ""Colitis Ulcerative""]",2025-11-20,OBSERVATIONAL,,NOT_YET_RECRUITING,[],False,,not_interventional,[]
NCT05294107,Intestinal Organoids,"[""Digestive System Diseases"", ""Inflammatory Bowel Disease, Ulcerative Colitis Type"", ""Crohn Disease""]",2022-03-24,INTERVENTIONAL,OTHER,RECRUITING,"[""NA""]",False,,not_treatment_purpose,[]
NCT00586599,Levels of the Stat4 Alpha and Stat4 Beta Isoforms in PBMCs From Patients With Crohn's Disease and Ulcerative Colitis,"[""Inflammatory Bowel Disease"", ""Crohn's Disease"", ""Ulcerative Colitis""]",2008-01-04,INTERVENTIONAL,,COMPLETED,"[""NA""]",False,,no_drug_or_biological_intervention,[]
NCT04985981,The Prediction of Anastomotic Insufficiency Risk After Colorectal Surgery (PANIC) Study,"[""Anastomotic Leak"", ""Colorectal Cancer"", ""Diverticulosis"", ""Crohn Disease"", ""Ulcerative Colitis"", ""Mesenteric Ischemia""]",2021-08-02,OBSERVATIONAL,,SUSPENDED,[],False,Change in core study organization,not_interventional,[]
NCT06856044,Safety of Mesentery-embedding Surgery in Patients With Ileocolic Crohn's Disease on Biotherapy,"[""Crohn Disease""]",2025-03-04,INTERVENTIONAL,OTHER,RECRUITING,"[""NA""]",False,,not_treatment_purpose,[]
NCT01877577,Supplementation of Vitamin D3 in Patients With Inflammatory Bowel Diseases and Hypovitaminosis D,"[""Crohn's Disease (CD)"", ""Ulcerative Colitis (UC)""]",2013-06-13,INTERVENTIONAL,TREATMENT,COMPLETED,"[""NA""]",False,,no_drug_or_biological_intervention,[]
NCT05722236,IBD Strong Peer2Peer for Self-Management of Psychological Distress,"[""Inflammatory Bowel Diseases"", ""Ulcerative Colitis"", ""Crohn Disease""]",2023-02-10,INTERVENTIONAL,HEALTH_SERVICES_RESEARCH,RECRUITING,"[""NA""]",False,,not_treatment_purpose,[]
NCT01876264,Crohn's Extent of Resection Trial,"[""Crohn's Disease"", ""Recurrence""]",2013-06-12,INTERVENTIONAL,TREATMENT,WITHDRAWN,"[""NA""]",False,Study abandoned,no_drug_or_biological_intervention,[]
NCT03774329,Impact of a Physical Activity Program on Bone Mineral Density in Children and Adolescents With Chronic Inflammatory Bowel Disease,"[""Crohn's Enteritis"", ""Crohn Disease"", ""Ulcerative Colitis"", ""Chronic; Colitis (Noninfective)""]",2018-12-12,INTERVENTIONAL,SUPPORTIVE_CARE,COMPLETED,"[""NA""]",False,,not_treatment_purpose,[]
NCT01369329,A Study to Evaluate the Safety and Efficacy of Ustekinumab in Patients With Moderately to Severely Active Crohn's Disease Who Have Failed or Are Intolerant to Tumor Necrosis Factor (TNF) Antagonist Therapy (UNITI-1),"[""Crohn's Disease"", ""IBD"", ""Colitis"", ""Inflammatory Bowel Disease""]",2011-06-08,INTERVENTIONAL,TREATMENT,COMPLETED,"[""PHASE3""]",True,,included,[]
NCT02383953,SSAT 054: Non Genetic Factors in the Pathogenesis of IBD in Twins,"[""Inflammatory Bowel Disease"", ""Crohn's Disease"", ""Ulcerative Colitis""]",2015-03-10,OBSERVATIONAL,,UNKNOWN,[],False,,not_interventional,[]
NCT01224171,Study of Vedolizumab in Patients With Moderate to Severe Crohn's Disease,"[""Crohn's Disease""]",2010-10-19,INTERVENTIONAL,TREATMENT,COMPLETED,"[""PHASE3""]",True,,included,"[""CHEMBL1743087""]"
NCT03553472,Identifying Young Inflammatory Bowel Disease Patients at Risk for Herpes Zoster,"[""Herpes Zoster"", ""Inflammatory Bowel Diseases"", ""Crohn Disease"", ""Ulcerative Colitis""]",2018-06-12,OBSERVATIONAL,,COMPLETED,[],False,,not_interventional,[]
NCT02350920,Acceptance and Commitment Therapy (ACT) in Inflammatory Bowel Disease,"[""Inflammatory Bowel Disease""]",2015-01-30,INTERVENTIONAL,SUPPORTIVE_CARE,COMPLETED,"[""NA""]",False,,no_explicit_crohn_condition,[]
NCT04263831,Low Dose IL-2 for the Treatment of Crohn's Disease,"[""Crohn Disease""]",2020-02-11,INTERVENTIONAL,TREATMENT,RECRUITING,"[""PHASE1"", ""PHASE2""]",False,,included,"[""CHEMBL1201438""]"
NCT00588393,FolateScan in Autoimmune Disease,"[""Rheumatoid Arthritis"", ""Osteoarthritis"", ""Multiple Sclerosis"", ""Crohn's Disease"", ""Systemic Lupus Erythematosus""]",2008-01-08,INTERVENTIONAL,DIAGNOSTIC,COMPLETED,"[""PHASE2""]",False,,not_treatment_purpose,[]
NCT04997733,Fecal Microbiota Transplantation in Crohn's Disease as Relay After Anti-TNF Withdrawal,"[""Crohn Disease""]",2021-08-10,INTERVENTIONAL,TREATMENT,RECRUITING,"[""PHASE3""]",False,,included,[]
NCT02445547,Umbilical Cord Mesenchymal Stem Cell Treatment for Crohn's Disease,"[""Crohn Disease""]",2015-05-15,INTERVENTIONAL,TREATMENT,COMPLETED,"[""PHASE1"", ""PHASE2""]",False,,included,[]
NCT00583232,Protein and Energy Metabolism in Pediatric Crohn's Disease,"[""Crohn's Disease"", ""Protein Metabolism"", ""Energy Metabolism""]",2007-12-31,INTERVENTIONAL,BASIC_SCIENCE,COMPLETED,"[""PHASE1""]",False,,not_treatment_purpose,[]
NCT00495521,High Dose Oral 4-Aminosalicylic Acid (PASER®) to Control Acute Flares of Mild to Moderate Crohn's Disease in Children,"[""Crohn's Disease""]",2007-07-03,INTERVENTIONAL,TREATMENT,TERMINATED,"[""PHASE2""]",True,Efforts at recruitment have halted as recruitment was poor,included,"[""CHEMBL1169""]"
NCT06663332,A Long-term Extension (LTE) Study of Guselkumab in Pediatric Participants,"[""Crohns Disease"", ""Colitis, Ulcerative"", ""Arthritis, Psoriatic"", ""Arthritis, Juvenile""]",2024-10-29,INTERVENTIONAL,OTHER,RECRUITING,"[""PHASE3""]",False,,not_treatment_purpose,[]
NCT03052465,Magnetic Resonance Imaging of Motility in Crohn's 2,"[""Crohn Disease""]",2017-02-14,INTERVENTIONAL,BASIC_SCIENCE,COMPLETED,"[""NA""]",False,,not_treatment_purpose,[]
NCT04940611,A Study of Surgical Interventions in Fistulizing Conditions,"[""Crohns Disease"", ""Fistula"", ""Rectovaginal Fistula"", ""Complex Perianal Fistula"", ""Complex Cryptoglandular Fistula""]",2021-06-25,OBSERVATIONAL,,COMPLETED,[],False,,not_interventional,[]
NCT05928039,PATHFINDER: Evaluating the Optimal First-Line Treatment Strategy for Moderate-to-Severely Active Ileal-dominant Crohn's Disease,"[""Crohn Disease""]",2023-07-03,INTERVENTIONAL,TREATMENT,RECRUITING,"[""PHASE4""]",False,,included,[]
NCT03698500,Specific microRNAs as Potential Biomarker for Inflammatory Bowel Disease,"[""Crohn's Disease"", ""Ulcerative Colitis""]",2018-10-09,INTERVENTIONAL,DIAGNOSTIC,UNKNOWN,"[""NA""]",False,,not_treatment_purpose,[]
NCT04456400,Enhancing Ultrasound & Photoacoustic for Recognition of Intestinal Abnormalities,"[""Inflammatory Bowel Diseases"", ""Ulcerative Colitis"", ""Crohn Disease""]",2020-07-02,OBSERVATIONAL,,TERMINATED,[],False,The termination is based on a shifted commercial interest of the Sponsor and is not related to any safety grounds.,not_interventional,[]
NCT03689257,"Study to Evaluate the Epidemiology and the Characteristics ""Omics"" in Patients Recently Diagnosed of Inflammatory Bowel Disease in Spain","[""Inflammatory Bowel Diseases""]",2018-09-28,OBSERVATIONAL,,COMPLETED,[],False,,no_explicit_crohn_condition,[]
NCT04232228,"A Study to Evaluate the Impact of Care4Today® IBD, a Smart System to Facilitate the Management of Crohn's Disease by Patients and Health Care Providers","[""Crohn Disease""]",2020-01-18,OBSERVATIONAL,,TERMINATED,[],False,The Care4Today® IBD dashboard for HCPs and the patient app will be deactivated indefinitely and will no longer be available for use,not_interventional,[]
NCT01503099,Intestinal Tuberculosis Diagnostics and the Differentiation From Crohn's Disease,"[""Intestinal Tuberculosis"", ""Pulmonary Tuberculosis"", ""Crohn's Disease""]",2012-01-02,OBSERVATIONAL,,UNKNOWN,[],False,,not_interventional,[]
NCT04565821,Feasibility Study to Assess a Trans-nasal Intestinal Potential Difference Probe,"[""Inflammatory Disease"", ""Permeability; Increased"", ""Crohn Disease"", ""Inflammatory Bowel Diseases"", ""Environmental Enteropathy""]",2020-09-25,INTERVENTIONAL,DEVICE_FEASIBILITY,ACTIVE_NOT_RECRUITING,"[""NA""]",False,,not_treatment_purpose,[]
NCT06754891,Clinical Trial of TQH3906 Capsules for the Treatment of Adult Patients With Moderately to Severely Active Ulcerative Colitis or Crohn's Disease,"[""Inflammatory Bowel Diseases""]",2025-01-01,INTERVENTIONAL,TREATMENT,RECRUITING,"[""PHASE1""]",False,,no_explicit_crohn_condition,[]
NCT00838149,Effect of Glutamine on Intestinal Permeability in Crohn's Disease,"[""Crohn's Disease""]",2009-02-06,INTERVENTIONAL,TREATMENT,COMPLETED,"[""PHASE1""]",False,,no_drug_or_biological_intervention,[]
NCT04273399,High-impact Exercise in Adults With Crohn's Disease,"[""Crohn Disease""]",2020-02-18,INTERVENTIONAL,TREATMENT,UNKNOWN,"[""NA""]",False,,no_drug_or_biological_intervention,[]
NCT01162889,Study To Assess The Safety And Tolerability Of Increasing Single Doses Of ATR-107 (PF-05230900) In Healthy People,"[""Healthy""]",2010-07-15,INTERVENTIONAL,,TERMINATED,"[""PHASE1""]",False,See termination reason in detailed description.,no_explicit_crohn_condition,[]
NCT02065089,Development of 'Emma'--a Pediatric IBD Quiz,"[""Ulcerative Colitis"", ""Crohn's Disease"", ""Inflammatory Bowel Disease""]",2014-02-17,INTERVENTIONAL,HEALTH_SERVICES_RESEARCH,COMPLETED,"[""NA""]",False,,not_treatment_purpose,[]
NCT04865484,Prospective Randomized Comparative Study of the Treatment of Multisegmental Fibrostenosing Crohn's Disease.,"[""Crohn Disease"", ""Stricture; Bowel""]",2021-04-29,INTERVENTIONAL,TREATMENT,UNKNOWN,"[""NA""]",False,,no_drug_or_biological_intervention,[]
NCT06587178,Semi-elemental Versus Polymeric EEN in the Preoperative Optimization for Patients with CD,"[""Crohn Disease"", ""Nutrition Disorders"", ""Surgery""]",2024-09-19,INTERVENTIONAL,TREATMENT,UNKNOWN,"[""NA""]",False,,no_drug_or_biological_intervention,[]
NCT05867784,Effect of Vitamin D Supplementation on the Efficacy of Ustekinumab in the Treatment of Crohn's Disease,"[""Ustekinumab"", ""Vitamin D Supplementation"", ""Crohn's Disease"", ""Clinical Efficacy""]",2023-05-22,OBSERVATIONAL,,COMPLETED,[],False,,not_interventional,[]
NCT04200547,Interest of the Dosage of Adalimumab Serum Levels in Crohn's Disease Patients for Prevention of Postoperative Recurrence,"[""Crohn Disease""]",2019-12-16,INTERVENTIONAL,OTHER,TERMINATED,"[""NA""]",False,The recruitment of participants was no longer sufficient to continue the study.,not_treatment_purpose,[]
NCT04388865,Patient Automated Text Hovering for IBD,"[""Inflammatory Bowel Diseases"", ""Crohn Disease"", ""Ulcerative Colitis""]",2020-05-14,INTERVENTIONAL,HEALTH_SERVICES_RESEARCH,COMPLETED,"[""NA""]",False,,not_treatment_purpose,[]
NCT07152431,Fibrosis Associated Protein Inhibitor (FAPI) Radiotracer-based Imaging to Identify Fibrotic Intestinal Crohn's Disease,"[""Crohn Disease""]",2025-09-03,OBSERVATIONAL,,RECRUITING,[],False,,not_interventional,[]
NCT04847739,Seeded Cells on Matrix Plug Treating Crohn's Perianal Fistulas (STOMP-II),"[""Perianal Fistula"", ""Crohn's Disease""]",2021-04-19,INTERVENTIONAL,TREATMENT,UNKNOWN,"[""PHASE2""]",False,,included,[]
NCT02686892,An Epidemiological Study of the Incidence of Inflammatory Bowel Disease in Spain,"[""Inflammatory Bowel Disease""]",2016-02-22,OBSERVATIONAL,,COMPLETED,[],False,,no_explicit_crohn_condition,[]
NCT02769494,The Efficacy of Topical Mesalazine Sustained-Release Tablets in Crohn's Disease Patients With Oral Ulcer,"[""Crohn's Disease"", ""Oral Ulcer""]",2016-05-11,INTERVENTIONAL,TREATMENT,WITHDRAWN,"[""PHASE3""]",False,Lack of funds,included,"[""CHEMBL1201794"", ""CHEMBL704""]"
NCT04982666,"Whole-Food, Plant-Based Diet for Active Crohn's Disease","[""Crohn Disease""]",2021-07-29,INTERVENTIONAL,TREATMENT,WITHDRAWN,"[""NA""]",False,Difficulties with recruitment and unable to enroll any subjects,no_drug_or_biological_intervention,[]
NCT02412553,Dietary Therapy and Gut Microbiome in Crohn's Disease and Ulcerative Colitis,"[""Crohn's Disease""]",2015-04-09,INTERVENTIONAL,TREATMENT,ACTIVE_NOT_RECRUITING,"[""NA""]",False,,no_drug_or_biological_intervention,[]
NCT00245505,"The Effect on Mucosal Healing With Pentasa Sachet in Mild to Moderate Active ""Drug: Crohn's Disease""","[""Crohn's Disease""]",2005-10-28,INTERVENTIONAL,TREATMENT,TERMINATED,"[""PHASE3""]",False,Study terminated due to lack of eligible patients,included,[]
NCT01731665,"Epidemiology of Inflammatory Bowel Disease in the Songpa-Kangdong District, Seoul, Korea.","[""Crohn's Disease"", ""Ulcerative Colitis"", ""Epidemiology"", ""Korea""]",2012-11-22,OBSERVATIONAL,,RECRUITING,[],False,,not_interventional,[]
NCT02620007,Evaluation of Adherent Invasive E. Coli Eradication in Adult Crohn Disease,"[""Crohn Disease"", ""Adherent-invasive E. Coli""]",2015-12-02,INTERVENTIONAL,TREATMENT,TERMINATED,"[""PHASE2""]",False,insufficient recruitment,included,"[""CHEMBL1617"", ""CHEMBL8""]"
NCT06922331,Upadacitinib for Refractory IBD in Asian Children and Elderly: Age-Stratified Analysis,"[""Crohn&#39;s Disease (CD)"", ""Ulcerative Colitis (UC)"", ""Refractory Crohn&#39;s Disease"", ""Refractory Ulcerative Colitis"", ""Inflammatory Bowel Disease (IBD)"", ""Pediatric Crohn&#39;s Disease"", ""Geriatric Ulcerative Colitis""]",2025-04-10,OBSERVATIONAL,,COMPLETED,[],False,,not_interventional,[]
NCT07059130,Evaluating the Efficacy and Safety of Mirikizumab in Adults Over 60 With Moderate to Severe Crohn's Disease and Ulcerative Colitis,"[""Crohn Disease (CD)"", ""Crohns Disease"", ""Ulcerative Colitis (UC)""]",2025-07-10,INTERVENTIONAL,TREATMENT,NOT_YET_RECRUITING,"[""PHASE4""]",False,,included,"[""CHEMBL3990014""]"
NCT07171593,High-protein Oral Nutrition With HMB for Active CD Patients With Sarcopenia,"[""Handgrip Strength""]",2025-09-12,INTERVENTIONAL,TREATMENT,ENROLLING_BY_INVITATION,"[""NA""]",False,,no_explicit_crohn_condition,[]
NCT06494826,Decoding the Clinical Impact of Host and Microbial Intestinal Proteomic Landscape in Crohn's Disease,"[""Crohn Disease""]",2024-07-10,OBSERVATIONAL,,RECRUITING,[],False,,not_interventional,[]
NCT05470985,"A Study to Evaluate the Efficacy, Safety, and Drug Levels of Oral Ozanimod in Pediatric Participants With Moderately to Severely Active Crohn's Disease With an Inadequate Response to Conventional Therapy","[""Crohn Disease""]",2022-07-22,INTERVENTIONAL,TREATMENT,TERMINATED,"[""PHASE2"", ""PHASE3""]",True,Study was terminated due to business reasons.,included,"[""CHEMBL3707247""]"
NCT00510978,Probiotics in GastroIntestinal Disorders,"[""Ulcerative Colitis"", ""Crohn's Disease""]",2007-08-03,INTERVENTIONAL,PREVENTION,UNKNOWN,"[""PHASE2"", ""PHASE3""]",False,,not_treatment_purpose,[]
NCT03719209,Using Virtual Reality for Patients With Gastrointestinal Disease,"[""Gastrointestinal Disease"", ""Inflammatory Bowel Diseases""]",2018-10-25,INTERVENTIONAL,HEALTH_SERVICES_RESEARCH,UNKNOWN,"[""NA""]",False,,no_explicit_crohn_condition,[]
NCT02425111,Effect of Intravenous (IV) Vedolizumab on Mucosal Healing in Crohn's Disease,"[""Crohn's Disease""]",2015-04-23,INTERVENTIONAL,TREATMENT,COMPLETED,"[""PHASE3""]",True,,included,"[""CHEMBL1743087""]"
NCT05633706,Evaluation of the SIMBA Capsule for Small Intestinal Dysbiosis,"[""Irritable Bowel Syndrome"", ""Crohn Disease"", ""Celiac Disease"", ""Ulcerative Colitis"", ""Functional Dyspepsia"", ""Type 2 Diabetes"", ""Healthy""]",2022-12-01,OBSERVATIONAL,,ACTIVE_NOT_RECRUITING,[],False,,not_interventional,[]
NCT06739278,Individual Treatment of Ustekinumab in Perianal Fistulizing Crohn's Disease,"[""Crohn Disease""]",2024-12-18,OBSERVATIONAL,,NOT_YET_RECRUITING,[],False,,not_interventional,[]
NCT03162432,High Dose Interval Vitamin D Supplementation in Patients With IBD Receiving Remicade,"[""IBD"", ""Ulcerative Colitis"", ""Crohn Disease""]",2017-05-22,INTERVENTIONAL,TREATMENT,UNKNOWN,"[""PHASE3""]",False,,included,[]
NCT01768858,"Assessment of Rheumatoid Arthritis, Psoriatic Arthritis, Ankylosing Spondylitis, Plaque Psoriasis, Crohn's Disease and Ulcerative Colitis Patients´ Adherence Attitudes to Maintenance Therapy With a Scheduled Adalimumab Treatment in Routine Clinical Practice","[""Rheumatoid Arthritis"", ""Ankylosing Spondylitis"", ""Psoriatic Arthritis"", ""Crohn´s Disease"", ""Ulcerative Colitis"", ""Plaque Psoriasis""]",2013-01-16,OBSERVATIONAL,,COMPLETED,[],True,,not_interventional,[]
NCT03131414,The IMAGINE-SPOR CIHR Chronic Disease Network,"[""IBS - Irritable Bowel Syndrome"", ""Ulcerative Colitis"", ""Crohn Disease"", ""Healthy""]",2017-04-27,OBSERVATIONAL,,UNKNOWN,[],False,,not_interventional,[]
NCT06856135,Expanded Access to Vedolizumab for Children and Teenagers With Ulcerative Colitis or Crohn's Disease in the USA,"[""Crohn's Disease"", ""Ulcerative Colitis""]",2025-03-04,EXPANDED_ACCESS,,AVAILABLE,[],False,,not_interventional,[]
NCT02154425,"A Multicenter, Postmarketing Study Evaluating the Concentration of Cimzia® in Mature Breast Milk of Lactating Mothers","[""Axial Spondyloarthritis (AxSpA)"", ""Non-radiographic Evidence-AxSpA"", ""Ankylosing Spondylitis"", ""Crohn's Disease"", ""Psoriatic Arthritis"", ""Rheumatoid Arthritis""]",2014-06-03,INTERVENTIONAL,OTHER,COMPLETED,"[""PHASE1""]",True,,not_treatment_purpose,[]
NCT02851134,Search for New Genetic Mutations Major Effect in Crohn's Disease,"[""Crohn Disease""]",2016-08-01,OBSERVATIONAL,,COMPLETED,[],False,,not_interventional,[]
NCT05387031,Efficacy of Ustekinumab Therapy in Patients With Symptomatic Stricturing Crohn's Disease,"[""Crohn Disease"", ""Stricture; Bowel"", ""Intestinal Stricture""]",2022-05-24,OBSERVATIONAL,,RECRUITING,[],False,,not_interventional,[]
NCT01316601,"A Study to Assess Efficacy, Safety and Tolerability of the Anti-IL-13 Monoclonal Antibody QAX576 in the Treatment of Perinanal Fistulas in Patients Suffering From Crohn's Disease","[""Crohn's Disease""]",2011-03-16,INTERVENTIONAL,TREATMENT,COMPLETED,"[""PHASE2""]",False,,included,[]
NCT00552344,A Study to Evaluate Safety of Long Term Therapy of Certolizumab Pegol Patients With Crohn's Disease,"[""Crohn Disease""]",2007-11-01,INTERVENTIONAL,TREATMENT,COMPLETED,"[""PHASE3""]",True,,included,[]
NCT03952364,The PRECIOUS Study: Predicting Crohn's & ColitIs Outcomes in the United States,"[""Crohn Disease"", ""Ulcerative Colitis"", ""IBD"", ""Inflammatory Bowel Diseases""]",2019-05-16,OBSERVATIONAL,,UNKNOWN,[],False,,not_interventional,[]
NCT03565432,"Sick Leave, Work Disability and Quality of Life in Korean Patients With Inflammatory Bowel Diseases","[""Inflammatory Bowel Diseases"", ""Crohn Disease"", ""Ulcerative Colitis""]",2018-06-21,OBSERVATIONAL,,COMPLETED,[],False,,not_interventional,[]
NCT01931644,"At-Home Research Study for Patients With Autoimmune, Inflammatory, Genetic, Hematological, Infectious, Neurological, CNS, Oncological, Respiratory, Metabolic Conditions","[""All Diagnosed Health Conditions"", ""ADD/ADHD"", ""Alopecia Areata"", ""Ankylosing Spondylitis"", ""Asthma"", ""Atopic Dermatitis Eczema"", ""Beta Thalassemia"", ""Bipolar Disorder"", ""Breast Cancer"", ""Celiac Disease"", ""Cervical Cancer"", ""Chronic Inflammatory Demyelinating Polyneuropathy"", ""Chronic Kidney Diseases"", ""Chronic Obstructive Pulmonary Disease"", ""Colon Cancer"", ""Colorectal Cancer"", ""Crohn's Disease"", ""Cystic Fibrosis"", ""Depression"", ""Diabetes Mellitus"", ""Duchenne Muscular Dystrophy"", ""Endometriosis"", ""Epilepsy"", ""Facioscapulohumeral Muscular Dystrophy"", ""G6PD Deficiency"", ""General Anxiety Disorder"", ""Hepatitis B"", ""Hereditary Hemorrhagic Telangiectasia"", ""HIV/AIDS"", ""Human Papilloma Virus"", ""Huntington's Disease"", ""Idiopathic Thrombocytopenic Purpura"", ""Insomnia"", ""Kidney Cancer"", ""Leukemia"", ""Lung Cancer"", ""Lupus Nephritis"", ""Lymphoma"", ""Melanoma"", ""Multiple Myeloma"", ""Multiple Sclerosis"", ""Myositis"", ""Myotonic Dystrophy"", ""Ovarian Cancer"", ""Pancreatic Cancer"", ""Parkinson's Disease"", ""Polycystic Kidney Diseases"", ""Prostate Cancer"", ""Psoriasis"", ""Psoriatic Arthritis"", ""Rosacea"", ""Scleroderma"", ""Sickle Cell Anemia"", ""Sickle Cell Trait"", ""Sjogren's Syndrome"", ""Skin Cancer"", ""Spinal Muscular Atrophy"", ""Systemic Lupus Erythematosus"", ""Thrombotic Thrombocytopenic Purpura"", ""Trisomy 21"", ""Ulcerative Colitis""]",2013-08-29,OBSERVATIONAL,,COMPLETED,[],False,,not_interventional,[]
NCT01926730,Food and Crohn's Exacerbation Study (FACES),"[""Crohn's Disease""]",2013-08-21,INTERVENTIONAL,TREATMENT,COMPLETED,"[""NA""]",False,,no_drug_or_biological_intervention,[]
NCT02559037,Acupuncture Treatment for Active Crohn's Disease,"[""Crohn's Disease""]",2015-09-24,INTERVENTIONAL,TREATMENT,COMPLETED,"[""NA""]",False,,no_drug_or_biological_intervention,[]
NCT06503081,Crohn's Disease - Inflammation and Microbial Proteolytic Activity,"[""Crohn's Disease of Both Small and Large Intestine""]",2024-07-16,OBSERVATIONAL,,COMPLETED,[],False,,not_interventional,[]
NCT05418062,Group ACT for CD Pain- a Feasibility Study,"[""Chronic Pain"", ""Crohn Disease""]",2022-06-14,INTERVENTIONAL,TREATMENT,UNKNOWN,"[""NA""]",False,,no_drug_or_biological_intervention,[]
NCT07428096,"A Study of PALI-2108 in Healthy Volunteers, Patients With Ulcerative Colitis, and Patients With Fibrostenosing Crohn's Disease","[""Fibrostenotic Crohn's Disease""]",2026-02-23,INTERVENTIONAL,TREATMENT,ACTIVE_NOT_RECRUITING,"[""PHASE1""]",False,,included,[]
NCT01569503,Vagus Nerve Stimulation a New Approach in the Treatment of Crohn's Disease,"[""Crohn's Disease""]",2012-04-03,INTERVENTIONAL,TREATMENT,TERMINATED,"[""PHASE3""]",False,,no_drug_or_biological_intervention,[]
NCT01580670,Clinical Study of TA-650 in Pediatric Patients With Crohn's Disease,"[""Pediatric Crohn's Disease""]",2012-04-19,INTERVENTIONAL,TREATMENT,COMPLETED,"[""PHASE3""]",True,,included,"[""CHEMBL1201581""]"
NCT01696942,Cimzia Versus Mesalamine for Crohn's Recurrence,"[""Crohn's Disease""]",2012-10-02,INTERVENTIONAL,TREATMENT,TERMINATED,"[""PHASE4""]",True,Lack of accrual,included,"[""CHEMBL704""]"
NCT01596894,Azithromycin Based Therapy for Induction of Remission in Active Pediatric Crohn's Disease,"[""Crohn's Disease""]",2012-05-11,INTERVENTIONAL,TREATMENT,COMPLETED,"[""PHASE4""]",False,,included,"[""CHEMBL137""]"
NCT05766566,Treatment of Perianal Fistulas in Crohn's Disease With Autologous Microfragmented Adipose Tissue With the Lipogems System,"[""Crohn Disease"", ""Fistula"", ""Adipose Tissue""]",2023-03-13,OBSERVATIONAL,,UNKNOWN,[],False,,not_interventional,[]
NCT00252369,"Treatment of Perianal Crohn's Disease, Combining Medical and Surgical Treatment.","[""Crohn's Disease""]",2005-11-11,INTERVENTIONAL,TREATMENT,TERMINATED,"[""NA""]",False,Low accrual rate,included,"[""CHEMBL1201581""]"
NCT02620046,A Study of Long-term Effects of Vedolizumab Subcutaneous in Adults With Ulcerative Colitis and Crohn's Disease,"[""Colitis, Ulcerative"", ""Crohn's Disease""]",2015-12-02,INTERVENTIONAL,TREATMENT,COMPLETED,"[""PHASE3""]",True,,included,"[""CHEMBL1743087""]"
NCT03449069,Pediatric MSC-AFP Sub-study for Crohn's Fistula,"[""Fistula in Ano"", ""Crohn Disease""]",2018-02-28,INTERVENTIONAL,TREATMENT,COMPLETED,"[""PHASE1""]",False,,included,[]
NCT01908283,Induction of Immunity Against Streptococcus Pneumoniae in Adults With Inflammatory Bowel Disease,"[""Inflammatory Bowel Diseases"", ""Crohn Disease"", ""Colitis, Ulcerative""]",2013-07-25,INTERVENTIONAL,PREVENTION,COMPLETED,"[""PHASE4""]",False,,not_treatment_purpose,[]
NCT03478956,A Phase I Study of Etrolizumab Followed by Open-Label Extension and Safety Monitoring in Pediatric Patients With Moderate to Severe Ulcerative Colitis or Moderate to Severe Crohn's Disease,"[""Ulcerative Colitis"", ""Crohn's Disease""]",2018-03-27,INTERVENTIONAL,TREATMENT,TERMINATED,"[""PHASE1""]",True,"The study was terminated due to program discontinuation, based on mixed efficacy results in the adult ulcerative colitis and Crohn's disease studies. There were no safety concerns.",included,"[""CHEMBL1743015""]"
NCT07073079,A Study to Assess the Effectiveness of Second-Line Therapy of Upadacitinib and Risankizumab in Adult Participants With Crohn's Disease in a Real-World Setting,"[""Crohn's Disease""]",2025-07-18,OBSERVATIONAL,,RECRUITING,[],False,,not_interventional,[]
NCT03058679,Trial of Specific Carbohydrate and Mediterranean Diets to Induce Remission of Crohn's Disease,"[""Crohn Disease""]",2017-02-23,INTERVENTIONAL,TREATMENT,COMPLETED,"[""NA""]",True,,no_drug_or_biological_intervention,[]
NCT00780949,Immunological Consequences of CARD15/NOD2 Mutations in Crohn's Disease,"[""Crohn's Disease""]",2008-10-28,INTERVENTIONAL,BASIC_SCIENCE,COMPLETED,"[""NA""]",False,,not_treatment_purpose,[]
NCT06495658,Impact of Prebiotics in Ulcerative Colitis,"[""Crohn Disease"", ""Ulcerative Colitis""]",2024-07-11,INTERVENTIONAL,OTHER,RECRUITING,"[""NA""]",False,,not_treatment_purpose,[]
NCT07636304,VIBRANT-IBD: Brain Effects of Non-Invasive Vagus Nerve Stimulation in IBD Remission,"[""Inflammatory Bowel Diseases (IBD)"", ""Remission of IBD"", ""In Adults"", ""Inflammatory Bowel Disease (Crohn's Disease; Ulcerative Colitis)"", ""Crohn's Disease (CD)"", ""Ulcerative Colitis (UC)""]",2026-06-09,INTERVENTIONAL,SUPPORTIVE_CARE,ENROLLING_BY_INVITATION,"[""EARLY_PHASE1""]",False,,not_treatment_purpose,[]
NCT07649408,Impact of Advanced Crohn's Disease Therapies on Sleep Quality,"[""Crohn Disease (CD)""]",2026-06-16,OBSERVATIONAL,,RECRUITING,[],False,,not_interventional,[]
NCT00152425,"Study to Test the Effect of CDP870 in the Treatment of Crohn's Disease Over 26 Weeks, Comparing CDP870 to a Dummy Drug (Placebo), Following 3 Doses of Active Drug (CDP870).","[""Crohn's Disease""]",2005-09-09,INTERVENTIONAL,,COMPLETED,"[""PHASE3""]",False,,included,[]
NCT01277289,Intra-erythrocyte Dexamethasone Versus Placebo in Patients With Steroid-dependent Crohn's Disease,"[""Crohn's Disease""]",2011-01-14,INTERVENTIONAL,TREATMENT,TERMINATED,"[""PHASE3""]",True,due to the difficulty to enroll suitable patients,included,"[""CHEMBL384467""]"
NCT06774079,Glucagon-like Peptide-1 Receptor Agonist (GLP-1 RA) and Diet in Inflammatory Bowel Disease (IBD) Patients,"[""Crohn Disease""]",2025-01-14,INTERVENTIONAL,SUPPORTIVE_CARE,RECRUITING,"[""PHASE4""]",False,,not_treatment_purpose,[]
NCT02378688,Safety and Efficacy of MT-1303 in Subjects With Moderate to Severe Active Crohn's Disease,"[""Crohn's Disease""]",2015-03-04,INTERVENTIONAL,TREATMENT,COMPLETED,"[""PHASE2""]",False,,included,"[""CHEMBL3707375""]"
NCT02403323,Open-Label Extension and Safety Study for Participants With Crohn's Disease Previously Enrolled in the Etrolizumab Phase III Study GA29144,"[""Crohn Disease""]",2015-03-31,INTERVENTIONAL,TREATMENT,TERMINATED,"[""PHASE3""]",True,"The study was terminated due to program discontinuation, based on mixed efficacy results in the parent studies. There were no safety concerns.",included,"[""CHEMBL1743015""]"
NCT04088773,Biomarkers of Intestinal Fibrosis in Small Bowel Crohn's Disease,"[""Crohn Disease""]",2019-09-13,OBSERVATIONAL,,ACTIVE_NOT_RECRUITING,[],False,,not_interventional,[]
NCT00206661,Safety and Efficacy Study in the Treatment of Pediatric Crohn's Disease,"[""Crohn Disease""]",2005-09-21,INTERVENTIONAL,TREATMENT,TERMINATED,"[""PHASE1"", ""PHASE2""]",False,,included,[]
NCT01183403,CE-U and MRE to Predict the Efficacy of Anti-TNF Therapy in Crohn's Disease,"[""Crohn's Disease""]",2010-08-17,OBSERVATIONAL,,COMPLETED,[],False,,not_interventional,[]
NCT02193750,Assessing the Tolerability of Oligosaccharide Supplementation in Patients With Crohn's Disease,"[""Crohn's Disease""]",2014-07-18,INTERVENTIONAL,OTHER,TERMINATED,"[""NA""]",False,The team decided to close this study since we are not recruiting and collecting any data.,not_treatment_purpose,[]
NCT06459297,Study of Oral Upadacitinib to Assess Change in Disease Activity and Adverse Events in Adult Participants With Ulcerative Colitis or Crohn's Disease,"[""Ulcerative Colitis"", ""Crohn's Disease""]",2024-06-14,OBSERVATIONAL,,COMPLETED,[],False,,not_interventional,[]
NCT05407350,Validation of an IUS Activity Index,"[""Crohn Disease""]",2022-06-07,OBSERVATIONAL,,UNKNOWN,[],False,,not_interventional,[]
NCT04877990,A Study to Evaluate the Long-term Safety and Efficacy of Deucravacitinib in Participants With Crohn's Disease or Ulcerative Colitis,"[""Crohn Disease"", ""Ulcerative Colitis""]",2021-05-07,INTERVENTIONAL,TREATMENT,COMPLETED,"[""PHASE2""]",True,,included,"[""CHEMBL4596392""]"
NCT01514240,Phase III Study of D9421-C 9 mg in Patients With Active Crohn's Disease in Japan,"[""Crohn's Disease""]",2012-01-23,INTERVENTIONAL,TREATMENT,COMPLETED,"[""PHASE3""]",True,,included,"[""CHEMBL704""]"
NCT07035678,A Study on the Associations of Toll-like Receptor 5 Gene Polymorphisms With Crohn's Disease in Chinese Patients,"[""Crohn's Disease"", ""Ustekinumab"", ""Toll-like Receptor 5"", ""Polymorphism, Single Nucleotide""]",2025-06-25,OBSERVATIONAL,,COMPLETED,[],False,,not_interventional,[]
NCT00844285,"SECURE, the Cimzia ® Crohn's Disease Post-Marketing Registry","[""Crohn's Disease""]",2009-02-16,OBSERVATIONAL,,COMPLETED,[],True,,not_interventional,[]
NCT00297193,ASTIC Autologous Stem Cell Transplantation for Crohn's Disease,"[""Crohn Disease""]",2006-02-28,INTERVENTIONAL,TREATMENT,TERMINATED,"[""PHASE3""]",False,For safety reasons the recruitment was halted prematurely. Patients on the trial continute to receive treatment and are being followed up as part the protocol.,no_drug_or_biological_intervention,[]
NCT03681067,A Clinical Trial of Antibody GSK1070806 in the Treatment of Patients With Moderate to Severe Crohn's Disease,"[""Crohn Disease""]",2018-09-21,INTERVENTIONAL,TREATMENT,COMPLETED,"[""PHASE1"", ""PHASE2""]",False,,included,"[""CHEMBL2109606""]"
NCT07132333,Molecular Inflammation Board at the Center for Personalized Medicine,"[""Psoriasis (PsO)"", ""Psoriasis Arthritis"", ""Inflammatory Bowel Disease (Crohn&#39;s Disease and Ulcerative Colitis)"", ""Spondylarthropathies""]",2025-08-20,OBSERVATIONAL,,RECRUITING,[],False,,not_interventional,[]
NCT00106314,An Efficacy and Safety Evaluation of Inflabloc Cap in the Treatment of Patients With Crohn's Disease,"[""Crohn's Disease""]",2005-03-23,INTERVENTIONAL,TREATMENT,COMPLETED,"[""PHASE2""]",False,,included,[]
NCT06690632,WAter Preparation in Crohn's Disease's Imagery,"[""Crohn Disease (CD)""]",2024-11-15,INTERVENTIONAL,DIAGNOSTIC,RECRUITING,"[""NA""]",False,,not_treatment_purpose,[]
NCT02619552,Impact of Medical Treatment on Sexual Function in Patients With Crohn's Disease,"[""Crohn's Disease"", ""IBD""]",2015-12-02,OBSERVATIONAL,,COMPLETED,[],False,,not_interventional,[]
NCT00609752,Adverse Effects of Glucocorticoid Therapy on Bone in Childhood Crohn's Disease,"[""Crohn Disease""]",2008-02-07,INTERVENTIONAL,TREATMENT,UNKNOWN,"[""PHASE4""]",False,,included,"[""CHEMBL131""]"
NCT01661257,Expression of TIM-3 and Correlation With Disease Activity in Pediatric Crohn's Disease With Anti TNF-α Therapy,"[""Crohn's Disease""]",2012-08-09,INTERVENTIONAL,BASIC_SCIENCE,COMPLETED,"[""PHASE3""]",False,,not_treatment_purpose,[]
NCT04701411,A Study of Darvadstrocel for Treating Complex Perianal Fistulas in Children and Teenagers With Crohn's Disease,"[""Crohn's Disease"", ""Complex Perianal Fistula""]",2021-01-08,INTERVENTIONAL,TREATMENT,TERMINATED,"[""PHASE3""]",True,Sponsor decision,included,"[""CHEMBL4298180""]"
NCT03234907,Vedolizumab Intravenous (IV) Compared to Placebo in Chinese Participants With Crohn's Disease.,"[""Crohn's Disease""]",2017-07-31,INTERVENTIONAL,TREATMENT,COMPLETED,"[""PHASE3""]",True,,included,"[""CHEMBL1743087""]"
NCT01548014,The Effect of a Probiotic Preparation (VSL#3) Plus Infliximab in Children With Crohn's Disease,"[""Crohn's Disease""]",2012-03-08,INTERVENTIONAL,SUPPORTIVE_CARE,UNKNOWN,"[""PHASE3""]",False,,not_treatment_purpose,[]
NCT01765998,The Effect of Probiotics on Exacerbation of Inflammatory Bowel Disease Exacerbation (Crohn's Disease),"[""Crohn's Disease""]",2013-01-11,INTERVENTIONAL,BASIC_SCIENCE,UNKNOWN,"[""PHASE4""]",False,,not_treatment_purpose,[]
NCT06581328,A Study of Vedolizumab in Adults With Ulcerative Colitis (UC) or Crohn's Disease (CD) in the Community Setting,"[""Ulcerative Colitis"", ""Crohn's Disease""]",2024-09-03,INTERVENTIONAL,TREATMENT,RECRUITING,"[""PHASE4""]",False,,included,"[""CHEMBL1743087""]"
NCT04873700,"A Study of Moderate to Severe Inflammatory Bowel Disease, Including Ulcerative Colitis (UC) and Crohn's Disease (CD)","[""Inflammatory Bowel Diseases"", ""Colitis, Ulcerative"", ""Crohn Disease""]",2021-05-05,OBSERVATIONAL,,COMPLETED,[],True,,not_interventional,[]
NCT05242471,A Study of Combination Therapy With Guselkumab and Golimumab in Participants With Moderately to Severely Active Crohn's Disease,"[""Crohn's Disease""]",2022-02-16,INTERVENTIONAL,TREATMENT,ACTIVE_NOT_RECRUITING,"[""PHASE2""]",False,,included,"[""CHEMBL1201833"", ""CHEMBL2364648""]"
NCT03878498,Management of Anal Fistula of Crohn Disease,"[""Anal Fistula"", ""Crohn Disease""]",2019-03-18,OBSERVATIONAL,,UNKNOWN,[],False,,not_interventional,[]
NCT07363044,A Prospective Randomised Study of Treatment Selection Based on Epigenetic Markers Versus Standard of Care Treatment Selection in Adults With CROHN's Disease,"[""Crohn Disease (CD)""]",2026-01-23,INTERVENTIONAL,TREATMENT,RECRUITING,"[""NA""]",False,,no_drug_or_biological_intervention,[]
NCT03285230,The French E3N Prospective Cohort Study,"[""Breast Cancer"", ""Colo-rectal Cancer"", ""Parkinson Disease"", ""Asthma"", ""Diabetes"", ""Inflammatory Bowel Diseases"", ""Melanoma"", ""Endometriosis"", ""Thyroid Cancer"", ""Hypertension"", ""Endometrial Cancer"", ""Crohn Disease"", ""Depression"", ""Cardiovascular Diseases""]",2017-09-15,OBSERVATIONAL,,ACTIVE_NOT_RECRUITING,[],False,,not_interventional,[]
NCT02926300,Long-term Safety and Efficacy of FURESTEM-CD Inj. in Patients With Moderately Active Crohn's Disease(CD),"[""Crohn's Disease""]",2016-10-06,OBSERVATIONAL,,UNKNOWN,[],False,,not_interventional,[]
NCT00078611,A Clinical Trial of Natalizumab in Individuals With Moderately to Severely Active Crohn's Disease,"[""Crohn's Disease""]",2004-03-08,INTERVENTIONAL,TREATMENT,COMPLETED,"[""PHASE3""]",False,,included,"[""CHEMBL1201607""]"
NCT02745457,Body Composition in Children With Inflammatory Bowel Disease,"[""Crohn's Disease"", ""Ulcerative Colitis""]",2016-04-20,OBSERVATIONAL,,COMPLETED,[],False,,not_interventional,[]
NCT02274714,Dysmenorrhea in Women With Crohn's Disease and Ulcerative Colitis,"[""Crohn's Disease"", ""Ulcerative Colitis""]",2014-10-24,OBSERVATIONAL,,COMPLETED,[],False,,not_interventional,[]
NCT07753850,A Study of SL-325 in Crohn's Disease Patients,"[""Crohn's Disease""]",2026-08-10,INTERVENTIONAL,TREATMENT,NOT_YET_RECRUITING,"[""PHASE2""]",False,,included,[]
NCT03803917,Adipose Tissue in Crohn´s Disease Fistulas,"[""Crohn Disease"", ""Perianal Fistula"", ""Tissue Transplantation""]",2019-01-15,INTERVENTIONAL,TREATMENT,COMPLETED,"[""NA""]",False,,no_drug_or_biological_intervention,[]
NCT03627091,Efficacy and Safety Study of Ontamalimab as Maintenance Treatment in Participants With Moderate to Severe Crohn's Disease (CARMEN CD 307),"[""Crohn's Disease""]",2018-08-13,INTERVENTIONAL,TREATMENT,TERMINATED,"[""PHASE3""]",True,Sponsor decision to discontinue the SHP647 (ontamalimab) clinical trial development program for inflammatory bowel diseases (IBD) early.,included,"[""CHEMBL2109511""]"
NCT06064864,Efficacy and Safety of Formulation Switching Between SC Infliximab and IV Infliximab in Patients With CD,"[""Crohn's Disease""]",2023-10-03,INTERVENTIONAL,TREATMENT,RECRUITING,"[""NA""]",False,,included,"[""CHEMBL1201581""]"
NCT02930564,The Challenge Study: A Dietary Personalization Protocol for Patients With Crohn's Disease and Deep Remission,"[""Crohn's Disease""]",2016-10-12,INTERVENTIONAL,OTHER,TERMINATED,"[""NA""]",False,It is not possible to continue the study,not_treatment_purpose,[]
NCT07471438,Concordance Between Inflammatory Activity Assessed by Enteric MRI With and Without Intestinal Distension Product in Patients With Ileal Crohn's Disease.,"[""Crohn Disease (CD)""]",2026-03-13,INTERVENTIONAL,HEALTH_SERVICES_RESEARCH,RECRUITING,"[""NA""]",False,,not_treatment_purpose,[]
NCT04233463,The Effect of Oral Polymeric Diet Enriched With TGF-beta 2 (Modulen) on Clinical Response and Mucosal Healing in Adult Patients With Newly Diagnosed Crohn's Disease,"[""Crohn Disease""]",2020-01-18,INTERVENTIONAL,TREATMENT,UNKNOWN,"[""NA""]",False,,included,"[""CHEMBL1370""]"
NCT06031038,Impact of Telemonitoring in the Management of Complex IBD in Spain: M-TECCU,"[""Inflammatory Bowel Disease"", ""Crohn's Disease"", ""Ulcerative Colitis"", ""Telemedicine""]",2023-09-11,INTERVENTIONAL,OTHER,COMPLETED,"[""NA""]",False,,not_treatment_purpose,[]
NCT03846778,Risk Factors of Complications After Ileocolic Resection for Crohn Disease According to the Comprehensive Complication Index,"[""Crohn Disease"", ""Ileocolic Resection""]",2019-02-20,OBSERVATIONAL,,COMPLETED,[],False,,not_interventional,[]
NCT01810185,Low Dose Naltrexone in Symptomatic Inflammatory Bowel Disease,"[""Inflammatory Bowel Disease"", ""Crohn's Disease"", ""Ulcerative Colitis""]",2013-03-13,INTERVENTIONAL,TREATMENT,WITHDRAWN,"[""PHASE2""]",False,Low patient enrollment,included,"[""CHEMBL19019""]"
NCT04192825,Analysis of Therapeutic Management Strategies for Anal Suppurations of Crohn's Disease,"[""Crohn Disease"", ""Anal Suppurations"", ""Drainage Procedure""]",2019-12-10,OBSERVATIONAL,,RECRUITING,[],False,,not_interventional,[]
NCT02891226,A Study of Mirikizumab (LY3074828) in Participants With Active Crohn's Disease,"[""Crohn's Disease""]",2016-09-07,INTERVENTIONAL,TREATMENT,COMPLETED,"[""PHASE2""]",True,,included,"[""CHEMBL3990014""]"
NCT02508012,Medico-economic Evaluation of the Therapeutic Drug Monitoring of Anti-TNF-α Agents in Inflammatory Bowel Diseases,"[""Crohn's Disease"", ""Ulcerative Colitis""]",2015-07-24,INTERVENTIONAL,OTHER,COMPLETED,"[""NA""]",False,,not_treatment_purpose,[]
NCT03597971,HMPL004-6599 Phase I Dose-escalating Study,"[""Ulcerative Colitis"", ""Crohn Disease""]",2018-07-24,INTERVENTIONAL,TREATMENT,TERMINATED,"[""PHASE1""]",False,Sponsor decision,included,[]
NCT03884439,"Infliximab Biosimilar ""Pfizer"" Drug Use Investigation (Crohn's Disease or Ulcerative Colitis)","[""Crohn's Disease"", ""Ulcerative Colitis""]",2019-03-21,OBSERVATIONAL,,COMPLETED,[],True,,not_interventional,[]
NCT00707512,CD INFORM: Investigating Natalizumab Through Further Observational Research and Monitoring,"[""Crohn's Disease""]",2008-07-01,OBSERVATIONAL,,TERMINATED,[],False,Sponsor's decision.,not_interventional,[]
NCT02597829,Does Clinical Response Correlate With Serum Certolizumab Levels?,"[""Crohn's Disease""]",2015-11-05,INTERVENTIONAL,TREATMENT,UNKNOWN,"[""PHASE4""]",False,,included,"[""CHEMBL1201831""]"
NCT07113431,Partial-enteral Nutrition Protocol for Crohn's Disease,"[""Crohn&#39;s Disease(CD)""]",2025-08-08,INTERVENTIONAL,TREATMENT,COMPLETED,"[""NA""]",False,,no_drug_or_biological_intervention,[]
NCT04112212,Using Vedolizumab-800CW to Gain Insight Into Local Drug Distribution and Mucosal Target Cells in IBD Patients,"[""Crohn Disease"", ""Colitis, Ulcerative""]",2019-10-02,INTERVENTIONAL,OTHER,COMPLETED,"[""PHASE1""]",False,,not_treatment_purpose,[]
NCT06757231,"Chronic Care Model on Symptom Status, Stress and Quality of Life in Individuals With Inflammatory Bowel Disease","[""Inflammatory Bowel Diseases"", ""Colitis, Ulcerative"", ""Crohn Disease""]",2025-01-03,INTERVENTIONAL,HEALTH_SERVICES_RESEARCH,ACTIVE_NOT_RECRUITING,"[""NA""]",False,,not_treatment_purpose,[]
NCT00105300,Study of the Human Anti-TNF Monoclonal Antibody Adalimumab for the Induction of Clinical Remission in Subjects With Crohn's Disease,"[""Crohn's Disease""]",2005-03-14,INTERVENTIONAL,TREATMENT,COMPLETED,"[""PHASE3""]",False,,included,"[""CHEMBL1201580""]"
NCT02789800,Patient-Centred Innovations for Persons With Multimorbidity - Quebec,"[""Hypertension"", ""Depression"", ""Anxiety"", ""Musculoskeletal Pain"", ""Arthritis"", ""Rheumatoid Arthritis"", ""Osteoporosis"", ""Chronic Obstructive Pulmonary Disease (COPD)"", ""Asthma"", ""Chronic Bronchitis"", ""Cardiovascular Disease"", ""Heart Failure"", ""Stroke"", ""Transient Ischemic Attacks"", ""Ulcer"", ""Gastroesophageal Reflux"", ""Irritable Bowel"", ""Crohn's Disease"", ""Ulcerative Colitis"", ""Diverticulosis"", ""Chronic Hepatitis"", ""Diabetes"", ""Thyroid Disorder"", ""Cancer"", ""Kidney Disease"", ""Urinary Tract Problem"", ""Dementia"", ""Alzheimer's Disease"", ""Hyperlipidemia"", ""HIV""]",2016-06-03,INTERVENTIONAL,OTHER,COMPLETED,"[""NA""]",False,,not_treatment_purpose,[]
NCT04959851,A Study on How Vedolizumab is Given and the Outcomes for Adults With Inflammatory Bowel Disease (VARIETY-Belgium),"[""Inflammatory Bowel Diseases"", ""Colitis, Ulcerative"", ""Crohns Disease""]",2021-07-13,OBSERVATIONAL,,COMPLETED,[],False,,not_interventional,[]
NCT04362254,A Study to Test Long-term Treatment With Spesolimab in Patients With Fistulising Crohn's Disease Who Took Part in Previous Trials,"[""Crohn Disease""]",2020-04-24,INTERVENTIONAL,TREATMENT,TERMINATED,"[""PHASE2""]",True,BI's decision to terminate the development of spesolimab in fistulising and fibrostenotic Crohn's disease.,included,"[""CHEMBL4297911""]"
NCT06429488,"Obsessive-compulsive Disorder, Depression and Anxiety Among Patients With Crohn's Disease","[""Inflammatory Bowel Diseases""]",2024-05-28,OBSERVATIONAL,,COMPLETED,[],False,,no_explicit_crohn_condition,[]
NCT02940054,RED-FLAGS Index Validation in Crohn's Disease Patients,"[""Crohn's Disease""]",2016-10-20,OBSERVATIONAL,,UNKNOWN,[],False,,not_interventional,[]
NCT01659762,A Phase I Study Evaluating Autologous Bone Marrow Derived Mesenchymal Stromal for Crohn's Disease.,"[""Crohn's Disease""]",2012-08-08,INTERVENTIONAL,TREATMENT,COMPLETED,"[""PHASE1""]",False,,included,[]
NCT06874673,Pronase in Improving Endoscopic Mucosal Clarity During Colonoscopy for Patients with Colitis,"[""Pronase"", ""Mucosal Clarity""]",2025-03-13,INTERVENTIONAL,DIAGNOSTIC,NOT_YET_RECRUITING,"[""NA""]",False,,no_explicit_crohn_condition,[]
NCT06935942,The Associations of Plasminogen Activator Inhibitor-1 Gene Polymorphisms With Crohn's Disease in Chinese Patients,"[""Crohn Disease""]",2025-04-20,OBSERVATIONAL,,COMPLETED,[],False,,not_interventional,[]
NCT01245088,Chondroitin Sulfate for Crohn's Disease,"[""Crohn's Disease""]",2010-11-22,INTERVENTIONAL,TREATMENT,WITHDRAWN,"[""PHASE1"", ""PHASE2""]",False,Sponsor withdrew support after no patients enrolled,included,"[""CHEMBL2108922""]"
NCT03964883,Infliximab Blood Test in Crohn's Disease,"[""Crohn Disease""]",2019-05-28,OBSERVATIONAL,,COMPLETED,[],False,,not_interventional,[]
NCT03863886,Endoscopic Ultrasound Determines Disease Activity in Crohn's Disease And Ulcerative Colitis,"[""Crohn Disease"", ""Ulcerative Colitis""]",2019-03-05,INTERVENTIONAL,DIAGNOSTIC,UNKNOWN,"[""NA""]",False,,not_treatment_purpose,[]
NCT05112497,"Mother-to-Infant Transfer of Bacteriome, Fungome, Virome, and Metabolome in Health and Crohn's Disease","[""Crohn Disease""]",2021-11-09,OBSERVATIONAL,,UNKNOWN,[],False,,not_interventional,[]
NCT05384080,A Study in Adults With Ulcerative Colitis (UC) or Crohn's Disease (CD) Receiving Vedolizumab in Real-World Practice in Poland,"[""Inflammatory Bowel Disease (IBD)"", ""Crohn's Disease"", ""Ulcerative Colitis""]",2022-05-20,OBSERVATIONAL,,COMPLETED,[],False,,not_interventional,[]
NCT00409682,Efficacy and Safety of Adalimumab in Pediatric Subjects With Moderate to Severe Crohn's Disease,"[""Crohn's Disease""]",2006-12-11,INTERVENTIONAL,TREATMENT,COMPLETED,"[""PHASE3""]",True,,included,"[""CHEMBL1201580""]"
NCT02899013,Description of Perianal Lesions in a Cohort of Crohn's Disease Patients,"[""Crohn Disease""]",2016-09-13,OBSERVATIONAL,,COMPLETED,[],False,,not_interventional,[]
NCT01040910,Cannabis for Inflammatory Bowel Disease,"[""Crohn's Disease"", ""Ulcerative Colitis""]",2009-12-30,INTERVENTIONAL,TREATMENT,UNKNOWN,"[""PHASE1"", ""PHASE2""]",False,,included,[]
NCT01083680,Effectiveness and Safety in Patients With Crohn´s Disease in Clinical Routine,"[""Crohn's Disease""]",2010-03-10,OBSERVATIONAL,,COMPLETED,[],True,,not_interventional,[]
NCT04646187,De-escalation of Anti-TNF Therapy in Inflammatory Bowel Disease,"[""Inflammatory Bowel Diseases"", ""Crohn Disease"", ""Colitis, Ulcerative""]",2020-11-27,INTERVENTIONAL,TREATMENT,ENROLLING_BY_INVITATION,"[""PHASE4""]",False,,included,"[""CHEMBL1201580"", ""CHEMBL1201581""]"
NCT00383344,Use of FDG PET/CT to Evaluate Crohn Disease,"[""Crohn Disease""]",2006-10-03,INTERVENTIONAL,DIAGNOSTIC,COMPLETED,"[""PHASE2""]",False,,not_treatment_purpose,[]
NCT05874349,Histopathologic and Lymphocyte Subpopulations Evaluation of the Upper Gastrointestinal Tract of Crohn's Disease,"[""Crohn Disease""]",2023-05-24,OBSERVATIONAL,,COMPLETED,[],False,,not_interventional,[]
NCT00496548,"Urinary Prostaglandin E Metabolite (PGE-M), A Metabolite of Prostaglandin E2 (PGE2): A Novel Biomarker of Crohn's Disease Activity","[""Crohn's Disease""]",2007-07-04,INTERVENTIONAL,DIAGNOSTIC,COMPLETED,"[""NA""]",False,,not_treatment_purpose,[]
NCT00976690,Comparison Azathioprine to Mesalazine for the Prevention of Postoperative Recurrence in the Crohn Disease,"[""Crohn Disease""]",2009-09-14,INTERVENTIONAL,TREATMENT,COMPLETED,"[""PHASE3""]",False,,included,[]
NCT00374374,Treatment With Lactobacillus Rhamnosus and Lactobacillus Acidophilus for Patients With Active Colonic Crohn's Disease.,"[""Crohn's Disease""]",2006-09-11,INTERVENTIONAL,TREATMENT,COMPLETED,"[""NA""]",False,,no_drug_or_biological_intervention,[]
NCT05277662,Precision Diagnostics of Functional and Organic Intestinal Pathology Based on Cellular and Molecular Profiling,"[""Inflammatory Bowel Diseases"", ""Irritable Bowel Syndrome"", ""Healthy Volunteers""]",2022-03-14,INTERVENTIONAL,BASIC_SCIENCE,UNKNOWN,"[""NA""]",False,,no_explicit_crohn_condition,[]
NCT00207766,A Study of the Safety and Efficacy of Infliximab (Remicade) in Subjects With Fistulizing Crohn's Disease,"[""Crohn Disease""]",2005-09-21,INTERVENTIONAL,TREATMENT,COMPLETED,"[""PHASE3""]",False,,included,[]
NCT06298461,Bowel Preparation for Colonoscopy Among Individuals With Crohn's and Ulcerative Colitis Disease.,"[""Crohn Disease"", ""Ulcerative Colitis""]",2024-03-07,INTERVENTIONAL,TREATMENT,RECRUITING,"[""PHASE4""]",False,,included,[]
NCT01369342,A Study to Evaluate the Safety and Efficacy of Ustekinumab Induction Therapy in Patients With Moderately to Severely Active Crohn's Disease (UNITI-2),"[""Crohn's Disease"", ""Inflammatory Bowel Disease"", ""IBD"", ""Colitis""]",2011-06-08,INTERVENTIONAL,TREATMENT,COMPLETED,"[""PHASE3""]",True,,included,[]
NCT00317369,A Dose-finding Study of OPC-6535 in Patients With Active Crohn's Disease,"[""Crohn Disease""]",2006-04-24,INTERVENTIONAL,TREATMENT,TERMINATED,"[""PHASE2""]",True,Efficacy was not cleared at US study,included,[]
NCT04885920,A Study on Administration Choices of Vedolizumab and Outcomes for Adults With Inflammatory Bowel Disease (IBD) (VARIETY - CROATIA AND SLOVENIA),"[""Inflammatory Bowel Diseases"", ""Crohns Disease"", ""Colitis, Ulcerative""]",2021-05-13,OBSERVATIONAL,,COMPLETED,[],False,,not_interventional,[]
NCT01233310,Evaluation of Small Bowel Colon Capsule for Bowel Visualization in Crohn's Disease Patients,"[""Crohn Disease""]",2010-11-03,OBSERVATIONAL,,COMPLETED,[],False,,not_interventional,[]
NCT05974280,Study on the Treatment of Anal Fistulas Using Alofisel Versus Fat Autologous Stem Cells,"[""Crohn Disease"", ""Anal Fistula""]",2023-08-03,OBSERVATIONAL,,RECRUITING,[],False,,not_interventional,[]
NCT06233461,A Study on the Safety of TAK-279 and Whether it Can Reduce Inflammation in the Bowel of Participants With Moderately to Severely Active Crohn's Disease,"[""Crohn's Disease""]",2024-01-31,INTERVENTIONAL,TREATMENT,RECRUITING,"[""PHASE2""]",False,,included,"[""CHEMBL5314423""]"
NCT05626023,A Study of Human TH-SC01 Cell Injection for Treating Perianal Fistulas in Patients With Crohn's Disease,"[""Perianal Fistula"", ""Crohn's Disease""]",2022-11-23,INTERVENTIONAL,TREATMENT,COMPLETED,"[""PHASE1"", ""PHASE2""]",False,,included,[]
NCT05587673,High Dose Steroid Therapy to Treat Flares in Patients With Inflammatory Bowel Disease (IBD),"[""Inflammatory Bowel Diseases"", ""Crohn Disease"", ""Ulcerative Colitis"", ""Indeterminate Colitis""]",2022-10-20,INTERVENTIONAL,TREATMENT,COMPLETED,"[""PHASE1""]",False,,included,"[""CHEMBL650""]"
NCT04844606,A Master Protocol (AMAZ): A Study of Mirikizumab (LY3074828) in Pediatric Participants With Ulcerative Colitis or Crohn's Disease (SHINE-ON),"[""Ulcerative Colitis"", ""Ulcerative Colitis Chronic"", ""Inflammatory Bowel Diseases"", ""Crohn's Disease""]",2021-04-14,INTERVENTIONAL,TREATMENT,RECRUITING,"[""PHASE3""]",False,,included,"[""CHEMBL3990014""]"
NCT03863704,Transcutaneous VNS to Treat Pediatric IBD,"[""Crohn Disease"", ""Ulcerative Colitis""]",2019-03-05,INTERVENTIONAL,TREATMENT,COMPLETED,"[""NA""]",False,,no_drug_or_biological_intervention,[]
NCT02326155,To Evaluate the Safety and Efficacy of Remsima™ in Patients With Crohn's Disease (CD) or Ulcerative Colitis (UC),"[""Crohn's Disease"", ""Ulcerative Colitis""]",2014-12-25,OBSERVATIONAL,,TERMINATED,[],True,Terminated,not_interventional,[]
NCT03681652,Post-Operative Crohn's Disease Outcome in Children,"[""Crohn Disease""]",2018-09-24,OBSERVATIONAL,,RECRUITING,[],False,,not_interventional,[]
NCT04349449,ENTYVIO in Bio-naive Patients With Moderate/Severe Crohn's Disease (CD) in Daily Practice,"[""Crohn Disease""]",2020-04-16,OBSERVATIONAL,,WITHDRAWN,[],False,Business Decision (no enrollment),not_interventional,[]
NCT03555058,The CURE - CD Trial,"[""CD - Crohn's Disease""]",2018-06-13,INTERVENTIONAL,OTHER,COMPLETED,"[""NA""]",False,,not_treatment_purpose,[]
NCT06819878,A Study to Assess the Efficacy and Safety of Induction and Maintenance Therapy With Afimkibart (RO7790121) in Participants With Moderately to Severely Active Crohn's Disease,"[""Moderately to Severely Active Crohns Disease""]",2025-02-11,INTERVENTIONAL,TREATMENT,RECRUITING,"[""PHASE3""]",False,,included,"[""CHEMBL6068198""]"
NCT06100289,A Study of Vedolizumab in Children and Teenagers With Ulcerative Colitis or Crohn's Disease,"[""Ulcerative Colitis"", ""Crohn's Disease""]",2023-10-25,INTERVENTIONAL,TREATMENT,RECRUITING,"[""PHASE3""]",False,,included,"[""CHEMBL1743087""]"
NCT01666626,Ultrasound Stiffness Imaging in Crohn's Disease,"[""Crohn's Disease"", ""Ultrasound"", ""Intestinal Fibrosis"", ""Shear Wave Imaging"", ""Acoustic Radiation Force Impulse""]",2012-08-16,OBSERVATIONAL,,COMPLETED,[],False,,not_interventional,[]
NCT07159776,Multiple Digital Biomarkers for Optimization of IBD Care,"[""Crohn Disease (CD)"", ""Ulcerative Colitis (UC)"", ""Inflammatory Bowel Disease (IBD)""]",2025-09-08,OBSERVATIONAL,,NOT_YET_RECRUITING,[],False,,not_interventional,[]
NCT07652840,Treatment Adherence Among Patients With Inflammatory Bowel Disease Receiving Anti-TNF Therapy,"[""Inflammatory Bowel Disease (Crohn's Disease; Ulcerative Colitis)"", ""Adherence, Patient"", ""Structured Education""]",2026-06-17,INTERVENTIONAL,SUPPORTIVE_CARE,COMPLETED,"[""NA""]",False,,not_treatment_purpose,[]
NCT02417974,Prevention of Recurrence of Crohn's Disease by Fecal Microbiota Therapy (FMT),"[""Crohn's Disease""]",2015-04-16,INTERVENTIONAL,BASIC_SCIENCE,TERMINATED,"[""PHASE2""]",True,Low enrollment was exacerbated by a covid policy related study suspension so the research was stopped.,not_treatment_purpose,[]
NCT01235689,Efficacy and Safety of Two Treatment Algorithms in Adults With Moderate to Severe Crohn's Disease,"[""Crohn's Disease""]",2010-11-05,INTERVENTIONAL,TREATMENT,COMPLETED,"[""PHASE3""]",True,,included,"[""CHEMBL1201580"", ""CHEMBL1542"", ""CHEMBL635""]"
NCT06089590,Ibd CAncer and seRious Infections in France (I-CARE 2),"[""IBD"", ""Ulcerative Colitis"", ""Crohn Disease""]",2023-10-18,OBSERVATIONAL,,RECRUITING,[],False,,not_interventional,[]
NCT04647578,"Physical Fitness Levels in Children and Adolescents With Chronic Inflammatory Bowel Disease (CIBD): Crohn's Disease, Ulcerative Colitis, Chronic Unclassified Colitis","[""Crohn's Enteritis"", ""Crohn Disease"", ""Inflammatory Bowel Diseases"", ""Colitis, Ulcerative"", ""Granulomatous Enteritis"", ""Granulomatous Colitis"", ""Ileocolitis"", ""Proctocolitis""]",2020-12-01,OBSERVATIONAL,,COMPLETED,[],False,,not_interventional,[]
NCT04254549,Rifaximin in Patients With Diabetic Gastroparesis,"[""Crohn Disease"", ""Diabetic Gastroparesis""]",2020-02-05,INTERVENTIONAL,TREATMENT,TERMINATED,"[""PHASE2""]",True,Sponsor discontinued placebo. Unable to meet enrollment goals.,included,"[""CHEMBL1617""]"
NCT05956158,RISE: A Remote Study of Insomnia Treatment in Crohn's Disease,"[""Insomnia"", ""Crohn Disease""]",2023-07-21,INTERVENTIONAL,TREATMENT,ACTIVE_NOT_RECRUITING,"[""NA""]",False,,no_drug_or_biological_intervention,[]
NCT01932658,Autologous Hematopoietic Stem Cell Transplantation for Crohn's Disease Treatment,"[""Crohn's Disease""]",2013-08-30,INTERVENTIONAL,TREATMENT,WITHDRAWN,"[""EARLY_PHASE1""]",False,patients insurance would not cover the cost of the study procedures,included,[]
NCT06109961,Hyperbaric Oxygen Therapy for Perianal Fistulizing Crohn's Disease Not Responsive or Intolerant to Conventional Care: HYPNOTIC Pilot Study,"[""Inflammatory Bowel Disease (IBD)"", ""Crohn Disease""]",2023-10-31,INTERVENTIONAL,TREATMENT,NOT_YET_RECRUITING,"[""PHASE1"", ""PHASE2""]",False,,included,[]
NCT00511329,Growth Hormone in Children With Juvenile Rheumatoid Arthritis (JRA) and With Crohn's Disease,"[""Arthritis, Juvenile Rheumatoid"", ""Crohn Disease""]",2007-08-03,INTERVENTIONAL,TREATMENT,TERMINATED,"[""PHASE2"", ""PHASE3""]",True,PI left the institution,included,"[""CHEMBL1201621""]"
NCT03257345,VEST: The UK Vedolizumab Real Life Experience Study in Inflammatory Bowel Disease,"[""Ulcerative Colitis"", ""Crohn's Disease""]",2017-08-22,OBSERVATIONAL,,UNKNOWN,[],False,,not_interventional,[]
NCT07093294,"Value of IUS in Predicting Vedolizumab Efficacy and Assessing Transmural Healing in Early Crohn's Disease: A Multicenter, Prospective Study","[""Crohn Disease (CD)"", ""Vedolizumab"", ""Intestinal Ultrasound"", ""Predictor""]",2025-07-30,OBSERVATIONAL,,RECRUITING,[],False,,not_interventional,[]
NCT03994224,A Prospective Longitudinal Study of Fecal Microbiome and Calprotectin to Predict Response to Biological Therapy in Patients With CD,"[""Crohn Disease"", ""Perianal Crohn Disease""]",2019-06-21,OBSERVATIONAL,,TERMINATED,[],False,Decision made by team of investigators,not_interventional,[]
NCT04852666,Comparative Effectiveness of Biologics or Small Molecule Therapies in Inflammatory Bowel Disease (IBD),"[""Crohn's Disease"", ""Ulcerative Colitis""]",2021-04-21,OBSERVATIONAL,,COMPLETED,[],True,,not_interventional,[]
NCT06758024,PROactive and Early Infliximab Monitoring and OPTimization in Inflammatory Bowel Disease,"[""Inflammatory Bowel Disease (IBD)"", ""Crohn Disease (CD)"", ""Ulcerative Colitis (UC)""]",2025-01-03,INTERVENTIONAL,TREATMENT,RECRUITING,"[""NA""]",False,,included,"[""CHEMBL1201581""]"
NCT06719622,Evaluation of the Efficacy of Local Budesonide Treatment in Children with Crohn's Disease Located in the Esophagus And/or Stomach And/or Duodenum,"[""Crohn Disease (CD)""]",2024-12-06,INTERVENTIONAL,TREATMENT,ENROLLING_BY_INVITATION,"[""PHASE2"", ""PHASE3""]",False,,included,"[""CHEMBL1370""]"
NCT06346288,A Study to Assess the Concentrations of Risankizumab in the Breast Milk of Adult Lactating Women With Inflammatory Bowel Disease,"[""Inflammatory Bowel Disease""]",2024-04-04,INTERVENTIONAL,OTHER,COMPLETED,"[""PHASE4""]",False,,no_explicit_crohn_condition,[]
NCT01823029,Oxidative Stress and Inflammation Caused by Intravenous Iron in Crohn's Disease Patients With Iron Deficiency Anemia,"[""Crohn's Disease""]",2013-04-04,INTERVENTIONAL,TREATMENT,COMPLETED,"[""NA""]",False,,included,[]
NCT02185183,Oral Administration of AlequelTM for Patients With Inflammatory Bowel Disease (IBD),"[""Crohn's Disease""]",2014-07-09,INTERVENTIONAL,TREATMENT,COMPLETED,"[""PHASE1"", ""PHASE2""]",True,,included,[]
NCT01562951,Assessment of Mucosal Activity to Improve the Prognosis of Patients With Crohn's Disease Treated With Immunosuppressants,"[""Crohn's Disease"", ""Mucosal Inflammation""]",2012-03-26,INTERVENTIONAL,TREATMENT,TERMINATED,"[""PHASE3""]",False,Not enough patient population according to selection criteria to complete the study,included,"[""CHEMBL1201580""]"
NCT05428345,A Study of Vedolizumab SC Given to Adults With Moderate to Severe Ulcerative Colitis or Crohn's Disease in South Korea,"[""Ulcerative Colitis"", ""Crohn's Disease"", ""Inflammatory Bowel Disease (IBD)""]",2022-06-23,OBSERVATIONAL,,RECRUITING,[],False,,not_interventional,[]
NCT03306446,Changing the coUrse of cRohn's Disease With an Early Use of Adalimumab,"[""CD""]",2017-10-11,INTERVENTIONAL,TREATMENT,UNKNOWN,"[""PHASE4""]",False,,no_explicit_crohn_condition,[]
NCT05824962,A Non-invasive Diagnostic Model for Intestinal Fibrosis in Crohn's Disease Based on 18F-FAPI PET Imaging,"[""Crohn Disease""]",2023-04-24,OBSERVATIONAL,,UNKNOWN,[],False,,not_interventional,[]
NCT04331639,High Dose Interval Vitamin D Supplementation in Patients With Inflammatory Bowel Disease Receiving Biologic Therapy,"[""Inflammatory Bowel Disease"", ""Crohn Disease"", ""Ulcerative Colitis"", ""Vitamin D Deficiency""]",2020-04-02,OBSERVATIONAL,,RECRUITING,[],False,,not_interventional,[]
NCT05182645,Effect of a Stress Reduction and Lifestyle Modification Programme on the Quality of Life of Crohn's Disease Patients,"[""Crohn Disease""]",2022-01-10,INTERVENTIONAL,TREATMENT,COMPLETED,"[""NA""]",False,,no_drug_or_biological_intervention,[]
NCT04709445,Perfusion Rate Assessment by Near-infrared Fluorescence in Gastrointestinal Anastomoses,"[""Bowel Obstruction"", ""Bowel Ischemia"", ""Diverticulitis"", ""Abnormality of the Gastrointestinal Tract"", ""Symptomatic Disorders of the Gastrointestinal Tract"", ""Stoma Ileostomy"", ""Cancer of the Gastrointestinal Tract"", ""Crohn Disease"", ""Ulcerative Colitis"", ""Familial Adenomatous Polyposis"", ""Pancreatic Neoplasms"", ""Hepatobiliary Neoplasm""]",2021-01-14,INTERVENTIONAL,DIAGNOSTIC,UNKNOWN,"[""NA""]",False,,not_treatment_purpose,[]
NCT06221254,A Smartphone Application for Added Psychological Wellbeing in Crohn's Disease,"[""Crohn Disease""]",2024-01-24,INTERVENTIONAL,TREATMENT,RECRUITING,"[""NA""]",False,,no_drug_or_biological_intervention,[]
NCT03773237,Intralipid Versus SMOFlipid in HPN Patients,"[""Short Bowel Syndrome"", ""Intestinal Fistula"", ""Crohn Disease"", ""Intestinal Obstruction""]",2018-12-12,INTERVENTIONAL,SUPPORTIVE_CARE,COMPLETED,"[""NA""]",False,,not_treatment_purpose,[]
NCT00886327,Detecting Postoperative Recurrence in Crohn's Disease,"[""Crohn's Disease""]",2009-04-22,OBSERVATIONAL,,UNKNOWN,[],False,,not_interventional,[]
NCT06274294,"Pharmacokinetics, Efficacy and Safety of CT-P13 Subcutaneous as Induction Therapy in Patients With Active CD or UC","[""Inflammatory Bowel Diseases""]",2024-02-23,INTERVENTIONAL,TREATMENT,UNKNOWN,"[""PHASE3""]",False,,no_explicit_crohn_condition,[]
NCT07788131,Inflammatory Biomarkers and Disease Activity in Inflammatory Bowel Disease,"[""Inflammatory Bowel Diseases"", ""Crohn Disease"", ""Ulcerative Colitis (UC)""]",2026-08-26,OBSERVATIONAL,,NOT_YET_RECRUITING,[],False,,not_interventional,[]
NCT01051622,PBMC (Peripheral Blood Mononuclear Cells) /Lymphocyte SPECT (Single Photon Emission Computerized Tomography) Imaging in Crohn's Disease,"[""Crohn's Disease""]",2010-01-18,INTERVENTIONAL,,COMPLETED,"[""PHASE1""]",False,,no_drug_or_biological_intervention,[]
NCT06006039,The Role of IL-23-Responsive Immune Cell Subsets in Post-Operative Recurrence in Patients With Crohn's Disease.,"[""Crohn´s Disease""]",2023-08-23,OBSERVATIONAL,,RECRUITING,[],False,,not_interventional,[]
NCT03537157,A Multicentre Study on Rifaximin in Post-operative Endoscopic Crohn's Disease Recurrence Prevention,"[""Crohn Disease""]",2018-05-25,INTERVENTIONAL,PREVENTION,TERMINATED,"[""PHASE2""]",False,The decision to prematurely close the trial recruitment period was taken due to the difficulties in the recruitment of patients. This decision has not been triggered by any unexpected safety signals identified during the study conduction.,not_treatment_purpose,[]
NCT00482092,Evaluation of PROCHYMAL® Adult Human Stem Cells for Treatment-resistant Moderate-to-severe Crohn's Disease,"[""Crohn's Disease""]",2007-06-04,INTERVENTIONAL,TREATMENT,COMPLETED,"[""PHASE3""]",False,,included,"[""CHEMBL2108046""]"
NCT00098111,Imuran (Azathioprine) Dose-Ranging Study in Crohn's Disease,"[""Crohn's Disease""]",2004-12-06,INTERVENTIONAL,,TERMINATED,"[""PHASE3""]",False,Lack of recruitment,included,"[""CHEMBL1542""]"
NCT00621257,Vitamin D Levels in Children With IBD,"[""Inflammatory Bowel Disease"", ""Crohn's Disease"", ""Ulcerative Colitis""]",2008-02-22,INTERVENTIONAL,TREATMENT,TERMINATED,"[""NA""]",True,Maintenance phase outcome unattenable,no_drug_or_biological_intervention,[]
NCT04321863,Stratifying Crohn's Using Biomarker Assessment,"[""Crohn Disease in Remission""]",2020-03-25,OBSERVATIONAL,,UNKNOWN,[],False,,not_interventional,[]
NCT02622763,Intralesional Tolerogenic Dendritic Cells in Crohn's Disease Treatment,"[""Crohn's Disease""]",2015-12-04,INTERVENTIONAL,OTHER,TERMINATED,"[""PHASE1""]",False,low recruitment,not_treatment_purpose,[]
NCT03176875,Comparison of Partial and Exclusive Enteral Nutrition in the Treatment of Active Childhood-onset Crohn's Disease,"[""Adolescent"", ""Child"", ""Diet"", ""Crohn Disease"", ""Enteral Nutrition"", ""Remission""]",2017-06-06,INTERVENTIONAL,TREATMENT,UNKNOWN,"[""NA""]",False,,no_drug_or_biological_intervention,[]
NCT05009212,Endoscopic Stricturotomy Versus Endoscopic Balloon Dilatation in Patients With Crohn's Disease and Symptomatic Small Bowel Stricture,"[""Crohn Disease"", ""Stricture; Bowel"", ""Endoscopy, Gastrointestinal""]",2021-08-17,INTERVENTIONAL,TREATMENT,UNKNOWN,"[""NA""]",False,,no_drug_or_biological_intervention,[]
NCT06533228,Helmsley 3.0: Abbreviated MRE,"[""Crohn's Disease""]",2024-08-01,OBSERVATIONAL,,RECRUITING,[],False,,not_interventional,[]
NCT05321485,The Effect of MedicijnWijs on Adherence to Azathioprine Therapy in Adolescents With IBD,"[""Inflammatory Bowel Diseases"", ""Crohn Disease"", ""Ulcerative Colitis""]",2022-04-11,INTERVENTIONAL,SUPPORTIVE_CARE,UNKNOWN,"[""NA""]",False,,not_treatment_purpose,[]
NCT03054935,Resting Energy Expenditure Evaluation in Subjects With Crohn's Disease,"[""Crohn Disease""]",2017-02-16,OBSERVATIONAL,,UNKNOWN,[],False,,not_interventional,[]
NCT00376649,Development of Workshop for Lifestyle Changing for Crohn's Disease Patients and Its Affect on the Disease's Indexes,"[""Crohn's Disease""]",2006-09-15,INTERVENTIONAL,,WITHDRAWN,"[""NA""]",False,funding was not granted,no_drug_or_biological_intervention,[]
NCT07656233,"Effect of Isoflavone and Vitamin D Supplementation on Serum Vitamin D Levels, Body Composition, Inflammatory Markers, and Quality of Life in Patients With Inflammatory Bowel Disease","[""Ulcerative Colitis (UC)"", ""Crohn Disease (CD)""]",2026-06-18,INTERVENTIONAL,SUPPORTIVE_CARE,COMPLETED,"[""NA""]",False,,not_treatment_purpose,[]
NCT01570348,Crohn's Allogeneic Transplant Study,"[""Crohn Disease""]",2012-04-04,INTERVENTIONAL,TREATMENT,TERMINATED,"[""PHASE2""]",True,Annual accrual goal not met,included,"[""CHEMBL1096882"", ""CHEMBL1456"", ""CHEMBL269732"", ""CHEMBL866"", ""CHEMBL88""]"
NCT02249078,"A Study to Evaluate the Safety, Tolerability, Pharmacokinetics, and Pharmacodynamics of 3 Subcutaneous and 1 Intravenous Dose of E6011 in Subjects With Active Crohn's Disease","[""Crohn's Disease""]",2014-09-25,INTERVENTIONAL,TREATMENT,WITHDRAWN,"[""PHASE1""]",False,,included,"[""CHEMBL4297942""]"
NCT01102855,Endomicroscopy and Crohn´s Disease,"[""Crohn´s Disease""]",2010-04-13,OBSERVATIONAL,,COMPLETED,[],False,,not_interventional,[]
NCT07757217,Artificial Intelligence-Based Classification and Prognostic Prediction in Small Bowel Crohn's Disease,"[""Crohn's Disease""]",2026-08-11,OBSERVATIONAL,,COMPLETED,[],False,,not_interventional,[]
NCT03827109,Peer Mentoring to Improve Self-management in Youth With IBD,"[""Pediatric Crohns Disease"", ""Pediatric Ulcerative Colitis"", ""Inflammatory Bowel Diseases""]",2019-02-01,INTERVENTIONAL,PREVENTION,TERMINATED,"[""NA""]",True,Principal Investigator resignation.,not_treatment_purpose,[]
NCT05521867,Endoscopic Balloon Dilation Versus Endoscopic Stricturotomy for Short Crohn's Strictures,"[""Crohn Disease""]",2022-08-30,INTERVENTIONAL,TREATMENT,ACTIVE_NOT_RECRUITING,"[""NA""]",False,,no_drug_or_biological_intervention,[]
NCT02862132,Predicting Response to Vedolizumab in Pediatric Inflammatory Bowel Diseases,"[""Crohn's Disease"", ""Ulcerative Colitis"", ""Inflammatory Bowel Disease""]",2016-08-10,INTERVENTIONAL,TREATMENT,COMPLETED,"[""NA""]",False,,included,"[""CHEMBL1743087""]"
NCT04519671,Mesenchymal Stem Cells for the Treatment of Perianal Fistulizing Crohn's Disease,"[""Perianal Crohn Disease"", ""Perianal Fistula"", ""Crohn Disease""]",2020-08-20,INTERVENTIONAL,TREATMENT,TERMINATED,"[""PHASE1"", ""PHASE2""]",False,PI left Cleveland Clinic,included,[]
NCT04663971,Fertility and Pregnancy After Surgery IBD Audit,"[""Inflammatory Bowel Diseases"", ""Crohn Disease"", ""Ulcerative Colitis"", ""Fertility Disorders"", ""Pregnancy Complications"", ""Delivery Problem""]",2020-12-11,OBSERVATIONAL,,UNKNOWN,[],False,,not_interventional,[]
NCT00764699,Effect of Increlex® on Children With Crohn Disease,"[""Crohn Disease""]",2008-10-02,INTERVENTIONAL,TREATMENT,TERMINATED,"[""PHASE2"", ""PHASE3""]",True,PI left institution,included,"[""CHEMBL1201716""]"
NCT00610207,Treatment of Crohn's Fistula Using a Porcine Intestine Submucosa Graft,"[""Anal Fistula"", ""Crohn's Disease""]",2008-02-07,INTERVENTIONAL,TREATMENT,TERMINATED,"[""NA""]",True,Study stopped early due to staffing changes at the site.,no_drug_or_biological_intervention,[]
NCT05579392,A Randomized Crossover Trial of Bright Light Therapy in Crohn's Disease on Intestinal Barrier Homeostasis,"[""Inflammatory Bowel Disease""]",2022-10-13,INTERVENTIONAL,BASIC_SCIENCE,RECRUITING,"[""NA""]",False,,no_explicit_crohn_condition,[]
NCT05759104,Treatment and Fate in Fistulizing Crohn's Disease in a Pediatric Population,"[""Crohn Disease""]",2023-03-08,OBSERVATIONAL,,UNKNOWN,[],False,,not_interventional,[]
NCT00354367,Evaluate Efficacy of Certolizumab in Crohn's Patients With Draining Fistulas,"[""Crohn Disease""]",2006-07-20,INTERVENTIONAL,TREATMENT,WITHDRAWN,"[""PHASE3""]",False,,included,"[""CHEMBL1201831""]"
NCT05506787,The Effects of Intraoperative Esketamine on Postoperative Pain and Mood in Patients With Inflammatory Bowel Disease,"[""Crohn Disease"", ""Depression"", ""Esketamine""]",2022-08-18,INTERVENTIONAL,PREVENTION,COMPLETED,"[""PHASE4""]",False,,not_treatment_purpose,[]
NCT03477032,FMT in Inflammatory Bowel Disease,"[""Faecal Microbiota Transplantation"", ""Crohn Disease"", ""Ulcerative Colitis"", ""Microscopic Colitis""]",2018-03-26,OBSERVATIONAL,,UNKNOWN,[],False,,not_interventional,[]
NCT04164849,Extracorporeal Photopheresis of Patients With Crohn's Disease Using 5-aminolevulinic Acid,"[""Crohn Disease""]",2019-11-15,INTERVENTIONAL,TREATMENT,COMPLETED,"[""PHASE1"", ""PHASE2""]",False,,included,"[""CHEMBL601""]"
NCT02199626,SECOND GENERATION COLON CAPSULE ENDOSCOPY (CCE-2) IN PEDIATRIC CROHN'S DISEASE (CD).,"[""Pediatric"", ""Colon Capsule Endoscopy""]",2014-07-24,INTERVENTIONAL,DIAGNOSTIC,COMPLETED,"[""PHASE4""]",False,,no_explicit_crohn_condition,[]
NCT07683325,NOV-ERA - A Clinical Trial to Assess the Efficacy and Safety of Ontunisertib Compared to Placebo in Patients With Fibrostenosing Crohn's Disease,"[""Fibrostenotic Crohn's Disease""]",2026-07-06,INTERVENTIONAL,TREATMENT,RECRUITING,"[""PHASE2""]",False,,included,[]
NCT02777034,Laparoscopy Combined With Enhanced Recovery Pathway,"[""Crohn's Disease""]",2016-05-19,INTERVENTIONAL,,UNKNOWN,"[""NA""]",False,,no_drug_or_biological_intervention,[]
NCT02925338,National Observational Study On The Use Of Inflectra™ An Infliximab Biosimilar In Real Life,"[""Crohn Disease"", ""Ulcerative Colitis"", ""Rheumatoid Arthritis"", ""Ankylosing Spondylitis"", ""Psoriatic Arthritis""]",2016-10-05,OBSERVATIONAL,,COMPLETED,[],True,,not_interventional,[]
NCT05034458,Diet in Pediatric Crohn´s Disease Treated With Biologics,"[""Crohn's Disease""]",2021-09-05,INTERVENTIONAL,TREATMENT,COMPLETED,"[""NA""]",False,,no_drug_or_biological_intervention,[]
NCT02413047,Evaluate if Response to Infliximab or Adalimumab May be Regained With an Immunomodulator,"[""Inflammatory Bowel Disease"", ""Ulcerative Colitis"", ""Crohn's Disease""]",2015-04-09,INTERVENTIONAL,TREATMENT,TERMINATED,"[""NA""]",True,physician decision to stop study early due to low enrollment,included,"[""CHEMBL1425"", ""CHEMBL1542"", ""CHEMBL34259""]"
NCT00042055,CP-461 for the Treatment of Crohn's Disease,"[""Crohn's Disease""]",2002-07-24,INTERVENTIONAL,TREATMENT,COMPLETED,"[""PHASE2""]",False,,included,"[""CHEMBL4068108""]"
NCT03774485,Myoelectric GutPrint-Crohn's Disease,"[""Crohn Disease""]",2018-12-13,OBSERVATIONAL,,COMPLETED,[],False,,not_interventional,[]
NCT00297648,Mucosal Healing Study in Crohn's Disease (CD),"[""Crohn's Disease""]",2006-02-28,INTERVENTIONAL,TREATMENT,COMPLETED,"[""PHASE3""]",True,,included,"[""CHEMBL1201831""]"
NCT05192863,A Study of Vedolizumab in Adults With Crohn's Disease (CD),"[""Crohn's Disease""]",2022-01-14,OBSERVATIONAL,,COMPLETED,[],False,,not_interventional,[]
NCT02503514,Autoimmune Paradoxical Reactions in IBD Longitudinal Cohort,"[""Inflammatory Bowel Diseases"", ""Crohns Disease"", ""Ulcerative Colitis"", ""Colitis""]",2015-07-21,OBSERVATIONAL,,COMPLETED,[],False,,not_interventional,[]
NCT01751152,"A Randomised, Double-blind, Placebo-controlled, Parallel-group Trial to Assess Clinical Efficacy and Safety of NNC0114-0006 in Subjects With Active Crohn's Disease","[""Inflammation"", ""Crohn's Disease""]",2012-12-17,INTERVENTIONAL,TREATMENT,COMPLETED,"[""PHASE2""]",False,,included,"[""CHEMBL4297797""]"
NCT07824726,Ex Vivo Comparison Of Combination Versus Single Therapeutic Pathway Inhibition In Human Intestinal Mucosa From Patients With Inflammatory Bowel Disease,"[""Ulcerative Colitis (UC)"", ""IBD (Inflammatory Bowel Disease)"", ""Crohn Disease (CD)""]",2026-09-17,INTERVENTIONAL,BASIC_SCIENCE,NOT_YET_RECRUITING,"[""NA""]",False,,not_treatment_purpose,[]
NCT01624376,"Randomized, Double-blind, Placebo-controlled Study in Patients With Fistulizing Crohn's Disease","[""Fistulizing Crohn's Disease""]",2012-06-20,INTERVENTIONAL,TREATMENT,COMPLETED,"[""PHASE2""]",False,,included,[]
NCT02108938,Brain-Gut Interactions in Crohn's Disease,"[""Crohn's Disease""]",2014-04-09,OBSERVATIONAL,,COMPLETED,[],False,,not_interventional,[]
NCT00250198,The Immunological and Blood Effects of STA-5326 Mesylate on Patients With Crohn's Disease,"[""Crohn's Disease""]",2005-11-07,INTERVENTIONAL,TREATMENT,COMPLETED,"[""PHASE2""]",False,,included,[]
NCT07441447,Evaluation of Muscle Strength and Muscle Mass in Patients With Inflammatory Bowel Disease,"[""Crohn Disease (CD)""]",2026-03-02,OBSERVATIONAL,,RECRUITING,[],False,,not_interventional,[]
NCT07356232,Partial Enteral Nutrition as Therapeutic Augmentation of Advanced Pharmacological Therapy in Patients With Active Crohn's Disease,"[""Crohn's Disease, Active""]",2026-01-21,INTERVENTIONAL,TREATMENT,NOT_YET_RECRUITING,"[""NA""]",False,,no_drug_or_biological_intervention,[]
NCT02539849,Effect of Prebiotic FOS on Intestinal Abundance of Faecalibacterium Prausnitzii in Patients With Crohn´s Disease,"[""Crohn Disease""]",2015-09-03,INTERVENTIONAL,OTHER,COMPLETED,"[""NA""]",False,,not_treatment_purpose,[]
NCT02240121,One Year Study of Rifaximin Delayed Release (DR) Tablets in Crohn's Disease,"[""Crohn's Disease""]",2014-09-15,INTERVENTIONAL,TREATMENT,TERMINATED,"[""PHASE3""]",True,The study was terminated early due to difficulty in enrollment and lack of clinical study drug access.,included,"[""CHEMBL1617""]"
NCT03272152,Comprehensive DNA Methylation Profiling in Crohn's Disease,"[""Crohn Disease"", ""Methylation"", ""Illumina Human Methylation 850k BeadChip""]",2017-09-05,OBSERVATIONAL,,UNKNOWN,[],False,,not_interventional,[]
NCT01966744,Self-Management Assistance for Recommended Treatment (SMART) Portal,"[""Crohn's Disease"", ""Ulcerative Colitis"", ""Indeterminate Colitis"", ""Inflammatory Bowel Disease""]",2013-10-22,OBSERVATIONAL,,COMPLETED,[],False,,not_interventional,[]
NCT01951326,Efficacy and Safety of Anti-MAP Therapy in Adult Crohn's Disease,"[""Crohn's Disease""]",2013-09-26,INTERVENTIONAL,TREATMENT,COMPLETED,"[""PHASE3""]",True,,included,[]
NCT07216014,Interleukin-23 Monoclonal Antibody for Inflammatory Bowel Disease: Efficacy and Safety,"[""Crohn's Disease and Ulcerative Colitis""]",2025-10-14,INTERVENTIONAL,TREATMENT,RECRUITING,"[""PHASE4""]",False,,included,[]
NCT02185014,"Open Label Study to Evaluate Long Term Efficacy, Safety and Tolerability of Repeated Dosing in Subjects With Crohn's Disease and Who Participated and Successfully Completed M14-115","[""Crohn's Disease""]",2014-07-09,INTERVENTIONAL,TREATMENT,COMPLETED,"[""PHASE3""]",True,,included,"[""CHEMBL1201580""]"
NCT01034358,Immune Response to the Human Papillomavirus Vaccine in Young Women With Inflammatory Bowel Disease,"[""Inflammatory Bowel Disease"", ""Uterine Cervical Dysplasia""]",2009-12-17,INTERVENTIONAL,PREVENTION,COMPLETED,"[""PHASE4""]",True,,no_explicit_crohn_condition,[]
NCT03104413,A Study to Assess the Efficacy and Safety of Risankizumab in Participants With Moderately to Severely Active Crohn's Disease Who Failed Prior Biologic Treatment,"[""Crohn's Disease""]",2017-04-07,INTERVENTIONAL,TREATMENT,COMPLETED,"[""PHASE3""]",True,,included,"[""CHEMBL3990029""]"
NCT05189327,Noninterventional Observational Prospective Longitudinal Study of the Incidence of Ulcerative Colitis and Crohn's Disease Among the Adult Population of the Republic of Kazakhstan,"[""Ulcerative Colitis Chronic"", ""Crohn Disease Colon""]",2022-01-12,OBSERVATIONAL,,UNKNOWN,[],False,,not_interventional,[]
NCT07555808,MRI-Based Screening in a Retrospective Cohort Reveals Adverse Prognosis of Asymptomatic Perianal Fistulas in Crohn's Disease: A Long-term Follow-Up Study,"[""Crohn's Disease""]",2026-04-29,OBSERVATIONAL,,COMPLETED,[],False,,not_interventional,[]
NCT04623476,"PAtophysiological, Nodal-based Approach for Crohn's Disease Excision","[""Crohn Disease"", ""Crohn's Ileocolitis""]",2020-11-10,INTERVENTIONAL,TREATMENT,UNKNOWN,"[""NA""]",False,,no_drug_or_biological_intervention,[]
NCT07198113,COMPARE - Pediatric Inflammatory Bowel Disease (PIBD),"[""Ulcerative Colitis, Pediatric"", ""Inflammatory Bowel Diseases"", ""Crohn Disease""]",2025-09-30,OBSERVATIONAL,,RECRUITING,[],False,,not_interventional,[]
NCT01086059,OTIS Humira Pregnancy Registry,"[""Crohn's Disease"", ""Rheumatoid Arthritis""]",2010-03-12,OBSERVATIONAL,,COMPLETED,[],False,,not_interventional,[]
NCT04890262,A Study of Vedolizumab in Adults With Ulcerative Colitis (UC) or Crohn's Disease (CD) in Real-World Practice,"[""Inflammatory Bowel Diseases"", ""Crohns Disease"", ""Colitis, Ulcerative""]",2021-05-18,OBSERVATIONAL,,COMPLETED,[],False,,not_interventional,[]
NCT03440385,Induction Study #2 of Oral Ozanimod as Induction Therapy for Moderately to Severely Active Crohn's Disease,"[""Crohn Disease""]",2018-02-22,INTERVENTIONAL,TREATMENT,COMPLETED,"[""PHASE3""]",True,,included,"[""CHEMBL3707247""]"
NCT03901235,MSC Intratissular Injection in Crohn Disease Patients,"[""Efficacy and Safety""]",2019-04-03,INTERVENTIONAL,TREATMENT,RECRUITING,"[""PHASE1"", ""PHASE2""]",False,,no_explicit_crohn_condition,[]
NCT00619489,Long Term Safety of Vedolizumab (MLN0002) in Patients With Ulcerative Colitis and Crohn's Disease,"[""Ulcerative Colitis"", ""Crohn's Disease""]",2008-02-21,INTERVENTIONAL,TREATMENT,COMPLETED,"[""PHASE2""]",True,,included,"[""CHEMBL1743087""]"
NCT01787825,Comparison of Capso Vision SV-1 to PillCam SB2 in the Evaluation of Subjects With Suspected Small Bowel Disease,"[""Intestinal Disease"", ""Inflammatory Bowel Disease"", ""Crohn Disease"", ""Ulcer"", ""Celiac Disease""]",2013-02-11,INTERVENTIONAL,DIAGNOSTIC,COMPLETED,"[""NA""]",True,,not_treatment_purpose,[]
NCT06715540,"Safety, Pharmacodynamics, Pharmacokinetics, and Immunogenicity of Ascending Doses BCD-261 in Healthy Subjects","[""Healthy""]",2024-12-04,INTERVENTIONAL,OTHER,RECRUITING,"[""PHASE1""]",False,,no_explicit_crohn_condition,[]
NCT07719426,"Characterization of Colorectal Dysplasic Lesions and Stratification of Their Evolving Risk in Inflammatory Bowel Disease Patients: a Prospective, Observational and Multicenter Study","[""Crohn Disease (CD)"", ""Colitis Ulcerative""]",2026-07-22,OBSERVATIONAL,,NOT_YET_RECRUITING,[],False,,not_interventional,[]
NCT07582458,Modafinil for Debilitating Fatigue in Quiescent Inflammatory Bowel Disease MODIFI-IBD Trial),"[""Inflammatory Bowel Disease (Crohn&#39;s Disease and Ulcerative Colitis)"", ""Chronic Fatigue""]",2026-05-12,INTERVENTIONAL,TREATMENT,RECRUITING,"[""PHASE2"", ""PHASE3""]",False,,included,"[""CHEMBL1373""]"
NCT01489943,"A Study to Investigate the Effect of GSK1605786 on Hepatic Cytochrome P450, and BCRP and OATP1B1 Transport in Healthy Adult Subjects","[""Crohn's Disease""]",2011-12-12,INTERVENTIONAL,TREATMENT,COMPLETED,"[""PHASE1""]",False,,included,"[""CHEMBL1496"", ""CHEMBL1503"", ""CHEMBL2178578"", ""CHEMBL595"", ""CHEMBL655""]"
NCT07799506,Accurately Profiling the Changes and Functions of Key Microflora in the Whole Intestinal Microenvironment Based on the Visual Sampling Capsule Endoscopy in Patients With Inflammatory Bowel Disease,"[""Crohn's Disease (CD)"", ""Ulcerative Colitis (UC)""]",2026-09-02,OBSERVATIONAL,,NOT_YET_RECRUITING,[],False,,not_interventional,[]
NCT02694042,Mission is Remission®: How Can a Disease Self-management Website Change Care?,"[""Pediatric Crohn's Disease"", ""Pediatric Ulcerative Colitis""]",2016-02-29,INTERVENTIONAL,SUPPORTIVE_CARE,TERMINATED,"[""NA""]",False,Recruitment challenges and lack of intervention engagement by participants.,not_treatment_purpose,[]
NCT03555773,Micro-fragmented Adipose Tissue and Complex Crohns' Anal Fistulas,"[""Crohn Disease"", ""Perianal Fistula""]",2018-06-14,INTERVENTIONAL,TREATMENT,COMPLETED,"[""NA""]",False,,no_drug_or_biological_intervention,[]
NCT01826188,Combined THC and CBD Drops for Treatment of Crohn's Disease,"[""Crohn's Disease""]",2013-04-08,INTERVENTIONAL,TREATMENT,COMPLETED,"[""PHASE1"", ""PHASE2""]",False,,included,[]
NCT01958827,A Study of Adalimumab After Dose Escalation in Japanese Subjects With Crohn's Disease,"[""Crohn's Disease""]",2013-10-09,INTERVENTIONAL,TREATMENT,COMPLETED,"[""PHASE3""]",True,,included,"[""CHEMBL1201580""]"
NCT00679003,Managing Inflammatory Bowel Disease,"[""Inflammatory Bowel Disease"", ""Crohn's Disease"", ""Ulcerative Colitis""]",2008-05-16,INTERVENTIONAL,TREATMENT,COMPLETED,"[""NA""]",False,,no_drug_or_biological_intervention,[]
NCT00741910,Extension Study of Semapimod 60 mg IV x 3 Days,"[""Crohn's Disease""]",2008-08-26,INTERVENTIONAL,TREATMENT,COMPLETED,"[""PHASE2""]",False,,included,"[""CHEMBL2107779""]"
NCT03710486,A Study to Observe Vedolizumab and Anti-tumour Necrosis Factors (Anti-TNFs) Outcomes in Real-world Biologic Ulcerative Colitis (UC) and Crohn's Disease (CD) Participants,"[""Colitis, Ulcerative"", ""Crohn Disease""]",2018-10-18,OBSERVATIONAL,,COMPLETED,[],True,,not_interventional,[]
NCT00329420,Maintenance Study Including Re-induction Therapy for Patients Who Did Not Show a Clinical Effect in Study C87037 (NCT00291668),"[""Crohn's Disease""]",2006-05-24,INTERVENTIONAL,TREATMENT,COMPLETED,"[""PHASE2""]",True,,included,"[""CHEMBL1201831""]"
NCT00035503,Multicenter Trial For Patients With Acute Crohn's Disease,"[""Crohn's Disease""]",2002-05-06,INTERVENTIONAL,TREATMENT,COMPLETED,"[""PHASE2""]",False,,included,"[""CHEMBL2107614""]"
NCT04779320,A Study of Vedolizumab in Children and Teenagers With Moderate to Severe Crohn's Disease (CD),"[""Crohn's Disease (CD)""]",2021-03-03,INTERVENTIONAL,TREATMENT,RECRUITING,"[""PHASE3""]",False,,included,"[""CHEMBL1743087""]"
NCT06773182,Assessing Interventions of Diet in IBD,"[""IBD (Inflammatory Bowel Disease)"", ""Ulcerative Colitis (UC)"", ""Crohn Disease (CD)""]",2025-01-14,INTERVENTIONAL,TREATMENT,COMPLETED,"[""NA""]",False,,no_drug_or_biological_intervention,[]
NCT01053559,Assessment of Small Bowel Healing in Crohn's Disease Patients Treated With Cimzia Using Wireless Capsule Endoscopy,"[""Crohn's Disease""]",2010-01-21,INTERVENTIONAL,TREATMENT,COMPLETED,"[""NA""]",False,,included,"[""CHEMBL1201831""]"
NCT05161442,Minimally Invasive Surgery in Crohn's Disease: Laparoscopic vs Robotic,"[""Crohn Disease"", ""Surgery""]",2021-12-17,OBSERVATIONAL,,COMPLETED,[],False,,not_interventional,[]
NCT02341755,Dual Energy Computerized Tomography (DE-CT) in Patients With Crohn's Disease,"[""Crohn's Disease""]",2015-01-19,OBSERVATIONAL,,TERMINATED,[],False,Interim analysis was sufficient to demonstrate accuracy of the evaluated test,not_interventional,[]
NCT04682522,Flagyl Microbiome in Crohn's Disease,"[""Crohn Disease""]",2020-12-23,INTERVENTIONAL,BASIC_SCIENCE,COMPLETED,"[""PHASE4""]",False,,not_treatment_purpose,[]
NCT03890445,Real-world Study of Anti-TNFa Treatment Regimes of Hyrimoz or Zessly in Patients With Crohn´s Disease,"[""Crohn´s Disease""]",2019-03-26,OBSERVATIONAL,,COMPLETED,[],False,,not_interventional,[]
NCT00989560,Post-operative Crohn's Endoscopic Recurrence Study,"[""Crohn's Disease""]",2009-10-05,INTERVENTIONAL,PREVENTION,COMPLETED,"[""PHASE3""]",False,,not_treatment_purpose,[]
NCT06722456,Assessment of Non-invasive Tools for Detecting Active Inflammatory Bowel Disease,"[""Inflammatory Bowel Disease (IBD)"", ""Crohn Disease (CD)"", ""Ulcerative Colitis (UC)""]",2024-12-09,OBSERVATIONAL,,ENROLLING_BY_INVITATION,[],False,,not_interventional,[]
NCT02976129,"A Six Week Efficacy, Safety and Tolerability Study of V565 in Crohn's Disease","[""Crohn's Disease""]",2016-11-29,INTERVENTIONAL,TREATMENT,COMPLETED,"[""PHASE2""]",True,,included,[]
NCT03143517,Fecal Calprotectin Collection Protocol,"[""Inflammatory Bowel Diseases"", ""Irritable Bowel Syndrome"", ""Ulcerative Colitis"", ""Crohn Disease"", ""Indeterminate Colitis"", ""Chronic Diarrhea"", ""Celiac Disease"", ""Diverticulitis"", ""Abdominal Pain"", ""Distension"", ""Weight Loss"", ""Food Intolerance"", ""Constipation""]",2017-05-08,OBSERVATIONAL,,COMPLETED,[],False,,not_interventional,[]
NCT02707289,Retrospective Collection of PillCam SB Movies,"[""Inflammatory Bowel Disease, Crohn Disease""]",2016-03-14,OBSERVATIONAL,,COMPLETED,[],False,,not_interventional,[]
NCT06270277,Evaluation of Quality of Life and Psychosocial Status in Children With Inflammatory Bowel Disease,"[""Inflammatory Bowel Diseases"", ""Psychosocial Impairment""]",2024-02-21,INTERVENTIONAL,DIAGNOSTIC,COMPLETED,"[""NA""]",False,,no_explicit_crohn_condition,[]
NCT07266883,A Mindfulness-based Stress Reduction Program for IBD,"[""Inflammatory Bowel Disease (Crohn&Amp;#39;s Disease and Ulcerative Colitis)""]",2025-12-05,INTERVENTIONAL,TREATMENT,NOT_YET_RECRUITING,"[""NA""]",False,,no_drug_or_biological_intervention,[]
NCT06045754,A Study of Vedolizumab Intravenous (IV) and Adalimumab or Vedolizumab and Ustekinumab in Adults With Crohn's Disease,"[""Crohn's Disease""]",2023-09-21,INTERVENTIONAL,TREATMENT,RECRUITING,"[""PHASE4""]",False,,included,"[""CHEMBL1201580"", ""CHEMBL1201835"", ""CHEMBL1743087""]"
NCT01140802,"Gut Microbiota in the Healthy Population, Inflammatory Bowel Disease Patients, and Their Relatives","[""Inflammatory Bowel Disease""]",2010-06-10,OBSERVATIONAL,,TERMINATED,[],False,Due to study plan,no_explicit_crohn_condition,[]
NCT02630966,Vedolizumab IV 300 mg in the Treatment of Fistulizing Crohn's Disease,"[""Crohn's Disease""]",2015-12-15,INTERVENTIONAL,TREATMENT,COMPLETED,"[""PHASE4""]",True,,included,"[""CHEMBL1743087""]"
NCT03279081,"Study to Assess Efficacy and Safety of Cx601, Adult Allogeneic Expanded Adipose-derived Stem Cells (eASC) for the Treatment of Complex Perianal Fistula(s) in Participants With Crohn's Disease (CD)","[""Crohn's Disease""]",2017-09-12,INTERVENTIONAL,TREATMENT,COMPLETED,"[""PHASE3""]",True,,included,"[""CHEMBL4298180""]"
NCT07848737,A Real-World Study of Guselkumab Persistence and Effectiveness in Participants With Crohn's Disease or Ulcerative Colitis,"[""Colitis, Ulcerative"", ""Crohn Disease""]",2026-09-30,OBSERVATIONAL,,NOT_YET_RECRUITING,[],False,,not_interventional,[]
NCT06197334,Gastro-intestinal Biopotential Recorder by Means of Surface ELEctrodes,"[""Crohn Disease"", ""Functional Gastrointestinal Disorders"", ""Healthy""]",2024-01-09,INTERVENTIONAL,DIAGNOSTIC,RECRUITING,"[""NA""]",False,,not_treatment_purpose,[]
NCT01341808,Immunogenicity of Hepatitis A Vaccine in Inflammatory Bowel Disease (IBD) Patients,"[""Inflammatory Bowel Disease"", ""Crohn's Disease"", ""Ulcerative Colitis"", ""Hepatitis A""]",2011-04-26,INTERVENTIONAL,PREVENTION,COMPLETED,"[""PHASE4""]",False,,not_treatment_purpose,[]
NCT06935929,A Study on the Associations Between Microribonucleic Acid Gene Polymorphisms and Crohn's Disease,"[""Crohn Disease""]",2025-04-20,OBSERVATIONAL,,COMPLETED,[],False,,not_interventional,[]
NCT06646757,Exploring Multiple Self-Help Interventions to Promote Self-Efficacy and Overcome Disability,"[""Ulcerative Colitis (UC)"", ""Crohn Disease (CD)""]",2024-10-17,INTERVENTIONAL,TREATMENT,COMPLETED,"[""NA""]",False,,no_drug_or_biological_intervention,[]
NCT07162701,Body Composition Assessment and Monitoring in Inflammatory Bowel Disease,"[""Body Composition Changes"", ""Malnutrition""]",2025-09-09,OBSERVATIONAL,,RECRUITING,[],False,,no_explicit_crohn_condition,[]
NCT04305535,Impact of an Oligomeric Diet in Intestinal Absorption and Inflammatory Markers in Patients With Crohn Disease,"[""Crohn Disease"", ""Absorption; Disorder, Protein"", ""Absorption; Disorder"", ""Absorption; Disorder, Fat"", ""Absorption; Disorder, Carbohydrate"", ""Malnutrition""]",2020-03-12,INTERVENTIONAL,TREATMENT,UNKNOWN,"[""NA""]",False,,no_drug_or_biological_intervention,[]
NCT01019460,"A Comparative Study of Capsule Endoscopy, Magnetic Resonance Imaging and Computer Tomography Scanning of the Small Bowel in Crohn's Disease","[""Crohn's Disease""]",2009-11-25,INTERVENTIONAL,DIAGNOSTIC,COMPLETED,"[""NA""]",False,,not_treatment_purpose,[]
NCT01827631,Single and Repeat Dose Pharmacokinetic Study of GSK1605786 in Healthy Chinese Subjects,"[""Crohn's Disease""]",2013-04-09,INTERVENTIONAL,TREATMENT,COMPLETED,"[""PHASE1""]",False,,included,"[""CHEMBL2178578""]"
NCT02882841,MOlecular BIomarkers and Adherent and Invasive Escherichia Coli (AIEC) Detection Study In Crohn's Disease Patients,"[""Crohn's Disease""]",2016-08-30,INTERVENTIONAL,DIAGNOSTIC,TERMINATED,"[""NA""]",False,Poor accrual,not_treatment_purpose,[]
NCT06890637,A Study to Evaluate the Effect of Fecal Transplant and Dietary Changes on Disease Activity in Patients With Crohn Disease on Advanced Therapies,"[""Crohns Disease""]",2025-03-24,INTERVENTIONAL,TREATMENT,RECRUITING,"[""NA""]",False,,no_drug_or_biological_intervention,[]
NCT02066272,Safety of Anti-tumor Necrosis Factor (TNF) Monoclonal Antibodies in Inflammatory Bowel Disease,"[""Inflammatory Bowel Disease"", ""Ulcerative Colitis"", ""Crohn's Disease"", ""Indeterminate Colitis""]",2014-02-19,OBSERVATIONAL,,UNKNOWN,[],False,,not_interventional,[]
NCT00280956,Open Label Natalizumab Safety Extension Study for Subjects With Crohn's Disease,"[""Crohn's Disease""]",2006-01-24,INTERVENTIONAL,,COMPLETED,"[""PHASE4""]",False,,included,"[""CHEMBL1201607""]"
NCT02225795,Pilot Study of Stem Cell Transplantation for Children and Young Adults With Refractory Crohn's Disease.,"[""Crohn's Disease""]",2014-08-26,INTERVENTIONAL,TREATMENT,WITHDRAWN,"[""NA""]",False,recruitment difficulty,no_drug_or_biological_intervention,[]
NCT05554445,Observational Investigation of the CDED in a Real World IBD Clinic,"[""Crohn Disease""]",2022-09-26,OBSERVATIONAL,,UNKNOWN,[],False,,not_interventional,[]
NCT04612621,MILESTONE-CD -A Prospective Multiomic Inception Real -Life Study To Evaluate Predictors of Disease Outcomes & respoNse to Biologic Treatment in Crohn's Disease,"[""Crohn Disease of Intestine""]",2020-11-03,INTERVENTIONAL,OTHER,UNKNOWN,"[""NA""]",False,,not_treatment_purpose,[]
NCT00561548,Impact of Anti-Tumor Necrosis Factor (TNF) Antibodies on the T-lymphocyte and Macrophage Cooperation in Crohn Disease,"[""Crohn Disease""]",2007-11-21,INTERVENTIONAL,BASIC_SCIENCE,TERMINATED,"[""NA""]",False,,not_treatment_purpose,[]
NCT01990716,Lipid Mediators in Colonic Biopsies as Biomarkers of Disease Activity of Inflammatory Bowel Diseases,"[""Inflammatory Bowel Diseases"", ""Colitis, Ulcerative"", ""Crohn Disease""]",2013-11-21,INTERVENTIONAL,OTHER,COMPLETED,"[""NA""]",False,,not_treatment_purpose,[]
NCT01988506,Induction of Regulatory t Cells by Low Dose il2 in Autoimmune and Inflammatory Diseases,"[""Rheumatoid Arthritis"", ""Ankylosing Spondylitis"", ""Systemic Lupus Erythematosus"", ""Psoriasis"", ""Behcet's Disease"", ""Wegener's Granulomatosis"", ""Takayasu's Disease"", ""Crohn's Disease"", ""Ulcerative Colitis"", ""Autoimmune Hepatitis"", ""Sclerosing Cholangitis"", ""Gougerot-sjögren"", ""Idiopathic Thrombocytopenic Purpura"", ""Systemic Sclerosis""]",2013-11-20,INTERVENTIONAL,TREATMENT,COMPLETED,"[""PHASE2""]",False,,included,"[""CHEMBL1201438""]"
NCT02426567,"The Impact of ""Crohn's Disease-TReatment-with-EATing"" Diet and Exclusive Enteral Nutrition on Healthy Gut Bacteria","[""Crohn's Disease"", ""Dietary Modification""]",2015-04-27,INTERVENTIONAL,BASIC_SCIENCE,COMPLETED,"[""NA""]",False,,not_treatment_purpose,[]
NCT00688636,Infliximab for the Prevention of Recurrent Crohn's Disease After Surgery,"[""Crohn's Disease""]",2008-06-03,INTERVENTIONAL,PREVENTION,COMPLETED,"[""PHASE4""]",True,,not_treatment_purpose,[]
NCT00204165,Comparison of MR Enteroclysis and MRI With Per Oral Contrast Using a 6 % Mannitol Solution.,"[""Magnetic Resonance Imaging, Intestine Small, Crohn Disease.""]",2005-09-20,INTERVENTIONAL,DIAGNOSTIC,UNKNOWN,"[""PHASE3""]",False,,not_treatment_purpose,[]
NCT05579444,Systems Biology of Gastrointestinal and Related Diseases,"[""Ulcerative Colitis"", ""Crohn Disease"", ""Obesity"", ""Colon Polyp"", ""Eosinophilic Esophagitis"", ""GERD"", ""Gastro Esophageal Reflux"", ""Barrett Esophagus"", ""Esophageal Cancer"", ""Gastritis"", ""Gastric Ulcer"", ""Duodenal Ulcer"", ""Intestinal Metaplasia"", ""Gastric Cancer"", ""Lymphocytic Colitis"", ""Microscopic Colitis"", ""Celiac Sprue"", ""IBS"", ""Irritable Bowel Syndrome"", ""SIBO"", ""NAFLD"", ""Gallstone Disease""]",2022-10-13,OBSERVATIONAL,,TERMINATED,[],False,Lack of enrollment.,not_interventional,[]
NCT05257863,"Development of Machine Learning Models for the Prediction of Complications After Colonic, Colorectal and Small Intestine Anastomosis in Psychiatric and Non-psychiatric Patient Collectives (P-Study)","[""Postoperative Complications"", ""Psychosomatic Disorder"", ""Psychiatric Disorder"", ""Cancer"", ""Diverticulitis"", ""Morbus Crohn"", ""Colitis Ulcerosa"", ""Anastomotic Leak"", ""Anastomotic Complication"", ""Small Intestine Anastomotic Leak""]",2022-02-25,OBSERVATIONAL,,UNKNOWN,[],False,,not_interventional,[]
NCT01074580,Contrast Enhanced Ultrasonography (CEUS) of Patients With Crohn's Disease,"[""Crohn's Disease""]",2010-02-24,OBSERVATIONAL,,TERMINATED,[],False,Did not get enough patients,not_interventional,[]
NCT05350644,"Inflammatory Bowel Disease(IBD), Treatment Response","[""Inflammatory Bowel Diseases"", ""Ulcerative Colitis"", ""Crohn Disease""]",2022-04-28,OBSERVATIONAL,,TERMINATED,[],False,Recruitment of patients for this clinical trial has been withdrawn due to logistical challenges and the inability to enroll a sufficient number of participants meeting the specific eligibility criteria within the projected timeline.,not_interventional,[]
NCT07564609,the REMONO-CD and the REMONO-UC Studies,"[""Crohn Disease (CD)"", ""Ulcerative Colitis (UC)""]",2026-05-04,OBSERVATIONAL,,ENROLLING_BY_INVITATION,[],False,,not_interventional,[]
NCT07314606,Combining Nutritional Therapy and Anti-TNFα Treatment in Pediatric Patients With Crohn's Disease,"[""Crohn Disease (CD)"", ""IBD (Inflammatory Bowel Disease)"", ""IBD - Inflammatory Bowel Disease""]",2026-01-02,INTERVENTIONAL,TREATMENT,RECRUITING,"[""NA""]",False,,no_drug_or_biological_intervention,[]
NCT07191106,Pilot Study Assessing the Feasibility and Impact of a Remote Adapted Physical Activity Program on Quality of Life in Patients With Inflammatory Bowel Disease (IBD),"[""Inflammatory Bowel Disease (IBD)"", ""Inflammatory Bowel Disease (Crohn&Amp;#39;s Disease and Ulcerative Colitis)""]",2025-09-24,INTERVENTIONAL,SUPPORTIVE_CARE,RECRUITING,"[""NA""]",False,,not_treatment_purpose,[]
NCT07483099,A Study of LY4395089 and Mirikizumab (LY3074828) Given Together and Mirikizumab (Alone) in Adults With Crohn's Disease,"[""Crohn Disease""]",2026-03-19,INTERVENTIONAL,TREATMENT,RECRUITING,"[""PHASE2""]",False,,included,"[""CHEMBL3990014""]"
NCT07600255,Assessment on the Deep Remission Rate and Its Influencing Factors of Individualized Ustekinumab Therapy in Patients With Crohn's Disease,"[""Crohn's Diseases""]",2026-05-20,OBSERVATIONAL,,COMPLETED,[],False,,not_interventional,[]
NCT02281916,Safety Study of P28GST Treatment in Crohn's Disease Patients,"[""Crohn's Ileocolitis""]",2014-11-04,INTERVENTIONAL,TREATMENT,COMPLETED,"[""PHASE2""]",False,,included,[]
NCT02423460,Threonine Requirement in IBD Adults and Healthy Adult Controls,"[""Ulcerative Colitis"", ""Crohn's Disease"", ""Healthy""]",2015-04-22,INTERVENTIONAL,OTHER,COMPLETED,"[""NA""]",False,,not_treatment_purpose,[]
NCT02517684,Top-down Infliximab Study in Kids With Crohn's Disease,"[""Crohn's Disease""]",2015-08-07,INTERVENTIONAL,TREATMENT,COMPLETED,"[""PHASE4""]",False,,included,"[""CHEMBL1201581"", ""CHEMBL131"", ""CHEMBL1542""]"
NCT02394028,A Study to Assess Whether Etrolizumab is a Safe and Efficacious Treatment for Participants With Moderately to Severely Active Crohn's Disease,"[""Crohn Disease""]",2015-03-20,INTERVENTIONAL,TREATMENT,COMPLETED,"[""PHASE3""]",True,,included,"[""CHEMBL1743015""]"
NCT07504510,Exclusive Enteral Nutrition Therapy for Active and Complicated Crohn's Disease,"[""Crohn's Disease""]",2026-03-31,OBSERVATIONAL,,RECRUITING,[],False,,not_interventional,[]
NCT01861288,Deep Endoscopic Remission Assessed by a Surrogate Biomarker in Patients With Inflammatory Bowel Disease,"[""Inflammatory Bowel Disease"", ""Crohn Disease"", ""Ulcerative Colitis""]",2013-05-23,OBSERVATIONAL,,COMPLETED,[],False,,not_interventional,[]
NCT03340519,Early MRI Prediction of Crohns,"[""Crohn Disease""]",2017-11-13,OBSERVATIONAL,,COMPLETED,[],False,,not_interventional,[]
NCT05469607,The ElectRx Study - A Neurotechnology Approach to the Treatment of IBD,"[""Crohn Disease""]",2022-07-22,INTERVENTIONAL,PREVENTION,RECRUITING,"[""NA""]",False,,not_treatment_purpose,[]
NCT03718182,Can Vitamin D Supplementation in People With Crohn's Disease Improve Symptoms as an Adjunct Therapy?,"[""Crohn Disease"", ""Vitamin D Deficiency""]",2018-10-24,INTERVENTIONAL,TREATMENT,UNKNOWN,"[""PHASE4""]",False,,no_drug_or_biological_intervention,[]
NCT06785493,The Clinical Efficacy and Influence Factors of Individualized Treatment of Ustekinumab in Crohn's Disease,"[""IBD (Inflammatory Bowel Disease)""]",2025-01-21,OBSERVATIONAL,,COMPLETED,[],False,,no_explicit_crohn_condition,[]
NCT05013385,A Study to Test Whether Spesolimab Helps People With Crohn's Disease Who Have Symptoms of Bowel Obstruction,"[""Fibrostenotic Crohn´s Disease""]",2021-08-19,INTERVENTIONAL,TREATMENT,TERMINATED,"[""PHASE2""]",True,Sponsor decision,included,"[""CHEMBL4297911""]"
NCT01345318,B0151005 Open-Label Extension Study,"[""Crohn's Disease""]",2011-05-02,INTERVENTIONAL,TREATMENT,COMPLETED,"[""PHASE2""]",True,,included,"[""CHEMBL6068160""]"
NCT05246917,Comparing Manual Versus Stapled Side to Side Ileocolic Anastomosis in Crohn's Disease,"[""Crohn Disease"", ""IBD"", ""Ileocolitis"", ""Crohn's Ileocolitis""]",2022-02-18,INTERVENTIONAL,TREATMENT,UNKNOWN,"[""NA""]",False,,no_drug_or_biological_intervention,[]
NCT07796568,Virtual Group Therapy for IBD Patients With Anxiety and Depression,"[""Crohn's Disease (CD)"", ""Ulcerative Colitis (UC)"", ""Inflammatory Bowel Diseases (IBD)"", ""Anxiety"", ""Depression""]",2026-09-01,INTERVENTIONAL,TREATMENT,NOT_YET_RECRUITING,"[""NA""]",False,,no_drug_or_biological_intervention,[]
NCT06468774,Intestinal Ischemia Biomarker in Patients With Chronic Mesenteric Ischemia,"[""Chronic Mesenteric Ischemia"", ""Median Arcuate Ligament Syndrome"", ""Crohn Disease"", ""Cholelithiasis""]",2024-06-21,OBSERVATIONAL,,RECRUITING,[],False,,not_interventional,[]
NCT02048618,Efficacy and Safety of GLPG0634 in Subjects With Active Crohn's Disease,"[""Crohn's Disease""]",2014-01-29,INTERVENTIONAL,TREATMENT,COMPLETED,"[""PHASE2""]",False,,included,"[""CHEMBL3301607""]"
NCT02392286,Corticosteroid Dosage for Crohn's Disease Flare,"[""Crohn's Disease"", ""Inflammatory Bowel Disease""]",2015-03-18,INTERVENTIONAL,TREATMENT,TERMINATED,"[""PHASE4""]",True,insufficient enrollment,included,[]
NCT05085925,Mindfulness-Based Stress-Reduction in Patients With Crohn's Disease,"[""Crohn's Disease Colon""]",2021-10-20,INTERVENTIONAL,TREATMENT,COMPLETED,"[""NA""]",False,,no_drug_or_biological_intervention,[]
NCT04944797,Crohn and Anal Incontinence,"[""Crohn Disease""]",2021-06-30,OBSERVATIONAL,,WITHDRAWN,[],False,The project was abandoned.,not_interventional,[]
NCT03833596,Exclusive Enteral Nutrition and Corticosteroids Therapy in Crohn's Disease (EENCD),"[""Crohn's Disease""]",2019-02-07,INTERVENTIONAL,TREATMENT,TERMINATED,"[""PHASE4""]",False,Low recruitment,included,"[""CHEMBL635""]"
NCT01696396,Abrilumab (AMG 181) in Adults With Moderate to Severe Crohn's Disease,"[""Crohn's Disease""]",2012-10-01,INTERVENTIONAL,TREATMENT,COMPLETED,"[""PHASE2""]",True,,included,"[""CHEMBL3137351""]"
NCT01505842,Chromoendoscopy for Dysplasia Detection in Chronic Inflammatory Bowel Disease,"[""Ulcerative Colitis"", ""Crohn's Colitis""]",2012-01-09,INTERVENTIONAL,DIAGNOSTIC,UNKNOWN,"[""NA""]",False,,not_treatment_purpose,[]
NCT07621783,"Leucine-rich α2-glycoprotein Correlation With Clinical, Endoscopic and Histological Disease Activity of IBD in a EuRopean Context","[""Crohn Disease (CD)"", ""Ulcerative Colitis (UC)""]",2026-06-02,OBSERVATIONAL,,RECRUITING,[],False,,not_interventional,[]
NCT07590518,VR Therapies for IBD,"[""Inflammatory Bowel Disease (IBD)"", ""Ulcerative Colitis (UC)"", ""Crohn Disease (CD)"", ""Anxiety""]",2026-05-15,INTERVENTIONAL,TREATMENT,NOT_YET_RECRUITING,"[""NA""]",False,,no_drug_or_biological_intervention,[]
NCT03496818,Effect of SB CD on Chylomicron,"[""Crohn Disease""]",2018-04-12,OBSERVATIONAL,,COMPLETED,[],False,,not_interventional,[]
NCT03261414,HYSTERIA Evaluation of Clinical HYpnosis After Surgical Resection for Crohn Disease on Post-operative Analgesia,"[""Inflammatory Bowel Diseases"", ""Anesthesia""]",2017-08-25,INTERVENTIONAL,SUPPORTIVE_CARE,COMPLETED,"[""NA""]",False,,no_explicit_crohn_condition,[]
NCT03944447,Outcomes Mandate National Integration With Cannabis as Medicine,"[""Chronic Pain"", ""Chronic Pain Syndrome"", ""Chronic Pain Due to Injury"", ""Chronic Pain Due to Trauma"", ""Fibromyalgia"", ""Seizures"", ""Hepatitis C"", ""Cancer"", ""Crohn Disease"", ""HIV/AIDS"", ""Multiple Sclerosis"", ""Traumatic Brain Injury"", ""Sickle Cell Disease"", ""Post Traumatic Stress Disorder"", ""Tourette Syndrome"", ""Ulcerative Colitis"", ""Glaucoma"", ""Epilepsy"", ""Inflammatory Bowel Diseases"", ""Parkinson Disease"", ""Amyotrophic Lateral Sclerosis"", ""Chronic Traumatic Encephalopathy"", ""Anxiety"", ""Depression"", ""Insomnia"", ""Autism"", ""Opioid-use Disorder"", ""Bipolar Disorder"", ""Covid19"", ""SARS-CoV Infection"", ""COVID-19"", ""Corona Virus Infection"", ""Coronavirus""]",2019-05-09,INTERVENTIONAL,TREATMENT,UNKNOWN,"[""PHASE2""]",False,,included,[]
NCT00138840,Study of STA-5326 Mesylate in Patients With Moderate to Severe Crohn's Disease,"[""Crohn's Disease""]",2005-08-30,INTERVENTIONAL,TREATMENT,COMPLETED,"[""PHASE2""]",False,,included,[]
NCT00801125,Study of Tysabri (Natalizumab) in Patients Who Failed Anti-TNF-α Therapy,"[""Crohn's Disease""]",2008-12-03,INTERVENTIONAL,TREATMENT,WITHDRAWN,"[""PHASE4""]",False,Study sponsor decided to withdraw the current study prior to enrollment of first participant.,included,"[""CHEMBL1201607""]"
NCT03327038,Addressing Depression and Anxiety Symptoms in Patients With Inflammatory Bowel Disease,"[""Inflammatory Bowel Diseases"", ""Crohn Disease"", ""Ulcerative Colitis"", ""Depression"", ""Anxiety""]",2017-10-31,INTERVENTIONAL,HEALTH_SERVICES_RESEARCH,UNKNOWN,"[""NA""]",False,,not_treatment_purpose,[]
NCT05572008,ProteIn Nutrition in Crohn's Disease,"[""Crohn Disease""]",2022-10-07,INTERVENTIONAL,BASIC_SCIENCE,UNKNOWN,"[""NA""]",False,,not_treatment_purpose,[]
NCT03508193,Reverse Engineering of Exclusive Enteral Nutrition,"[""Crohn Disease""]",2018-04-25,INTERVENTIONAL,TREATMENT,COMPLETED,"[""NA""]",False,,no_drug_or_biological_intervention,[]
NCT03261206,Stopping Aminosalicylate Therapy in Inactive Crohn's Disease,"[""Crohn Disease"", ""Remission""]",2017-08-24,INTERVENTIONAL,HEALTH_SERVICES_RESEARCH,ACTIVE_NOT_RECRUITING,"[""PHASE4""]",False,,not_treatment_purpose,[]
NCT05599347,Pre-treatment With Azithromycin to Reduce Immunogenicity to to Anti-TNF Agents in Patients With Crohn's Disease,"[""Crohn's Disease Relapse"", ""Biological Substance; Adverse Effect""]",2022-10-31,INTERVENTIONAL,PREVENTION,RECRUITING,"[""PHASE2""]",False,,not_treatment_purpose,[]
NCT01235325,The Effect of Vitamin K Supplementation on Bone Health in Adult Crohn's Disease Patients,"[""Supplementation"", ""Bone Health"", ""Crohn's Disease""]",2010-11-05,INTERVENTIONAL,PREVENTION,COMPLETED,"[""PHASE4""]",False,,not_treatment_purpose,[]
NCT06833450,Reliability of IUS in Crohn's Disease,"[""Crohn Disease (CD)""]",2025-02-18,INTERVENTIONAL,OTHER,RECRUITING,"[""NA""]",False,,not_treatment_purpose,[]
NCT04436874,Fecal Microbiota Transplantation in the Treatment of Inflammatory Bowel Disease,"[""Fecal Microbiota Transplantation""]",2020-06-18,INTERVENTIONAL,TREATMENT,UNKNOWN,"[""NA""]",False,,no_explicit_crohn_condition,[]
NCT02778464,Faecal Calprotectin as a Potential Non-invasive Inflammatory Marker in Pregnancy and Inflammatory Bowel Disease,"[""Inflammatory Bowel Disease (IBD)"", ""Crohn's Disease (CD)"", ""Ulcerative Colitis (UC)"", ""Pregnancy""]",2016-05-19,OBSERVATIONAL,,COMPLETED,[],False,,not_interventional,[]
NCT01960426,Evaluation of Health Costs and Resource Utilization,"[""Ulcerative Colitis"", ""Crohn's Disease""]",2013-10-10,INTERVENTIONAL,HEALTH_SERVICES_RESEARCH,TERMINATED,"[""PHASE4""]",False,recruitment issues,not_treatment_purpose,[]
NCT03841045,"Unraveling a Potential Connection Between Bilirubin Metabolism, Gut Microbiota and Inflammatory Bowel Diseases","[""Colitis, Ulcerative"", ""Crohn Disease""]",2019-02-15,OBSERVATIONAL,,UNKNOWN,[],False,,not_interventional,[]
NCT03829475,ICON-2: FMT and Bezlotoxumab Compared to FMT and Placebo for Patients With IBD and CDI,"[""Inflammatory Bowel Diseases"", ""Clostridium Difficile Infection""]",2019-02-04,INTERVENTIONAL,TREATMENT,COMPLETED,"[""PHASE2""]",True,,no_explicit_crohn_condition,[]
NCT07309744,Universal CAR-T Cell Injection Targeting CD19/BCMA in Patients With Inflammatory Bowel Disease,"[""Moderate-to-severe Ulcerative Colitis"", ""Crohn's Disease (CD)""]",2025-12-30,INTERVENTIONAL,TREATMENT,NOT_YET_RECRUITING,"[""EARLY_PHASE1""]",False,,included,[]
NCT02088944,a Single-center Registered Clinical Research of Chinese Patients With Moderate to Severe Crohn's Disease,"[""Serological C Reactive Protein or Erythrocyte Sedimentation Rate""]",2014-03-17,OBSERVATIONAL,,UNKNOWN,[],False,,no_explicit_crohn_condition,[]
NCT00968721,Decisional Influences and Inflammatory Bowel Disease (IBD) Patients' Medication Use,"[""Crohn's Disease"", ""Ulcerative Colitis""]",2009-08-31,OBSERVATIONAL,,TERMINATED,[],False,lack of support,not_interventional,[]
NCT00603616,Induction of Clinical Response Using Rifaximin in Crohn's Disease,"[""Crohn's Disease""]",2008-01-29,INTERVENTIONAL,TREATMENT,COMPLETED,"[""PHASE2""]",False,,included,"[""CHEMBL1617""]"
NCT02322307,Trial on Impact of HealthPROMISE Mobile App on Inflammatory Bowel Disease Care and Quality of Life,"[""Inflammatory Bowel Disease"", ""Crohn's Disease"", ""Ulcerative Colitis""]",2014-12-23,INTERVENTIONAL,SUPPORTIVE_CARE,COMPLETED,"[""NA""]",False,,not_treatment_purpose,[]
NCT04844593,A Study Using Artificial Intelligence to Identify Adults With Complex Perianal Fistulas Associated With Crohn's Disease,"[""Crohn Disease"", ""Rectal Fistula""]",2021-04-14,OBSERVATIONAL,,COMPLETED,[],False,,not_interventional,[]
NCT02465944,A Pilot Study of FFP104 in Subjects With Crohn's Disease,"[""Crohn's Disease""]",2015-06-09,INTERVENTIONAL,TREATMENT,UNKNOWN,"[""PHASE1"", ""PHASE2""]",False,,included,[]
NCT00257699,Study of Antibiotics in the Treatment of Colonic Crohn's Disease,"[""Crohn's Disease""]",2005-11-23,INTERVENTIONAL,TREATMENT,TERMINATED,"[""PHASE2""]",False,Inadequate recruitment to meet completion date,included,"[""CHEMBL137"", ""CHEMBL8""]"
NCT00305409,Synbiotic Treatment in Crohn's Disease Patients,"[""Crohn's Disease""]",2006-03-21,INTERVENTIONAL,TREATMENT,COMPLETED,"[""NA""]",False,,included,[]
NCT00487409,Random Comparison of LigaSure and Disposable Staples for Laparoscopic Surgery,"[""Colonic Diseases"", ""Rectal Diseases""]",2007-06-18,INTERVENTIONAL,TREATMENT,COMPLETED,"[""NA""]",False,,no_explicit_crohn_condition,[]
NCT07421258,A Retrospective Study to Evaluate Treat-to-Target and Disease Modification in Adult Participants With Crohn's Disease and Ulcerative Colitis in Real World Setting,"[""Crohn's Disease"", ""Ulcerative Colitis""]",2026-02-19,OBSERVATIONAL,,RECRUITING,[],False,,not_interventional,[]
NCT04239248,"""Tasty&Healthy"" Dietary Approach for Crohn's Disease","[""Crohn Disease""]",2020-01-27,INTERVENTIONAL,TREATMENT,COMPLETED,"[""NA""]",False,,no_drug_or_biological_intervention,[]
NCT02322008,Anti-TNF Therapy in Danish Patients With Inflammatory Bowel Diseases in Clinical Practice,"[""Crohn's Disease"", ""Ulcerative Colitis"", ""Inflammatory Bowel Disease""]",2014-12-22,OBSERVATIONAL,,COMPLETED,[],False,,not_interventional,[]
NCT00516776,The Innate Immune System and Inflammatory Bowel Disease,"[""Ulcerative Colitis"", ""Crohn's Disease""]",2007-08-15,OBSERVATIONAL,,COMPLETED,[],False,,not_interventional,[]
NCT07694362,Narrow Band Imaging Versus Artificial Intelligence for Colonic Surveillance in Inflammatory Bowel Disease,"[""Inflammatory Bowel Disease (Crohn&#39;s Disease and Ulcerative Colitis)"", ""Ulcerative Colitis (UC)"", ""Crohn's Disease Colon"", ""Colonic Dysplasia/Adenomata"", ""Artificial Intelligence (AI)"", ""NBI"", ""Chromoendoscopy"", ""Surveillance Colonoscopy""]",2026-07-09,INTERVENTIONAL,SCREENING,COMPLETED,"[""NA""]",False,,not_treatment_purpose,[]
NCT03464097,A Placebo-Controlled Study of Oral Ozanimod as Maintenance Therapy for Moderately to Severely Active Crohn's Disease,"[""Crohn Disease""]",2018-03-13,INTERVENTIONAL,TREATMENT,TERMINATED,"[""PHASE3""]",True,The study has terminated due to non-safety reasons; Business Objectives have changed.,included,"[""CHEMBL3707247""]"
NCT05578313,Inflammatory Bowel Diseases (IBD) Cannabis Registry,"[""Crohn Disease"", ""Ulcerative Colitis"", ""Pouchitis"", ""Healthy""]",2022-10-13,OBSERVATIONAL,,UNKNOWN,[],False,,not_interventional,[]
NCT00245947,Study Evaluating ERB-041 in Active Crohn's Disease,"[""Crohn's Disease""]",2005-10-28,INTERVENTIONAL,TREATMENT,COMPLETED,"[""PHASE1""]",False,,included,"[""CHEMBL450940""]"
NCT04966585,Pilot Study of Posaconazole in Crohn's Disease,"[""Crohn Disease"", ""CARD9 S12N Risk Allele""]",2021-07-19,INTERVENTIONAL,TREATMENT,TERMINATED,"[""PHASE4""]",True,Recruitment challenges; changes in manufacturing,included,"[""CHEMBL1397""]"
NCT00427921,Human Anti-TNF Monoclonal Antibody Adalimumab in Canadian Subjects With Moderate to Severe Crohn's Disease (ACCESS),"[""Crohn's Disease""]",2007-01-29,INTERVENTIONAL,TREATMENT,COMPLETED,"[""PHASE3""]",True,,included,"[""CHEMBL1201580""]"
NCT04010526,Evaluation of Local Co-administration of Autologous ADIpose Derived Stromal Vascular Fraction With Microfat for Refractory Perianal CROHN's Fistulas.,"[""Crohn Disease""]",2019-07-08,INTERVENTIONAL,OTHER,RECRUITING,"[""PHASE2""]",False,,not_treatment_purpose,[]
NCT00596700,Capsule Endoscopy Crohn's Disease Activity Index - Validation Multi Center Study,"[""Crohn's Disease""]",2008-01-17,INTERVENTIONAL,DIAGNOSTIC,COMPLETED,"[""PHASE3""]",False,,not_treatment_purpose,[]
NCT03905109,Phase 2b/3 Study of ABX464 in Moderate to Severe Active Crohn's Disease Patients,"[""Crohn Disease""]",2019-04-05,INTERVENTIONAL,TREATMENT,WITHDRAWN,"[""PHASE2"", ""PHASE3""]",False,Study design revised and to be found under new NCT06456593 ABX464-202,included,"[""CHEMBL4297344""]"
NCT07263464,The Association Between TNFSF4 Polymorphism and CD,"[""Inflammatory Bowel Disease (Crohn's Disease and Ulcerative Colitis)"", ""Polymorphism, Single Nucleotide"", ""Ustekinumab""]",2025-12-04,OBSERVATIONAL,,COMPLETED,[],False,,not_interventional,[]
NCT00055367,"Safety, Tolerability and Effectiveness of Natalizumab in Adolescents With Active Crohn's Disease","[""Crohn's Disease""]",2003-02-28,INTERVENTIONAL,TREATMENT,COMPLETED,"[""PHASE2""]",False,,included,"[""CHEMBL1201607""]"
NCT05584228,Medical Treatment Versus Surgery in Stricturing Small Bowel Crohn's Disease,"[""Crohn Disease""]",2022-10-18,INTERVENTIONAL,TREATMENT,NOT_YET_RECRUITING,"[""NA""]",False,,included,[]
NCT03769922,Postoperative Progression of the Disease Following Extensive Versus Limited Mesenteric Excision for Crohn's Disease,"[""Postoperative Surgical Recurrence""]",2018-12-10,INTERVENTIONAL,TREATMENT,UNKNOWN,"[""NA""]",False,,no_explicit_crohn_condition,[]
NCT06309472,Trial of Mirtazapine for Depression in IBD,"[""Major Depressive Disorder"", ""Inflammatory Bowel Diseases""]",2024-03-13,INTERVENTIONAL,TREATMENT,COMPLETED,"[""PHASE2""]",False,,no_explicit_crohn_condition,[]
NCT03757065,Cell Surface Marker Expression in Autoimmune Diseases,"[""Systemic Lupus Erythematosus"", ""Sjogren's Syndrome"", ""Multiple Sclerosis"", ""Systemic Sclerosis"", ""Crohn's Disease"", ""Ulcerative Colitis"", ""Inflammatory Myositis""]",2018-11-28,OBSERVATIONAL,,COMPLETED,[],False,,not_interventional,[]
NCT03751722,Genetic an Functional Studies of Patient With Inflammatory Bowel Disease,"[""Inflammatory Bowel Diseases""]",2018-11-23,OBSERVATIONAL,,COMPLETED,[],False,,no_explicit_crohn_condition,[]
NCT00724529,Post Marketing Surveillance of Remicade,"[""Crohn's Disease"", ""Ankylosing Spondylitis""]",2008-07-29,OBSERVATIONAL,,COMPLETED,[],False,,not_interventional,[]
NCT07113795,Clinical Study on the Integration of Traditional Chinese Medicine Virtual Hanging Therapy With Mesenchymal Stem Cells for the Treatment of Crohn's Disease-Associated Anal Fistula.,"[""Crohn&#39;s Disease With Perianal Fistulas""]",2025-08-11,INTERVENTIONAL,TREATMENT,ENROLLING_BY_INVITATION,"[""EARLY_PHASE1""]",False,,no_drug_or_biological_intervention,[]
NCT00175292,A Randomized Controlled Trial of VSL#3 for the Prevention of Endoscopic Recurrence Following Surgery for Crohn's Disease.,"[""Crohn's Disease"", ""Inflammatory Bowel Disease""]",2005-09-15,INTERVENTIONAL,PREVENTION,COMPLETED,"[""PHASE3""]",False,,not_treatment_purpose,[]
NCT00307931,Certolizumab Pegol for Treatment of Adult Greek Patients With Moderate to Severe Crohn's Disease Who Failed Infliximab,"[""Crohn's Disease""]",2006-03-28,INTERVENTIONAL,TREATMENT,TERMINATED,"[""PHASE3""]",True,Study was terminated early because of slow recruitment,included,"[""CHEMBL1201831""]"
NCT02914600,Filgotinib in Long-Term Extension Study of Adults With Crohn's Disease,"[""Crohn's Disease""]",2016-09-26,INTERVENTIONAL,TREATMENT,TERMINATED,"[""PHASE3""]",True,development program for filgotinib for participants with Crohn's disease has been stopped,included,"[""CHEMBL3301607""]"
NCT03003351,Zurich Fistula Cohort Study,"[""Fistula;Rectal"", ""Fistula; Rectouterine"", ""Fistula; Rectovesical"", ""Fistulas Recto Vaginal"", ""Crohn Disease""]",2016-12-28,OBSERVATIONAL,,UNKNOWN,[],False,,not_interventional,[]
NCT03266484,Effect of a Probiotic Mixture on the Gut Microbiome and Fatigue in Patients With Quiescent Inflammatory Bowel Disease,"[""Inflammatory Bowel Diseases"", ""Crohn Disease"", ""Ulcerative Colitis""]",2017-08-30,INTERVENTIONAL,DIAGNOSTIC,COMPLETED,"[""NA""]",False,,not_treatment_purpose,[]
NCT04978493,A Study to Test Whether BI 706321 Combined With Ustekinumab Helps People With Crohn's Disease,"[""Crohn Disease""]",2021-07-27,INTERVENTIONAL,TREATMENT,TERMINATED,"[""PHASE2""]",True,Company decision,included,"[""CHEMBL1201835""]"
NCT07775352,Intestinal Ultrasound Guided Management in Inflammatory Bowel Disease,"[""Inflammatory Bowel Diseases"", ""Crohn Disease"", ""Colitis, Ulcerative""]",2026-08-20,INTERVENTIONAL,HEALTH_SERVICES_RESEARCH,RECRUITING,"[""NA""]",False,,not_treatment_purpose,[]
NCT01820247,Efficacy Study of Tripterygium Glycoside Combined With Enteral Nutrition in the Treatment of Crohn's Disease for Induction Remission,"[""Crohn's Disease""]",2013-03-28,INTERVENTIONAL,TREATMENT,UNKNOWN,"[""NA""]",False,,included,[]
NCT05442567,A Study of Vedolizumab in Children With Ulcerative Colitis (UC) or Crohn's Disease (CD),"[""Ulcerative Colitis"", ""Crohn's Disease""]",2022-07-05,INTERVENTIONAL,TREATMENT,RECRUITING,"[""PHASE3""]",False,,included,"[""CHEMBL1743087""]"
NCT02822352,RCT: HDWL vs Virtual Chromoendoscopy in the Detection of Intraepithelial Neoplasia in Longstanding Colitis,"[""Ulcerative Colitis"", ""Crohn's Colitis""]",2016-07-04,INTERVENTIONAL,DIAGNOSTIC,COMPLETED,"[""NA""]",False,,not_treatment_purpose,[]
NCT03532932,A Study to Evaluate Disease Control and Treatment Pattern in Participants With Moderate to Severe Inflammatory Bowel Disease (IBD) in Real Life Practice,"[""Colitis, Ulcerative"", ""Crohn Disease"", ""Inflammatory Bowel Diseases""]",2018-05-22,OBSERVATIONAL,,COMPLETED,[],True,,not_interventional,[]
NCT06550310,Nutrition and Clinical Outcomes in IBD,"[""Inflammatory Bowel Diseases"", ""Crohn Disease"", ""Ulcerative Colitis"", ""Malnutrition"", ""Sarcopenia""]",2024-08-13,OBSERVATIONAL,,RECRUITING,[],False,,not_interventional,[]
NCT05117996,Simplified Bowel Preparation Versus Standard Bowel Preparation Before Capsule Endoscopy in Patients With Crohn's Disease,"[""Crohn Disease""]",2021-11-11,INTERVENTIONAL,OTHER,COMPLETED,"[""NA""]",False,,not_treatment_purpose,[]
NCT07385131,Prophylactic Dexamethasone Before Infliximab in Moderate-to-Severe IBD,"[""Inflammatory Bowel Disease (IBD)"", ""CD - Crohn's Disease"", ""UC - Ulcerative Colitis""]",2026-02-03,OBSERVATIONAL,,RECRUITING,[],False,,not_interventional,[]
NCT04713631,Safety and Efficacy of Artesunate & Curcumin in Crohn's Disease,"[""Crohn's Disease""]",2021-01-19,INTERVENTIONAL,TREATMENT,UNKNOWN,"[""PHASE2""]",False,,included,"[""CHEMBL140"", ""CHEMBL361497""]"
NCT00711945,Growth Relapse and Outcomes With Therapy 1,"[""Crohn's Disease"", ""Pediatric Onset""]",2008-07-09,OBSERVATIONAL,,COMPLETED,[],False,,not_interventional,[]
NCT05659953,"LMT503 First-in-human SAD, MAD, and FE Study","[""Inflammatory Bowel Disease"", ""Colitis, Ulcerative"", ""Crohn Disease""]",2022-12-21,INTERVENTIONAL,TREATMENT,NOT_YET_RECRUITING,"[""PHASE1""]",False,,included,[]
NCT03901937,The Effects of Parenteral ω-3 Polyunsaturated Fatty Acid on Postoperative Complications of Patients With Crohn's Disease,"[""Crohn Disease""]",2019-04-03,INTERVENTIONAL,PREVENTION,UNKNOWN,"[""PHASE4""]",False,,not_treatment_purpose,[]
NCT05104229,SAVES-IBD: Safety & Efficacy of Aspirin vs. Standard of Care for VTE Prophylaxis After IBD Surgery,"[""Crohn Disease"", ""Ulcerative Colitis"", ""Venous Thromboembolism""]",2021-11-02,INTERVENTIONAL,PREVENTION,WITHDRAWN,"[""PHASE3""]",False,Limited Resources,not_treatment_purpose,[]
NCT00745329,The Effect of Infliximab on Sperm Quality,"[""Crohn's Disease"", ""Ulcerative Colitis""]",2008-09-03,OBSERVATIONAL,,UNKNOWN,[],False,,not_interventional,[]
NCT04328922,Fecal Microbial Transplantation and Vedolizumab Treatment of Crohn's Disease,"[""Crohn Disease"", ""Microbial Substitution""]",2020-04-01,INTERVENTIONAL,TREATMENT,UNKNOWN,"[""NA""]",False,,no_drug_or_biological_intervention,[]
NCT05033431,"Study to Evaluate the Pharmacokinetics (Movement of Drugs Within the Body), Safety and Tolerability of Brazikumab in Healthy Chinese and White Participants","[""Healthy Participants""]",2021-09-02,INTERVENTIONAL,OTHER,COMPLETED,"[""PHASE1""]",False,,no_explicit_crohn_condition,[]
NCT00061737,Quality of Life in Pediatric Inflammatory Bowel Disease,"[""Crohn's Disease"", ""Ulcerative Colitis""]",2003-06-04,OBSERVATIONAL,,COMPLETED,[],False,,not_interventional,[]
NCT03155945,"Tolerability, Pharmacokinetics, and Efficacy of APD371 in Participants With Crohn's Disease Experiencing Abdominal Pain","[""Crohn's Disease"", ""Abdominal Pain""]",2017-05-16,INTERVENTIONAL,TREATMENT,COMPLETED,"[""PHASE2""]",True,,included,"[""CHEMBL4175981""]"
NCT02765256,Fundamental Modification of the Gut Microbiota in the Treatment of Refractory Crohn's Disease,"[""Crohn's Disease""]",2016-05-06,INTERVENTIONAL,TREATMENT,COMPLETED,"[""PHASE2""]",True,,included,"[""CHEMBL106"", ""CHEMBL1201479"", ""CHEMBL262777"", ""CHEMBL3989751"", ""CHEMBL643"", ""CHEMBL8""]"
NCT02825316,Mediterranean Diet as an add-on Therapy for Induction of Remission in Patients With Active Crohn's Disease,"[""Crohn's Disease""]",2016-07-07,INTERVENTIONAL,TREATMENT,UNKNOWN,"[""NA""]",False,,no_drug_or_biological_intervention,[]
NCT00663117,The Effects of Naltrexone on Active Crohn's Disease,"[""Inflammation"", ""Crohn's Disease""]",2008-04-22,INTERVENTIONAL,TREATMENT,COMPLETED,"[""PHASE2""]",True,,included,"[""CHEMBL19019""]"
NCT07433946,Partial Enteral Nutrition to Prevent Weight Loss and Sarcopenia in IBD Patients at Nutritional Risk - SIMBA,"[""Ulcerative Colitis (Disorder)"", ""Crohn Disease"", ""Malnutrition or Risk of Malnutrition"", ""IBD""]",2026-02-25,INTERVENTIONAL,PREVENTION,RECRUITING,"[""NA""]",False,,not_treatment_purpose,[]
NCT00025805,G-CSF to Treat Crohn's Disease,"[""Crohn's Disease""]",2001-10-26,INTERVENTIONAL,TREATMENT,COMPLETED,"[""PHASE1""]",False,,included,[]
NCT04131322,"Loss of Response of Adalimumab Biosimilar vs Adalimumab Original, in Inflammatory Bowel Disease.","[""Crohn Disease"", ""Ulcerative Colitis""]",2019-10-18,INTERVENTIONAL,TREATMENT,TERMINATED,"[""PHASE4""]",False,Sponsor cancellation,included,"[""CHEMBL1201580""]"
NCT00588653,Diagnostic Accuracy of Capsule Endoscopy in Small Bowel Crohn's Disease,"[""Crohn's Disease""]",2008-01-08,INTERVENTIONAL,DIAGNOSTIC,COMPLETED,"[""PHASE4""]",False,,not_treatment_purpose,[]
NCT00343642,Dietary Treatment of Crohn's Disease,"[""Crohn's Disease"", ""Inflammatory Bowel Disease""]",2006-06-23,INTERVENTIONAL,TREATMENT,COMPLETED,"[""PHASE1"", ""PHASE2""]",True,,included,[]
NCT00467922,An Assessment of Goal-Directed Intraoperative Fluid Management in Hand Assisted Laparoscopic Colectomy,"[""Crohn's Disease"", ""Ulcerative Colitis"", ""Rectal Cancer"", ""Colon Cancer"", ""Colon Polyps"", ""Rectal Polyps"", ""Diverticulitis""]",2007-05-01,INTERVENTIONAL,TREATMENT,COMPLETED,"[""PHASE3""]",False,,included,[]
NCT05891756,Mesenteric Bacterial Translocation in Evolved Crohn's Disease,"[""Crohn Disease""]",2023-06-07,OBSERVATIONAL,,UNKNOWN,[],False,,not_interventional,[]
NCT02399683,Immune Modulation From Trichuris Trichiura,"[""Crohn Disease"", ""Colitis, Ulcerative"", ""Intestinal Helminthiasis""]",2015-03-26,OBSERVATIONAL,,COMPLETED,[],False,,not_interventional,[]
NCT00434551,MACCS: Multicenter Australian CE in Patients With Suspected Crohn's Disease Study,"[""Inflammatory Bowel Diseases""]",2007-02-13,OBSERVATIONAL,,COMPLETED,[],False,,no_explicit_crohn_condition,[]
NCT06637631,A Study to Investigate Efficacy and Safety of SAR441566 in Patients With Crohn's Disease.,"[""Crohn's Disease""]",2024-10-15,INTERVENTIONAL,TREATMENT,ACTIVE_NOT_RECRUITING,"[""PHASE2""]",False,,included,[]
NCT03439826,Junior / Senior Concordance in Ultrasound Assessment of Crohn's Disease,"[""Crohn Disease""]",2018-02-20,OBSERVATIONAL,,COMPLETED,[],False,,not_interventional,[]
NCT02532738,The Efficiency of MSC in Refractory Crohn's Disease,"[""Crohn's Disease""]",2015-08-26,INTERVENTIONAL,TREATMENT,UNKNOWN,"[""PHASE2"", ""PHASE3""]",False,,included,[]
NCT02760615,"Phase 4, Vedolizumab-4002 Post-marketing, Disease-Drug-Drug Interaction Study","[""Colitis, Ulcerative"", ""Crohn Disease""]",2016-05-03,INTERVENTIONAL,TREATMENT,WITHDRAWN,"[""PHASE4""]",False,No enrollment,included,"[""CHEMBL113"", ""CHEMBL1503"", ""CHEMBL1743087"", ""CHEMBL191"", ""CHEMBL52440"", ""CHEMBL655""]"
NCT03172143,Mesenteric Sparing for the Prevention of Recurrent Crohn's Disease,"[""Crohn Disease""]",2017-06-01,INTERVENTIONAL,PREVENTION,TERMINATED,"[""NA""]",False,Accrual not met,not_treatment_purpose,[]
NCT04224558,Stem Cell Transplantation in Crohn's Disease,"[""Crohn Disease""]",2020-01-13,INTERVENTIONAL,TREATMENT,RECRUITING,"[""PHASE1"", ""PHASE2""]",False,,included,"[""CHEMBL1098319"", ""CHEMBL112"", ""CHEMBL1201567"", ""CHEMBL1568"", ""CHEMBL2108981"", ""CHEMBL650"", ""CHEMBL657"", ""CHEMBL88""]"
NCT06534216,Role of Intestinal Ultrasound in Treat to Target Strategy in the Management of Inflammatory Bowel Disease : the IUS-TTT Study,"[""Crohn Disease"", ""Ulcerative Colitis""]",2024-08-02,OBSERVATIONAL,,ACTIVE_NOT_RECRUITING,[],False,,not_interventional,[]
NCT03088449,Personalising Anti-TNF Therapy in Crohns Disease (PANTS),"[""Crohn Disease""]",2017-03-23,OBSERVATIONAL,,UNKNOWN,[],False,,not_interventional,[]
NCT02520843,An Innovative Treatment for Fistula-in-ano in Crohn Disease : Local Micro Reinjection of Autologous Fat and SVF,"[""Crohn Disease""]",2015-08-13,INTERVENTIONAL,TREATMENT,COMPLETED,"[""PHASE1"", ""PHASE2""]",False,,included,[]
NCT05203926,Significance and Outcome of Magnetic Resonance Enterography Revealing Sacroiliitis in Crohn's Disease: A Pilot Study,"[""Sacroiliitis""]",2022-01-24,INTERVENTIONAL,DIAGNOSTIC,COMPLETED,"[""NA""]",False,,no_explicit_crohn_condition,[]
NCT02772965,Low Dose Oral Methotrexate in Pediatric Crohn's Disease Patients Initiating Anti-Tumor Necrosis Factor (Anti-TNF) Therapy,"[""Pediatric Crohn's Disease""]",2016-05-16,INTERVENTIONAL,TREATMENT,COMPLETED,"[""PHASE3""]",True,,included,"[""CHEMBL34259""]"
NCT07383844,Analysis of Barriers and Facilitators to Adapted Physical Activity for Pediatric Patients With Chronic Inflammatory Bowel Diseases,"[""Inflammatory Bowel Disease (Crohn's Disease; Ulcerative Colitis)""]",2026-02-03,OBSERVATIONAL,,RECRUITING,[],False,,not_interventional,[]
NCT01545063,CAre of Patients With PArenteral Nutrition At Home,"[""Crohn's Disease"", ""Peritoneal Carcinomatosis With Intestinal Occlusion"", ""Radiation Enteritis"", ""Chronic Diarrhea"", ""Intestinal Lymphomas""]",2012-03-06,OBSERVATIONAL,,COMPLETED,[],False,,not_interventional,[]
NCT03010787,A First Time in Human Study in Healthy Volunteers and Patients,"[""Crohn's Disease""]",2017-01-05,INTERVENTIONAL,,COMPLETED,"[""PHASE1""]",False,,included,[]
NCT00278577,Hematopoietic Stem Cell Support in Patients With Severe Crohn's Disease,"[""CROHN'S DISEASE""]",2006-01-18,INTERVENTIONAL,TREATMENT,TERMINATED,"[""PHASE1""]",False,,included,[]
NCT07397195,ACT for Veterans With IBD and Mental Health Challenges,"[""Inflammatory Bowel Diseases"", ""Crohn's Disease"", ""Ulcerative Colitis"", ""Depressive Disorder"", ""Anxiety Disorder"", ""Stress Disorders, Post-Traumatic""]",2026-02-09,INTERVENTIONAL,TREATMENT,NOT_YET_RECRUITING,"[""NA""]",False,,no_drug_or_biological_intervention,[]
NCT05084807,Evaluation of the Lymphocyte Subpopulations in the Normal Mucosa of the Upper Digestive Tract,"[""Lymphocytic Enteritis (Disorder)"", ""Healthy Volunteers""]",2021-10-20,INTERVENTIONAL,BASIC_SCIENCE,UNKNOWN,"[""NA""]",False,,no_explicit_crohn_condition,[]
NCT03329209,A Study to Determine the Pharmacokinetics (PK) of Single Intravenous (IV) Dose of Vedolizumab 300 Milligram (mg) in Healthy Adult Chinese Participants,"[""Colitis, Ulcerative"", ""Crohn Disease""]",2017-11-01,INTERVENTIONAL,OTHER,COMPLETED,"[""PHASE1""]",True,,not_treatment_purpose,[]
NCT04567628,"Study of Relationship Between Vedolizumab Therapeutic Drug Monitoring, Biomarkers of Inflammation and Clinical Outcomes","[""Inflammatory Bowel Diseases"", ""Colitis, Ulcerative"", ""Crohn Disease""]",2020-09-28,OBSERVATIONAL,,COMPLETED,[],True,,not_interventional,[]
NCT03492944,Contrast Enhanced Ultrasound in Human Crohn's Disease-Lumason,"[""Crohn Disease""]",2018-04-10,OBSERVATIONAL,,COMPLETED,[],False,,not_interventional,[]
NCT01030809,Trial of a Treatment Algorithm for the Management of Crohn's Disease,"[""Crohn's Disease""]",2009-12-11,INTERVENTIONAL,TREATMENT,COMPLETED,"[""PHASE4""]",False,,no_drug_or_biological_intervention,[]
NCT01959087,Single Port Colic Laparoscopic Surgery,"[""Colonic Neoplasms"", ""Crohn's Disease"", ""Diverticulitis""]",2013-10-09,INTERVENTIONAL,SUPPORTIVE_CARE,COMPLETED,"[""NA""]",False,,not_treatment_purpose,[]
NCT07782021,MIRICURE: Mirikizumab With Curettage and Repair (Closure) for Perianal Fistulizing Crohn's Disease,"[""Crohn's Disease"", ""Perianal Fistula""]",2026-08-24,INTERVENTIONAL,TREATMENT,NOT_YET_RECRUITING,"[""PHASE4""]",False,,included,"[""CHEMBL3990014""]"
NCT07347158,Effectiveness of Health Education as a Nursing Intervention in Improving Quality of Life and Reducing Symptoms of Anxiety and Depression in Ostomy Patients Following Digestive Surgery: A Quasi-Experimental Study.,"[""Colon Cancer"", ""Inflamatory Bowel Disease (Crohn&#39;s and Ulcerative Colitis)"", ""Colitis Ulcerative""]",2026-01-16,INTERVENTIONAL,SUPPORTIVE_CARE,ENROLLING_BY_INVITATION,"[""NA""]",False,,not_treatment_purpose,[]
NCT00672763,Adjuvant Vitamin D With Corticosteroids in Active Crohn's Disease,"[""Crohn's Disease""]",2008-05-06,INTERVENTIONAL,TREATMENT,WITHDRAWN,"[""PHASE4""]",False,Unable to recruit adequate trial participants,included,"[""CHEMBL2108659""]"
NCT06405087,A Long-Term Extension Study of Vedolizumab in Children and Teenagers With Ulcerative Colitis (UC) or Crohn's Disease (CD),"[""Ulcerative Colitis"", ""Crohn's Disease""]",2024-05-08,INTERVENTIONAL,TREATMENT,RECRUITING,"[""PHASE3""]",False,,included,"[""CHEMBL1743087""]"
NCT02580864,Bologna IBD Markers,"[""Crohn's Disease""]",2015-10-20,OBSERVATIONAL,,COMPLETED,[],False,,not_interventional,[]
NCT02193048,Prospective Evaluation of a Scoring System in Patients Newly Diagnosed With Crohn's Disease,"[""Crohn's Disease""]",2014-07-17,OBSERVATIONAL,,COMPLETED,[],False,,not_interventional,[]
NCT01180452,Endoscopic Detection of Dysplasia in Crohn 's Disease Patient,"[""Crohn Disease Located in Jejunum or Ileum""]",2010-08-12,INTERVENTIONAL,DIAGNOSTIC,COMPLETED,"[""PHASE4""]",False,,not_treatment_purpose,[]
NCT05552287,Pharmacokinetic Infliximab Data in Pediatric Crohn's Disease,"[""Crohn Disease"", ""Child, Only"", ""Biologic; Inadequate""]",2022-09-23,INTERVENTIONAL,TREATMENT,UNKNOWN,"[""PHASE4""]",False,,included,"[""CHEMBL1201581""]"
NCT06509828,Expanded Access Protocol for STOMP-II Patients Who Were Unable to Receive Treatment Subsequent to Adipose Tissue Collection,"[""Perianal Fistula Due to Crohn's Disease""]",2024-07-19,EXPANDED_ACCESS,,AVAILABLE,[],False,,not_interventional,[]
NCT00308438,Safety and Efficacy of ALX-0600 in Subjects With Active Crohn's Disease Who Completed Protocol CL0600-008,"[""Crohn's Disease""]",2006-03-29,INTERVENTIONAL,TREATMENT,COMPLETED,"[""PHASE2""]",False,,included,"[""CHEMBL2104987""]"
NCT02504255,"Evaluation of Immunological Markers, Inflammatory and Clinical Relapse Psychological Predictive During Crohn's Disease","[""Crohn Disease""]",2015-07-21,OBSERVATIONAL,,COMPLETED,[],False,,not_interventional,[]
NCT04867408,Endoscopic Severity Image Recognition to Advance Research and Training in Inflammatory Bowel Disease (EVEREST - IBD),"[""Inflammatory Bowel Disease 1""]",2021-04-30,OBSERVATIONAL,,RECRUITING,[],False,,no_explicit_crohn_condition,[]
NCT07766733,The Safety and Efficacy of Good Feeling Power® for IBD Patients,"[""Ulcerative Colitis (UC)"", ""Crohn Disease (CD)""]",2026-08-14,INTERVENTIONAL,SUPPORTIVE_CARE,COMPLETED,"[""NA""]",False,,not_treatment_purpose,[]
NCT03668249,A Study to Characterize Multidimensional Model to Predict the Course of Crohn's Disease (CD),"[""Inflammatory Bowel Diseases"", ""Crohn Disease""]",2018-09-12,OBSERVATIONAL,,COMPLETED,[],False,,not_interventional,[]
NCT01417715,Endomicroscopy for Assessment of Mucosal Healing,"[""Crohn´s Disease"", ""Ulcerative Colitis""]",2011-08-16,OBSERVATIONAL,,COMPLETED,[],False,,not_interventional,[]
NCT01433432,Open Label Extension Study to Protocol C2/13/DR-6MP-02,"[""Crohn's Disease""]",2011-09-14,INTERVENTIONAL,TREATMENT,WITHDRAWN,"[""PHASE2""]",False,Sponsor withdrew support for study due to reorganization and project prioritization,included,[]
NCT04089514,A Real-world Study of Imraldi® Use,"[""Arthritis, Rheumatoid (RA)"", ""Axial Spondyloarthritis (axSpA)"", ""Arthritis, Psoriatic (PsA)"", ""Crohn's Disease (CD)"", ""Colitis, Ulcerative (UC)""]",2019-09-13,OBSERVATIONAL,,COMPLETED,[],False,,not_interventional,[]
NCT00265772,Comparison of a Nutritional Anti-Inflammatory Treatment to Steroids for Pediatric Crohn's Disease - the Molecular Basis,"[""Crohn's Disease"", ""Pediatric""]",2005-12-15,INTERVENTIONAL,TREATMENT,UNKNOWN,"[""PHASE4""]",False,,included,"[""CHEMBL131""]"
NCT01363427,Retrospective Data Analysis in Crohn's Disease,"[""Crohn's Disease""]",2011-06-01,OBSERVATIONAL,,COMPLETED,[],False,,not_interventional,[]
NCT01738529,Characterization of Crohn's Disease at Confocal Laser Endomicroscopy (CLE) and Related to Disease Activity,"[""Crohn Disease""]",2012-11-30,INTERVENTIONAL,DIAGNOSTIC,COMPLETED,"[""NA""]",False,,not_treatment_purpose,[]
NCT04198831,Effect of Acupuncture on Quiescent Crohn's Disease,"[""Inflammatory Bowel Diseases"", ""Crohn Disease""]",2019-12-13,INTERVENTIONAL,TREATMENT,COMPLETED,"[""NA""]",False,,no_drug_or_biological_intervention,[]
NCT01860651,Web-based Monitoring in Children and Adolescents With Inflammatory Bowel Disease,"[""Inflammatory Bowel Disease"", ""Ulcerative Colitis"", ""Crohn´s Disease""]",2013-05-23,INTERVENTIONAL,SUPPORTIVE_CARE,COMPLETED,"[""NA""]",True,,not_treatment_purpose,[]
NCT04673357,A Study of Ustekinumab in Pediatric Participants With Moderately to Severely Active Crohn's Disease,"[""Crohn Disease""]",2020-12-17,INTERVENTIONAL,TREATMENT,COMPLETED,"[""PHASE3""]",True,,included,"[""CHEMBL1201835""]"
NCT05658081,Comparison of Two Stapled Antimesenteric Anastomosis for CD: a Randomized Control Trial Study,"[""Crohn Disease"", ""Recurrence""]",2022-12-20,INTERVENTIONAL,TREATMENT,RECRUITING,"[""NA""]",False,,no_drug_or_biological_intervention,[]
NCT03981939,Perianal Fistula (PAF) Validation and Burden of Illness Study,"[""Inflammatory Bowel Disease"", ""Perianal Fistula"", ""Crohns Disease""]",2019-06-11,OBSERVATIONAL,,COMPLETED,[],True,,not_interventional,[]
NCT05499156,Safety of Injection of Placental Mesenchymal Stem Cell Derived Exosomes for Treatment of Resistant Perianal Fistula in Crohn's Patients,"[""Perianal Fistula in Patients With Crohn's Disease""]",2022-08-12,INTERVENTIONAL,TREATMENT,UNKNOWN,"[""PHASE1"", ""PHASE2""]",False,,no_drug_or_biological_intervention,[]
NCT04326907,Treatment of Complex Anal Fistulas Using Centrifuged Adipose Tissue Containing Progenitor Cells,"[""Anal Fistula""]",2020-03-30,INTERVENTIONAL,TREATMENT,COMPLETED,"[""NA""]",False,,no_explicit_crohn_condition,[]
NCT03261102,TDM Guided Early Optimization of ADAL in Crohn's Disease,"[""Crohn Disease"", ""Drug Monitoring"", ""Inflammatory Bowel Diseases""]",2017-08-24,INTERVENTIONAL,TREATMENT,ACTIVE_NOT_RECRUITING,"[""NA""]",False,,included,"[""CHEMBL1201580""]"
NCT05627128,A Culturally Tailored Dietary Intervention to Treat Crohn's Disease,"[""Crohn Disease""]",2022-11-25,INTERVENTIONAL,TREATMENT,ACTIVE_NOT_RECRUITING,"[""NA""]",False,,no_drug_or_biological_intervention,[]
NCT03090139,Sub-optimal Response to Anti-Tumor Necrosis Factor's in Inflammatory Bowel Disease in Emerging Markets,"[""Colitis, Ulcerative"", ""Crohn Disease"", ""Inflammatory Bowel Diseases""]",2017-03-24,OBSERVATIONAL,,COMPLETED,[],False,,not_interventional,[]
NCT01444092,Safety Study of Entocort for Children With Crohn's Disease,"[""Crohn's Disease""]",2011-09-30,INTERVENTIONAL,TREATMENT,COMPLETED,"[""PHASE3""]",True,,included,"[""CHEMBL1370""]"
NCT00474097,Follow-Up Phone Calls After Colorectal Surgery,"[""Colorectal Surgery"", ""Colorectal Neoplasms"", ""Colitis, Ulcerative"", ""Diverticulitis"", ""Colonic Polyps""]",2007-05-16,OBSERVATIONAL,,COMPLETED,[],False,,no_explicit_crohn_condition,[]
NCT04467580,"Development of Inflammation and Fibrosis Index, Combining MRI and PET 18F-FDG, in Patient's With Crohn's Disease","[""Crohn Disease""]",2020-07-13,INTERVENTIONAL,DIAGNOSTIC,UNKNOWN,"[""NA""]",False,,not_treatment_purpose,[]
NCT05769829,ImmuneSense™ IBD Study,"[""Inflammatory Bowel Diseases""]",2023-03-15,OBSERVATIONAL,,TERMINATED,[],False,Enrollment challenges for cohort 2,no_explicit_crohn_condition,[]
NCT01915927,Stem Cell Fistula Plug in Perianal Crohn's Disease,"[""Perianal Crohn's Disease""]",2013-08-05,INTERVENTIONAL,TREATMENT,COMPLETED,"[""PHASE1""]",False,,included,[]
NCT02897661,Washed Microbiota Transplantation Improves Nutritional Status of Patients With Crohn's Disease,"[""Crohn's Diseases""]",2016-09-13,INTERVENTIONAL,TREATMENT,UNKNOWN,"[""NA""]",False,,no_drug_or_biological_intervention,[]
NCT04626947,Prevention of Recurrent Clostridium Difficile Infection (CDI) in Patients With Inflammatory Bowel Disease (IBD).,"[""Inflammatory Bowel Diseases"", ""Ulcerative Colitis"", ""Crohn Disease"", ""C. Diff. Infections""]",2020-11-13,INTERVENTIONAL,PREVENTION,TERMINATED,"[""PHASE4""]",True,Sponsor's decision,not_treatment_purpose,[]
NCT00723840,Assessment of the Social Cost of Crohn's Disease: Economic and Quality of Life Aspects (Study P04560),"[""Inflammatory Bowel Disease"", ""Crohn's Disease""]",2008-07-29,OBSERVATIONAL,,COMPLETED,[],True,,not_interventional,[]
NCT02130362,A Non-Interventional Clinical Study to Evaluate Long-Term Safety and Effectiveness of HUMIRA (Adalimumab) in Pediatric Patients With Moderately to Severely Active Crohn's Disease (CD),"[""Crohn's Disease""]",2014-05-05,OBSERVATIONAL,,ACTIVE_NOT_RECRUITING,[],False,,not_interventional,[]
NCT01698970,Effect of the Consumption of a Probiotic Strain on the Prevention of Post-operative Recurrence in Crohn's Disease,"[""Crohn's Disease""]",2012-10-03,INTERVENTIONAL,,COMPLETED,"[""NA""]",False,,no_drug_or_biological_intervention,[]
NCT07487480,A Prospective Observational Study on the Efficacy and Safety of Guselkumab in the Treatment of Crohn's Disease Patients Previously Treated With Ustekinumab,"[""Inflamatory Bowel Disease"", ""Inflamatory Bowel Disease (Crohn's and Ulcerative Colitis)""]",2026-03-23,OBSERVATIONAL,,RECRUITING,[],False,,not_interventional,[]
NCT04846959,Study to Evaluate Pregnancy Outcomes in Risankizumab Exposed Pregnancies Relative to Those Non-risankizumab Exposed Pregnancies in Women With FDA Approved Indications,"[""Plaque Psoriasis, Psoriatic Arthritis, Crohn's Disease, or Other Conditions for Which Risankizumab is an FDA-approved Treatment""]",2021-04-15,OBSERVATIONAL,,RECRUITING,[],False,,not_interventional,[]
NCT04738942,A Study of Intravenous Vedolizumab Administered Every 4 Weeks in Japanese Participants With Moderate to Severe Ulcerative Colitis or Crohn's Disease,"[""Ulcerative Colitis"", ""Crohn's Disease""]",2021-02-04,INTERVENTIONAL,TREATMENT,ACTIVE_NOT_RECRUITING,"[""PHASE3""]",True,,included,"[""CHEMBL1743087""]"
NCT06631586,Standardized Microbiota Transplant Therapy in Crohn's Disease,"[""Crohn Disease""]",2024-10-08,INTERVENTIONAL,BASIC_SCIENCE,RECRUITING,"[""PHASE2""]",False,,not_treatment_purpose,[]
NCT06180382,Comparison of Vedolizumab Treatment to Adalimumab Dose Intensification in Crohn's Disease Patients With Loss of Response or Biomarker Activity to Adalimumab on First Line With Therapeutic Drug Concentration.,"[""Crohn's Disease""]",2023-12-22,INTERVENTIONAL,TREATMENT,RECRUITING,"[""PHASE4""]",False,,included,"[""CHEMBL1201580"", ""CHEMBL1743087""]"
NCT04002180,Specified Drug-Use Survey on Vedolizumab for IV Infusion 300 mg [Crohn's Disease],"[""Crohn's Disease""]",2019-06-28,OBSERVATIONAL,,COMPLETED,[],False,,not_interventional,[]
NCT06055023,Phase I Clinical Study of ZL-82 Tablets,"[""Rheumatoid Arthritis (RA)"", ""Inflammatory Bowel Disease - IBD1""]",2023-09-26,INTERVENTIONAL,OTHER,COMPLETED,"[""PHASE1""]",False,,no_explicit_crohn_condition,[]
NCT04535882,Effectiveness of Serum Leucine-rich Alpha-2 Glycoprotein Levels on IBD,"[""LRG Levels""]",2020-09-02,OBSERVATIONAL,,COMPLETED,[],False,,no_explicit_crohn_condition,[]
NCT00606346,"A Multicenter, Prospective, Long-term, Observational Registry of Pediatric Patients With Inflammatory Bowel Disease","[""Crohn's Disease"", ""Ulcerative Colitis"", ""Indeterminate Colitis"", ""Inflammatory Bowel Diseases""]",2008-02-01,OBSERVATIONAL,,ACTIVE_NOT_RECRUITING,[],False,,not_interventional,[]
NCT01622270,Energy Expenditure in Patients With Crohn's Disease,"[""Crohn's Disease""]",2012-06-19,OBSERVATIONAL,,UNKNOWN,[],False,,not_interventional,[]
NCT03735355,Endoscopic Balloon Dilation vs Surgery to Treat Short Strictures in Fibrostenosing Crohns Disease: An RCT,"[""Crohn Disease""]",2018-11-08,INTERVENTIONAL,TREATMENT,UNKNOWN,"[""NA""]",False,,no_drug_or_biological_intervention,[]
NCT05246943,The Correlation of a D-dimer Testing Protocol With Venous Thromboembolism in Surgical Colorectal Patients,"[""Venous Thromboses"", ""Colorectal Cancer"", ""Diverticular Diseases"", ""Crohn Disease"", ""Ulcerative Colitis"", ""Deep Vein Thrombosis""]",2022-02-18,OBSERVATIONAL,,WITHDRAWN,[],False,No participants enrolled.,not_interventional,[]
NCT03654482,SuperSeton Pilot Studie,"[""Perianal Fistula"", ""Perianal Crohn Disease""]",2018-08-31,INTERVENTIONAL,TREATMENT,COMPLETED,"[""NA""]",False,,no_drug_or_biological_intervention,[]
NCT06053424,Positron Emission Tomography (PET) Study of Changes in [11C]AZ14132516 Uptake Following Administration of AZD7798 to Healthy Participants and Patients With Crohn's Disease,"[""Crohn's Disease""]",2023-09-25,INTERVENTIONAL,TREATMENT,COMPLETED,"[""PHASE1""]",False,,included,[]
NCT04909359,Characterization of CD Responders to Vedolizumab,"[""Crohn Disease"", ""Ulcerative Colitis""]",2021-06-01,OBSERVATIONAL,,COMPLETED,[],False,,not_interventional,[]
NCT00517296,Endoscopic Ultrasound (EUS) Guided Treatment With Humira for Crohn's Perianal Fistulas,"[""Crohn Disease"", ""Rectal Fistula""]",2007-08-16,INTERVENTIONAL,TREATMENT,COMPLETED,"[""PHASE4""]",True,,included,"[""CHEMBL1201580""]"
NCT02233062,Impact of Exclusive Enteral Nutrition Therapy on Sperm Quality of Patients With Crohn's Disease,"[""Crohn's Disease""]",2014-09-08,INTERVENTIONAL,TREATMENT,COMPLETED,"[""NA""]",False,,no_drug_or_biological_intervention,[]
NCT02450513,Adalimumab Trough Concentrations in Crohn's Disease: A Pilot Pharmacokinetic Study,"[""Crohn's Disease""]",2015-05-21,OBSERVATIONAL,,COMPLETED,[],False,,not_interventional,[]
NCT01349920,Biomarkers of Intestinal Mucosal Healing in Crohn's Disease (P08143),"[""Crohn Disease""]",2011-05-09,OBSERVATIONAL,,COMPLETED,[],True,,not_interventional,[]
NCT02801240,Effect of a Comprehensive Nutrition Support Product on the Nutritional Status of Adults With Inflammatory Bowel Disease,"[""Colitis, Ulcerative"", ""Crohn's Disease""]",2016-06-15,INTERVENTIONAL,SUPPORTIVE_CARE,COMPLETED,"[""NA""]",False,,not_treatment_purpose,[]
NCT07593352,Renal Dysfunction in Patients With Inflammatory Bowel Disease and the General Population (NEPHRO-IBD),"[""IBD and Renal Involement"", ""Chronic Kidney Disease"", ""Inflamatory Bowel Disease (Crohn's and Ulcerative Colitis)""]",2026-05-18,OBSERVATIONAL,,RECRUITING,[],False,,not_interventional,[]
NCT05197049,A Study of Guselkumab Subcutaneous Therapy in Participants With Moderately to Severely Active Crohn's Disease,"[""Crohn Disease""]",2022-01-19,INTERVENTIONAL,TREATMENT,ACTIVE_NOT_RECRUITING,"[""PHASE3""]",True,,included,[]
NCT01817426,Discontinuation of Infliximab Therapy in Patients With Crohn's Disease During Sustained Complete Remission,"[""Crohn Disease""]",2013-03-25,INTERVENTIONAL,TREATMENT,COMPLETED,"[""PHASE4""]",False,,included,"[""CHEMBL1201581""]"
NCT06986382,Phase 1b/2a Trial of Allogeneic HSCT From an HLA-partially Matched Related or Unrelated Donor After TCRab+ T-cell/CD19+ B-cell Depletion for Patients With Monogenic and/or Early-onset Medically Refractory Crohn Disease,"[""Crohn Disease""]",2025-05-23,INTERVENTIONAL,TREATMENT,NOT_YET_RECRUITING,"[""PHASE1"", ""PHASE2""]",False,,included,"[""CHEMBL1201576"", ""CHEMBL1201821"", ""CHEMBL1750"", ""CHEMBL2108981"", ""CHEMBL852""]"
NCT01749813,Specific Carbohydrate Diet as Maintenance Therapy in Crohn's Disease,"[""Crohn's Disease""]",2012-12-17,OBSERVATIONAL,,COMPLETED,[],False,,not_interventional,[]
NCT03671980,IBD Self-management Website and Home Faecal Calprotectin Monitoring,"[""Inflammatory Bowel Diseases"", ""Crohn Disease"", ""Ulcerative Colitis"", ""Self-care""]",2018-09-14,INTERVENTIONAL,OTHER,COMPLETED,"[""NA""]",False,,not_treatment_purpose,[]
NCT06734780,Effects of Vaping on Post-operative Recurrence of Crohn's Disease,"[""The Impact of Vaping on Crohn's Disease Endoscopic Recurrence After Resection""]",2024-12-16,OBSERVATIONAL,,UNKNOWN,[],False,,not_interventional,[]
NCT07649720,NaviCam Patency Capsule to Verify Gastrointestinal Patency,"[""Intestinal Stricture"", ""Crohn Disease"", ""NSAID (Non-Steroidal Anti-Inflammatory Drug) Induced Enteropathy"", ""Abdominal Pain""]",2026-06-16,INTERVENTIONAL,SCREENING,NOT_YET_RECRUITING,"[""NA""]",False,,not_treatment_purpose,[]
NCT03185624,Effectiveness of Rifaximin on Preventing Postoperative Recurrence in Crohn's Disease,"[""Crohn Disease""]",2017-06-14,INTERVENTIONAL,PREVENTION,UNKNOWN,"[""PHASE3""]",False,,not_treatment_purpose,[]
NCT05542459,Multi-omics to Predict Responses to Biologics in IBD,"[""Crohn Disease"", ""Ulcerative Colitis""]",2022-09-15,OBSERVATIONAL,,UNKNOWN,[],False,,not_interventional,[]
NCT04187820,Effect of Acupuncture on Mild to Moderate Active Crohn's Disease,"[""Intestinal Disorder"", ""Inflammatory Bowel Diseases"", ""Crohn Disease""]",2019-12-05,INTERVENTIONAL,TREATMENT,RECRUITING,"[""NA""]",False,,no_drug_or_biological_intervention,[]
NCT03999580,The Vitamin D in Pediatric Crohn's Disease ( ViDiPeC-2 ),"[""Crohn Disease""]",2019-06-26,INTERVENTIONAL,TREATMENT,UNKNOWN,"[""PHASE3""]",False,,included,[]
NCT06073288,Unveiling the Microbial Impact on Intestinal Fibrosis,"[""Crohn Disease""]",2023-10-10,OBSERVATIONAL,,NOT_YET_RECRUITING,[],False,,not_interventional,[]
NCT01823042,The Efficacy of Enteral Nutrition in Fill of the Treatment Blank Period of the Postoperative Maintain Remission Medication for Crohn's Disease (CD),"[""Crohn's Disease""]",2013-04-04,INTERVENTIONAL,TREATMENT,UNKNOWN,"[""NA""]",False,,included,"[""CHEMBL1542""]"
NCT07694674,Comparison of the Efficacy of Different Biologic Agents in Preventing Postoperative Endoscopic Recurrence of Crohn's Disease,"[""Inflamatory Bowel Disease"", ""Crohn Disease (CD)""]",2026-07-10,OBSERVATIONAL,,RECRUITING,[],False,,not_interventional,[]
NCT06822686,Autologous Stem Cells in the Management of Fistulating Perianal Crohn's Disease,"[""Fistula in Ano"", ""Crohn Disease""]",2025-02-12,INTERVENTIONAL,DEVICE_FEASIBILITY,WITHDRAWN,"[""NA""]",False,Unable to obtain theatre access to carry out the trial.,not_treatment_purpose,[]
NCT01155362,PDA001 for the Treatment of Adults With Moderate-to-Severe Crohn's Disease,"[""Crohn's Disease""]",2010-07-01,INTERVENTIONAL,TREATMENT,COMPLETED,"[""PHASE2""]",True,,included,[]
NCT00808262,Safety and Immunogenicity of a TNFa Kinoid in Patients With Crohn's Disease,"[""Crohn's Disease""]",2008-12-15,INTERVENTIONAL,TREATMENT,COMPLETED,"[""PHASE1"", ""PHASE2""]",False,,included,[]
NCT01860846,"Anti-Tumor Necrosis Factor (TNF) Treatments, Work Productivity and Quality of Life in Crohn's Disease","[""Crohn's Disease""]",2013-05-23,OBSERVATIONAL,,COMPLETED,[],True,,not_interventional,[]
NCT04330846,Prospective Multicenter Randomized Comparative Study of the Treatment of de Novo Stenosis in Chron's Disease.,"[""Crohn Disease""]",2020-04-02,INTERVENTIONAL,DIAGNOSTIC,RECRUITING,"[""NA""]",False,,not_treatment_purpose,[]
NCT07246460,Ultrasound and Proteomics for Guselkumab Response Assessment in Crohn's Disease (UPGRADE).,"[""Crohn's Disease of Both Small and Large Intestine""]",2025-11-24,OBSERVATIONAL,,RECRUITING,[],False,,not_interventional,[]
NCT05813860,HLADQA1*05 Genotype and the Efficacy of Treatment With Infliximab in Chinese Population Crohn's Disease,"[""Crohn Disease"", ""Infliximab""]",2023-04-14,INTERVENTIONAL,TREATMENT,NOT_YET_RECRUITING,"[""PHASE4""]",False,,included,"[""CHEMBL1201581"", ""CHEMBL1542""]"
NCT02038920,Phase III Study of MLN0002 (300 mg) in Treatment of Crohn's Disease,"[""Crohn's Disease""]",2014-01-17,INTERVENTIONAL,TREATMENT,COMPLETED,"[""PHASE3""]",True,,included,"[""CHEMBL1743087""]"
NCT04795960,Microbiome Modification to Enhance Stelara Response in Crohn's Disease,"[""Crohn Disease""]",2021-03-12,INTERVENTIONAL,TREATMENT,WITHDRAWN,"[""NA""]",False,Lack of eligible and interested patients,no_drug_or_biological_intervention,[]
NCT02148185,"Pharmacokinetics (PK), Pharmacodynamics (PD) and Safety Study of MT-1303 in Subjects With Crohn's Disease","[""Crohn's Disease""]",2014-05-28,INTERVENTIONAL,TREATMENT,COMPLETED,"[""PHASE1""]",False,,included,"[""CHEMBL3707375""]"
NCT06408935,Transmural Healing and Disease-Modifying Effect of Guselkumab in Crohn's Disease Patients,"[""Crohn's Disease""]",2024-05-10,INTERVENTIONAL,TREATMENT,ACTIVE_NOT_RECRUITING,"[""PHASE3""]",False,,included,"[""CHEMBL2364648""]"
NCT07510191,TNFi Plus Low-Dose Upadacitinib vs TNFi Intensification in Crohn's Disease With Suboptimal Response,"[""Crohn Disease (CD)""]",2026-04-03,INTERVENTIONAL,TREATMENT,RECRUITING,"[""PHASE4""]",False,,included,"[""CHEMBL3622821""]"
NCT04964297,Evaluation of Ability to Detect Bowel Gas During Laparoscopic Right Colectomy With Intracorporeal Anastomosis,"[""Crohn's Disease of Large Intestine"", ""Malignant Neoplasm of Colon""]",2021-07-16,INTERVENTIONAL,DIAGNOSTIC,TERMINATED,"[""NA""]",True,Need for device upgrade.,not_treatment_purpose,[]
NCT07828886,Immune Aging and Advanced Therapy Outcomes in Older Adults With IBD,"[""Inflammatory Bowel Disease (Crohn&#39;s Disease and Ulcerative Colitis)"", ""Frailty"", ""Immunosenescence""]",2026-09-18,OBSERVATIONAL,,NOT_YET_RECRUITING,[],False,,not_interventional,[]
NCT07077746,HB-adMSCs for the Treatment of Crohn's Disease,"[""Crohn Disease (CD)""]",2025-07-22,INTERVENTIONAL,TREATMENT,RECRUITING,"[""PHASE2""]",False,,included,[]
NCT04804046,Synbiotics and Post-op Crohn's Disease,"[""Crohn's Disease""]",2021-03-18,INTERVENTIONAL,PREVENTION,TERMINATED,"[""NA""]",False,Lack of funding,not_treatment_purpose,[]
NCT02060318,Regulatory T-cells and Crohn's Disease,"[""Crohn Disease""]",2014-02-12,OBSERVATIONAL,,COMPLETED,[],False,,not_interventional,[]
NCT01536418,An Active Treatment Study to Induce Clinical Response and/or Remission With GSK1605786A in Subjects With Crohn's Disease,"[""Crohn's Disease""]",2012-02-22,INTERVENTIONAL,TREATMENT,TERMINATED,"[""PHASE3""]",True,,included,"[""CHEMBL2178578""]"
NCT01032525,Monroe County Inflammatory Bowel Disease (IBD) Registry,"[""Inflammatory Bowel Disease"", ""Crohn's Disease"", ""Ulcerative Colitis""]",2009-12-15,OBSERVATIONAL,,COMPLETED,[],False,,not_interventional,[]
NCT04018040,Vegetarian Diet in IBD,"[""Ulcerative Colitis"", ""Crohn Disease"", ""Inflammatory Bowel Diseases""]",2019-07-12,INTERVENTIONAL,TREATMENT,COMPLETED,"[""NA""]",False,,no_drug_or_biological_intervention,[]
NCT07033208,Feasibility of a Wireless Thermal Capsule Endoscopy to Detect Gastrointestinal Thermal Variance,"[""Crohn Disease"", ""Inflammatory Bowel Diseases"", ""Healthy""]",2025-06-24,INTERVENTIONAL,DEVICE_FEASIBILITY,RECRUITING,"[""NA""]",False,,not_treatment_purpose,[]
NCT00686374,Efficacy and Long Term Safety of Adalimumab in Pediatric Subjects Who Have Demonstrated Clinical Response in M06-806,"[""Crohn's Disease""]",2008-05-29,INTERVENTIONAL,TREATMENT,COMPLETED,"[""PHASE3""]",True,,included,"[""CHEMBL1201580""]"
NCT06520397,Efficacy and Safety of Dual-targeted Therapy With Upadacitinib and Ustekinumab Versus Intensified Ustekinumab Therapy in Crohn's Disease,"[""Crohn Disease""]",2024-07-25,INTERVENTIONAL,PREVENTION,RECRUITING,"[""PHASE4""]",False,,not_treatment_purpose,[]
NCT06805890,Study of Tissue Repair in Inflammatory Bowel Disease Exploiting Organoid Technology,"[""Crohn Disease"", ""Inflammatory Bowel Diseases (IBD)"", ""Ulcerative Colitis (Disorder)""]",2025-02-03,INTERVENTIONAL,BASIC_SCIENCE,RECRUITING,"[""NA""]",False,,not_treatment_purpose,[]
NCT04188990,Cost Effectiveness of an Intervention in Hospitalized Patients With Disease-related Malnutrition,"[""Pancreatitis, Acute"", ""Crohn Disease"", ""Ulcerative Colitis"", ""Inflammatory Bowel Diseases"", ""Pancreatic Cancer"", ""Esophagus Cancer"", ""Gastric Cancer"", ""Colorectal Cancer""]",2019-12-06,INTERVENTIONAL,TREATMENT,COMPLETED,"[""NA""]",False,,no_drug_or_biological_intervention,[]
NCT06407674,Non-invasive Assessment of RECTUM (POUCH) by US (RECT-US) in a Cohort of IBD Patients,"[""Ulcerative Colitis"", ""Crohn's Disease""]",2024-05-09,OBSERVATIONAL,,UNKNOWN,[],False,,not_interventional,[]
NCT01218360,Observational Study of Disease Severity in Participants Diagnosed With Crohn's Disease and Long Term Impact of Treatment Strategies in Participants With Moderate to Severe Crohn's Disease (Protocol P06484),"[""Crohn Disease""]",2010-10-11,OBSERVATIONAL,,COMPLETED,[],False,,not_interventional,[]
NCT03241368,Clinical Study Comparing PillCam® Crohn's Capsule Endoscopy to Ileocolonoscopy (IC) Plus MRE for Detection of Active CD in the Small Bowel and Colon in Subjects With Known CD and Mucosal Disease.,"[""Crohn Disease""]",2017-08-07,INTERVENTIONAL,DIAGNOSTIC,COMPLETED,"[""NA""]",True,,not_treatment_purpose,[]
NCT06392061,Effect of Probiotic Administration on Patients With Inflammatory Bowel Disease,"[""Inflammatory Bowel Diseases"", ""Quality of Life"", ""Food Intolerance"", ""Flare Up"", ""Ulcerative Colitis"", ""Crohn Disease""]",2024-04-30,INTERVENTIONAL,TREATMENT,UNKNOWN,"[""NA""]",False,,no_drug_or_biological_intervention,[]
NCT06364722,Effect of Acupuncture on the Microbiota-gut-brain Axis in Crohn's Disease,"[""Crohn Disease""]",2024-04-15,INTERVENTIONAL,TREATMENT,COMPLETED,"[""NA""]",False,,no_drug_or_biological_intervention,[]
NCT02186275,The Vitamin D in Pediatric Crohn's Disease,"[""Crohn's Disease""]",2014-07-10,INTERVENTIONAL,TREATMENT,COMPLETED,"[""PHASE3""]",False,,included,"[""CHEMBL1042""]"
NCT00269841,An Efficacy and Safety Study of Anti-TNF Monoclonal Antibody in Patients With Fistulizing Crohn's Disease,"[""Crohn Disease""]",2005-12-26,INTERVENTIONAL,TREATMENT,COMPLETED,"[""PHASE3""]",False,,included,"[""CHEMBL1201581""]"
NCT05299931,An Open-Label Extension and Long-term Efficacy and Safety Monitoring Study of Patients with Crohn's Disease Previously Included in the Loss of RESponse to Ustekinumab Treated by Dose Escalation Study,"[""Crohn Disease""]",2022-03-29,INTERVENTIONAL,TREATMENT,ACTIVE_NOT_RECRUITING,"[""PHASE3""]",False,,included,"[""CHEMBL1201835""]"
NCT03012542,Diet as Essential Therapy (DIET) for Inflammatory Bowel Disease,"[""Crohn Disease""]",2017-01-06,INTERVENTIONAL,TREATMENT,UNKNOWN,"[""NA""]",False,,no_drug_or_biological_intervention,[]
NCT01171872,Gene Expression in Inflammatory Bowel Disease,"[""Inflammatory Bowel Disease""]",2010-07-29,OBSERVATIONAL,,ENROLLING_BY_INVITATION,[],False,,no_explicit_crohn_condition,[]
NCT03370601,Evaluation of the Clinical and Immunological Impact of Two Therapeutic Strategies in Chronic Inflammatory Diseases,"[""Inflammatory Bowel Diseases""]",2017-12-12,INTERVENTIONAL,TREATMENT,TERMINATED,"[""NA""]",False,Not enough recruitment Lack of funding CR,no_explicit_crohn_condition,[]
NCT03635112,Efficacy and Safety of TD-1473 in Crohn's Disease,"[""Crohn's Disease""]",2018-08-17,INTERVENTIONAL,TREATMENT,TERMINATED,"[""PHASE2""]",True,The study was terminated by the sponsor on 16 November 2021 after a planned review by the Independent Data Monitoring Committee.,included,"[""CHEMBL4650343""]"
NCT02974322,A Study of Efficacy and Safety of Mongersen (GED-0301) for the Treatment of Adult and Adolescent Subjects With Active Crohn's Disease,"[""Crohn Disease""]",2016-11-28,INTERVENTIONAL,TREATMENT,WITHDRAWN,"[""PHASE3""]",False,Sponsor decision not to start trial,included,"[""CHEMBL3707383""]"
NCT06777251,Changing the Future of Intestinal Failure in Intestinal Chronic Inflammation (INT-FAIL),"[""Intestinal Failure"", ""Inflammatory Bowel Diseases"", ""Crohn Disease""]",2025-01-15,INTERVENTIONAL,DIAGNOSTIC,ACTIVE_NOT_RECRUITING,"[""NA""]",False,,not_treatment_purpose,[]
NCT01187459,Vitamin D in Pediatric Crohn's Disease,"[""Vitamin D Deficiency""]",2010-08-24,INTERVENTIONAL,PREVENTION,COMPLETED,"[""PHASE4""]",False,,no_explicit_crohn_condition,[]
NCT04303260,Special Physical Exercises as a Therapeutic Intervention for Inflammatory Bowel Disease,"[""Crohn Disease"", ""Ulcerative Colitis""]",2020-03-11,INTERVENTIONAL,TREATMENT,COMPLETED,"[""NA""]",False,,no_drug_or_biological_intervention,[]
NCT06059989,InDuctIon TREatment with SubCuTaneous Infliximab for Crohn's Disease,"[""Inflammatory Disease"", ""Disease Crohn"", ""Bowel Disease""]",2023-09-29,INTERVENTIONAL,TREATMENT,RECRUITING,"[""PHASE3""]",False,,included,"[""CHEMBL1201581""]"
NCT00300118,Oral Budesonide vs. Oral Mesalazine in Active Crohn's Disease (CD),"[""Crohn's Disease""]",2006-03-08,INTERVENTIONAL,TREATMENT,COMPLETED,"[""PHASE3""]",False,,included,"[""CHEMBL1370"", ""CHEMBL704""]"
NCT04151420,"Real Life Remote Monitoring of Mild, Moderate and Severe Infectious Complications in IBD by Patient Reported Assessment","[""Inflammatory Bowel Diseases"", ""Crohn Disease"", ""Ulcerative Colitis"", ""IBD"", ""Digestive System Disease"", ""Patient Reported Outcome Measures""]",2019-11-05,OBSERVATIONAL,,COMPLETED,[],False,,not_interventional,[]
NCT01287897,A Study To Assess The Efficacy And Safety Of PF-04236921 In Subjects With Crohn's Disease Who Failed Anti-TNF Therapy,"[""Crohn's Disease""]",2011-02-02,INTERVENTIONAL,TREATMENT,COMPLETED,"[""PHASE2""]",True,,included,[]
NCT06516341,Spatially and Temporally Resolving Predictive Biomarkers of Postoperative Recurrence and Complications in Chronic Intestinal Inflammation,"[""Ulcerative Colitis"", ""Crohn Disease""]",2024-07-23,OBSERVATIONAL,,RECRUITING,[],False,,not_interventional,[]
NCT00177866,Safety of Celecoxib in Patients With Crohn's Disease,"[""Crohn's Disease""]",2005-09-15,INTERVENTIONAL,TREATMENT,TERMINATED,"[""PHASE4""]",True,We were unable to get additional funding to complete study.,included,"[""CHEMBL118""]"
NCT01144156,Small Bowel Mucosal Healing Induced by Adalimumab in Crohn's Disease Patients as Assessed by Capsule Endoscopy,"[""Crohn's Disease""]",2010-06-15,INTERVENTIONAL,TREATMENT,UNKNOWN,"[""NA""]",False,,included,[]
NCT07441629,Qualitative Exploration of Key Symptoms of Stricturing Crohn's Disease: Toward the Development of a Clinical Assessment Score.,"[""Crohn Disease (CD)""]",2026-03-02,OBSERVATIONAL,,NOT_YET_RECRUITING,[],False,,not_interventional,[]
NCT06953791,Comparison of Quality of Life During a Flare of Crohn's Disease Treated With Prednisolone or aCDED With PEN in Adult Patients,"[""Crohn Disease"", ""Nutrition Assessment"", ""Diet Therapy""]",2025-05-01,INTERVENTIONAL,TREATMENT,RECRUITING,"[""PHASE2""]",False,,included,"[""CHEMBL131""]"
NCT01067547,A Trial of Iron Replacement in Patients With Iron Deficiency.,"[""Iron Deficiency"", ""Inflammatory Bowel Disease""]",2010-02-11,INTERVENTIONAL,TREATMENT,COMPLETED,"[""PHASE4""]",False,,no_explicit_crohn_condition,[]
NCT01573078,Psychology of Crohn's Disease,"[""Crohn's Disease""]",2012-04-06,OBSERVATIONAL,,COMPLETED,[],False,,not_interventional,[]
NCT04924543,OPtical Diagnosis Training to Improve Dysplasia Characterisation in IBD,"[""Inflammatory Bowel Diseases"", ""Dysplasia Colon"", ""Dysplasia, Crohn Disease-Associated"", ""Polyp of Colon"", ""Ulcerative Colitis"", ""Crohn Colitis"", ""Crohn Disease""]",2021-06-14,INTERVENTIONAL,OTHER,COMPLETED,"[""NA""]",False,,not_treatment_purpose,[]
NCT06450197,Phase IIa Study Evaluating AZD7798 in Crohn's Disease,"[""Moderate to Severe Crohn's Disease""]",2024-06-10,INTERVENTIONAL,TREATMENT,ACTIVE_NOT_RECRUITING,"[""PHASE2""]",False,,included,[]
NCT04718493,Endoscopic Stenting in Crohn Related Strictures,"[""Intestinal Strictures Related to Crohn´s Disease""]",2021-01-22,INTERVENTIONAL,TREATMENT,COMPLETED,"[""NA""]",False,,no_drug_or_biological_intervention,[]
NCT02743806,Extended Access Program of Vedolizumab IV in Ulcerative Colitis and Crohn's Disease,"[""Colitis, Ulcerative"", ""Crohn Disease""]",2016-04-19,INTERVENTIONAL,TREATMENT,TERMINATED,"[""PHASE4""]",True,Early Completed - Alternative Source of Drug Available,included,"[""CHEMBL1743087""]"
NCT01783106,Antibiotics and Hydroxychloroquine in Crohn's,"[""Crohn's Disease""]",2013-02-04,INTERVENTIONAL,TREATMENT,COMPLETED,"[""PHASE2""]",False,,included,"[""CHEMBL1370"", ""CHEMBL1433"", ""CHEMBL1535"", ""CHEMBL8""]"
NCT06523647,Clinical Efficacy of Ustekinumab in Crohn's Disease,"[""Crohn's Disease""]",2024-07-26,OBSERVATIONAL,,UNKNOWN,[],False,,not_interventional,[]
NCT01237847,A Brief Intervention to Improve Adherence in Teens With Inflammatory Bowel Disease,"[""Inflammatory Bowel Disease""]",2010-11-10,INTERVENTIONAL,TREATMENT,UNKNOWN,"[""NA""]",False,,no_explicit_crohn_condition,[]
NCT07663201,Cardiovascular Risk in Patients With IBD,"[""Ulcerative Colitis (UC)"", ""Crohn's Diseases"", ""Cardiovascular Risk""]",2026-06-23,OBSERVATIONAL,,NOT_YET_RECRUITING,[],False,,not_interventional,[]
NCT06933264,Corporal Composition and Gut Microbiome Modification Through Exclusion Dietary Intervention in Crohn's Disease,"[""Crohn Disease""]",2025-04-18,INTERVENTIONAL,TREATMENT,NOT_YET_RECRUITING,"[""NA""]",False,,no_drug_or_biological_intervention,[]
NCT03091309,Counseling to Optimize Adherence in Expectant Mothers With Inflammatory Bowel Disease,"[""Inflammatory Bowel Diseases"", ""Medication Adherence"", ""Crohn Disease"", ""Ulcerative Colitis""]",2017-03-27,INTERVENTIONAL,HEALTH_SERVICES_RESEARCH,UNKNOWN,"[""NA""]",False,,not_treatment_purpose,[]
NCT02772458,Reduced Appetite in Crohn's Disease: The Role of the Brain in the Control of Food Intake,"[""Crohn's Disease""]",2016-05-13,INTERVENTIONAL,BASIC_SCIENCE,COMPLETED,"[""NA""]",False,,not_treatment_purpose,[]
NCT00001184,Immune Regulation in Ulcerative Colitis or Crohn s Disease,"[""Inflammatory Bowel Disease"", ""Ulcerative Colitis"", ""Chrohn's Disease""]",1999-11-04,OBSERVATIONAL,,RECRUITING,[],False,,no_explicit_crohn_condition,[]
NCT02330458,The Role of Small Bowel Ultrasound in Initiation of Infliximab in Crohn's Disease Patients,"[""Inflammatory Bowel Disease"", ""Crohn's Disease""]",2015-01-05,OBSERVATIONAL,,UNKNOWN,[],False,,not_interventional,[]
NCT04695184,Subjective Near-infrared Fluorescence Guidance in Perfusion Assessment of Ileal Pouch Formation and Ileal-pouch-anal Anastomosis,"[""Ulcerative Colitis"", ""Colorectal Cancer"", ""Crohn Disease"", ""Familial Adenomatous Polyposis"", ""Crohn Colitis"", ""Ileal Pouch""]",2021-01-05,INTERVENTIONAL,DIAGNOSTIC,UNKNOWN,"[""NA""]",False,,not_treatment_purpose,[]
NCT02998398,Evaluation of the Switch From the Original Infliximab to Its Biosimilar in Daily Practice at Cochin Hospital,"[""Rheumatoid Arthritis"", ""Spondyloarthritis"", ""Crohn's Disease"", ""Uveitis""]",2016-12-20,OBSERVATIONAL,,COMPLETED,[],False,,not_interventional,[]
NCT02319798,Telephone Consultation as a Substitute for Routine Out-patient Face-to-face Consultation for Children With Inflammatory Bowel Disease,"[""Crohn's Disease"", ""Ulcerative Colitis""]",2014-12-18,INTERVENTIONAL,OTHER,COMPLETED,"[""NA""]",False,,not_treatment_purpose,[]
NCT02872506,Comparing the Quality of Life of Terminal Ileitis Patients With Crohn's Disease Treated With Anti-TNF or Surgical Resection,"[""Quality of Life""]",2016-08-19,INTERVENTIONAL,OTHER,WITHDRAWN,"[""NA""]",False,investigator decision,no_explicit_crohn_condition,[]
NCT03465215,Evaluation of Stricturing Crohn's Disease Using Digital Holographic Microscopy,"[""Inflammatory Bowel Diseases"", ""Crohn Disease""]",2018-03-14,INTERVENTIONAL,DIAGNOSTIC,UNKNOWN,"[""NA""]",False,,not_treatment_purpose,[]
NCT06146335,Analysis of Biologic Signatures in Crohn's Patients Undergoing Surgery,"[""Crohn Disease""]",2023-11-24,INTERVENTIONAL,OTHER,COMPLETED,"[""NA""]",False,,not_treatment_purpose,[]
NCT07832435,"A Phase 2, Placebo-Controlled Study of Oral RXC008 for Crohn's Strictures","[""Strictures Due to Crohn's Disease""]",2026-09-22,INTERVENTIONAL,TREATMENT,NOT_YET_RECRUITING,"[""PHASE2""]",False,,included,[]
NCT02763293,Osteopathy Non-manipulative in Patients With Crohn's Disease.,"[""Crohn´s Disease""]",2016-05-05,INTERVENTIONAL,TREATMENT,COMPLETED,"[""NA""]",False,,no_drug_or_biological_intervention,[]
NCT03941184,Spontaneous Coronary Artery Dissection (SCAD) and Autoimmunity,"[""SCAD"", ""Addison Disease"", ""Ankylosing Spondylitis"", ""Antiphospholipid Antibody Syndrome"", ""Celiac Disease"", ""Crohn Disease"", ""Dermatomyositis"", ""Polymyositis"", ""Guillain-Barre Syndrome"", ""Hepatitis, Autoimmune"", ""Graves Disease"", ""Hashimoto Thyroiditis"", ""Multiple Sclerosis"", ""Myasthenia Gravis"", ""Pernicious Anemia"", ""Polymyalgia Rheumatica"", ""Primary Biliary Cirrhosis"", ""Psoriasis"", ""Rheumatoid Arthritis"", ""Systemic Sclerosis"", ""Sjögren Syndrome"", ""Systemic Lupus Erythematosus"", ""Takayasu Arteritis"", ""Type 1 Diabetes Mellitus"", ""Ulcerative Colitis"", ""Uveitis"", ""Vasculitis"", ""Vitiligo"", ""Raynaud""]",2019-05-07,OBSERVATIONAL,,COMPLETED,[],False,,not_interventional,[]
NCT05456776,Azathioprine Linked With Impaired Intestinal Epithelial Postoperative Regeneration in Crohn's Disease,"[""Inflammatory Bowel Diseases""]",2022-07-13,OBSERVATIONAL,,COMPLETED,[],False,,no_explicit_crohn_condition,[]
NCT02636517,Fecal Microbiome Transplant,"[""Clostridium Difficile"", ""Inflammatory Bowel Disease"", ""Crohn's Disease"", ""Ulcerative Colitis""]",2015-12-21,INTERVENTIONAL,TREATMENT,ENROLLING_BY_INVITATION,"[""PHASE1""]",False,,included,[]
NCT03759288,An Active and Placebo-Controlled Study of Brazikumab in Participants With Moderately to Severely Active Crohn's Disease,"[""Crohn's Disease"", ""IBD""]",2018-11-29,INTERVENTIONAL,TREATMENT,TERMINATED,"[""PHASE2"", ""PHASE3""]",True,Strategic decision to discontinue the development of brazikumab in inflammatory bowel disease.,included,"[""CHEMBL1201580""]"
NCT04881370,Quality of Life for Patients With Chronic Paediatric Onset Inflammatory Bowel Disease (IBD),"[""Crohn Disease"", ""Ulcerative Colitis""]",2021-05-11,OBSERVATIONAL,,TERMINATED,[],False,insufficiency inclusion during the inclusion periode,not_interventional,[]
NCT02020382,Evaluation of the Diagnostic Value of microRNAs for Inflammatory Bowel Diseases,"[""Ulcerative Colitis"", ""Crohn Disease"", ""Healthy"", ""Non-IBD Colitis""]",2013-12-24,INTERVENTIONAL,DIAGNOSTIC,COMPLETED,"[""NA""]",False,,not_treatment_purpose,[]
NCT01364896,Anal Human Papillomavirus in Inflammatory Bowel Disease Study,"[""Inflammatory Bowel Disease (IBD)"", ""Ulcerative Colitis (UC)"", ""Crohn's Disease (CD)"", ""Anal Human Papillomavirus""]",2011-06-03,OBSERVATIONAL,,COMPLETED,[],True,,not_interventional,[]
NCT07494227,Development of the SC-IBD Self-Care Measurement Scale,"[""Inflammatory Bowel Diseases"", ""Ulcerative Colitis"", ""Crohn Disease""]",2026-03-27,OBSERVATIONAL,,NOT_YET_RECRUITING,[],False,,not_interventional,[]
NCT01473927,Significance of Ficolin 2 in the Determination of Serological Activity in Chronic Inflammatory Bowel Disease,"[""Crohn Disease""]",2011-11-17,OBSERVATIONAL,,COMPLETED,[],False,,not_interventional,[]
NCT06203782,Comparing Endoscopic Strictureplasty vs. Balloon Dilation in Crohn's Disease Strictures,"[""Crohn Disease""]",2024-01-12,INTERVENTIONAL,TREATMENT,RECRUITING,"[""NA""]",False,,no_drug_or_biological_intervention,[]
NCT07169123,Protease Regulation and Impact of Sodium as Mechanisms of Inflammation in IBD,"[""Crohns Disease""]",2025-09-11,OBSERVATIONAL,,RECRUITING,[],False,,not_interventional,[]
NCT04757935,Yoga for Youth With IBD: a Pilot Feasibility Study,"[""Inflammatory Bowel Diseases"", ""Yoga"", ""Adolescents"", ""Crohn Disease"", ""Ulcerative Colitis""]",2021-02-17,INTERVENTIONAL,TREATMENT,COMPLETED,"[""NA""]",False,,no_drug_or_biological_intervention,[]
NCT06082986,A Retrospective Observational Study of Ustekinumab Among Bio-naive Participants With Crohn's Disease in China,"[""Crohn Disease""]",2023-10-13,OBSERVATIONAL,,COMPLETED,[],False,,not_interventional,[]
NCT06298188,Risankizumab in Children With Crohn's Disease (RisaKids),"[""Crohn Disease""]",2024-03-07,INTERVENTIONAL,TREATMENT,RECRUITING,"[""NA""]",False,,included,"[""CHEMBL3990029""]"
NCT02997059,Effect of Fluconazole on the Levels of ASCA After Surgical Resection for Crohn's Disease.,"[""Crohn's Disease Aggravated""]",2016-12-19,INTERVENTIONAL,TREATMENT,COMPLETED,"[""PHASE2""]",False,,included,"[""CHEMBL106""]"
NCT01957423,Immune Response Regulation and Nutritional Status of the Crohn's Disease Patients.,"[""Crohn's Disease""]",2013-10-08,INTERVENTIONAL,TREATMENT,COMPLETED,"[""NA""]",False,,no_drug_or_biological_intervention,[]
NCT07545317,Real-World Study of IL-23 Inhibitors in Active Crohn's Disease,"[""Crohn's Disease""]",2026-04-22,OBSERVATIONAL,,RECRUITING,[],False,,not_interventional,[]
NCT00409617,Study of Adalimumab Treatment for Induction and Maintenance of Clinical Remission in Subjects With Crohn's Disease,"[""Crohn's Disease""]",2006-12-11,INTERVENTIONAL,TREATMENT,COMPLETED,"[""PHASE3""]",True,,included,"[""CHEMBL1201580""]"
NCT01942720,Monitoring Disease Activity Using Video Capsule Endoscopy (VCE) in Crohn's Disease (CD) Subjects,"[""Known Crohn Disease Subjects""]",2013-09-16,INTERVENTIONAL,DIAGNOSTIC,COMPLETED,"[""NA""]",True,,not_treatment_purpose,[]
NCT05427942,"Yuflyma® (Adalimumab), Patient Experience After Switching","[""Rheumatoid Arthritis"", ""Ankylosing Spondylarthritis"", ""Axial Spondyloarthritis Without Radiographic Evidence of Ankylosing Spondylitis"", ""Psoriatic Arthritis"", ""Crohn Disease"", ""Ulcerative Colitis""]",2022-06-22,OBSERVATIONAL,,UNKNOWN,[],False,,not_interventional,[]
NCT05072782,"Management of Moderate POstoperative Recurrence in Crohn's Disease: a randoMizEd contROLled Trial of Therapeutic Escalation, the POMEROL Trial. (POMEROL)","[""Crohn Disease""]",2021-10-11,INTERVENTIONAL,TREATMENT,UNKNOWN,"[""PHASE4""]",False,,included,"[""CHEMBL1201581""]"
NCT00077779,Adalimumab for the Induction and Maintenance of Clinical Remission in Subjects With Crohn's Disease,"[""Crohn's Disease""]",2004-02-16,INTERVENTIONAL,TREATMENT,COMPLETED,"[""PHASE3""]",False,,included,"[""CHEMBL1201580""]"
NCT01671579,Comparison of Bowel Ultrasound & MR Enterography in the Follow-up of Previously Diagnosed Pediatric Small Bowel Crohn Disease,"[""Crohn Disease""]",2012-08-23,INTERVENTIONAL,DIAGNOSTIC,TERMINATED,"[""NA""]",False,PI changed institutions,not_treatment_purpose,[]
NCT01453946,Safety and Maintenance Study of Entocort for Children With Crohn's Disease,"[""Crohn's Disease""]",2011-10-18,INTERVENTIONAL,TREATMENT,COMPLETED,"[""PHASE3""]",True,,included,"[""CHEMBL1370""]"
NCT03325582,MR Assessment of Perianal Crohn's Disease,"[""Perianal Fistula""]",2017-10-30,OBSERVATIONAL,,UNKNOWN,[],False,,no_explicit_crohn_condition,[]
NCT03467620,Cannabidiol Usage as an Adjunct Therapy for Crohn's Disease,"[""Crohn Disease"", ""Inflammatory Bowel Diseases"", ""Cannabis""]",2018-03-16,INTERVENTIONAL,TREATMENT,WITHDRAWN,"[""PHASE2"", ""PHASE3""]",False,Inadequate funding,included,"[""CHEMBL190461""]"
NCT06419335,Reducing Fatigue With CoQ10 Supplementation in Patients With Crohn's Disease Study,"[""Crohn Disease"", ""Healthy""]",2024-05-17,INTERVENTIONAL,OTHER,ACTIVE_NOT_RECRUITING,"[""EARLY_PHASE1""]",False,,not_treatment_purpose,[]
NCT04079335,A Prospective Longitudinal Study of Fecal Microbiome and Calprotectin to Predict Relapse in Patients With IBD,"[""Inflammatory Bowel Diseases"", ""Ulcerative Colitis"", ""Crohn Disease""]",2019-09-06,OBSERVATIONAL,,UNKNOWN,[],False,,not_interventional,[]
NCT07519850,The Impact of Perianal Disease on Patient's Sex Life,"[""Perianal Crohn Disease"", ""Perianal Fistula"", ""Fistula in Ano"", ""Perianal Abscess"", ""Pilonidal Cyst/Fistula"", ""Anal Fissure and Fistula""]",2026-04-09,OBSERVATIONAL,,RECRUITING,[],False,,not_interventional,[]
NCT05916274,Exploration of the Activity of DNA Located Outside of Cellular Nucleus to Amplify Inflammation in Inflammatory Bowel Disease in Children Through Biological Pathway Cyclic GMP-AMP Synthase (cGAS) - Stimulator of Interferon Genes (STING),"[""Inflammatory Bowel Diseases"", ""Crohn Disease"", ""Ulcerative Colitis""]",2023-06-23,INTERVENTIONAL,HEALTH_SERVICES_RESEARCH,COMPLETED,"[""NA""]",False,,not_treatment_purpose,[]
NCT04011943,Fecal Microbiota Transplantation for Health Improvement (TFM3),"[""Ulcerative Colitis"", ""Irritable Bowel Syndrome"", ""Crohn Disease"", ""Irritable Bowel""]",2019-07-09,INTERVENTIONAL,TREATMENT,UNKNOWN,"[""NA""]",False,,no_drug_or_biological_intervention,[]
NCT03831750,Assessing the Effectiveness of a Stress Reduction Intervention in Inflammatory Bowel Disease (IBD),"[""Inflammatory Bowel Diseases"", ""Remission"", ""Perceived Stress""]",2019-02-06,INTERVENTIONAL,PREVENTION,COMPLETED,"[""NA""]",False,,no_explicit_crohn_condition,[]
NCT07824791,Prediction of Postoperative Recurrence in Crohn's Disease,"[""Crohn Disease (CD)"", ""Postoperative Recurrence and Metastasis""]",2026-09-17,OBSERVATIONAL,,RECRUITING,[],False,,not_interventional,[]
NCT07577843,A Study of JNJ-78934804 in Participants With Moderately to Severely Active Crohn's Disease,"[""Crohn Disease""]",2026-05-11,INTERVENTIONAL,TREATMENT,RECRUITING,"[""PHASE3""]",False,,included,"[""CHEMBL2364648""]"
NCT02135289,The Role of IGRA in Screening and Monitoring for TB During Anti TNF Therapy in Patients With IMID,"[""Inflammatory Bowel Disease"", ""Crohn Disease"", ""Ulcerative Colitis"", ""Tuberculosis"", ""Immune-mediated Inflammatory Disease""]",2014-05-09,OBSERVATIONAL,,COMPLETED,[],False,,not_interventional,[]
NCT06317818,Is Local Injection of Mesenchymal Stem Cells After Endoscopic Dilation Safe and Does it Improve the Outcome of Intestinal Stricture in Patients With Crohn's Disease?,"[""Safety Issues"", ""Efficacy""]",2024-03-19,INTERVENTIONAL,TREATMENT,UNKNOWN,"[""PHASE2""]",False,,no_explicit_crohn_condition,[]
NCT01070303,"Remission in Subjects With Crohn's Disease, Open Label Extension","[""Crohn's Disease""]",2010-02-18,INTERVENTIONAL,TREATMENT,COMPLETED,"[""PHASE3""]",True,,included,"[""CHEMBL1201580""]"
NCT07263880,Clostridium Butyricum in Stenosing Crohn's Disease,"[""Crohn Disease (CD)""]",2025-12-04,INTERVENTIONAL,BASIC_SCIENCE,RECRUITING,"[""PHASE1"", ""PHASE2""]",False,,not_treatment_purpose,[]
NCT03235180,Ultrasound Evaluation of Crohn's Disease,"[""Crohn Disease""]",2017-08-01,INTERVENTIONAL,DIAGNOSTIC,TERMINATED,"[""PHASE4""]",True,Unable to secure funding.,not_treatment_purpose,[]
NCT02615288,High Dose Vitamin D3 in Crohn's Disease,"[""Crohn's Disease""]",2015-11-26,INTERVENTIONAL,TREATMENT,COMPLETED,"[""NA""]",False,,no_drug_or_biological_intervention,[]
NCT03378388,A Study to Assess the Effectiveness and Safety of Treatment With Vedolizumab in Adult Participants With Ulcerative Colitis (UC) or Crohn's Disease (CD) in Real Life,"[""Colitis, Ulcerative"", ""Crohn Disease"", ""Inflammatory Bowel Diseases""]",2017-12-19,OBSERVATIONAL,,TERMINATED,[],False,Business Decision; Insufficient Enrollment,not_interventional,[]
NCT02542917,Home Versus Postal Testing for Faecal Calprotectin: a Feasibility Study,"[""Inflammatory Bowel Diseases"", ""Crohn's Disease"", ""Ulcerative Colitis""]",2015-09-07,OBSERVATIONAL,,COMPLETED,[],False,,not_interventional,[]
NCT02466217,Phenomics in Autoimmune and Inflammatory Diseases,"[""Healthy Volunteer"", ""Rheumatoid Arthritis"", ""Ankylosing Spondylitis"", ""Systemic Lupus Erythematosus/Antiphospholipid Syndrome"", ""FMF"", ""Cryopyrin-Associated Periodic Syndromes /TNF-receptor Associated Periodic Syndrome"", ""Vasculitis"", ""Uveitis"", ""Myositis"", ""Crohn's Disease"", ""Ulcerative Rectocolitis"", ""Type 1 Diabetes"", ""Unclassified IAD Knee and/or Hip Arthritis, Muscular Dystrophy""]",2015-06-09,OBSERVATIONAL,,COMPLETED,[],False,,not_interventional,[]
NCT03115749,Intestinal Mesenchymal Stem Stells and Inflammatory Bowel Diseases,"[""Inflammatory Bowel Diseases""]",2017-04-14,INTERVENTIONAL,BASIC_SCIENCE,TERMINATED,"[""NA""]",False,end of inclusion period and recruitment difficulties,no_explicit_crohn_condition,[]
NCT00724958,Program Extension of Real Life Dosing of Remicade in Austria for Crohn's Disease (Study P04052)(COMPLETED),"[""Crohn's Disease""]",2008-07-30,OBSERVATIONAL,,COMPLETED,[],True,,not_interventional,[]
NCT04075825,Long-term Follow-up Study With Darvadstrocel in the Treatment of Complex Perianal Fistula,"[""Crohn's Disease"", ""Complex Perianal Fistula""]",2019-09-03,INTERVENTIONAL,OTHER,COMPLETED,"[""PHASE3""]",True,,not_treatment_purpose,[]
NCT01887548,Personality Traits and Its Impact on Quality of Life and Clinical Outcome Evaluation in Crohn's Patients,"[""Crohn's Disease""]",2013-06-27,INTERVENTIONAL,DIAGNOSTIC,UNKNOWN,"[""NA""]",False,,not_treatment_purpose,[]
NCT01696838,Efficacy of Acupuncture and Moxibustion Treatment in Patients With Quiescent Crohn's Disease:Evaluation With fMRI,"[""Crohn's Disease"", ""CAM""]",2012-10-01,INTERVENTIONAL,TREATMENT,COMPLETED,"[""NA""]",False,,no_drug_or_biological_intervention,[]
NCT06719778,Impact of Diet and Lifestyle Modification on the Intestinal Barrier Integrity in Crohn's Disease,"[""Crohn's Disease""]",2024-12-06,INTERVENTIONAL,TREATMENT,RECRUITING,"[""NA""]",False,,no_drug_or_biological_intervention,[]
NCT04362735,Efficacy of Vedolizumab in Crohn's Disease Patients Naive to Biological Therapy,"[""Crohn Disease""]",2020-04-27,OBSERVATIONAL,,UNKNOWN,[],False,,not_interventional,[]
NCT02872376,Clinical Burden of Anemia in Inflammatory Bowel Disease (RIDART1),"[""Anemia""]",2016-08-19,OBSERVATIONAL,,COMPLETED,[],False,,no_explicit_crohn_condition,[]
NCT01301417,Data Collection of Patients Treated With the ColonRing™ for the Creation of Circular Compression Anastomosis,"[""Diverticulum, Colon"", ""Colorectal Neoplasms"", ""Crohn Disease"", ""Colitis, Ulcerative"", ""Colostomy"", ""Ileostomy - Stoma"", ""Rectal Prolapse"", ""Intestinal Polyposis"", ""Lymphoma"", ""Endometriosis"", ""Intestinal Volvulus""]",2011-02-23,OBSERVATIONAL,,COMPLETED,[],False,,not_interventional,[]
NCT04225689,The Intensive Post Exclusive Enteral Nutrition Study,"[""Crohn Disease""]",2020-01-13,INTERVENTIONAL,OTHER,UNKNOWN,"[""NA""]",False,,not_treatment_purpose,[]
NCT00286689,Effects of Growth Hormone in Chronically Ill Children,"[""Hurler Syndrome"", ""Cerebral Palsy"", ""Juvenile Rheumatoid Arthritis"", ""Crohn Disease"", ""HIV Infections""]",2006-02-03,INTERVENTIONAL,TREATMENT,WITHDRAWN,"[""NA""]",False,Record Owner no longer with the institution,included,"[""CHEMBL1201621""]"
NCT00572780,Can CT Enteroclysis Predict the Outcome of Crohn's Disease,"[""Crohn's Disease""]",2007-12-13,OBSERVATIONAL,,COMPLETED,[],False,,not_interventional,[]
NCT01144962,Dose-escalating Therapeutic Study of Allogeneic Bone Marrow Derived Mesenchymal Stem Cells for the Treatment of Fistulas in Patients With Refractory Perianal Crohn's Disease,"[""Crohn's Disease"", ""Fistula""]",2010-06-16,INTERVENTIONAL,TREATMENT,COMPLETED,"[""PHASE1"", ""PHASE2""]",False,,no_drug_or_biological_intervention,[]
NCT02010762,The Effect of Vitamin D3 to Maintain Surgical Remission in Postoperative Crohn's Disease,"[""Crohn's Disease""]",2013-12-13,INTERVENTIONAL,PREVENTION,COMPLETED,"[""PHASE4""]",False,,not_treatment_purpose,[]
NCT07647640,Prospective Evaluation of Flare Detection in IBD With Digital Biomarkers: Bring Your Own Device Study,"[""Inflammatory Bowel Disease (IBD)"", ""Ulcerative Colitis (UC)"", ""Crohn Disease (CD)""]",2026-06-15,OBSERVATIONAL,,NOT_YET_RECRUITING,[],False,,not_interventional,[]
NCT06512597,Behavioral Therapy for Crohn's Disease,"[""Crohn's Disease""]",2024-07-22,INTERVENTIONAL,TREATMENT,RECRUITING,"[""NA""]",False,,no_drug_or_biological_intervention,[]
NCT01378390,Safety and Efficacy of Adipose-Derived Stem Cells to Treat Complex Perianal Fistulas Patients With Crohn's Disease,"[""Complex Perianal Fistula"", ""Crohn Disease""]",2011-06-22,INTERVENTIONAL,TREATMENT,TERMINATED,"[""PHASE3""]",False,After the investigators and experts in the field imput it became apparent that the protocol was not reflective of clinical reality. No safety issues reported.,included,[]
NCT05096897,Oral Health-related Quality of Life (OHRQoL) in Patients With Inflammatory Bowel Disease (IBD),"[""Inflammatory Bowel Diseases"", ""Periodontitis"", ""Dental Caries"", ""Tooth Loss""]",2021-10-27,OBSERVATIONAL,,COMPLETED,[],False,,no_explicit_crohn_condition,[]
NCT02476643,Integrative Gastroenterology - an Observational Trial,"[""Crohns Disease"", ""Ulcerative Colitis"", ""Irritable Bowel Syndrome""]",2015-06-19,OBSERVATIONAL,,UNKNOWN,[],False,,not_interventional,[]
NCT06227910,A Study of Vedolizumab With and Without Upadacitinib in Adults With Crohn's Disease,"[""Crohn's Disease""]",2024-01-29,INTERVENTIONAL,TREATMENT,RECRUITING,"[""PHASE3""]",False,,included,"[""CHEMBL1743087"", ""CHEMBL3622821""]"
NCT06452550,Neurophenotype Predicts CD Disease Progression,"[""Radiomics"", ""Multi-omics""]",2024-06-11,OBSERVATIONAL,,UNKNOWN,[],False,,no_explicit_crohn_condition,[]
NCT04872491,A Study of Vedolizumab in Adults in Real-World Practice,"[""Colitis, Ulcerative"", ""Crohn Disease""]",2021-05-04,OBSERVATIONAL,,COMPLETED,[],False,,not_interventional,[]
NCT00475410,Efficacy and Safety of Adipose Stem Cells to Treat Complex Perianal Fistulas Not Associated to Crohn´s Disease,"[""Anal Fistula""]",2007-05-21,INTERVENTIONAL,TREATMENT,COMPLETED,"[""PHASE3""]",False,,no_explicit_crohn_condition,[]
NCT07222189,"A Study to Investigate the Long-term Safety, Tolerability and Efficacy of Balinatunfib in Participants With Crohn's Disease or Ulcerative Colitis (SPECIFI-IBD-LTS)","[""Colitis Ulcerative"", ""Crohn's Disease""]",2025-10-29,INTERVENTIONAL,TREATMENT,ACTIVE_NOT_RECRUITING,"[""PHASE2""]",False,,included,"[""CHEMBL6068043""]"
NCT04804540,A Study of Vedolizumab in People With Ulcerative Colitis and Crohn's Disease,"[""Ulcerative Colitis"", ""Crohn Disease""]",2021-03-18,INTERVENTIONAL,TREATMENT,COMPLETED,"[""PHASE4""]",True,,included,"[""CHEMBL1743087""]"
NCT07644390,Development of a Dynamic Prediction Model for Crohn's Disease-Related Intestinal Surgery Using Longitudinal Indices of Routine Blood Tests: A Single-Center Retrospective Cohort Study,"[""Crohn Disease (CD)"", ""Dynamic Prediction Model""]",2026-06-12,OBSERVATIONAL,,COMPLETED,[],False,,not_interventional,[]
NCT06001450,Pregnant Women With and Without Crohns Disease to Explore the Role of Plastics and Toxins in Intestinal Inflammation,"[""Crohns Disease"", ""Pregnancy"", ""Inflammatory Bowel Disease""]",2023-08-21,OBSERVATIONAL,,RECRUITING,[],False,,not_interventional,[]
NCT05386290,A Multicentered Prospective Cohort Study of Chinese IBD Patients,"[""Ulcerative Colitis"", ""Crohn Disease""]",2022-05-23,OBSERVATIONAL,,UNKNOWN,[],False,,not_interventional,[]
NCT00417690,High Dose Oral 4-Aminosalicylic Acid (PASER®) to Control Acute Flares of Mild to Moderate Crohn's Disease,"[""Crohn's Disease""]",2007-01-04,INTERVENTIONAL,TREATMENT,TERMINATED,"[""PHASE2""]",False,Efforts at recruitment have halted as recruitment was poor.,included,"[""CHEMBL1169""]"
NCT01828190,The Influence of Hyperbaric Oxygen in Patients With Perianal Crohn's Disease Already Treated With TNF Alpha Blockers Treated With TNF Alpha Blockers,"[""Crohn's Disease"", ""Perianal Fistulas""]",2013-04-10,INTERVENTIONAL,TREATMENT,COMPLETED,"[""NA""]",False,,no_drug_or_biological_intervention,[]
NCT02539368,Post-Marketing Use Of CT-P13 (Infliximab) For Standard Of Care Treatment Of Inflammatory Bowel Disease,"[""Inflammatory Bowel Diseases"", ""Ulcerative Colitis"", ""Crohn's Disease""]",2015-09-03,OBSERVATIONAL,,COMPLETED,[],True,,not_interventional,[]
NCT03941418,Impact of Additional Treatment With Saccharomyces Boulardii on Quality of Life in Patients With Mild Forms of Ulcerative Colitis and Crohn Disease,"[""Ulcerative Colitis"", ""Crohn Disease""]",2019-05-08,INTERVENTIONAL,TREATMENT,UNKNOWN,"[""NA""]",False,,no_drug_or_biological_intervention,[]
NCT00492791,Endoscopic Severity Score of Small Bowel Crohn's Disease With Wireless Capsule Endoscopy,"[""Crohn's Disease""]",2007-06-27,OBSERVATIONAL,,COMPLETED,[],False,,not_interventional,[]
NCT07532213,A Study to Assess Real-world Outcomes for Long-Term Use of Guselkumab,"[""Inflammatory Bowel Disease"", ""Colitis, Ulcerative"", ""Crohn Disease""]",2026-04-15,OBSERVATIONAL,,RECRUITING,[],False,,not_interventional,[]
NCT00521950,Cost-effectiveness of TPMT Pharmacogenetics,"[""Inflammatory Bowel Diseases"", ""Crohn Disease"", ""Ulcerative Colitis""]",2007-08-28,INTERVENTIONAL,SUPPORTIVE_CARE,COMPLETED,"[""NA""]",False,,not_treatment_purpose,[]
NCT06604260,FAPi-PET Imaging of in Vivo Fibrosis in Inflammatory Bowel Disease Patients,"[""IBD (Inflammatory Bowel Disease)"", ""Crohn Disease (CD)"", ""Ulcerative Colitis (UC)""]",2024-09-19,INTERVENTIONAL,DIAGNOSTIC,UNKNOWN,"[""PHASE2""]",False,,not_treatment_purpose,[]
NCT02610101,Nutritional Therapy Study in Pediatric Crohn's Disease,"[""Crohn's Disease""]",2015-11-20,INTERVENTIONAL,TREATMENT,COMPLETED,"[""NA""]",False,,no_drug_or_biological_intervention,[]
NCT05742100,Darvadstrocel for Crohn's Fistula in the Realworld,"[""Crohn's Fistula""]",2023-02-23,OBSERVATIONAL,,COMPLETED,[],False,,not_interventional,[]
NCT07231601,Laparoscopic Right Hemicolectomy for Crohn's Disease of the Terminal Ileum Utilizing the Mesenteric Excision and Exclusion,"[""Crohn Disease (CD)"", ""Crohn Disease of Ileum"", ""Kono S Anastomosis"", ""Extended Mesenteric Excision""]",2025-11-17,OBSERVATIONAL,,RECRUITING,[],False,,not_interventional,[]
NCT02293811,Decoding of the Expression of Tumor Suppressor P2RX7 in Inflammatory and Malignant Colonic Mucosa,"[""Crohn Disease-Associated Colorectal Adenocarcinoma""]",2014-11-18,INTERVENTIONAL,DIAGNOSTIC,TERMINATED,"[""NA""]",False,the tissue mass of each biopsy sample was not sufficient to perform an exploratory analysis to assess the level of expression of the P2RX7 protein.,not_treatment_purpose,[]
NCT05482932,Health-related Physical Fitness in Patients with Inflammatory Bowel Disease,"[""Inflammatory Bowel Diseases"", ""Ulcerative Colitis"", ""Crohn Disease""]",2022-08-01,OBSERVATIONAL,,COMPLETED,[],False,,not_interventional,[]
NCT06972901,Evaluation of Therapeutic Strategy to Prevent Crohn's Disease Endoscopic poSToperatIve recurreNce Based on earlY Dosage of Faecal Calprotectin,"[""Crohn Disease (CD)"", ""Ileocolic Resection"", ""Post-endoscopic Operative Reccurence""]",2025-05-15,INTERVENTIONAL,PREVENTION,RECRUITING,"[""NA""]",False,,not_treatment_purpose,[]
NCT02209792,Dose Finding Study of BIRB 796 BS in Patients With Moderate to Severe Crohn's Disease,"[""Crohn Disease""]",2014-08-06,INTERVENTIONAL,TREATMENT,TERMINATED,"[""PHASE2""]",False,,included,"[""CHEMBL103667""]"
NCT02201693,Cyclic Exclusive Enteral Nutrition as Maintenance Therapy for Pediatric Crohn's Disease,"[""Crohn's Disease""]",2014-07-28,INTERVENTIONAL,TREATMENT,COMPLETED,"[""NA""]",False,,no_drug_or_biological_intervention,[]
NCT07855055,Early Changes in Inflammatory Indices and Healing in IBD,"[""Inflammatory Bowel Disease"", ""Ulcerative Colitis"", ""Crohn Disease""]",2026-10-02,OBSERVATIONAL,,NOT_YET_RECRUITING,[],False,,not_interventional,[]
NCT05253378,Development and Validation of a Comorbidity Index in Crohn's Disease,"[""Crohn Disease""]",2022-02-23,OBSERVATIONAL,,COMPLETED,[],False,,not_interventional,[]
NCT06216899,Reverse-Engineering of Exclusive Enteral Nutrition (RE-EEN) in Crohn's Disease: A Multi-Center Trial,"[""Crohn Disease""]",2024-01-22,INTERVENTIONAL,TREATMENT,RECRUITING,"[""NA""]",False,,no_drug_or_biological_intervention,[]
NCT07677514,A Phase II Study of H021 Enteric-coated Tablets for Moderately to Severely Active Crohn's Disease,"[""Crohn's Disease""]",2026-06-30,INTERVENTIONAL,TREATMENT,NOT_YET_RECRUITING,"[""PHASE2""]",False,,included,[]
NCT04712032,Anastomotic Leakage and Value Of Indocyanine Green in Decreasing Leakage Rates,"[""Colo-rectal Cancer"", ""Crohn Disease"", ""Resectable Colorectal Carcinoma""]",2021-01-15,INTERVENTIONAL,PREVENTION,UNKNOWN,"[""PHASE3""]",False,,not_treatment_purpose,[]
NCT04154735,Autologous Transplant Targeted Against Crohn's,"[""Crohn's Disease""]",2019-11-06,INTERVENTIONAL,TREATMENT,WITHDRAWN,"[""PHASE2""]",False,Discontinued by Investigator,included,"[""CHEMBL1098319"", ""CHEMBL1201587"", ""CHEMBL1568"", ""CHEMBL1617"", ""CHEMBL269732"", ""CHEMBL88""]"
NCT00349752,Corticosteroid Sparing Effect of Certolizumab in Crohn's Disease,"[""Crohn's Disease""]",2006-07-10,INTERVENTIONAL,TREATMENT,TERMINATED,"[""PHASE3""]",True,"Recruitment was stopped early due to slow enrolment of this population. With no safety concerns, the study continued normally for subjects already recruited",included,[]
