drug_id,drug_name,target_chembl_id,target_type,gene_id,gene_symbol,action_type,drug_direction,genetic_therapeutic_direction,consistency,genetic_score,expression_score,combined_score,direction_score,sources
CHEMBL1000,CETIRIZINE,CHEMBL231,SINGLE PROTEIN,ENSG00000196639,HRH1,ANTAGONIST,inhibit,unknown,unknown,0,0,0.0,0.0,{}
CHEMBL1002,LEVOSALBUTAMOL,CHEMBL210,SINGLE PROTEIN,ENSG00000169252,ADRB2,AGONIST,activate,unknown,unknown,0,0,0.0,0.0,{}
CHEMBL1004,DOXYLAMINE,CHEMBL231,SINGLE PROTEIN,ENSG00000196639,HRH1,ANTAGONIST,inhibit,unknown,unknown,0,0,0.0,0.0,{}
CHEMBL1005,REMIFENTANIL,CHEMBL233,SINGLE PROTEIN,ENSG00000112038,OPRM1,AGONIST,activate,unknown,unknown,0,0,0.0,0.0,{}
CHEMBL1008,BEPRIDIL,CHEMBL2363032,PROTEIN COMPLEX GROUP,ENSG00000006283,CACNA1G,BLOCKER,inhibit,unknown,unknown,0,0,0.0,0.0,{}
CHEMBL1008,BEPRIDIL,CHEMBL2363032,PROTEIN COMPLEX GROUP,ENSG00000100346,CACNA1I,BLOCKER,inhibit,unknown,unknown,0,0.029712047663247972,0.005942409532649595,0.005942409532649595,"{""expression_atlas"": 0.029712047663247972}"
CHEMBL1008,BEPRIDIL,CHEMBL2363032,PROTEIN COMPLEX GROUP,ENSG00000148408,CACNA1B,BLOCKER,inhibit,unknown,unknown,0,0,0.0,0.0,{}
CHEMBL1008,BEPRIDIL,CHEMBL2363032,PROTEIN COMPLEX GROUP,ENSG00000151067,CACNA1C,BLOCKER,inhibit,unknown,unknown,0,0.011880973060645644,0.002376194612129129,0.002376194612129129,"{""expression_atlas"": 0.011880973060645644}"
CHEMBL1008,BEPRIDIL,CHEMBL2363032,PROTEIN COMPLEX GROUP,ENSG00000196557,CACNA1H,BLOCKER,inhibit,unknown,unknown,0,0.00847900742166888,0.0016958014843337762,0.0016958014843337762,"{""expression_atlas"": 0.00847900742166888}"
CHEMBL1008,BEPRIDIL,CHEMBL2363032,PROTEIN COMPLEX GROUP,ENSG00000198216,CACNA1E,BLOCKER,inhibit,unknown,unknown,0,0.053099240597879786,0.010619848119575958,0.010619848119575958,"{""expression_atlas"": 0.053099240597879786}"
CHEMBL1014,CANDESARTAN CILEXETIL,CHEMBL227,SINGLE PROTEIN,ENSG00000144891,AGTR1,ANTAGONIST,inhibit,unknown,unknown,0,0,0.0,0.0,{}
CHEMBL1017,TELMISARTAN,CHEMBL227,SINGLE PROTEIN,ENSG00000144891,AGTR1,ANTAGONIST,inhibit,unknown,unknown,0,0,0.0,0.0,{}
CHEMBL1020,TOLMETIN,CHEMBL2094253,PROTEIN FAMILY,ENSG00000073756,PTGS2,INHIBITOR,inhibit,unknown,unknown,0,0.400648993476229,0.08012979869524581,0.08012979869524581,"{""expression_atlas"": 0.400648993476229}"
CHEMBL1020,TOLMETIN,CHEMBL2094253,PROTEIN FAMILY,ENSG00000095303,PTGS1,INHIBITOR,inhibit,unknown,unknown,0,0,0.0,0.0,{}
CHEMBL1021,NEPAFENAC,CHEMBL2094253,PROTEIN FAMILY,ENSG00000073756,PTGS2,INHIBITOR,inhibit,unknown,unknown,0,0.400648993476229,0.08012979869524581,0.08012979869524581,"{""expression_atlas"": 0.400648993476229}"
CHEMBL1021,NEPAFENAC,CHEMBL2094253,PROTEIN FAMILY,ENSG00000095303,PTGS1,INHIBITOR,inhibit,unknown,unknown,0,0,0.0,0.0,{}
CHEMBL1023,BEXAROTENE,CHEMBL2363070,PROTEIN FAMILY,ENSG00000186350,RXRA,AGONIST,activate,unknown,unknown,0,0,0.0,0.0,{}
CHEMBL1025,ISOFLUROPHATE,CHEMBL220,SINGLE PROTEIN,ENSG00000087085,ACHE,INHIBITOR,inhibit,unknown,unknown,0,0.018881721104742892,0.0037763442209485785,0.0037763442209485785,"{""expression_atlas"": 0.018881721104742892}"
CHEMBL103,PROGESTERONE,CHEMBL208,SINGLE PROTEIN,ENSG00000082175,PGR,AGONIST,activate,unknown,unknown,0,0.01501474225374393,0.003002948450748786,0.003002948450748786,"{""expression_atlas"": 0.01501474225374393}"
CHEMBL1037,GUANADREL,CHEMBL222,SINGLE PROTEIN,ENSG00000103546,SLC6A2,SUBSTRATE,unknown,unknown,unknown,0,0,0.0,0.0,{}
CHEMBL1040,CALCIFEDIOL ANHYDROUS,CHEMBL1977,SINGLE PROTEIN,ENSG00000111424,VDR,AGONIST,activate,unknown,unknown,0,0,0.0,0.0,{}
CHEMBL1042,CHOLECALCIFEROL,CHEMBL1977,SINGLE PROTEIN,ENSG00000111424,VDR,AGONIST,activate,unknown,unknown,0,0,0.0,0.0,{}
CHEMBL1046,AMINOCAPROIC ACID,CHEMBL1873,SINGLE PROTEIN,ENSG00000104368,PLAT,INHIBITOR,inhibit,unknown,unknown,0,0,0.0,0.0,{}
CHEMBL1046,AMINOCAPROIC ACID,CHEMBL1801,SINGLE PROTEIN,ENSG00000122194,PLG,INHIBITOR,inhibit,unknown,unknown,0,0,0.0,0.0,{}
CHEMBL1054,TRICHLORMETHIAZIDE,CHEMBL1876,SINGLE PROTEIN,ENSG00000070915,SLC12A3,INHIBITOR,inhibit,unknown,unknown,0,0,0.0,0.0,{}
CHEMBL1055,CHLORTHALIDONE,CHEMBL1876,SINGLE PROTEIN,ENSG00000070915,SLC12A3,INHIBITOR,inhibit,unknown,unknown,0,0,0.0,0.0,{}
CHEMBL1059,PREGABALIN,CHEMBL2363032,PROTEIN COMPLEX GROUP,ENSG00000006283,CACNA1G,MODULATOR,unknown,unknown,unknown,0,0,0.0,0.0,{}
CHEMBL1059,PREGABALIN,CHEMBL2363032,PROTEIN COMPLEX GROUP,ENSG00000100346,CACNA1I,MODULATOR,unknown,unknown,unknown,0,0.029712047663247972,0.005942409532649595,0.005942409532649595,"{""expression_atlas"": 0.029712047663247972}"
CHEMBL1059,PREGABALIN,CHEMBL2363032,PROTEIN COMPLEX GROUP,ENSG00000148408,CACNA1B,MODULATOR,unknown,unknown,unknown,0,0,0.0,0.0,{}
CHEMBL1059,PREGABALIN,CHEMBL2363032,PROTEIN COMPLEX GROUP,ENSG00000151067,CACNA1C,MODULATOR,unknown,unknown,unknown,0,0.011880973060645644,0.002376194612129129,0.002376194612129129,"{""expression_atlas"": 0.011880973060645644}"
CHEMBL1059,PREGABALIN,CHEMBL2363032,PROTEIN COMPLEX GROUP,ENSG00000196557,CACNA1H,MODULATOR,unknown,unknown,unknown,0,0.00847900742166888,0.0016958014843337762,0.0016958014843337762,"{""expression_atlas"": 0.00847900742166888}"
CHEMBL1059,PREGABALIN,CHEMBL2363032,PROTEIN COMPLEX GROUP,ENSG00000198216,CACNA1E,MODULATOR,unknown,unknown,unknown,0,0.053099240597879786,0.010619848119575958,0.010619848119575958,"{""expression_atlas"": 0.053099240597879786}"
CHEMBL1064,SIMVASTATIN,CHEMBL402,SINGLE PROTEIN,ENSG00000113161,HMGCR,INHIBITOR,inhibit,unknown,unknown,0,0,0.0,0.0,{}
CHEMBL1068,OXCARBAZEPINE,CHEMBL2331043,PROTEIN FAMILY,ENSG00000007314,SCN4A,BLOCKER,inhibit,unknown,unknown,0,0.01623682440230527,0.003247364880461054,0.003247364880461054,"{""expression_atlas"": 0.01623682440230527}"
CHEMBL1068,OXCARBAZEPINE,CHEMBL2331043,PROTEIN FAMILY,ENSG00000136546,SCN7A,BLOCKER,inhibit,unknown,unknown,0,0.01258407039414361,0.0025168140788287222,0.0025168140788287222,"{""expression_atlas"": 0.01258407039414361}"
CHEMBL1068,OXCARBAZEPINE,CHEMBL2331043,PROTEIN FAMILY,ENSG00000144285,SCN1A,BLOCKER,inhibit,unknown,unknown,0,0,0.0,0.0,{}
CHEMBL1068,OXCARBAZEPINE,CHEMBL2331043,PROTEIN FAMILY,ENSG00000169432,SCN9A,BLOCKER,inhibit,unknown,unknown,0,0,0.0,0.0,{}
CHEMBL1068,OXCARBAZEPINE,CHEMBL2331043,PROTEIN FAMILY,ENSG00000183873,SCN5A,BLOCKER,inhibit,unknown,unknown,0,0,0.0,0.0,{}
CHEMBL1068,OXCARBAZEPINE,CHEMBL2331043,PROTEIN FAMILY,ENSG00000185313,SCN10A,BLOCKER,inhibit,unknown,unknown,0,0,0.0,0.0,{}
CHEMBL1069,VALSARTAN,CHEMBL227,SINGLE PROTEIN,ENSG00000144891,AGTR1,ANTAGONIST,inhibit,unknown,unknown,0,0,0.0,0.0,{}
CHEMBL107,COLCHICINE,CHEMBL2095182,PROTEIN COMPLEX GROUP,ENSG00000137285,TUBB2B,INHIBITOR,inhibit,unknown,unknown,0,0.015263210426171842,0.0030526420852343686,0.0030526420852343686,"{""expression_atlas"": 0.015263210426171842}"
CHEMBL107,COLCHICINE,CHEMBL2095182,PROTEIN COMPLEX GROUP,ENSG00000176014,TUBB6,INHIBITOR,inhibit,unknown,unknown,0,0.009412066797331744,0.001882413359466349,0.001882413359466349,"{""expression_atlas"": 0.009412066797331744}"
CHEMBL107,COLCHICINE,CHEMBL2095182,PROTEIN COMPLEX GROUP,ENSG00000258947,TUBB3,INHIBITOR,inhibit,unknown,unknown,0,0,0.0,0.0,{}
CHEMBL1070,NABUMETONE,CHEMBL230,SINGLE PROTEIN,ENSG00000073756,PTGS2,INHIBITOR,inhibit,unknown,unknown,0,0.400648993476229,0.08012979869524581,0.08012979869524581,"{""expression_atlas"": 0.400648993476229}"
CHEMBL1071,OXAPROZIN,CHEMBL2094253,PROTEIN FAMILY,ENSG00000073756,PTGS2,INHIBITOR,inhibit,unknown,unknown,0,0.400648993476229,0.08012979869524581,0.08012979869524581,"{""expression_atlas"": 0.400648993476229}"
CHEMBL1071,OXAPROZIN,CHEMBL2094253,PROTEIN FAMILY,ENSG00000095303,PTGS1,INHIBITOR,inhibit,unknown,unknown,0,0,0.0,0.0,{}
CHEMBL1075,MORICIZINE,CHEMBL2331043,PROTEIN FAMILY,ENSG00000007314,SCN4A,BLOCKER,inhibit,unknown,unknown,0,0.01623682440230527,0.003247364880461054,0.003247364880461054,"{""expression_atlas"": 0.01623682440230527}"
CHEMBL1075,MORICIZINE,CHEMBL2331043,PROTEIN FAMILY,ENSG00000136546,SCN7A,BLOCKER,inhibit,unknown,unknown,0,0.01258407039414361,0.0025168140788287222,0.0025168140788287222,"{""expression_atlas"": 0.01258407039414361}"
CHEMBL1075,MORICIZINE,CHEMBL2331043,PROTEIN FAMILY,ENSG00000144285,SCN1A,BLOCKER,inhibit,unknown,unknown,0,0,0.0,0.0,{}
CHEMBL1075,MORICIZINE,CHEMBL2331043,PROTEIN FAMILY,ENSG00000169432,SCN9A,BLOCKER,inhibit,unknown,unknown,0,0,0.0,0.0,{}
CHEMBL1075,MORICIZINE,CHEMBL2331043,PROTEIN FAMILY,ENSG00000183873,SCN5A,BLOCKER,inhibit,unknown,unknown,0,0,0.0,0.0,{}
CHEMBL1075,MORICIZINE,CHEMBL2331043,PROTEIN FAMILY,ENSG00000185313,SCN10A,BLOCKER,inhibit,unknown,unknown,0,0,0.0,0.0,{}
CHEMBL1076903,VARENICLINE,CHEMBL1907589,PROTEIN COMPLEX,ENSG00000101204,CHRNA4,AGONIST,activate,unknown,unknown,0,0,0.0,0.0,{}
CHEMBL1076903,VARENICLINE,CHEMBL1907589,PROTEIN COMPLEX,ENSG00000101204,CHRNA4,PARTIAL AGONIST,activate,unknown,unknown,0,0,0.0,0.0,{}
CHEMBL1077896,ROPIVACAINE,CHEMBL2331043,PROTEIN FAMILY,ENSG00000007314,SCN4A,BLOCKER,inhibit,unknown,unknown,0,0.01623682440230527,0.003247364880461054,0.003247364880461054,"{""expression_atlas"": 0.01623682440230527}"
CHEMBL1077896,ROPIVACAINE,CHEMBL2331043,PROTEIN FAMILY,ENSG00000136546,SCN7A,BLOCKER,inhibit,unknown,unknown,0,0.01258407039414361,0.0025168140788287222,0.0025168140788287222,"{""expression_atlas"": 0.01258407039414361}"
CHEMBL1077896,ROPIVACAINE,CHEMBL2331043,PROTEIN FAMILY,ENSG00000144285,SCN1A,BLOCKER,inhibit,unknown,unknown,0,0,0.0,0.0,{}
CHEMBL1077896,ROPIVACAINE,CHEMBL2331043,PROTEIN FAMILY,ENSG00000169432,SCN9A,BLOCKER,inhibit,unknown,unknown,0,0,0.0,0.0,{}
CHEMBL1077896,ROPIVACAINE,CHEMBL2331043,PROTEIN FAMILY,ENSG00000183873,SCN5A,BLOCKER,inhibit,unknown,unknown,0,0,0.0,0.0,{}
CHEMBL1077896,ROPIVACAINE,CHEMBL2331043,PROTEIN FAMILY,ENSG00000185313,SCN10A,BLOCKER,inhibit,unknown,unknown,0,0,0.0,0.0,{}
CHEMBL1078178,MOMELOTINIB,CHEMBL2971,SINGLE PROTEIN,ENSG00000096968,JAK2,INHIBITOR,inhibit,unknown,unknown,0.8162692203864558,0,0.6530153763091646,0.6530153763091646,"{""gwas_credible_sets"": 0.8162692203864558}"
CHEMBL1078178,MOMELOTINIB,CHEMBL2835,SINGLE PROTEIN,ENSG00000162434,JAK1,INHIBITOR,inhibit,unknown,unknown,0,0,0.0,0.0,{}
CHEMBL1079,TIZANIDINE,CHEMBL2095158,PROTEIN FAMILY,ENSG00000150594,ADRA2A,AGONIST,activate,unknown,unknown,0.21032116470427323,0,0.1682569317634186,0.1682569317634186,"{""gwas_credible_sets"": 0.21032116470427323}"
CHEMBL1079,TIZANIDINE,CHEMBL2095158,PROTEIN FAMILY,ENSG00000184160,ADRA2C,AGONIST,activate,unknown,unknown,0,0.010920894429482362,0.0021841788858964722,0.0021841788858964722,"{""expression_atlas"": 0.010920894429482362}"
CHEMBL108,CARBAMAZEPINE,CHEMBL2331043,PROTEIN FAMILY,ENSG00000007314,SCN4A,BLOCKER,inhibit,unknown,unknown,0,0.01623682440230527,0.003247364880461054,0.003247364880461054,"{""expression_atlas"": 0.01623682440230527}"
CHEMBL108,CARBAMAZEPINE,CHEMBL2331043,PROTEIN FAMILY,ENSG00000136546,SCN7A,BLOCKER,inhibit,unknown,unknown,0,0.01258407039414361,0.0025168140788287222,0.0025168140788287222,"{""expression_atlas"": 0.01258407039414361}"
CHEMBL108,CARBAMAZEPINE,CHEMBL2331043,PROTEIN FAMILY,ENSG00000144285,SCN1A,BLOCKER,inhibit,unknown,unknown,0,0,0.0,0.0,{}
CHEMBL108,CARBAMAZEPINE,CHEMBL2331043,PROTEIN FAMILY,ENSG00000169432,SCN9A,BLOCKER,inhibit,unknown,unknown,0,0,0.0,0.0,{}
CHEMBL108,CARBAMAZEPINE,CHEMBL2331043,PROTEIN FAMILY,ENSG00000183873,SCN5A,BLOCKER,inhibit,unknown,unknown,0,0,0.0,0.0,{}
CHEMBL108,CARBAMAZEPINE,CHEMBL2331043,PROTEIN FAMILY,ENSG00000185313,SCN10A,BLOCKER,inhibit,unknown,unknown,0,0,0.0,0.0,{}
CHEMBL1082407,ENZALUTAMIDE,CHEMBL1871,SINGLE PROTEIN,ENSG00000169083,AR,ANTAGONIST,inhibit,unknown,unknown,0,0,0.0,0.0,{}
CHEMBL1083659,SUVOREXANT,CHEMBL3307226,PROTEIN FAMILY,ENSG00000121764,HCRTR1,ANTAGONIST,inhibit,unknown,unknown,0,0,0.0,0.0,{}
CHEMBL1085,ACETOPHENAZINE,CHEMBL217,SINGLE PROTEIN,ENSG00000149295,DRD2,ANTAGONIST,inhibit,unknown,unknown,0,0,0.0,0.0,{}
CHEMBL1086,DIBUCAINE,CHEMBL1980,SINGLE PROTEIN,ENSG00000183873,SCN5A,BLOCKER,inhibit,unknown,unknown,0,0,0.0,0.0,{}
CHEMBL1086,DIBUCAINE,CHEMBL5451,SINGLE PROTEIN,ENSG00000185313,SCN10A,BLOCKER,inhibit,unknown,unknown,0,0,0.0,0.0,{}
CHEMBL1087,MEPIVACAINE,CHEMBL2331043,PROTEIN FAMILY,ENSG00000007314,SCN4A,BLOCKER,inhibit,unknown,unknown,0,0.01623682440230527,0.003247364880461054,0.003247364880461054,"{""expression_atlas"": 0.01623682440230527}"
CHEMBL1087,MEPIVACAINE,CHEMBL2331043,PROTEIN FAMILY,ENSG00000136546,SCN7A,BLOCKER,inhibit,unknown,unknown,0,0.01258407039414361,0.0025168140788287222,0.0025168140788287222,"{""expression_atlas"": 0.01258407039414361}"
CHEMBL1087,MEPIVACAINE,CHEMBL2331043,PROTEIN FAMILY,ENSG00000144285,SCN1A,BLOCKER,inhibit,unknown,unknown,0,0,0.0,0.0,{}
CHEMBL1087,MEPIVACAINE,CHEMBL2331043,PROTEIN FAMILY,ENSG00000169432,SCN9A,BLOCKER,inhibit,unknown,unknown,0,0,0.0,0.0,{}
CHEMBL1087,MEPIVACAINE,CHEMBL2331043,PROTEIN FAMILY,ENSG00000183873,SCN5A,BLOCKER,inhibit,unknown,unknown,0,0,0.0,0.0,{}
CHEMBL1087,MEPIVACAINE,CHEMBL2331043,PROTEIN FAMILY,ENSG00000185313,SCN10A,BLOCKER,inhibit,unknown,unknown,0,0,0.0,0.0,{}
CHEMBL10878,AGOMELATINE,CHEMBL2094268,PROTEIN FAMILY,ENSG00000168412,MTNR1A,AGONIST,activate,unknown,unknown,0,0.03278226895675638,0.0065564537913512765,0.0065564537913512765,"{""expression_atlas"": 0.03278226895675638}"
CHEMBL1088,MESORIDAZINE,CHEMBL217,SINGLE PROTEIN,ENSG00000149295,DRD2,ANTAGONIST,inhibit,unknown,unknown,0,0,0.0,0.0,{}
CHEMBL1089,PHENELZINE,CHEMBL2095205,PROTEIN FAMILY,ENSG00000069535,MAOB,INHIBITOR,inhibit,unknown,unknown,0,0.28078552500326326,0.05615710500065266,0.05615710500065266,"{""expression_atlas"": 0.28078552500326326}"
CHEMBL1089,PHENELZINE,CHEMBL2095205,PROTEIN FAMILY,ENSG00000189221,MAOA,INHIBITOR,inhibit,unknown,unknown,0,0.012838890830001837,0.0025677781660003677,0.0025677781660003677,"{""expression_atlas"": 0.012838890830001837}"
CHEMBL1091,HYDROCORTISONE ACETATE,CHEMBL2034,SINGLE PROTEIN,ENSG00000113580,NR3C1,AGONIST,activate,unknown,unknown,0,0,0.0,0.0,{}
CHEMBL1093,ARTICAINE,CHEMBL2331043,PROTEIN FAMILY,ENSG00000007314,SCN4A,BLOCKER,inhibit,unknown,unknown,0,0.01623682440230527,0.003247364880461054,0.003247364880461054,"{""expression_atlas"": 0.01623682440230527}"
CHEMBL1093,ARTICAINE,CHEMBL2331043,PROTEIN FAMILY,ENSG00000136546,SCN7A,BLOCKER,inhibit,unknown,unknown,0,0.01258407039414361,0.0025168140788287222,0.0025168140788287222,"{""expression_atlas"": 0.01258407039414361}"
CHEMBL1093,ARTICAINE,CHEMBL2331043,PROTEIN FAMILY,ENSG00000144285,SCN1A,BLOCKER,inhibit,unknown,unknown,0,0,0.0,0.0,{}
CHEMBL1093,ARTICAINE,CHEMBL2331043,PROTEIN FAMILY,ENSG00000169432,SCN9A,BLOCKER,inhibit,unknown,unknown,0,0,0.0,0.0,{}
CHEMBL1093,ARTICAINE,CHEMBL2331043,PROTEIN FAMILY,ENSG00000183873,SCN5A,BLOCKER,inhibit,unknown,unknown,0,0,0.0,0.0,{}
CHEMBL1093,ARTICAINE,CHEMBL2331043,PROTEIN FAMILY,ENSG00000185313,SCN10A,BLOCKER,inhibit,unknown,unknown,0,0,0.0,0.0,{}
CHEMBL1094,FELBAMATE,CHEMBL2094124,PROTEIN COMPLEX GROUP,ENSG00000105464,GRIN2D,ANTAGONIST,inhibit,unknown,unknown,0,0.015691053476461433,0.0031382106952922866,0.0031382106952922866,"{""expression_atlas"": 0.015691053476461433}"
CHEMBL1094,FELBAMATE,CHEMBL2094124,PROTEIN COMPLEX GROUP,ENSG00000183454,GRIN2A,ANTAGONIST,inhibit,unknown,unknown,0,0,0.0,0.0,{}
CHEMBL1094,FELBAMATE,CHEMBL2094124,PROTEIN COMPLEX GROUP,ENSG00000198785,GRIN3A,ANTAGONIST,inhibit,unknown,unknown,0,0.14858657226381564,0.029717314452763127,0.029717314452763127,"{""expression_atlas"": 0.14858657226381564}"
CHEMBL1094636,NIRAPARIB,CHEMBL3105,SINGLE PROTEIN,ENSG00000143799,PARP1,INHIBITOR,inhibit,unknown,unknown,0,0,0.0,0.0,{}
CHEMBL1094966,PIRBUTEROL,CHEMBL210,SINGLE PROTEIN,ENSG00000169252,ADRB2,AGONIST,activate,unknown,unknown,0,0,0.0,0.0,{}
CHEMBL1095,ETHOTOIN,CHEMBL2331043,PROTEIN FAMILY,ENSG00000007314,SCN4A,BLOCKER,inhibit,unknown,unknown,0,0.01623682440230527,0.003247364880461054,0.003247364880461054,"{""expression_atlas"": 0.01623682440230527}"
CHEMBL1095,ETHOTOIN,CHEMBL2331043,PROTEIN FAMILY,ENSG00000136546,SCN7A,BLOCKER,inhibit,unknown,unknown,0,0.01258407039414361,0.0025168140788287222,0.0025168140788287222,"{""expression_atlas"": 0.01258407039414361}"
CHEMBL1095,ETHOTOIN,CHEMBL2331043,PROTEIN FAMILY,ENSG00000144285,SCN1A,BLOCKER,inhibit,unknown,unknown,0,0,0.0,0.0,{}
CHEMBL1095,ETHOTOIN,CHEMBL2331043,PROTEIN FAMILY,ENSG00000169432,SCN9A,BLOCKER,inhibit,unknown,unknown,0,0,0.0,0.0,{}
CHEMBL1095,ETHOTOIN,CHEMBL2331043,PROTEIN FAMILY,ENSG00000183873,SCN5A,BLOCKER,inhibit,unknown,unknown,0,0,0.0,0.0,{}
CHEMBL1095,ETHOTOIN,CHEMBL2331043,PROTEIN FAMILY,ENSG00000185313,SCN10A,BLOCKER,inhibit,unknown,unknown,0,0,0.0,0.0,{}
CHEMBL1095777,INDACATEROL,CHEMBL210,SINGLE PROTEIN,ENSG00000169252,ADRB2,AGONIST,activate,unknown,unknown,0,0,0.0,0.0,{}
CHEMBL1096,AMLEXANOX,CHEMBL2093863,PROTEIN FAMILY,ENSG00000065989,PDE4A,INHIBITOR,inhibit,unknown,unknown,0.23243057389068916,0,0.18594445911255134,0.18594445911255134,"{""gwas_credible_sets"": 0.23243057389068916}"
CHEMBL1096,AMLEXANOX,CHEMBL2093863,PROTEIN FAMILY,ENSG00000105650,PDE4C,INHIBITOR,inhibit,unknown,unknown,0,0,0.0,0.0,{}
CHEMBL1096,AMLEXANOX,CHEMBL2093863,PROTEIN FAMILY,ENSG00000113448,PDE4D,INHIBITOR,inhibit,unknown,unknown,0.03502364826196417,0.01635098289812564,0.03128911518919646,0.03128911518919646,"{""gwas_credible_sets"": 0.03502364826196417, ""expression_atlas"": 0.01635098289812564}"
CHEMBL1096,AMLEXANOX,CHEMBL2093863,PROTEIN FAMILY,ENSG00000184588,PDE4B,INHIBITOR,inhibit,unknown,unknown,0,0.11705336896939017,0.023410673793878036,0.023410673793878036,"{""expression_atlas"": 0.11705336896939017}"
CHEMBL1096146,PONESIMOD,CHEMBL4333,SINGLE PROTEIN,ENSG00000170989,S1PR1,AGONIST,activate,unknown,unknown,0,0,0.0,0.0,{}
CHEMBL1096882,FLUDARABINE PHOSPHATE,CHEMBL2363042,PROTEIN FAMILY,ENSG00000014138,POLA2,INHIBITOR,inhibit,unknown,unknown,0,0,0.0,0.0,{}
CHEMBL1096882,FLUDARABINE PHOSPHATE,CHEMBL2095215,PROTEIN COMPLEX GROUP,ENSG00000048392,RRM2B,INHIBITOR,inhibit,unknown,unknown,0,0,0.0,0.0,{}
CHEMBL1096882,FLUDARABINE PHOSPHATE,CHEMBL2363042,PROTEIN FAMILY,ENSG00000062822,POLD1,INHIBITOR,inhibit,unknown,unknown,0,0,0.0,0.0,{}
CHEMBL1096882,FLUDARABINE PHOSPHATE,CHEMBL2363042,PROTEIN FAMILY,ENSG00000077514,POLD3,INHIBITOR,inhibit,unknown,unknown,0,0,0.0,0.0,{}
CHEMBL1096882,FLUDARABINE PHOSPHATE,CHEMBL2363042,PROTEIN FAMILY,ENSG00000100479,POLE2,INHIBITOR,inhibit,unknown,unknown,0,0,0.0,0.0,{}
CHEMBL1096882,FLUDARABINE PHOSPHATE,CHEMBL2363042,PROTEIN FAMILY,ENSG00000101868,POLA1,INHIBITOR,inhibit,unknown,unknown,0,0,0.0,0.0,{}
CHEMBL1096882,FLUDARABINE PHOSPHATE,CHEMBL2363042,PROTEIN FAMILY,ENSG00000106628,POLD2,INHIBITOR,inhibit,unknown,unknown,0,0,0.0,0.0,{}
CHEMBL1096882,FLUDARABINE PHOSPHATE,CHEMBL2363042,PROTEIN FAMILY,ENSG00000146143,PRIM2,INHIBITOR,inhibit,unknown,unknown,0,0,0.0,0.0,{}
CHEMBL1096882,FLUDARABINE PHOSPHATE,CHEMBL2363042,PROTEIN FAMILY,ENSG00000148229,POLE3,INHIBITOR,inhibit,unknown,unknown,0,0,0.0,0.0,{}
CHEMBL1096882,FLUDARABINE PHOSPHATE,CHEMBL2095215,PROTEIN COMPLEX GROUP,ENSG00000167325,RRM1,INHIBITOR,inhibit,unknown,unknown,0,0,0.0,0.0,{}
CHEMBL1096882,FLUDARABINE PHOSPHATE,CHEMBL2095215,PROTEIN COMPLEX GROUP,ENSG00000171848,RRM2,INHIBITOR,inhibit,unknown,unknown,0,0.0232370895742308,0.004647417914846161,0.004647417914846161,"{""expression_atlas"": 0.0232370895742308}"
CHEMBL1096882,FLUDARABINE PHOSPHATE,CHEMBL2363042,PROTEIN FAMILY,ENSG00000175482,POLD4,INHIBITOR,inhibit,unknown,unknown,0,0,0.0,0.0,{}
CHEMBL1096882,FLUDARABINE PHOSPHATE,CHEMBL2363042,PROTEIN FAMILY,ENSG00000177084,POLE,INHIBITOR,inhibit,unknown,unknown,0,0,0.0,0.0,{}
CHEMBL1096882,FLUDARABINE PHOSPHATE,CHEMBL2363042,PROTEIN FAMILY,ENSG00000198056,PRIM1,INHIBITOR,inhibit,unknown,unknown,0,0,0.0,0.0,{}
CHEMBL1096885,VALRUBICIN,CHEMBL1806,SINGLE PROTEIN,ENSG00000131747,TOP2A,INHIBITOR,inhibit,unknown,unknown,0,0,0.0,0.0,{}
CHEMBL1098,BUPIVACAINE,CHEMBL2072,SINGLE PROTEIN,ENSG00000007314,SCN4A,BLOCKER,inhibit,unknown,unknown,0,0.01623682440230527,0.003247364880461054,0.003247364880461054,"{""expression_atlas"": 0.01623682440230527}"
CHEMBL11,IMIPRAMINE,CHEMBL222,SINGLE PROTEIN,ENSG00000103546,SLC6A2,INHIBITOR,inhibit,unknown,unknown,0,0,0.0,0.0,{}
CHEMBL11,IMIPRAMINE,CHEMBL228,SINGLE PROTEIN,ENSG00000108576,SLC6A4,INHIBITOR,inhibit,unknown,unknown,0,0.4642014225773055,0.09284028451546111,0.09284028451546111,"{""expression_atlas"": 0.4642014225773055}"
CHEMBL1100,PARAMETHADIONE,CHEMBL2362995,PROTEIN FAMILY,ENSG00000006283,CACNA1G,BLOCKER,inhibit,unknown,unknown,0,0,0.0,0.0,{}
CHEMBL1100,PARAMETHADIONE,CHEMBL2362995,PROTEIN FAMILY,ENSG00000100346,CACNA1I,BLOCKER,inhibit,unknown,unknown,0,0.029712047663247972,0.005942409532649595,0.005942409532649595,"{""expression_atlas"": 0.029712047663247972}"
CHEMBL1100,PARAMETHADIONE,CHEMBL2362995,PROTEIN FAMILY,ENSG00000196557,CACNA1H,BLOCKER,inhibit,unknown,unknown,0,0.00847900742166888,0.0016958014843337762,0.0016958014843337762,"{""expression_atlas"": 0.00847900742166888}"
CHEMBL1102,GLUTETHIMIDE,CHEMBL2093872,PROTEIN COMPLEX GROUP,ENSG00000094755,GABRP,POSITIVE MODULATOR,unknown,unknown,unknown,0,0.07106524621438697,0.014213049242877394,0.014213049242877394,"{""expression_atlas"": 0.07106524621438697}"
CHEMBL1102,GLUTETHIMIDE,CHEMBL2093872,PROTEIN COMPLEX GROUP,ENSG00000102287,GABRE,POSITIVE MODULATOR,unknown,unknown,unknown,0,0.01300725293757502,0.002601450587515004,0.002601450587515004,"{""expression_atlas"": 0.01300725293757502}"
CHEMBL1102,GLUTETHIMIDE,CHEMBL2093872,PROTEIN COMPLEX GROUP,ENSG00000109158,GABRA4,POSITIVE MODULATOR,unknown,unknown,unknown,0,0.040567960282186954,0.00811359205643739,0.00811359205643739,"{""expression_atlas"": 0.040567960282186954}"
CHEMBL1102,GLUTETHIMIDE,CHEMBL2093872,PROTEIN COMPLEX GROUP,ENSG00000145864,GABRB2,POSITIVE MODULATOR,unknown,unknown,unknown,0,0.014994345937037634,0.002998869187407527,0.002998869187407527,"{""expression_atlas"": 0.014994345937037634}"
CHEMBL1102,GLUTETHIMIDE,CHEMBL2093872,PROTEIN COMPLEX GROUP,ENSG00000151834,GABRA2,POSITIVE MODULATOR,unknown,unknown,unknown,0,0.0646883705632426,0.01293767411264852,0.01293767411264852,"{""expression_atlas"": 0.0646883705632426}"
CHEMBL1102,GLUTETHIMIDE,CHEMBL2093872,PROTEIN COMPLEX GROUP,ENSG00000163285,GABRG1,POSITIVE MODULATOR,unknown,unknown,unknown,0,0.06503253540618377,0.013006507081236754,0.013006507081236754,"{""expression_atlas"": 0.06503253540618377}"
CHEMBL1102,GLUTETHIMIDE,CHEMBL2093872,PROTEIN COMPLEX GROUP,ENSG00000186297,GABRA5,POSITIVE MODULATOR,unknown,unknown,unknown,0,0.04015022406741467,0.008030044813482934,0.008030044813482934,"{""expression_atlas"": 0.04015022406741467}"
CHEMBL1104,EDROPHONIUM,CHEMBL220,SINGLE PROTEIN,ENSG00000087085,ACHE,INHIBITOR,inhibit,unknown,unknown,0,0.018881721104742892,0.0037763442209485785,0.0037763442209485785,"{""expression_atlas"": 0.018881721104742892}"
CHEMBL1106,EPINASTINE,CHEMBL231,SINGLE PROTEIN,ENSG00000196639,HRH1,ANTAGONIST,inhibit,unknown,unknown,0,0,0.0,0.0,{}
CHEMBL1110,ALOSETRON,CHEMBL1899,SINGLE PROTEIN,ENSG00000166736,HTR3A,ANTAGONIST,inhibit,unknown,unknown,0,0.04201014873138331,0.008402029746276662,0.008402029746276662,"{""expression_atlas"": 0.04201014873138331}"
CHEMBL1111,AMBRISENTAN,CHEMBL2096678,PROTEIN FAMILY,ENSG00000136160,EDNRB,ANTAGONIST,inhibit,unknown,unknown,0,0,0.0,0.0,{}
CHEMBL1111,AMBRISENTAN,CHEMBL2096678,PROTEIN FAMILY,ENSG00000151617,EDNRA,ANTAGONIST,inhibit,unknown,unknown,0,0.14070996616165257,0.028141993232330517,0.028141993232330517,"{""expression_atlas"": 0.14070996616165257}"
CHEMBL1112,ARIPIPRAZOLE,CHEMBL217,SINGLE PROTEIN,ENSG00000149295,DRD2,PARTIAL AGONIST,activate,unknown,unknown,0,0,0.0,0.0,{}
CHEMBL1113,AMOXAPINE,CHEMBL222,SINGLE PROTEIN,ENSG00000103546,SLC6A2,INHIBITOR,inhibit,unknown,unknown,0,0,0.0,0.0,{}
CHEMBL1113,AMOXAPINE,CHEMBL228,SINGLE PROTEIN,ENSG00000108576,SLC6A4,INHIBITOR,inhibit,unknown,unknown,0,0.4642014225773055,0.09284028451546111,0.09284028451546111,"{""expression_atlas"": 0.4642014225773055}"
CHEMBL1113,AMOXAPINE,CHEMBL2096905,PROTEIN FAMILY,ENSG00000149295,DRD2,ANTAGONIST,inhibit,unknown,unknown,0,0,0.0,0.0,{}
CHEMBL1113,AMOXAPINE,CHEMBL2096905,PROTEIN FAMILY,ENSG00000169676,DRD5,ANTAGONIST,inhibit,unknown,unknown,0,0.19895092359172029,0.03979018471834406,0.03979018471834406,"{""expression_atlas"": 0.19895092359172029}"
CHEMBL1113,AMOXAPINE,CHEMBL2096905,PROTEIN FAMILY,ENSG00000184845,DRD1,ANTAGONIST,inhibit,unknown,unknown,0,0,0.0,0.0,{}
CHEMBL1115,PYRIDOSTIGMINE,CHEMBL220,SINGLE PROTEIN,ENSG00000087085,ACHE,INHIBITOR,inhibit,unknown,unknown,0,0.018881721104742892,0.0037763442209485785,0.0037763442209485785,"{""expression_atlas"": 0.018881721104742892}"
CHEMBL1117,IDARUBICIN,CHEMBL1806,SINGLE PROTEIN,ENSG00000131747,TOP2A,INHIBITOR,inhibit,unknown,unknown,0,0,0.0,0.0,{}
CHEMBL1118,DESVENLAFAXINE,CHEMBL222,SINGLE PROTEIN,ENSG00000103546,SLC6A2,INHIBITOR,inhibit,unknown,unknown,0,0,0.0,0.0,{}
CHEMBL1118,DESVENLAFAXINE,CHEMBL228,SINGLE PROTEIN,ENSG00000108576,SLC6A4,INHIBITOR,inhibit,unknown,unknown,0,0.4642014225773055,0.09284028451546111,0.09284028451546111,"{""expression_atlas"": 0.4642014225773055}"
CHEMBL112,ACETAMINOPHEN,CHEMBL2094253,PROTEIN FAMILY,ENSG00000073756,PTGS2,INHIBITOR,inhibit,unknown,unknown,0,0.400648993476229,0.08012979869524581,0.08012979869524581,"{""expression_atlas"": 0.400648993476229}"
CHEMBL112,ACETAMINOPHEN,CHEMBL2094253,PROTEIN FAMILY,ENSG00000095303,PTGS1,INHIBITOR,inhibit,unknown,unknown,0,0,0.0,0.0,{}
CHEMBL112,ACETAMINOPHEN,CHEMBL2243,SINGLE PROTEIN,ENSG00000117480,FAAH,INHIBITOR,inhibit,unknown,unknown,0,0,0.0,0.0,{}
CHEMBL112,ACETAMINOPHEN,CHEMBL4794,SINGLE PROTEIN,ENSG00000196689,TRPV1,OPENER,unknown,unknown,unknown,0,0,0.0,0.0,{}
CHEMBL1120,BISMUTH SUBSALICYLATE,CHEMBL2094253,PROTEIN FAMILY,ENSG00000073756,PTGS2,INHIBITOR,inhibit,unknown,unknown,0,0.400648993476229,0.08012979869524581,0.08012979869524581,"{""expression_atlas"": 0.400648993476229}"
CHEMBL1120,BISMUTH SUBSALICYLATE,CHEMBL2094253,PROTEIN FAMILY,ENSG00000095303,PTGS1,INHIBITOR,inhibit,unknown,unknown,0,0,0.0,0.0,{}
CHEMBL1123,DICYCLOMINE,CHEMBL245,SINGLE PROTEIN,ENSG00000133019,CHRM3,ANTAGONIST,inhibit,unknown,unknown,0,0.04444900036943321,0.008889800073886641,0.008889800073886641,"{""expression_atlas"": 0.04444900036943321}"
CHEMBL113,CAFFEINE,CHEMBL2111329,PROTEIN FAMILY,ENSG00000128271,ADORA2A,ANTAGONIST,inhibit,unknown,unknown,0,0,0.0,0.0,{}
CHEMBL113,CAFFEINE,CHEMBL2111329,PROTEIN FAMILY,ENSG00000170425,ADORA2B,ANTAGONIST,inhibit,unknown,unknown,0,0.19327657512943838,0.03865531502588768,0.03865531502588768,"{""expression_atlas"": 0.19327657512943838}"
CHEMBL113,CAFFEINE,CHEMBL2111329,PROTEIN FAMILY,ENSG00000282608,ADORA3,ANTAGONIST,inhibit,unknown,unknown,0,0.01364113747894439,0.0027282274957888784,0.0027282274957888784,"{""expression_atlas"": 0.01364113747894439}"
CHEMBL1131,ACITRETIN,CHEMBL2363071,PROTEIN FAMILY,ENSG00000077092,RARB,AGONIST,activate,unknown,unknown,0,0,0.0,0.0,{}
CHEMBL1131,ACITRETIN,CHEMBL2363071,PROTEIN FAMILY,ENSG00000131759,RARA,AGONIST,activate,unknown,unknown,0,0,0.0,0.0,{}
CHEMBL1131,ACITRETIN,CHEMBL2363071,PROTEIN FAMILY,ENSG00000186350,RXRA,AGONIST,activate,unknown,unknown,0,0,0.0,0.0,{}
CHEMBL1138,EZETIMIBE,CHEMBL2027,SINGLE PROTEIN,ENSG00000015520,NPC1L1,INHIBITOR,inhibit,unknown,unknown,0,0.044919992433818175,0.008983998486763635,0.008983998486763635,"{""expression_atlas"": 0.044919992433818175}"
CHEMBL1139,EPOPROSTENOL,CHEMBL1995,SINGLE PROTEIN,ENSG00000160013,PTGIR,AGONIST,activate,unknown,unknown,0,0.009052169950968112,0.0018104339901936226,0.0018104339901936226,"{""expression_atlas"": 0.009052169950968112}"
CHEMBL1144,PRAVASTATIN,CHEMBL402,SINGLE PROTEIN,ENSG00000113161,HMGCR,INHIBITOR,inhibit,unknown,unknown,0,0,0.0,0.0,{}
CHEMBL1152,PREDNISOLONE ACETATE,CHEMBL2034,SINGLE PROTEIN,ENSG00000113580,NR3C1,AGONIST,activate,unknown,unknown,0,0,0.0,0.0,{}
CHEMBL1159,PINACIDIL ANHYDROUS,CHEMBL2095198,PROTEIN COMPLEX,ENSG00000069431,ABCC9,OPENER,unknown,unknown,unknown,0,0.014911028619994713,0.0029822057239989428,0.0029822057239989428,"{""expression_atlas"": 0.014911028619994713}"
CHEMBL1159650,CLOBETASOL PROPIONATE,CHEMBL2034,SINGLE PROTEIN,ENSG00000113580,NR3C1,AGONIST,activate,unknown,unknown,0,0,0.0,0.0,{}
CHEMBL1161,MOMETASONE FUROATE,CHEMBL2034,SINGLE PROTEIN,ENSG00000113580,NR3C1,AGONIST,activate,unknown,unknown,0,0,0.0,0.0,{}
CHEMBL1162,NORETHINDRONE,CHEMBL208,SINGLE PROTEIN,ENSG00000082175,PGR,AGONIST,activate,unknown,unknown,0,0.01501474225374393,0.003002948450748786,0.003002948450748786,"{""expression_atlas"": 0.01501474225374393}"
CHEMBL1164729,FEBUXOSTAT,CHEMBL1929,SINGLE PROTEIN,ENSG00000158125,XDH,INHIBITOR,inhibit,unknown,unknown,0,0.029202227401814607,0.005840445480362922,0.005840445480362922,"{""expression_atlas"": 0.029202227401814607}"
CHEMBL1165,MOEXIPRIL,CHEMBL1808,SINGLE PROTEIN,ENSG00000159640,ACE,INHIBITOR,inhibit,unknown,unknown,0,0.23801930305604319,0.04760386061120864,0.04760386061120864,"{""expression_atlas"": 0.23801930305604319}"
CHEMBL1166,ARGATROBAN,CHEMBL204,SINGLE PROTEIN,ENSG00000180210,F2,INHIBITOR,inhibit,unknown,unknown,0,0,0.0,0.0,{}
CHEMBL11662,OZAGREL,CHEMBL1835,SINGLE PROTEIN,ENSG00000059377,TBXAS1,INHIBITOR,inhibit,unknown,unknown,0,0.026185251851190673,0.005237050370238135,0.005237050370238135,"{""expression_atlas"": 0.026185251851190673}"
CHEMBL1168,RAMIPRIL,CHEMBL1808,SINGLE PROTEIN,ENSG00000159640,ACE,INHIBITOR,inhibit,unknown,unknown,0,0.23801930305604319,0.04760386061120864,0.04760386061120864,"{""expression_atlas"": 0.23801930305604319}"
CHEMBL1170,TESTOSTERONE PROPIONATE,CHEMBL1871,SINGLE PROTEIN,ENSG00000169083,AR,AGONIST,activate,unknown,unknown,0,0,0.0,0.0,{}
CHEMBL1171837,PONATINIB,CHEMBL2096618,CHIMERIC PROTEIN,ENSG00000186716,BCR,INHIBITOR,inhibit,unknown,unknown,0,0,0.0,0.0,{}
CHEMBL1172,DESLORATADINE,CHEMBL231,SINGLE PROTEIN,ENSG00000196639,HRH1,ANTAGONIST,inhibit,unknown,unknown,0,0,0.0,0.0,{}
CHEMBL117287,PRUCALOPRIDE,CHEMBL1875,SINGLE PROTEIN,ENSG00000164270,HTR4,AGONIST,activate,unknown,unknown,0,0.06548481832691538,0.013096963665383078,0.013096963665383078,"{""expression_atlas"": 0.06548481832691538}"
CHEMBL1173055,RUCAPARIB,CHEMBL3390820,PROTEIN FAMILY,ENSG00000143799,PARP1,INHIBITOR,inhibit,unknown,unknown,0,0,0.0,0.0,{}
CHEMBL1173655,AFATINIB,CHEMBL1824,SINGLE PROTEIN,ENSG00000141736,ERBB2,INHIBITOR,inhibit,unknown,unknown,0,0,0.0,0.0,{}
CHEMBL1173655,AFATINIB,CHEMBL203,SINGLE PROTEIN,ENSG00000146648,EGFR,INHIBITOR,inhibit,unknown,unknown,0,0,0.0,0.0,{}
CHEMBL1173655,AFATINIB,CHEMBL3009,SINGLE PROTEIN,ENSG00000178568,ERBB4,INHIBITOR,inhibit,unknown,unknown,0,0,0.0,0.0,{}
CHEMBL1174,EPTIFIBATIDE,CHEMBL2093869,PROTEIN COMPLEX,ENSG00000005961,ITGA2B,INHIBITOR,inhibit,unknown,unknown,0,0,0.0,0.0,{}
CHEMBL1174,EPTIFIBATIDE,CHEMBL2093869,PROTEIN COMPLEX,ENSG00000259207,ITGB3,INHIBITOR,inhibit,unknown,unknown,0,0,0.0,0.0,{}
CHEMBL1175,DULOXETINE,CHEMBL222,SINGLE PROTEIN,ENSG00000103546,SLC6A2,INHIBITOR,inhibit,unknown,unknown,0,0,0.0,0.0,{}
CHEMBL1175,DULOXETINE,CHEMBL228,SINGLE PROTEIN,ENSG00000108576,SLC6A4,INHIBITOR,inhibit,unknown,unknown,0,0.4642014225773055,0.09284028451546111,0.09284028451546111,"{""expression_atlas"": 0.4642014225773055}"
CHEMBL1179047,CHLOROPROCAINE,CHEMBL2331043,PROTEIN FAMILY,ENSG00000007314,SCN4A,BLOCKER,inhibit,unknown,unknown,0,0.01623682440230527,0.003247364880461054,0.003247364880461054,"{""expression_atlas"": 0.01623682440230527}"
CHEMBL1179047,CHLOROPROCAINE,CHEMBL2331043,PROTEIN FAMILY,ENSG00000136546,SCN7A,BLOCKER,inhibit,unknown,unknown,0,0.01258407039414361,0.0025168140788287222,0.0025168140788287222,"{""expression_atlas"": 0.01258407039414361}"
CHEMBL1179047,CHLOROPROCAINE,CHEMBL2331043,PROTEIN FAMILY,ENSG00000144285,SCN1A,BLOCKER,inhibit,unknown,unknown,0,0,0.0,0.0,{}
CHEMBL1179047,CHLOROPROCAINE,CHEMBL2331043,PROTEIN FAMILY,ENSG00000169432,SCN9A,BLOCKER,inhibit,unknown,unknown,0,0,0.0,0.0,{}
CHEMBL1179047,CHLOROPROCAINE,CHEMBL2331043,PROTEIN FAMILY,ENSG00000183873,SCN5A,BLOCKER,inhibit,unknown,unknown,0,0,0.0,0.0,{}
CHEMBL1179047,CHLOROPROCAINE,CHEMBL2331043,PROTEIN FAMILY,ENSG00000185313,SCN10A,BLOCKER,inhibit,unknown,unknown,0,0,0.0,0.0,{}
CHEMBL118,CELECOXIB,CHEMBL230,SINGLE PROTEIN,ENSG00000073756,PTGS2,INHIBITOR,inhibit,unknown,unknown,0,0.400648993476229,0.08012979869524581,0.08012979869524581,"{""expression_atlas"": 0.400648993476229}"
CHEMBL1180725,PROPANTHELINE,CHEMBL245,SINGLE PROTEIN,ENSG00000133019,CHRM3,ANTAGONIST,inhibit,unknown,unknown,0,0.04444900036943321,0.008889800073886641,0.008889800073886641,"{""expression_atlas"": 0.04444900036943321}"
CHEMBL1180725,PROPANTHELINE,CHEMBL211,SINGLE PROTEIN,ENSG00000181072,CHRM2,ANTAGONIST,inhibit,unknown,unknown,0,0.015360851261897956,0.0030721702523795916,0.0030721702523795916,"{""expression_atlas"": 0.015360851261897956}"
CHEMBL1182833,MIVACURIUM,CHEMBL2362997,PROTEIN COMPLEX GROUP,ENSG00000138435,CHRNA1,ANTAGONIST,inhibit,unknown,unknown,0,0.09508718100227412,0.019017436200454825,0.019017436200454825,"{""expression_atlas"": 0.09508718100227412}"
CHEMBL1185,ZOLMITRIPTAN,CHEMBL1898,SINGLE PROTEIN,ENSG00000135312,HTR1B,AGONIST,activate,unknown,unknown,0,0.0715539711095912,0.014310794221918242,0.014310794221918242,"{""expression_atlas"": 0.0715539711095912}"
CHEMBL1185,ZOLMITRIPTAN,CHEMBL1983,SINGLE PROTEIN,ENSG00000179546,HTR1D,AGONIST,activate,unknown,unknown,0,0.27833393839812215,0.055666787679624435,0.055666787679624435,"{""expression_atlas"": 0.27833393839812215}"
CHEMBL1186579,METHYLNALTREXONE,CHEMBL233,SINGLE PROTEIN,ENSG00000112038,OPRM1,ANTAGONIST,inhibit,unknown,unknown,0,0,0.0,0.0,{}
CHEMBL1186610,ANISOTROPINE,CHEMBL245,SINGLE PROTEIN,ENSG00000133019,CHRM3,ANTAGONIST,inhibit,unknown,unknown,0,0.04444900036943321,0.008889800073886641,0.008889800073886641,"{""expression_atlas"": 0.04444900036943321}"
CHEMBL1187833,UMECLIDINIUM,CHEMBL245,SINGLE PROTEIN,ENSG00000133019,CHRM3,ANTAGONIST,inhibit,unknown,unknown,0,0.04444900036943321,0.008889800073886641,0.008889800073886641,"{""expression_atlas"": 0.04444900036943321}"
CHEMBL1189432,OLOPATADINE,CHEMBL231,SINGLE PROTEIN,ENSG00000196639,HRH1,ANTAGONIST,inhibit,unknown,unknown,0,0,0.0,0.0,{}
CHEMBL1189679,PALONOSETRON,CHEMBL1899,SINGLE PROTEIN,ENSG00000166736,HTR3A,ANTAGONIST,inhibit,unknown,unknown,0,0.04201014873138331,0.008402029746276662,0.008402029746276662,"{""expression_atlas"": 0.04201014873138331}"
CHEMBL1190,DECAMETHONIUM,CHEMBL2362997,PROTEIN COMPLEX GROUP,ENSG00000138435,CHRNA1,PARTIAL AGONIST,activate,unknown,unknown,0,0.09508718100227412,0.019017436200454825,0.019017436200454825,"{""expression_atlas"": 0.09508718100227412}"
CHEMBL1193,PHENIRAMINE,CHEMBL231,SINGLE PROTEIN,ENSG00000196639,HRH1,ANTAGONIST,inhibit,unknown,unknown,0,0,0.0,0.0,{}
CHEMBL1194,PRILOCAINE,CHEMBL2331043,PROTEIN FAMILY,ENSG00000007314,SCN4A,BLOCKER,inhibit,unknown,unknown,0,0.01623682440230527,0.003247364880461054,0.003247364880461054,"{""expression_atlas"": 0.01623682440230527}"
CHEMBL1194,PRILOCAINE,CHEMBL2331043,PROTEIN FAMILY,ENSG00000136546,SCN7A,BLOCKER,inhibit,unknown,unknown,0,0.01258407039414361,0.0025168140788287222,0.0025168140788287222,"{""expression_atlas"": 0.01258407039414361}"
CHEMBL1194,PRILOCAINE,CHEMBL2331043,PROTEIN FAMILY,ENSG00000144285,SCN1A,BLOCKER,inhibit,unknown,unknown,0,0,0.0,0.0,{}
CHEMBL1194,PRILOCAINE,CHEMBL2331043,PROTEIN FAMILY,ENSG00000169432,SCN9A,BLOCKER,inhibit,unknown,unknown,0,0,0.0,0.0,{}
CHEMBL1194,PRILOCAINE,CHEMBL2331043,PROTEIN FAMILY,ENSG00000183873,SCN5A,BLOCKER,inhibit,unknown,unknown,0,0,0.0,0.0,{}
CHEMBL1194,PRILOCAINE,CHEMBL2331043,PROTEIN FAMILY,ENSG00000185313,SCN10A,BLOCKER,inhibit,unknown,unknown,0,0,0.0,0.0,{}
CHEMBL1194325,ACLIDINIUM,CHEMBL245,SINGLE PROTEIN,ENSG00000133019,CHRM3,ANTAGONIST,inhibit,unknown,unknown,0,0.04444900036943321,0.008889800073886641,0.008889800073886641,"{""expression_atlas"": 0.04444900036943321}"
CHEMBL1195,PROPOXYCAINE,CHEMBL2331043,PROTEIN FAMILY,ENSG00000007314,SCN4A,BLOCKER,inhibit,unknown,unknown,0,0.01623682440230527,0.003247364880461054,0.003247364880461054,"{""expression_atlas"": 0.01623682440230527}"
CHEMBL1195,PROPOXYCAINE,CHEMBL2331043,PROTEIN FAMILY,ENSG00000136546,SCN7A,BLOCKER,inhibit,unknown,unknown,0,0.01258407039414361,0.0025168140788287222,0.0025168140788287222,"{""expression_atlas"": 0.01258407039414361}"
CHEMBL1195,PROPOXYCAINE,CHEMBL2331043,PROTEIN FAMILY,ENSG00000144285,SCN1A,BLOCKER,inhibit,unknown,unknown,0,0,0.0,0.0,{}
CHEMBL1195,PROPOXYCAINE,CHEMBL2331043,PROTEIN FAMILY,ENSG00000169432,SCN9A,BLOCKER,inhibit,unknown,unknown,0,0,0.0,0.0,{}
CHEMBL1195,PROPOXYCAINE,CHEMBL2331043,PROTEIN FAMILY,ENSG00000183873,SCN5A,BLOCKER,inhibit,unknown,unknown,0,0,0.0,0.0,{}
CHEMBL1195,PROPOXYCAINE,CHEMBL2331043,PROTEIN FAMILY,ENSG00000185313,SCN10A,BLOCKER,inhibit,unknown,unknown,0,0,0.0,0.0,{}
CHEMBL1196,PROPARACAINE,CHEMBL2331043,PROTEIN FAMILY,ENSG00000007314,SCN4A,BLOCKER,inhibit,unknown,unknown,0,0.01623682440230527,0.003247364880461054,0.003247364880461054,"{""expression_atlas"": 0.01623682440230527}"
CHEMBL1196,PROPARACAINE,CHEMBL2331043,PROTEIN FAMILY,ENSG00000136546,SCN7A,BLOCKER,inhibit,unknown,unknown,0,0.01258407039414361,0.0025168140788287222,0.0025168140788287222,"{""expression_atlas"": 0.01258407039414361}"
CHEMBL1196,PROPARACAINE,CHEMBL2331043,PROTEIN FAMILY,ENSG00000144285,SCN1A,BLOCKER,inhibit,unknown,unknown,0,0,0.0,0.0,{}
CHEMBL1196,PROPARACAINE,CHEMBL2331043,PROTEIN FAMILY,ENSG00000169432,SCN9A,BLOCKER,inhibit,unknown,unknown,0,0,0.0,0.0,{}
CHEMBL1196,PROPARACAINE,CHEMBL2331043,PROTEIN FAMILY,ENSG00000183873,SCN5A,BLOCKER,inhibit,unknown,unknown,0,0,0.0,0.0,{}
CHEMBL1196,PROPARACAINE,CHEMBL2331043,PROTEIN FAMILY,ENSG00000185313,SCN10A,BLOCKER,inhibit,unknown,unknown,0,0,0.0,0.0,{}
CHEMBL1197,HEXYLCAINE,CHEMBL2331043,PROTEIN FAMILY,ENSG00000007314,SCN4A,BLOCKER,inhibit,unknown,unknown,0,0.01623682440230527,0.003247364880461054,0.003247364880461054,"{""expression_atlas"": 0.01623682440230527}"
CHEMBL1197,HEXYLCAINE,CHEMBL2331043,PROTEIN FAMILY,ENSG00000136546,SCN7A,BLOCKER,inhibit,unknown,unknown,0,0.01258407039414361,0.0025168140788287222,0.0025168140788287222,"{""expression_atlas"": 0.01258407039414361}"
CHEMBL1197,HEXYLCAINE,CHEMBL2331043,PROTEIN FAMILY,ENSG00000144285,SCN1A,BLOCKER,inhibit,unknown,unknown,0,0,0.0,0.0,{}
CHEMBL1197,HEXYLCAINE,CHEMBL2331043,PROTEIN FAMILY,ENSG00000169432,SCN9A,BLOCKER,inhibit,unknown,unknown,0,0,0.0,0.0,{}
CHEMBL1197,HEXYLCAINE,CHEMBL2331043,PROTEIN FAMILY,ENSG00000183873,SCN5A,BLOCKER,inhibit,unknown,unknown,0,0,0.0,0.0,{}
CHEMBL1197,HEXYLCAINE,CHEMBL2331043,PROTEIN FAMILY,ENSG00000185313,SCN10A,BLOCKER,inhibit,unknown,unknown,0,0,0.0,0.0,{}
CHEMBL1198857,VILANTEROL,CHEMBL210,SINGLE PROTEIN,ENSG00000169252,ADRB2,AGONIST,activate,unknown,unknown,0,0,0.0,0.0,{}
CHEMBL1199080,BRETYLIUM,CHEMBL222,SINGLE PROTEIN,ENSG00000103546,SLC6A2,SUBSTRATE,unknown,unknown,unknown,0,0,0.0,0.0,{}
CHEMBL1199307,DISTIGMINE,CHEMBL220,SINGLE PROTEIN,ENSG00000087085,ACHE,INHIBITOR,inhibit,unknown,unknown,0,0.018881721104742892,0.0037763442209485785,0.0037763442209485785,"{""expression_atlas"": 0.018881721104742892}"
CHEMBL1199324,FOSAPREPITANT,CHEMBL249,SINGLE PROTEIN,ENSG00000115353,TACR1,ANTAGONIST,inhibit,unknown,unknown,0,0,0.0,0.0,{}
CHEMBL12,DIAZEPAM,CHEMBL2093872,PROTEIN COMPLEX GROUP,ENSG00000094755,GABRP,POSITIVE ALLOSTERIC MODULATOR,activate,unknown,unknown,0,0.07106524621438697,0.014213049242877394,0.014213049242877394,"{""expression_atlas"": 0.07106524621438697}"
CHEMBL12,DIAZEPAM,CHEMBL2093872,PROTEIN COMPLEX GROUP,ENSG00000102287,GABRE,POSITIVE ALLOSTERIC MODULATOR,activate,unknown,unknown,0,0.01300725293757502,0.002601450587515004,0.002601450587515004,"{""expression_atlas"": 0.01300725293757502}"
CHEMBL12,DIAZEPAM,CHEMBL2093872,PROTEIN COMPLEX GROUP,ENSG00000109158,GABRA4,POSITIVE ALLOSTERIC MODULATOR,activate,unknown,unknown,0,0.040567960282186954,0.00811359205643739,0.00811359205643739,"{""expression_atlas"": 0.040567960282186954}"
CHEMBL12,DIAZEPAM,CHEMBL2093872,PROTEIN COMPLEX GROUP,ENSG00000145864,GABRB2,POSITIVE ALLOSTERIC MODULATOR,activate,unknown,unknown,0,0.014994345937037634,0.002998869187407527,0.002998869187407527,"{""expression_atlas"": 0.014994345937037634}"
CHEMBL12,DIAZEPAM,CHEMBL2093872,PROTEIN COMPLEX GROUP,ENSG00000151834,GABRA2,POSITIVE ALLOSTERIC MODULATOR,activate,unknown,unknown,0,0.0646883705632426,0.01293767411264852,0.01293767411264852,"{""expression_atlas"": 0.0646883705632426}"
CHEMBL12,DIAZEPAM,CHEMBL2093872,PROTEIN COMPLEX GROUP,ENSG00000163285,GABRG1,POSITIVE ALLOSTERIC MODULATOR,activate,unknown,unknown,0,0.06503253540618377,0.013006507081236754,0.013006507081236754,"{""expression_atlas"": 0.06503253540618377}"
CHEMBL12,DIAZEPAM,CHEMBL2093872,PROTEIN COMPLEX GROUP,ENSG00000186297,GABRA5,POSITIVE ALLOSTERIC MODULATOR,activate,unknown,unknown,0,0.04015022406741467,0.008030044813482934,0.008030044813482934,"{""expression_atlas"": 0.04015022406741467}"
CHEMBL1200,BENOXINATE,CHEMBL2331043,PROTEIN FAMILY,ENSG00000007314,SCN4A,BLOCKER,inhibit,unknown,unknown,0,0.01623682440230527,0.003247364880461054,0.003247364880461054,"{""expression_atlas"": 0.01623682440230527}"
CHEMBL1200,BENOXINATE,CHEMBL2331043,PROTEIN FAMILY,ENSG00000136546,SCN7A,BLOCKER,inhibit,unknown,unknown,0,0.01258407039414361,0.0025168140788287222,0.0025168140788287222,"{""expression_atlas"": 0.01258407039414361}"
CHEMBL1200,BENOXINATE,CHEMBL2331043,PROTEIN FAMILY,ENSG00000144285,SCN1A,BLOCKER,inhibit,unknown,unknown,0,0,0.0,0.0,{}
CHEMBL1200,BENOXINATE,CHEMBL2331043,PROTEIN FAMILY,ENSG00000169432,SCN9A,BLOCKER,inhibit,unknown,unknown,0,0,0.0,0.0,{}
CHEMBL1200,BENOXINATE,CHEMBL2331043,PROTEIN FAMILY,ENSG00000183873,SCN5A,BLOCKER,inhibit,unknown,unknown,0,0,0.0,0.0,{}
CHEMBL1200,BENOXINATE,CHEMBL2331043,PROTEIN FAMILY,ENSG00000185313,SCN10A,BLOCKER,inhibit,unknown,unknown,0,0,0.0,0.0,{}
CHEMBL1200335,TESTOSTERONE ENANTHATE,CHEMBL1871,SINGLE PROTEIN,ENSG00000169083,AR,AGONIST,activate,unknown,unknown,0,0,0.0,0.0,{}
CHEMBL1200342,PARAMETHASONE ACETATE,CHEMBL2034,SINGLE PROTEIN,ENSG00000113580,NR3C1,AGONIST,activate,unknown,unknown,0,0,0.0,0.0,{}
CHEMBL1200374,EXEMESTANE,CHEMBL1978,SINGLE PROTEIN,ENSG00000137869,CYP19A1,INHIBITOR,inhibit,unknown,unknown,0,0.029973199527227764,0.005994639905445553,0.005994639905445553,"{""expression_atlas"": 0.029973199527227764}"
CHEMBL1200376,BETAMETHASONE BENZOATE,CHEMBL2034,SINGLE PROTEIN,ENSG00000113580,NR3C1,AGONIST,activate,unknown,unknown,0,0,0.0,0.0,{}
CHEMBL1200384,BETAMETHASONE DIPROPIONATE,CHEMBL2034,SINGLE PROTEIN,ENSG00000113580,NR3C1,AGONIST,activate,unknown,unknown,0,0,0.0,0.0,{}
CHEMBL1200386,PREDNICARBATE,CHEMBL2034,SINGLE PROTEIN,ENSG00000113580,NR3C1,AGONIST,activate,unknown,unknown,0,0,0.0,0.0,{}
CHEMBL1200406,DIMENHYDRINATE,CHEMBL231,SINGLE PROTEIN,ENSG00000196639,HRH1,ANTAGONIST,inhibit,unknown,unknown,0,0,0.0,0.0,{}
CHEMBL1200412,NANDROLONE PHENPROPIONATE,CHEMBL1871,SINGLE PROTEIN,ENSG00000169083,AR,AGONIST,activate,unknown,unknown,0,0,0.0,0.0,{}
CHEMBL1200430,ESTRADIOL ACETATE,CHEMBL206,SINGLE PROTEIN,ENSG00000091831,ESR1,AGONIST,activate,unknown,unknown,0,0.013323775689022817,0.0026647551378045638,0.0026647551378045638,"{""expression_atlas"": 0.013323775689022817}"
CHEMBL1200436,OXANDROLONE,CHEMBL1871,SINGLE PROTEIN,ENSG00000169083,AR,AGONIST,activate,unknown,unknown,0,0,0.0,0.0,{}
CHEMBL1200443,MERETHOXYLLINE PROCAINE,CHEMBL2331043,PROTEIN FAMILY,ENSG00000007314,SCN4A,BLOCKER,inhibit,unknown,unknown,0,0.01623682440230527,0.003247364880461054,0.003247364880461054,"{""expression_atlas"": 0.01623682440230527}"
CHEMBL1200443,MERETHOXYLLINE PROCAINE,CHEMBL2331043,PROTEIN FAMILY,ENSG00000136546,SCN7A,BLOCKER,inhibit,unknown,unknown,0,0.01258407039414361,0.0025168140788287222,0.0025168140788287222,"{""expression_atlas"": 0.01258407039414361}"
CHEMBL1200443,MERETHOXYLLINE PROCAINE,CHEMBL2331043,PROTEIN FAMILY,ENSG00000144285,SCN1A,BLOCKER,inhibit,unknown,unknown,0,0,0.0,0.0,{}
CHEMBL1200443,MERETHOXYLLINE PROCAINE,CHEMBL2331043,PROTEIN FAMILY,ENSG00000169432,SCN9A,BLOCKER,inhibit,unknown,unknown,0,0,0.0,0.0,{}
CHEMBL1200443,MERETHOXYLLINE PROCAINE,CHEMBL2331043,PROTEIN FAMILY,ENSG00000183873,SCN5A,BLOCKER,inhibit,unknown,unknown,0,0,0.0,0.0,{}
CHEMBL1200443,MERETHOXYLLINE PROCAINE,CHEMBL2331043,PROTEIN FAMILY,ENSG00000185313,SCN10A,BLOCKER,inhibit,unknown,unknown,0,0,0.0,0.0,{}
CHEMBL1200449,TRIAMCINOLONE DIACETATE,CHEMBL2034,SINGLE PROTEIN,ENSG00000113580,NR3C1,AGONIST,activate,unknown,unknown,0,0,0.0,0.0,{}
CHEMBL1200472,QUAZEPAM,CHEMBL2093872,PROTEIN COMPLEX GROUP,ENSG00000094755,GABRP,POSITIVE ALLOSTERIC MODULATOR,activate,unknown,unknown,0,0.07106524621438697,0.014213049242877394,0.014213049242877394,"{""expression_atlas"": 0.07106524621438697}"
CHEMBL1200472,QUAZEPAM,CHEMBL2093872,PROTEIN COMPLEX GROUP,ENSG00000102287,GABRE,POSITIVE ALLOSTERIC MODULATOR,activate,unknown,unknown,0,0.01300725293757502,0.002601450587515004,0.002601450587515004,"{""expression_atlas"": 0.01300725293757502}"
CHEMBL1200472,QUAZEPAM,CHEMBL2093872,PROTEIN COMPLEX GROUP,ENSG00000109158,GABRA4,POSITIVE ALLOSTERIC MODULATOR,activate,unknown,unknown,0,0.040567960282186954,0.00811359205643739,0.00811359205643739,"{""expression_atlas"": 0.040567960282186954}"
CHEMBL1200472,QUAZEPAM,CHEMBL2093872,PROTEIN COMPLEX GROUP,ENSG00000145864,GABRB2,POSITIVE ALLOSTERIC MODULATOR,activate,unknown,unknown,0,0.014994345937037634,0.002998869187407527,0.002998869187407527,"{""expression_atlas"": 0.014994345937037634}"
CHEMBL1200472,QUAZEPAM,CHEMBL2093872,PROTEIN COMPLEX GROUP,ENSG00000151834,GABRA2,POSITIVE ALLOSTERIC MODULATOR,activate,unknown,unknown,0,0.0646883705632426,0.01293767411264852,0.01293767411264852,"{""expression_atlas"": 0.0646883705632426}"
CHEMBL1200472,QUAZEPAM,CHEMBL2093872,PROTEIN COMPLEX GROUP,ENSG00000163285,GABRG1,POSITIVE ALLOSTERIC MODULATOR,activate,unknown,unknown,0,0.06503253540618377,0.013006507081236754,0.013006507081236754,"{""expression_atlas"": 0.06503253540618377}"
CHEMBL1200472,QUAZEPAM,CHEMBL2093872,PROTEIN COMPLEX GROUP,ENSG00000186297,GABRA5,POSITIVE ALLOSTERIC MODULATOR,activate,unknown,unknown,0,0.04015022406741467,0.008030044813482934,0.008030044813482934,"{""expression_atlas"": 0.04015022406741467}"
CHEMBL1200500,BECLOMETHASONE DIPROPIONATE,CHEMBL2034,SINGLE PROTEIN,ENSG00000113580,NR3C1,AGONIST,activate,unknown,unknown,0,0,0.0,0.0,{}
CHEMBL1200538,BETAMETHASONE ACETATE,CHEMBL2034,SINGLE PROTEIN,ENSG00000113580,NR3C1,AGONIST,activate,unknown,unknown,0,0,0.0,0.0,{}
CHEMBL1200545,DIFLORASONE DIACETATE,CHEMBL2034,SINGLE PROTEIN,ENSG00000113580,NR3C1,AGONIST,activate,unknown,unknown,0,0,0.0,0.0,{}
CHEMBL1200562,HYDROCORTISONE VALERATE,CHEMBL2034,SINGLE PROTEIN,ENSG00000113580,NR3C1,AGONIST,activate,unknown,unknown,0,0,0.0,0.0,{}
CHEMBL1200585,OXYMETHOLONE,CHEMBL1871,SINGLE PROTEIN,ENSG00000169083,AR,AGONIST,activate,unknown,unknown,0,0,0.0,0.0,{}
CHEMBL1200598,DIETHYLSTILBESTROL DIPHOSPHATE,CHEMBL2093866,PROTEIN FAMILY,ENSG00000091831,ESR1,AGONIST,activate,unknown,unknown,0,0.013323775689022817,0.0026647551378045638,0.0026647551378045638,"{""expression_atlas"": 0.013323775689022817}"
CHEMBL1200598,DIETHYLSTILBESTROL DIPHOSPHATE,CHEMBL2093866,PROTEIN FAMILY,ENSG00000140009,ESR2,AGONIST,activate,unknown,unknown,0,0,0.0,0.0,{}
CHEMBL1200600,FLUOROMETHOLONE,CHEMBL2034,SINGLE PROTEIN,ENSG00000113580,NR3C1,AGONIST,activate,unknown,unknown,0,0,0.0,0.0,{}
CHEMBL1200604,TROPICAMIDE,CHEMBL245,SINGLE PROTEIN,ENSG00000133019,CHRM3,ANTAGONIST,inhibit,unknown,unknown,0,0.04444900036943321,0.008889800073886641,0.008889800073886641,"{""expression_atlas"": 0.04444900036943321}"
CHEMBL1200617,RIMEXOLONE,CHEMBL2034,SINGLE PROTEIN,ENSG00000113580,NR3C1,AGONIST,activate,unknown,unknown,0,0,0.0,0.0,{}
CHEMBL1200622,PARICALCITOL,CHEMBL1977,SINGLE PROTEIN,ENSG00000111424,VDR,AGONIST,activate,unknown,unknown,0,0,0.0,0.0,{}
CHEMBL1200623,ETHYLESTRENOL,CHEMBL1871,SINGLE PROTEIN,ENSG00000169083,AR,AGONIST,activate,unknown,unknown,0,0,0.0,0.0,{}
CHEMBL1200624,ETHYNODIOL DIACETATE,CHEMBL208,SINGLE PROTEIN,ENSG00000082175,PGR,AGONIST,activate,unknown,unknown,0,0.01501474225374393,0.003002948450748786,0.003002948450748786,"{""expression_atlas"": 0.01501474225374393}"
CHEMBL1200645,ETOPOSIDE PHOSPHATE,CHEMBL1806,SINGLE PROTEIN,ENSG00000131747,TOP2A,INHIBITOR,inhibit,unknown,unknown,0,0,0.0,0.0,{}
CHEMBL1200666,CALCIPOTRIENE,CHEMBL1977,SINGLE PROTEIN,ENSG00000111424,VDR,AGONIST,activate,unknown,unknown,0,0,0.0,0.0,{}
CHEMBL1200686,PIMECROLIMUS,CHEMBL1902,SINGLE PROTEIN,ENSG00000088832,FKBP1A,INHIBITOR,inhibit,unknown,unknown,0,0,0.0,0.0,{}
CHEMBL1200689,NITRIC OXIDE,CHEMBL2111348,PROTEIN COMPLEX GROUP,ENSG00000061918,GUCY1B1,ACTIVATOR,activate,unknown,unknown,0,0.02378710715980335,0.00475742143196067,0.00475742143196067,"{""expression_atlas"": 0.02378710715980335}"
CHEMBL1200689,NITRIC OXIDE,CHEMBL2111348,PROTEIN COMPLEX GROUP,ENSG00000164116,GUCY1A1,ACTIVATOR,activate,unknown,unknown,0,0.026830306920734504,0.005366061384146901,0.005366061384146901,"{""expression_atlas"": 0.026830306920734504}"
CHEMBL1200690,LYPRESSIN,CHEMBL2363078,PROTEIN FAMILY,ENSG00000166148,AVPR1A,AGONIST,activate,unknown,unknown,0,0.07537526408687396,0.015075052817374793,0.015075052817374793,"{""expression_atlas"": 0.07537526408687396}"
CHEMBL1200692,OLMESARTAN MEDOXOMIL,CHEMBL227,SINGLE PROTEIN,ENSG00000144891,AGTR1,ANTAGONIST,inhibit,unknown,unknown,0,0,0.0,0.0,{}
CHEMBL1200694,SEVOFLURANE,CHEMBL2093872,PROTEIN COMPLEX GROUP,ENSG00000094755,GABRP,POSITIVE ALLOSTERIC MODULATOR,activate,unknown,unknown,0,0.07106524621438697,0.014213049242877394,0.014213049242877394,"{""expression_atlas"": 0.07106524621438697}"
CHEMBL1200694,SEVOFLURANE,CHEMBL2093872,PROTEIN COMPLEX GROUP,ENSG00000102287,GABRE,POSITIVE ALLOSTERIC MODULATOR,activate,unknown,unknown,0,0.01300725293757502,0.002601450587515004,0.002601450587515004,"{""expression_atlas"": 0.01300725293757502}"
CHEMBL1200694,SEVOFLURANE,CHEMBL2093872,PROTEIN COMPLEX GROUP,ENSG00000109158,GABRA4,POSITIVE ALLOSTERIC MODULATOR,activate,unknown,unknown,0,0.040567960282186954,0.00811359205643739,0.00811359205643739,"{""expression_atlas"": 0.040567960282186954}"
CHEMBL1200694,SEVOFLURANE,CHEMBL2363052,PROTEIN COMPLEX,ENSG00000109738,GLRB,POSITIVE MODULATOR,unknown,unknown,unknown,0,0.014527619390192446,0.0029055238780384893,0.0029055238780384893,"{""expression_atlas"": 0.014527619390192446}"
CHEMBL1200694,SEVOFLURANE,CHEMBL2093872,PROTEIN COMPLEX GROUP,ENSG00000145864,GABRB2,POSITIVE ALLOSTERIC MODULATOR,activate,unknown,unknown,0,0.014994345937037634,0.002998869187407527,0.002998869187407527,"{""expression_atlas"": 0.014994345937037634}"
CHEMBL1200694,SEVOFLURANE,CHEMBL2093872,PROTEIN COMPLEX GROUP,ENSG00000151834,GABRA2,POSITIVE ALLOSTERIC MODULATOR,activate,unknown,unknown,0,0.0646883705632426,0.01293767411264852,0.01293767411264852,"{""expression_atlas"": 0.0646883705632426}"
CHEMBL1200694,SEVOFLURANE,CHEMBL2093872,PROTEIN COMPLEX GROUP,ENSG00000163285,GABRG1,POSITIVE ALLOSTERIC MODULATOR,activate,unknown,unknown,0,0.06503253540618377,0.013006507081236754,0.013006507081236754,"{""expression_atlas"": 0.06503253540618377}"
CHEMBL1200694,SEVOFLURANE,CHEMBL2321614,SINGLE PROTEIN,ENSG00000169427,KCNK9,OPENER,unknown,unknown,unknown,0,0.04743036485608277,0.009486072971216555,0.009486072971216555,"{""expression_atlas"": 0.04743036485608277}"
CHEMBL1200694,SEVOFLURANE,CHEMBL2093872,PROTEIN COMPLEX GROUP,ENSG00000186297,GABRA5,POSITIVE ALLOSTERIC MODULATOR,activate,unknown,unknown,0,0.04015022406741467,0.008030044813482934,0.008030044813482934,"{""expression_atlas"": 0.04015022406741467}"
CHEMBL1200732,AMCINONIDE,CHEMBL2034,SINGLE PROTEIN,ENSG00000113580,NR3C1,AGONIST,activate,unknown,unknown,0,0,0.0,0.0,{}
CHEMBL1200733,DESFLURANE,CHEMBL2093872,PROTEIN COMPLEX GROUP,ENSG00000094755,GABRP,POSITIVE ALLOSTERIC MODULATOR,activate,unknown,unknown,0,0.07106524621438697,0.014213049242877394,0.014213049242877394,"{""expression_atlas"": 0.07106524621438697}"
CHEMBL1200733,DESFLURANE,CHEMBL2093872,PROTEIN COMPLEX GROUP,ENSG00000102287,GABRE,POSITIVE ALLOSTERIC MODULATOR,activate,unknown,unknown,0,0.01300725293757502,0.002601450587515004,0.002601450587515004,"{""expression_atlas"": 0.01300725293757502}"
CHEMBL1200733,DESFLURANE,CHEMBL2093872,PROTEIN COMPLEX GROUP,ENSG00000109158,GABRA4,POSITIVE ALLOSTERIC MODULATOR,activate,unknown,unknown,0,0.040567960282186954,0.00811359205643739,0.00811359205643739,"{""expression_atlas"": 0.040567960282186954}"
CHEMBL1200733,DESFLURANE,CHEMBL2363052,PROTEIN COMPLEX,ENSG00000109738,GLRB,POSITIVE MODULATOR,unknown,unknown,unknown,0,0.014527619390192446,0.0029055238780384893,0.0029055238780384893,"{""expression_atlas"": 0.014527619390192446}"
CHEMBL1200733,DESFLURANE,CHEMBL2093872,PROTEIN COMPLEX GROUP,ENSG00000145864,GABRB2,POSITIVE ALLOSTERIC MODULATOR,activate,unknown,unknown,0,0.014994345937037634,0.002998869187407527,0.002998869187407527,"{""expression_atlas"": 0.014994345937037634}"
CHEMBL1200733,DESFLURANE,CHEMBL2093872,PROTEIN COMPLEX GROUP,ENSG00000151834,GABRA2,POSITIVE ALLOSTERIC MODULATOR,activate,unknown,unknown,0,0.0646883705632426,0.01293767411264852,0.01293767411264852,"{""expression_atlas"": 0.0646883705632426}"
CHEMBL1200733,DESFLURANE,CHEMBL2093872,PROTEIN COMPLEX GROUP,ENSG00000163285,GABRG1,POSITIVE ALLOSTERIC MODULATOR,activate,unknown,unknown,0,0.06503253540618377,0.013006507081236754,0.013006507081236754,"{""expression_atlas"": 0.06503253540618377}"
CHEMBL1200733,DESFLURANE,CHEMBL2321614,SINGLE PROTEIN,ENSG00000169427,KCNK9,OPENER,unknown,unknown,unknown,0,0.04743036485608277,0.009486072971216555,0.009486072971216555,"{""expression_atlas"": 0.04743036485608277}"
CHEMBL1200733,DESFLURANE,CHEMBL2093872,PROTEIN COMPLEX GROUP,ENSG00000186297,GABRA5,POSITIVE ALLOSTERIC MODULATOR,activate,unknown,unknown,0,0.04015022406741467,0.008030044813482934,0.008030044813482934,"{""expression_atlas"": 0.04015022406741467}"
CHEMBL1200761,CHLOROTRIANISENE,CHEMBL242,SINGLE PROTEIN,ENSG00000140009,ESR2,MODULATOR,unknown,unknown,unknown,0,0,0.0,0.0,{}
CHEMBL1200774,FLUPREDNISOLONE,CHEMBL2034,SINGLE PROTEIN,ENSG00000113580,NR3C1,AGONIST,activate,unknown,unknown,0,0,0.0,0.0,{}
CHEMBL1200790,METHYPRYLON,CHEMBL2093872,PROTEIN COMPLEX GROUP,ENSG00000094755,GABRP,POSITIVE ALLOSTERIC MODULATOR,activate,unknown,unknown,0,0.07106524621438697,0.014213049242877394,0.014213049242877394,"{""expression_atlas"": 0.07106524621438697}"
CHEMBL1200790,METHYPRYLON,CHEMBL2093872,PROTEIN COMPLEX GROUP,ENSG00000102287,GABRE,POSITIVE ALLOSTERIC MODULATOR,activate,unknown,unknown,0,0.01300725293757502,0.002601450587515004,0.002601450587515004,"{""expression_atlas"": 0.01300725293757502}"
CHEMBL1200790,METHYPRYLON,CHEMBL2093872,PROTEIN COMPLEX GROUP,ENSG00000109158,GABRA4,POSITIVE ALLOSTERIC MODULATOR,activate,unknown,unknown,0,0.040567960282186954,0.00811359205643739,0.00811359205643739,"{""expression_atlas"": 0.040567960282186954}"
CHEMBL1200790,METHYPRYLON,CHEMBL2093872,PROTEIN COMPLEX GROUP,ENSG00000145864,GABRB2,POSITIVE ALLOSTERIC MODULATOR,activate,unknown,unknown,0,0.014994345937037634,0.002998869187407527,0.002998869187407527,"{""expression_atlas"": 0.014994345937037634}"
CHEMBL1200790,METHYPRYLON,CHEMBL2093872,PROTEIN COMPLEX GROUP,ENSG00000151834,GABRA2,POSITIVE ALLOSTERIC MODULATOR,activate,unknown,unknown,0,0.0646883705632426,0.01293767411264852,0.01293767411264852,"{""expression_atlas"": 0.0646883705632426}"
CHEMBL1200790,METHYPRYLON,CHEMBL2093872,PROTEIN COMPLEX GROUP,ENSG00000163285,GABRG1,POSITIVE ALLOSTERIC MODULATOR,activate,unknown,unknown,0,0.06503253540618377,0.013006507081236754,0.013006507081236754,"{""expression_atlas"": 0.06503253540618377}"
CHEMBL1200790,METHYPRYLON,CHEMBL2093872,PROTEIN COMPLEX GROUP,ENSG00000186297,GABRA5,POSITIVE ALLOSTERIC MODULATOR,activate,unknown,unknown,0,0.04015022406741467,0.008030044813482934,0.008030044813482934,"{""expression_atlas"": 0.04015022406741467}"
CHEMBL1200802,TALBUTAL,CHEMBL2093872,PROTEIN COMPLEX GROUP,ENSG00000094755,GABRP,POSITIVE ALLOSTERIC MODULATOR,activate,unknown,unknown,0,0.07106524621438697,0.014213049242877394,0.014213049242877394,"{""expression_atlas"": 0.07106524621438697}"
CHEMBL1200802,TALBUTAL,CHEMBL2093872,PROTEIN COMPLEX GROUP,ENSG00000102287,GABRE,POSITIVE ALLOSTERIC MODULATOR,activate,unknown,unknown,0,0.01300725293757502,0.002601450587515004,0.002601450587515004,"{""expression_atlas"": 0.01300725293757502}"
CHEMBL1200802,TALBUTAL,CHEMBL2093872,PROTEIN COMPLEX GROUP,ENSG00000109158,GABRA4,POSITIVE ALLOSTERIC MODULATOR,activate,unknown,unknown,0,0.040567960282186954,0.00811359205643739,0.00811359205643739,"{""expression_atlas"": 0.040567960282186954}"
CHEMBL1200802,TALBUTAL,CHEMBL2093872,PROTEIN COMPLEX GROUP,ENSG00000145864,GABRB2,POSITIVE ALLOSTERIC MODULATOR,activate,unknown,unknown,0,0.014994345937037634,0.002998869187407527,0.002998869187407527,"{""expression_atlas"": 0.014994345937037634}"
CHEMBL1200802,TALBUTAL,CHEMBL2093872,PROTEIN COMPLEX GROUP,ENSG00000151834,GABRA2,POSITIVE ALLOSTERIC MODULATOR,activate,unknown,unknown,0,0.0646883705632426,0.01293767411264852,0.01293767411264852,"{""expression_atlas"": 0.0646883705632426}"
CHEMBL1200802,TALBUTAL,CHEMBL2093872,PROTEIN COMPLEX GROUP,ENSG00000163285,GABRG1,POSITIVE ALLOSTERIC MODULATOR,activate,unknown,unknown,0,0.06503253540618377,0.013006507081236754,0.013006507081236754,"{""expression_atlas"": 0.06503253540618377}"
CHEMBL1200802,TALBUTAL,CHEMBL2093872,PROTEIN COMPLEX GROUP,ENSG00000186297,GABRA5,POSITIVE ALLOSTERIC MODULATOR,activate,unknown,unknown,0,0.04015022406741467,0.008030044813482934,0.008030044813482934,"{""expression_atlas"": 0.04015022406741467}"
CHEMBL1200807,NORELGESTROMIN,CHEMBL208,SINGLE PROTEIN,ENSG00000082175,PGR,AGONIST,activate,unknown,unknown,0,0.01501474225374393,0.003002948450748786,0.003002948450748786,"{""expression_atlas"": 0.01501474225374393}"
CHEMBL1200810,DOXERCALCIFEROL,CHEMBL1977,SINGLE PROTEIN,ENSG00000111424,VDR,AGONIST,activate,unknown,unknown,0,0,0.0,0.0,{}
CHEMBL1200826,LITHIUM CARBONATE,CHEMBL2095188,PROTEIN FAMILY,ENSG00000082701,GSK3B,INHIBITOR,inhibit,unknown,unknown,0,0,0.0,0.0,{}
CHEMBL1200845,HALCINONIDE,CHEMBL2034,SINGLE PROTEIN,ENSG00000113580,NR3C1,AGONIST,activate,unknown,unknown,0,0,0.0,0.0,{}
CHEMBL1200853,DYDROGESTERONE,CHEMBL208,SINGLE PROTEIN,ENSG00000082175,PGR,AGONIST,activate,unknown,unknown,0,0.01501474225374393,0.003002948450748786,0.003002948450748786,"{""expression_atlas"": 0.01501474225374393}"
CHEMBL1200854,FLUPHENAZINE DECANOATE,CHEMBL217,SINGLE PROTEIN,ENSG00000149295,DRD2,ANTAGONIST,inhibit,unknown,unknown,0,0,0.0,0.0,{}
CHEMBL1200862,METYROSINE,CHEMBL1969,SINGLE PROTEIN,ENSG00000180176,TH,INHIBITOR,inhibit,unknown,unknown,0,0,0.0,0.0,{}
CHEMBL1200865,LOTEPREDNOL ETABONATE,CHEMBL2034,SINGLE PROTEIN,ENSG00000113580,NR3C1,AGONIST,activate,unknown,unknown,0,0,0.0,0.0,{}
CHEMBL1200877,FLUMETHASONE PIVALATE,CHEMBL2034,SINGLE PROTEIN,ENSG00000113580,NR3C1,AGONIST,activate,unknown,unknown,0,0,0.0,0.0,{}
CHEMBL1200878,TRIAMCINOLONE HEXACETONIDE,CHEMBL2034,SINGLE PROTEIN,ENSG00000113580,NR3C1,AGONIST,activate,unknown,unknown,0,0,0.0,0.0,{}
CHEMBL1200907,TRILOSTANE,CHEMBL3670,SINGLE PROTEIN,ENSG00000203859,HSD3B2,INHIBITOR,inhibit,unknown,unknown,0,0.15920966966169897,0.0318419339323398,0.0318419339323398,"{""expression_atlas"": 0.15920966966169897}"
CHEMBL1200908,HALOBETASOL PROPIONATE,CHEMBL2034,SINGLE PROTEIN,ENSG00000113580,NR3C1,AGONIST,activate,unknown,unknown,0,0,0.0,0.0,{}
CHEMBL1200909,PREDNISOLONE TEBUTATE,CHEMBL2034,SINGLE PROTEIN,ENSG00000113580,NR3C1,AGONIST,activate,unknown,unknown,0,0,0.0,0.0,{}
CHEMBL1200934,NORGESTIMATE,CHEMBL208,SINGLE PROTEIN,ENSG00000082175,PGR,AGONIST,activate,unknown,unknown,0,0.01501474225374393,0.003002948450748786,0.003002948450748786,"{""expression_atlas"": 0.01501474225374393}"
CHEMBL1200946,NANDROLONE DECANOATE,CHEMBL1871,SINGLE PROTEIN,ENSG00000169083,AR,AGONIST,activate,unknown,unknown,0,0,0.0,0.0,{}
CHEMBL1200951,FLUPHENAZINE ENANTHATE,CHEMBL217,SINGLE PROTEIN,ENSG00000149295,DRD2,ANTAGONIST,inhibit,unknown,unknown,0,0,0.0,0.0,{}
CHEMBL1200953,HYDROCORTISONE PROBUTATE,CHEMBL2034,SINGLE PROTEIN,ENSG00000113580,NR3C1,AGONIST,activate,unknown,unknown,0,0,0.0,0.0,{}
CHEMBL1200959,METHDILAZINE,CHEMBL231,SINGLE PROTEIN,ENSG00000196639,HRH1,ANTAGONIST,inhibit,unknown,unknown,0,0,0.0,0.0,{}
CHEMBL1200973,ESTRADIOL CYPIONATE,CHEMBL206,SINGLE PROTEIN,ENSG00000091831,ESR1,AGONIST,activate,unknown,unknown,0,0.013323775689022817,0.0026647551378045638,0.0026647551378045638,"{""expression_atlas"": 0.013323775689022817}"
CHEMBL1200975,CLOCORTOLONE PIVALATE,CHEMBL2034,SINGLE PROTEIN,ENSG00000113580,NR3C1,AGONIST,activate,unknown,unknown,0,0,0.0,0.0,{}
CHEMBL1200983,GALLIUM NITRATE,CHEMBL2095215,PROTEIN COMPLEX GROUP,ENSG00000048392,RRM2B,INHIBITOR,inhibit,unknown,unknown,0,0,0.0,0.0,{}
CHEMBL1200983,GALLIUM NITRATE,CHEMBL2095215,PROTEIN COMPLEX GROUP,ENSG00000167325,RRM1,INHIBITOR,inhibit,unknown,unknown,0,0,0.0,0.0,{}
CHEMBL1200983,GALLIUM NITRATE,CHEMBL2095215,PROTEIN COMPLEX GROUP,ENSG00000171848,RRM2,INHIBITOR,inhibit,unknown,unknown,0,0.0232370895742308,0.004647417914846161,0.004647417914846161,"{""expression_atlas"": 0.0232370895742308}"
CHEMBL1200986,HALOPERIDOL DECANOATE,CHEMBL2331075,PROTEIN FAMILY,ENSG00000149295,DRD2,INVERSE AGONIST,inhibit,unknown,unknown,0,0,0.0,0.0,{}
CHEMBL1200989,ALCLOMETASONE DIPROPIONATE,CHEMBL2034,SINGLE PROTEIN,ENSG00000113580,NR3C1,AGONIST,activate,unknown,unknown,0,0,0.0,0.0,{}
CHEMBL1201,THIOTHIXENE,CHEMBL217,SINGLE PROTEIN,ENSG00000149295,DRD2,ANTAGONIST,inhibit,unknown,unknown,0,0,0.0,0.0,{}
CHEMBL1201012,FLURANDRENOLIDE,CHEMBL2034,SINGLE PROTEIN,ENSG00000113580,NR3C1,AGONIST,activate,unknown,unknown,0,0,0.0,0.0,{}
CHEMBL1201039,BENZTHIAZIDE,CHEMBL1876,SINGLE PROTEIN,ENSG00000070915,SLC12A3,INHIBITOR,inhibit,unknown,unknown,0,0,0.0,0.0,{}
CHEMBL1201048,DROMOSTANOLONE PROPIONATE,CHEMBL1871,SINGLE PROTEIN,ENSG00000169083,AR,AGONIST,activate,unknown,unknown,0,0,0.0,0.0,{}
CHEMBL1201064,FLUOROMETHOLONE ACETATE,CHEMBL2034,SINGLE PROTEIN,ENSG00000113580,NR3C1,AGONIST,activate,unknown,unknown,0,0,0.0,0.0,{}
CHEMBL1201087,CABERGOLINE,CHEMBL217,SINGLE PROTEIN,ENSG00000149295,DRD2,AGONIST,activate,unknown,unknown,0,0,0.0,0.0,{}
CHEMBL1201101,TESTOSTERONE CYPIONATE,CHEMBL1871,SINGLE PROTEIN,ENSG00000169083,AR,AGONIST,activate,unknown,unknown,0,0,0.0,0.0,{}
CHEMBL1201109,DESONIDE,CHEMBL2034,SINGLE PROTEIN,ENSG00000113580,NR3C1,AGONIST,activate,unknown,unknown,0,0,0.0,0.0,{}
CHEMBL1201117,METHOCARBAMOL,CHEMBL261,SINGLE PROTEIN,ENSG00000133742,CA1,INHIBITOR,inhibit,unknown,unknown,0,0.2546964728832424,0.050939294576648475,0.050939294576648475,"{""expression_atlas"": 0.2546964728832424}"
CHEMBL1201129,DECITABINE,CHEMBL1992,SINGLE PROTEIN,ENSG00000119772,DNMT3A,INHIBITOR,inhibit,unknown,unknown,0.5010332484856818,0,0.40082659878854543,0.40082659878854543,"{""gwas_credible_sets"": 0.5010332484856818}"
CHEMBL1201129,DECITABINE,CHEMBL1993,SINGLE PROTEIN,ENSG00000130816,DNMT1,INHIBITOR,inhibit,unknown,unknown,0,0,0.0,0.0,{}
CHEMBL1201134,LUBIPROSTONE,CHEMBL1628478,SINGLE PROTEIN,ENSG00000114859,CLCN2,OPENER,unknown,unknown,unknown,0,0.08110111089628633,0.016220222179257265,0.016220222179257265,"{""expression_atlas"": 0.08110111089628633}"
CHEMBL1201139,MEGESTROL ACETATE,CHEMBL208,SINGLE PROTEIN,ENSG00000082175,PGR,AGONIST,activate,unknown,unknown,0,0.01501474225374393,0.003002948450748786,0.003002948450748786,"{""expression_atlas"": 0.01501474225374393}"
CHEMBL1201146,NORETHINDRONE ACETATE,CHEMBL208,SINGLE PROTEIN,ENSG00000082175,PGR,AGONIST,activate,unknown,unknown,0,0.01501474225374393,0.003002948450748786,0.003002948450748786,"{""expression_atlas"": 0.01501474225374393}"
CHEMBL1201148,MEPREDNISONE,CHEMBL2034,SINGLE PROTEIN,ENSG00000113580,NR3C1,AGONIST,activate,unknown,unknown,0,0,0.0,0.0,{}
CHEMBL1201151,MESTRANOL,CHEMBL206,SINGLE PROTEIN,ENSG00000091831,ESR1,AGONIST,activate,unknown,unknown,0,0.013323775689022817,0.0026647551378045638,0.0026647551378045638,"{""expression_atlas"": 0.013323775689022817}"
CHEMBL1201165,QUINESTROL,CHEMBL2093866,PROTEIN FAMILY,ENSG00000091831,ESR1,AGONIST,activate,unknown,unknown,0,0.013323775689022817,0.0026647551378045638,0.0026647551378045638,"{""expression_atlas"": 0.013323775689022817}"
CHEMBL1201165,QUINESTROL,CHEMBL2093866,PROTEIN FAMILY,ENSG00000140009,ESR2,AGONIST,activate,unknown,unknown,0,0,0.0,0.0,{}
CHEMBL1201170,LITHIUM CITRATE ANHYDROUS,CHEMBL2095188,PROTEIN FAMILY,ENSG00000082701,GSK3B,INHIBITOR,inhibit,unknown,unknown,0,0,0.0,0.0,{}
CHEMBL1201173,MEDRYSONE,CHEMBL2034,SINGLE PROTEIN,ENSG00000113580,NR3C1,AGONIST,activate,unknown,unknown,0,0,0.0,0.0,{}
CHEMBL1201182,TEMSIROLIMUS,CHEMBL1902,SINGLE PROTEIN,ENSG00000088832,FKBP1A,INHIBITOR,inhibit,unknown,unknown,0,0,0.0,0.0,{}
CHEMBL1201185,LANREOTIDE,CHEMBL1792,SINGLE PROTEIN,ENSG00000162009,SSTR5,AGONIST,activate,unknown,unknown,0,0,0.0,0.0,{}
CHEMBL1201185,LANREOTIDE,CHEMBL1804,SINGLE PROTEIN,ENSG00000180616,SSTR2,AGONIST,activate,unknown,unknown,0,0,0.0,0.0,{}
CHEMBL1201191,LEVOCETIRIZINE,CHEMBL231,SINGLE PROTEIN,ENSG00000196639,HRH1,ANTAGONIST,inhibit,unknown,unknown,0,0,0.0,0.0,{}
CHEMBL1201192,ARMODAFINIL,CHEMBL238,SINGLE PROTEIN,ENSG00000142319,SLC6A3,INHIBITOR,inhibit,unknown,unknown,0,0,0.0,0.0,{}
CHEMBL1201193,LEVOBUPIVACAINE,CHEMBL2072,SINGLE PROTEIN,ENSG00000007314,SCN4A,BLOCKER,inhibit,unknown,unknown,0,0.01623682440230527,0.003247364880461054,0.003247364880461054,"{""expression_atlas"": 0.01623682440230527}"
CHEMBL1201201,METHAMPHETAMINE,CHEMBL2363064,PROTEIN FAMILY,ENSG00000103546,SLC6A2,INHIBITOR,inhibit,unknown,unknown,0,0,0.0,0.0,{}
CHEMBL1201201,METHAMPHETAMINE,CHEMBL2363064,PROTEIN FAMILY,ENSG00000108576,SLC6A4,INHIBITOR,inhibit,unknown,unknown,0,0.4642014225773055,0.09284028451546111,0.09284028451546111,"{""expression_atlas"": 0.4642014225773055}"
CHEMBL1201201,METHAMPHETAMINE,CHEMBL2363064,PROTEIN FAMILY,ENSG00000142319,SLC6A3,INHIBITOR,inhibit,unknown,unknown,0,0,0.0,0.0,{}
CHEMBL1201202,FONDAPARINUX,CHEMBL1950,SINGLE PROTEIN,ENSG00000117601,SERPINC1,ACTIVATOR,activate,unknown,unknown,0,0,0.0,0.0,{}
CHEMBL1201206,PIPECURONIUM,CHEMBL2362997,PROTEIN COMPLEX GROUP,ENSG00000138435,CHRNA1,ANTAGONIST,inhibit,unknown,unknown,0,0.09508718100227412,0.019017436200454825,0.019017436200454825,"{""expression_atlas"": 0.09508718100227412}"
CHEMBL1201207,BETAMETHASONE PHOSPHORIC ACID,CHEMBL2034,SINGLE PROTEIN,ENSG00000113580,NR3C1,AGONIST,activate,unknown,unknown,0,0,0.0,0.0,{}
CHEMBL1201208,PHENMETRAZINE,CHEMBL222,SINGLE PROTEIN,ENSG00000103546,SLC6A2,INHIBITOR,inhibit,unknown,unknown,0,0,0.0,0.0,{}
CHEMBL1201208,PHENMETRAZINE,CHEMBL238,SINGLE PROTEIN,ENSG00000142319,SLC6A3,INHIBITOR,inhibit,unknown,unknown,0,0,0.0,0.0,{}
CHEMBL1201210,PROPIOMAZINE,CHEMBL231,SINGLE PROTEIN,ENSG00000196639,HRH1,ANTAGONIST,inhibit,unknown,unknown,0,0,0.0,0.0,{}
CHEMBL1201212,MIDODRINE,CHEMBL2094251,PROTEIN FAMILY,ENSG00000170214,ADRA1B,AGONIST,activate,unknown,unknown,0,0.09759134661327273,0.019518269322654547,0.019518269322654547,"{""expression_atlas"": 0.09759134661327273}"
CHEMBL1201212,MIDODRINE,CHEMBL2094251,PROTEIN FAMILY,ENSG00000171873,ADRA1D,AGONIST,activate,unknown,unknown,0,0.025814812794334265,0.005162962558866853,0.005162962558866853,"{""expression_atlas"": 0.025814812794334265}"
CHEMBL1201213,ISOETHARINE,CHEMBL210,SINGLE PROTEIN,ENSG00000169252,ADRB2,AGONIST,activate,unknown,unknown,0,0,0.0,0.0,{}
CHEMBL1201217,DYCLONINE,CHEMBL2331043,PROTEIN FAMILY,ENSG00000007314,SCN4A,BLOCKER,inhibit,unknown,unknown,0,0.01623682440230527,0.003247364880461054,0.003247364880461054,"{""expression_atlas"": 0.01623682440230527}"
CHEMBL1201217,DYCLONINE,CHEMBL2331043,PROTEIN FAMILY,ENSG00000136546,SCN7A,BLOCKER,inhibit,unknown,unknown,0,0.01258407039414361,0.0025168140788287222,0.0025168140788287222,"{""expression_atlas"": 0.01258407039414361}"
CHEMBL1201217,DYCLONINE,CHEMBL2331043,PROTEIN FAMILY,ENSG00000144285,SCN1A,BLOCKER,inhibit,unknown,unknown,0,0,0.0,0.0,{}
CHEMBL1201217,DYCLONINE,CHEMBL2331043,PROTEIN FAMILY,ENSG00000169432,SCN9A,BLOCKER,inhibit,unknown,unknown,0,0,0.0,0.0,{}
CHEMBL1201217,DYCLONINE,CHEMBL2331043,PROTEIN FAMILY,ENSG00000183873,SCN5A,BLOCKER,inhibit,unknown,unknown,0,0,0.0,0.0,{}
CHEMBL1201217,DYCLONINE,CHEMBL2331043,PROTEIN FAMILY,ENSG00000185313,SCN10A,BLOCKER,inhibit,unknown,unknown,0,0,0.0,0.0,{}
CHEMBL1201219,VECURONIUM,CHEMBL2362997,PROTEIN COMPLEX GROUP,ENSG00000138435,CHRNA1,ANTAGONIST,inhibit,unknown,unknown,0,0.09508718100227412,0.019017436200454825,0.019017436200454825,"{""expression_atlas"": 0.09508718100227412}"
CHEMBL1201222,LISDEXAMFETAMINE,CHEMBL222,SINGLE PROTEIN,ENSG00000103546,SLC6A2,RELEASING AGENT,unknown,unknown,unknown,0,0,0.0,0.0,{}
CHEMBL1201222,LISDEXAMFETAMINE,CHEMBL238,SINGLE PROTEIN,ENSG00000142319,SLC6A3,RELEASING AGENT,unknown,unknown,unknown,0,0,0.0,0.0,{}
CHEMBL1201229,DEMECARIUM,CHEMBL220,SINGLE PROTEIN,ENSG00000087085,ACHE,INHIBITOR,inhibit,unknown,unknown,0,0.018881721104742892,0.0037763442209485785,0.0037763442209485785,"{""expression_atlas"": 0.018881721104742892}"
CHEMBL1201231,PREDNISOLONE PHOSPHORIC ACID,CHEMBL2034,SINGLE PROTEIN,ENSG00000113580,NR3C1,AGONIST,activate,unknown,unknown,0,0,0.0,0.0,{}
CHEMBL1201232,ISOPROPAMIDE,CHEMBL245,SINGLE PROTEIN,ENSG00000133019,CHRM3,ANTAGONIST,inhibit,unknown,unknown,0,0.04444900036943321,0.008889800073886641,0.008889800073886641,"{""expression_atlas"": 0.04444900036943321}"
CHEMBL1201233,METHYLDOPATE,CHEMBL2095158,PROTEIN FAMILY,ENSG00000150594,ADRA2A,AGONIST,activate,unknown,unknown,0.21032116470427323,0,0.1682569317634186,0.1682569317634186,"{""gwas_credible_sets"": 0.21032116470427323}"
CHEMBL1201233,METHYLDOPATE,CHEMBL2095158,PROTEIN FAMILY,ENSG00000184160,ADRA2C,AGONIST,activate,unknown,unknown,0,0.010920894429482362,0.0021841788858964722,0.0021841788858964722,"{""expression_atlas"": 0.010920894429482362}"
CHEMBL1201234,MEPHENTERMINE,CHEMBL2331074,PROTEIN FAMILY,ENSG00000043591,ADRB1,AGONIST,activate,unknown,unknown,0,0.11496556182539755,0.02299311236507951,0.02299311236507951,"{""expression_atlas"": 0.11496556182539755}"
CHEMBL1201234,MEPHENTERMINE,CHEMBL2331074,PROTEIN FAMILY,ENSG00000150594,ADRA2A,AGONIST,activate,unknown,unknown,0.21032116470427323,0,0.1682569317634186,0.1682569317634186,"{""gwas_credible_sets"": 0.21032116470427323}"
CHEMBL1201234,MEPHENTERMINE,CHEMBL2331074,PROTEIN FAMILY,ENSG00000169252,ADRB2,AGONIST,activate,unknown,unknown,0,0,0.0,0.0,{}
CHEMBL1201234,MEPHENTERMINE,CHEMBL2331074,PROTEIN FAMILY,ENSG00000170214,ADRA1B,AGONIST,activate,unknown,unknown,0,0.09759134661327273,0.019518269322654547,0.019518269322654547,"{""expression_atlas"": 0.09759134661327273}"
CHEMBL1201234,MEPHENTERMINE,CHEMBL2331074,PROTEIN FAMILY,ENSG00000171873,ADRA1D,AGONIST,activate,unknown,unknown,0,0.025814812794334265,0.005162962558866853,0.005162962558866853,"{""expression_atlas"": 0.025814812794334265}"
CHEMBL1201234,MEPHENTERMINE,CHEMBL2331074,PROTEIN FAMILY,ENSG00000184160,ADRA2C,AGONIST,activate,unknown,unknown,0,0.010920894429482362,0.0021841788858964722,0.0021841788858964722,"{""expression_atlas"": 0.010920894429482362}"
CHEMBL1201236,CARBIDOPA ANHYDROUS,CHEMBL1843,SINGLE PROTEIN,ENSG00000132437,DDC,INHIBITOR,inhibit,unknown,unknown,0,0.1615453132871577,0.032309062657431546,0.032309062657431546,"{""expression_atlas"": 0.1615453132871577}"
CHEMBL1201237,LEVOBUNOLOL,CHEMBL213,SINGLE PROTEIN,ENSG00000043591,ADRB1,ANTAGONIST,inhibit,unknown,unknown,0,0.11496556182539755,0.02299311236507951,0.02299311236507951,"{""expression_atlas"": 0.11496556182539755}"
CHEMBL1201237,LEVOBUNOLOL,CHEMBL210,SINGLE PROTEIN,ENSG00000169252,ADRB2,ANTAGONIST,inhibit,unknown,unknown,0,0,0.0,0.0,{}
CHEMBL1201242,INDECAINIDE,CHEMBL2331043,PROTEIN FAMILY,ENSG00000007314,SCN4A,BLOCKER,inhibit,unknown,unknown,0,0.01623682440230527,0.003247364880461054,0.003247364880461054,"{""expression_atlas"": 0.01623682440230527}"
CHEMBL1201242,INDECAINIDE,CHEMBL2331043,PROTEIN FAMILY,ENSG00000136546,SCN7A,BLOCKER,inhibit,unknown,unknown,0,0.01258407039414361,0.0025168140788287222,0.0025168140788287222,"{""expression_atlas"": 0.01258407039414361}"
CHEMBL1201242,INDECAINIDE,CHEMBL2331043,PROTEIN FAMILY,ENSG00000144285,SCN1A,BLOCKER,inhibit,unknown,unknown,0,0,0.0,0.0,{}
CHEMBL1201242,INDECAINIDE,CHEMBL2331043,PROTEIN FAMILY,ENSG00000169432,SCN9A,BLOCKER,inhibit,unknown,unknown,0,0,0.0,0.0,{}
CHEMBL1201242,INDECAINIDE,CHEMBL2331043,PROTEIN FAMILY,ENSG00000183873,SCN5A,BLOCKER,inhibit,unknown,unknown,0,0,0.0,0.0,{}
CHEMBL1201242,INDECAINIDE,CHEMBL2331043,PROTEIN FAMILY,ENSG00000185313,SCN10A,BLOCKER,inhibit,unknown,unknown,0,0,0.0,0.0,{}
CHEMBL1201244,ROCURONIUM,CHEMBL2362997,PROTEIN COMPLEX GROUP,ENSG00000138435,CHRNA1,ANTAGONIST,inhibit,unknown,unknown,0,0.09508718100227412,0.019017436200454825,0.019017436200454825,"{""expression_atlas"": 0.09508718100227412}"
CHEMBL1201245,BROMODIPHENHYDRAMINE,CHEMBL231,SINGLE PROTEIN,ENSG00000196639,HRH1,ANTAGONIST,inhibit,unknown,unknown,0,0,0.0,0.0,{}
CHEMBL1201248,CISATRACURIUM,CHEMBL2362997,PROTEIN COMPLEX GROUP,ENSG00000138435,CHRNA1,ANTAGONIST,inhibit,unknown,unknown,0,0.09508718100227412,0.019017436200454825,0.019017436200454825,"{""expression_atlas"": 0.09508718100227412}"
CHEMBL1201250,BENZQUINAMIDE,CHEMBL217,SINGLE PROTEIN,ENSG00000149295,DRD2,MODULATOR,unknown,unknown,unknown,0,0,0.0,0.0,{}
CHEMBL1201260,BETHANIDINE,CHEMBL222,SINGLE PROTEIN,ENSG00000103546,SLC6A2,SUBSTRATE,unknown,unknown,unknown,0,0,0.0,0.0,{}
CHEMBL1201262,DIPIVEFRIN,CHEMBL2331074,PROTEIN FAMILY,ENSG00000043591,ADRB1,AGONIST,activate,unknown,unknown,0,0.11496556182539755,0.02299311236507951,0.02299311236507951,"{""expression_atlas"": 0.11496556182539755}"
CHEMBL1201262,DIPIVEFRIN,CHEMBL2331074,PROTEIN FAMILY,ENSG00000150594,ADRA2A,AGONIST,activate,unknown,unknown,0.21032116470427323,0,0.1682569317634186,0.1682569317634186,"{""gwas_credible_sets"": 0.21032116470427323}"
CHEMBL1201262,DIPIVEFRIN,CHEMBL2331074,PROTEIN FAMILY,ENSG00000169252,ADRB2,AGONIST,activate,unknown,unknown,0,0,0.0,0.0,{}
CHEMBL1201262,DIPIVEFRIN,CHEMBL2331074,PROTEIN FAMILY,ENSG00000170214,ADRA1B,AGONIST,activate,unknown,unknown,0,0.09759134661327273,0.019518269322654547,0.019518269322654547,"{""expression_atlas"": 0.09759134661327273}"
CHEMBL1201262,DIPIVEFRIN,CHEMBL2331074,PROTEIN FAMILY,ENSG00000171873,ADRA1D,AGONIST,activate,unknown,unknown,0,0.025814812794334265,0.005162962558866853,0.005162962558866853,"{""expression_atlas"": 0.025814812794334265}"
CHEMBL1201262,DIPIVEFRIN,CHEMBL2331074,PROTEIN FAMILY,ENSG00000184160,ADRA2C,AGONIST,activate,unknown,unknown,0,0.010920894429482362,0.0021841788858964722,0.0021841788858964722,"{""expression_atlas"": 0.010920894429482362}"
CHEMBL1201263,HYDROCORTAMATE,CHEMBL2034,SINGLE PROTEIN,ENSG00000113580,NR3C1,AGONIST,activate,unknown,unknown,0,0,0.0,0.0,{}
CHEMBL1201264,METHANTHELINE,CHEMBL1941,SINGLE PROTEIN,ENSG00000113749,HRH2,ANTAGONIST,inhibit,unknown,unknown,0,0.024422109132747515,0.004884421826549503,0.004884421826549503,"{""expression_atlas"": 0.024422109132747515}"
CHEMBL1201265,METHYLPREDNISOLONE HEMISUCCINATE,CHEMBL2034,SINGLE PROTEIN,ENSG00000113580,NR3C1,AGONIST,activate,unknown,unknown,0,0,0.0,0.0,{}
CHEMBL1201271,BUCLIZINE,CHEMBL231,SINGLE PROTEIN,ENSG00000196639,HRH1,ANTAGONIST,inhibit,unknown,unknown,0,0,0.0,0.0,{}
CHEMBL1201273,PROTOKYLOL,CHEMBL210,SINGLE PROTEIN,ENSG00000169252,ADRB2,AGONIST,activate,unknown,unknown,0,0,0.0,0.0,{}
CHEMBL1201274,LEVOBETAXOLOL,CHEMBL213,SINGLE PROTEIN,ENSG00000043591,ADRB1,ANTAGONIST,inhibit,unknown,unknown,0,0.11496556182539755,0.02299311236507951,0.02299311236507951,"{""expression_atlas"": 0.11496556182539755}"
CHEMBL1201286,OXYPHENONIUM,CHEMBL245,SINGLE PROTEIN,ENSG00000133019,CHRM3,ANTAGONIST,inhibit,unknown,unknown,0,0.04444900036943321,0.008889800073886641,0.008889800073886641,"{""expression_atlas"": 0.04444900036943321}"
CHEMBL1201287,DEXBROMPHENIRAMINE,CHEMBL231,SINGLE PROTEIN,ENSG00000196639,HRH1,ANTAGONIST,inhibit,unknown,unknown,0,0,0.0,0.0,{}
CHEMBL1201288,DANTROLENE,CHEMBL2062,SINGLE PROTEIN,ENSG00000198838,RYR3,ANTAGONIST,inhibit,unknown,unknown,0,0.010008781443270671,0.0020017562886541344,0.0020017562886541344,"{""expression_atlas"": 0.010008781443270671}"
CHEMBL1201293,ACAMPROSATE,CHEMBL2093872,PROTEIN COMPLEX GROUP,ENSG00000094755,GABRP,POSITIVE MODULATOR,unknown,unknown,unknown,0,0.07106524621438697,0.014213049242877394,0.014213049242877394,"{""expression_atlas"": 0.07106524621438697}"
CHEMBL1201293,ACAMPROSATE,CHEMBL2093872,PROTEIN COMPLEX GROUP,ENSG00000102287,GABRE,POSITIVE MODULATOR,unknown,unknown,unknown,0,0.01300725293757502,0.002601450587515004,0.002601450587515004,"{""expression_atlas"": 0.01300725293757502}"
CHEMBL1201293,ACAMPROSATE,CHEMBL2094124,PROTEIN COMPLEX GROUP,ENSG00000105464,GRIN2D,ANTAGONIST,inhibit,unknown,unknown,0,0.015691053476461433,0.0031382106952922866,0.0031382106952922866,"{""expression_atlas"": 0.015691053476461433}"
CHEMBL1201293,ACAMPROSATE,CHEMBL2093872,PROTEIN COMPLEX GROUP,ENSG00000109158,GABRA4,POSITIVE MODULATOR,unknown,unknown,unknown,0,0.040567960282186954,0.00811359205643739,0.00811359205643739,"{""expression_atlas"": 0.040567960282186954}"
CHEMBL1201293,ACAMPROSATE,CHEMBL2093872,PROTEIN COMPLEX GROUP,ENSG00000145864,GABRB2,POSITIVE MODULATOR,unknown,unknown,unknown,0,0.014994345937037634,0.002998869187407527,0.002998869187407527,"{""expression_atlas"": 0.014994345937037634}"
CHEMBL1201293,ACAMPROSATE,CHEMBL2093872,PROTEIN COMPLEX GROUP,ENSG00000151834,GABRA2,POSITIVE MODULATOR,unknown,unknown,unknown,0,0.0646883705632426,0.01293767411264852,0.01293767411264852,"{""expression_atlas"": 0.0646883705632426}"
CHEMBL1201293,ACAMPROSATE,CHEMBL2093872,PROTEIN COMPLEX GROUP,ENSG00000163285,GABRG1,POSITIVE MODULATOR,unknown,unknown,unknown,0,0.06503253540618377,0.013006507081236754,0.013006507081236754,"{""expression_atlas"": 0.06503253540618377}"
CHEMBL1201293,ACAMPROSATE,CHEMBL2094124,PROTEIN COMPLEX GROUP,ENSG00000183454,GRIN2A,ANTAGONIST,inhibit,unknown,unknown,0,0,0.0,0.0,{}
CHEMBL1201293,ACAMPROSATE,CHEMBL2093872,PROTEIN COMPLEX GROUP,ENSG00000186297,GABRA5,POSITIVE MODULATOR,unknown,unknown,unknown,0,0.04015022406741467,0.008030044813482934,0.008030044813482934,"{""expression_atlas"": 0.04015022406741467}"
CHEMBL1201293,ACAMPROSATE,CHEMBL2094124,PROTEIN COMPLEX GROUP,ENSG00000198785,GRIN3A,ANTAGONIST,inhibit,unknown,unknown,0,0.14858657226381564,0.029717314452763127,0.029717314452763127,"{""expression_atlas"": 0.14858657226381564}"
CHEMBL1201294,DIPHENOXYLATE,CHEMBL233,SINGLE PROTEIN,ENSG00000112038,OPRM1,AGONIST,activate,unknown,unknown,0,0,0.0,0.0,{}
CHEMBL1201295,BITOLTEROL,CHEMBL210,SINGLE PROTEIN,ENSG00000169252,ADRB2,AGONIST,activate,unknown,unknown,0,0,0.0,0.0,{}
CHEMBL1201302,DEXAMETHASONE PHOSPHORIC ACID,CHEMBL2034,SINGLE PROTEIN,ENSG00000113580,NR3C1,AGONIST,activate,unknown,unknown,0,0,0.0,0.0,{}
CHEMBL1201317,TRICLOFOS,CHEMBL2093872,PROTEIN COMPLEX GROUP,ENSG00000094755,GABRP,POSITIVE MODULATOR,unknown,unknown,unknown,0,0.07106524621438697,0.014213049242877394,0.014213049242877394,"{""expression_atlas"": 0.07106524621438697}"
CHEMBL1201317,TRICLOFOS,CHEMBL2093872,PROTEIN COMPLEX GROUP,ENSG00000102287,GABRE,POSITIVE MODULATOR,unknown,unknown,unknown,0,0.01300725293757502,0.002601450587515004,0.002601450587515004,"{""expression_atlas"": 0.01300725293757502}"
CHEMBL1201317,TRICLOFOS,CHEMBL2093872,PROTEIN COMPLEX GROUP,ENSG00000109158,GABRA4,POSITIVE MODULATOR,unknown,unknown,unknown,0,0.040567960282186954,0.00811359205643739,0.00811359205643739,"{""expression_atlas"": 0.040567960282186954}"
CHEMBL1201317,TRICLOFOS,CHEMBL2093872,PROTEIN COMPLEX GROUP,ENSG00000145864,GABRB2,POSITIVE MODULATOR,unknown,unknown,unknown,0,0.014994345937037634,0.002998869187407527,0.002998869187407527,"{""expression_atlas"": 0.014994345937037634}"
CHEMBL1201317,TRICLOFOS,CHEMBL2093872,PROTEIN COMPLEX GROUP,ENSG00000151834,GABRA2,POSITIVE MODULATOR,unknown,unknown,unknown,0,0.0646883705632426,0.01293767411264852,0.01293767411264852,"{""expression_atlas"": 0.0646883705632426}"
CHEMBL1201317,TRICLOFOS,CHEMBL2093872,PROTEIN COMPLEX GROUP,ENSG00000163285,GABRG1,POSITIVE MODULATOR,unknown,unknown,unknown,0,0.06503253540618377,0.013006507081236754,0.013006507081236754,"{""expression_atlas"": 0.06503253540618377}"
CHEMBL1201317,TRICLOFOS,CHEMBL2093872,PROTEIN COMPLEX GROUP,ENSG00000186297,GABRA5,POSITIVE MODULATOR,unknown,unknown,unknown,0,0.04015022406741467,0.008030044813482934,0.008030044813482934,"{""expression_atlas"": 0.04015022406741467}"
CHEMBL1201319,METARAMINOL,CHEMBL2094251,PROTEIN FAMILY,ENSG00000170214,ADRA1B,AGONIST,activate,unknown,unknown,0,0.09759134661327273,0.019518269322654547,0.019518269322654547,"{""expression_atlas"": 0.09759134661327273}"
CHEMBL1201319,METARAMINOL,CHEMBL2094251,PROTEIN FAMILY,ENSG00000171873,ADRA1D,AGONIST,activate,unknown,unknown,0,0.025814812794334265,0.005162962558866853,0.005162962558866853,"{""expression_atlas"": 0.025814812794334265}"
CHEMBL1201320,ESOMEPRAZOLE,CHEMBL2095173,PROTEIN COMPLEX,ENSG00000105675,ATP4A,INHIBITOR,inhibit,unknown,unknown,0,0,0.0,0.0,{}
CHEMBL1201320,ESOMEPRAZOLE,CHEMBL2095173,PROTEIN COMPLEX,ENSG00000186009,ATP4B,INHIBITOR,inhibit,unknown,unknown,0,0,0.0,0.0,{}
CHEMBL1201321,DIFENOXIN,CHEMBL233,SINGLE PROTEIN,ENSG00000112038,OPRM1,AGONIST,activate,unknown,unknown,0,0,0.0,0.0,{}
CHEMBL1201323,BETAZOLE,CHEMBL1941,SINGLE PROTEIN,ENSG00000113749,HRH2,AGONIST,activate,unknown,unknown,0,0.024422109132747515,0.004884421826549503,0.004884421826549503,"{""expression_atlas"": 0.024422109132747515}"
CHEMBL1201325,HEXOCYCLIUM,CHEMBL245,SINGLE PROTEIN,ENSG00000133019,CHRM3,ANTAGONIST,inhibit,unknown,unknown,0,0.04444900036943321,0.008889800073886641,0.008889800073886641,"{""expression_atlas"": 0.04444900036943321}"
CHEMBL1201328,CARPHENAZINE,CHEMBL217,SINGLE PROTEIN,ENSG00000149295,DRD2,ANTAGONIST,inhibit,unknown,unknown,0,0,0.0,0.0,{}
CHEMBL1201329,TRIMETHAPHAN,CHEMBL1907594,PROTEIN COMPLEX,ENSG00000080644,CHRNA3,ANTAGONIST,inhibit,unknown,unknown,0,0.03474557524047131,0.006949115048094263,0.006949115048094263,"{""expression_atlas"": 0.03474557524047131}"
CHEMBL1201335,GLYCOPYRRONIUM,CHEMBL245,SINGLE PROTEIN,ENSG00000133019,CHRM3,ANTAGONIST,inhibit,unknown,unknown,0,0.04444900036943321,0.008889800073886641,0.008889800073886641,"{""expression_atlas"": 0.04444900036943321}"
CHEMBL1201335,GLYCOPYRRONIUM,CHEMBL2094109,PROTEIN FAMILY,ENSG00000133019,CHRM3,INHIBITOR,inhibit,unknown,unknown,0,0.04444900036943321,0.008889800073886641,0.008889800073886641,"{""expression_atlas"": 0.04444900036943321}"
CHEMBL1201335,GLYCOPYRRONIUM,CHEMBL2094109,PROTEIN FAMILY,ENSG00000180720,CHRM4,INHIBITOR,inhibit,unknown,unknown,0,0.12779333357606606,0.025558666715213216,0.025558666715213216,"{""expression_atlas"": 0.12779333357606606}"
CHEMBL1201335,GLYCOPYRRONIUM,CHEMBL2094109,PROTEIN FAMILY,ENSG00000181072,CHRM2,INHIBITOR,inhibit,unknown,unknown,0,0.015360851261897956,0.0030721702523795916,0.0030721702523795916,"{""expression_atlas"": 0.015360851261897956}"
CHEMBL1201336,FOSPHENYTOIN,CHEMBL2331043,PROTEIN FAMILY,ENSG00000007314,SCN4A,BLOCKER,inhibit,unknown,unknown,0,0.01623682440230527,0.003247364880461054,0.003247364880461054,"{""expression_atlas"": 0.01623682440230527}"
CHEMBL1201336,FOSPHENYTOIN,CHEMBL2331043,PROTEIN FAMILY,ENSG00000136546,SCN7A,BLOCKER,inhibit,unknown,unknown,0,0.01258407039414361,0.0025168140788287222,0.0025168140788287222,"{""expression_atlas"": 0.01258407039414361}"
CHEMBL1201336,FOSPHENYTOIN,CHEMBL2331043,PROTEIN FAMILY,ENSG00000144285,SCN1A,BLOCKER,inhibit,unknown,unknown,0,0,0.0,0.0,{}
CHEMBL1201336,FOSPHENYTOIN,CHEMBL2331043,PROTEIN FAMILY,ENSG00000169432,SCN9A,BLOCKER,inhibit,unknown,unknown,0,0,0.0,0.0,{}
CHEMBL1201336,FOSPHENYTOIN,CHEMBL2331043,PROTEIN FAMILY,ENSG00000183873,SCN5A,BLOCKER,inhibit,unknown,unknown,0,0,0.0,0.0,{}
CHEMBL1201336,FOSPHENYTOIN,CHEMBL2331043,PROTEIN FAMILY,ENSG00000185313,SCN10A,BLOCKER,inhibit,unknown,unknown,0,0,0.0,0.0,{}
CHEMBL1201338,CYCLOPENTOLATE,CHEMBL245,SINGLE PROTEIN,ENSG00000133019,CHRM3,ANTAGONIST,inhibit,unknown,unknown,0,0.04444900036943321,0.008889800073886641,0.008889800073886641,"{""expression_atlas"": 0.04444900036943321}"
CHEMBL1201340,DIPHEMANIL,CHEMBL245,SINGLE PROTEIN,ENSG00000133019,CHRM3,ANTAGONIST,inhibit,unknown,unknown,0,0.04444900036943321,0.008889800073886641,0.008889800073886641,"{""expression_atlas"": 0.04444900036943321}"
CHEMBL1201341,ECHOTHIOPHATE,CHEMBL220,SINGLE PROTEIN,ENSG00000087085,ACHE,INHIBITOR,inhibit,unknown,unknown,0,0.018881721104742892,0.0037763442209485785,0.0037763442209485785,"{""expression_atlas"": 0.018881721104742892}"
CHEMBL1201346,BALSALAZIDE,CHEMBL215,SINGLE PROTEIN,ENSG00000012779,ALOX5,INHIBITOR,inhibit,unknown,unknown,0,0,0.0,0.0,{}
CHEMBL1201346,BALSALAZIDE,CHEMBL2094253,PROTEIN FAMILY,ENSG00000073756,PTGS2,INHIBITOR,inhibit,unknown,unknown,0,0.400648993476229,0.08012979869524581,0.08012979869524581,"{""expression_atlas"": 0.400648993476229}"
CHEMBL1201346,BALSALAZIDE,CHEMBL2094253,PROTEIN FAMILY,ENSG00000095303,PTGS1,INHIBITOR,inhibit,unknown,unknown,0,0,0.0,0.0,{}
CHEMBL1201346,BALSALAZIDE,CHEMBL235,SINGLE PROTEIN,ENSG00000132170,PPARG,AGONIST,activate,unknown,unknown,0,0.0717690068411359,0.014353801368227179,0.014353801368227179,"{""expression_atlas"": 0.0717690068411359}"
CHEMBL1201347,ANILERIDINE,CHEMBL237,SINGLE PROTEIN,ENSG00000082556,OPRK1,AGONIST,activate,unknown,unknown,0,0,0.0,0.0,{}
CHEMBL1201347,ANILERIDINE,CHEMBL233,SINGLE PROTEIN,ENSG00000112038,OPRM1,AGONIST,activate,unknown,unknown,0,0,0.0,0.0,{}
CHEMBL1201349,HEXAFLUORENIUM,CHEMBL220,SINGLE PROTEIN,ENSG00000087085,ACHE,INHIBITOR,inhibit,unknown,unknown,0,0.018881721104742892,0.0037763442209485785,0.0037763442209485785,"{""expression_atlas"": 0.018881721104742892}"
CHEMBL1201353,DEXCHLORPHENIRAMINE,CHEMBL231,SINGLE PROTEIN,ENSG00000196639,HRH1,ANTAGONIST,inhibit,unknown,unknown,0,0,0.0,0.0,{}
CHEMBL1201354,TRIDIHEXETHYL,CHEMBL245,SINGLE PROTEIN,ENSG00000133019,CHRM3,ANTAGONIST,inhibit,unknown,unknown,0,0.04444900036943321,0.008889800073886641,0.008889800073886641,"{""expression_atlas"": 0.04444900036943321}"
CHEMBL1201356,METHYLERGONOVINE,CHEMBL2056,SINGLE PROTEIN,ENSG00000184845,DRD1,ANTAGONIST,inhibit,unknown,unknown,0,0,0.0,0.0,{}
CHEMBL1201414,TINZAPARIN SODIUM,CHEMBL1950,SINGLE PROTEIN,ENSG00000117601,SERPINC1,ACTIVATOR,activate,unknown,unknown,0,0,0.0,0.0,{}
CHEMBL1201420,UROKINASE,CHEMBL3286,SINGLE PROTEIN,ENSG00000122861,PLAU,EXOGENOUS PROTEIN,unknown,unknown,unknown,0.23764418055094688,0.2896903110394619,0.2480534066486499,0.2480534066486499,"{""gwas_credible_sets"": 0.23764418055094688, ""expression_atlas"": 0.2896903110394619}"
CHEMBL1201421,PEGAPTANIB SODIUM,CHEMBL1783,SINGLE PROTEIN,ENSG00000112715,VEGFA,ANTAGONIST,inhibit,unknown,unknown,0,0,0.0,0.0,{}
CHEMBL1201438,ALDESLEUKIN,CHEMBL2364167,PROTEIN COMPLEX,ENSG00000100385,IL2RB,AGONIST,activate,unknown,unknown,0,0.02844239550005934,0.005688479100011868,0.005688479100011868,"{""expression_atlas"": 0.02844239550005934}"
CHEMBL1201438,ALDESLEUKIN,CHEMBL2364167,PROTEIN COMPLEX,ENSG00000134460,IL2RA,AGONIST,activate,unknown,unknown,0.8030806298691048,0.058721840678926364,0.6542088720310691,0.6542088720310691,"{""gwas_credible_sets"": 0.8030806298691048, ""expression_atlas"": 0.058721840678926364}"
CHEMBL1201438,ALDESLEUKIN,CHEMBL2364167,PROTEIN COMPLEX,ENSG00000147168,IL2RG,AGONIST,activate,unknown,unknown,0,0.018150242003272875,0.0036300484006545754,0.0036300484006545754,"{""expression_atlas"": 0.018150242003272875}"
CHEMBL1201439,BASILIXIMAB,CHEMBL2364167,PROTEIN COMPLEX,ENSG00000100385,IL2RB,INHIBITOR,inhibit,unknown,unknown,0,0.02844239550005934,0.005688479100011868,0.005688479100011868,"{""expression_atlas"": 0.02844239550005934}"
CHEMBL1201439,BASILIXIMAB,CHEMBL2364167,PROTEIN COMPLEX,ENSG00000134460,IL2RA,INHIBITOR,inhibit,unknown,unknown,0.8030806298691048,0.058721840678926364,0.6542088720310691,0.6542088720310691,"{""gwas_credible_sets"": 0.8030806298691048, ""expression_atlas"": 0.058721840678926364}"
CHEMBL1201439,BASILIXIMAB,CHEMBL2364167,PROTEIN COMPLEX,ENSG00000147168,IL2RG,INHIBITOR,inhibit,unknown,unknown,0,0.018150242003272875,0.0036300484006545754,0.0036300484006545754,"{""expression_atlas"": 0.018150242003272875}"
CHEMBL1201448,ARDEPARIN SODIUM,CHEMBL1950,SINGLE PROTEIN,ENSG00000117601,SERPINC1,ACTIVATOR,activate,unknown,unknown,0,0,0.0,0.0,{}
CHEMBL1201454,ALSEROXYLON,CHEMBL2095203,PROTEIN FAMILY,ENSG00000150594,ADRA2A,ANTAGONIST,inhibit,unknown,unknown,0.21032116470427323,0,0.1682569317634186,0.1682569317634186,"{""gwas_credible_sets"": 0.21032116470427323}"
CHEMBL1201454,ALSEROXYLON,CHEMBL2095203,PROTEIN FAMILY,ENSG00000170214,ADRA1B,ANTAGONIST,inhibit,unknown,unknown,0,0.09759134661327273,0.019518269322654547,0.019518269322654547,"{""expression_atlas"": 0.09759134661327273}"
CHEMBL1201454,ALSEROXYLON,CHEMBL2095203,PROTEIN FAMILY,ENSG00000171873,ADRA1D,ANTAGONIST,inhibit,unknown,unknown,0,0.025814812794334265,0.005162962558866853,0.005162962558866853,"{""expression_atlas"": 0.025814812794334265}"
CHEMBL1201454,ALSEROXYLON,CHEMBL2095203,PROTEIN FAMILY,ENSG00000184160,ADRA2C,ANTAGONIST,inhibit,unknown,unknown,0,0.010920894429482362,0.0021841788858964722,0.0021841788858964722,"{""expression_atlas"": 0.010920894429482362}"
CHEMBL1201460,DALTEPARIN SODIUM,CHEMBL1950,SINGLE PROTEIN,ENSG00000117601,SERPINC1,ACTIVATOR,activate,unknown,unknown,0,0,0.0,0.0,{}
CHEMBL1201466,"ESTROGENS, CONJUGATED SYNTHETIC A",CHEMBL2093866,PROTEIN FAMILY,ENSG00000091831,ESR1,AGONIST,activate,unknown,unknown,0,0.013323775689022817,0.0026647551378045638,0.0026647551378045638,"{""expression_atlas"": 0.013323775689022817}"
CHEMBL1201466,"ESTROGENS, CONJUGATED SYNTHETIC A",CHEMBL2093866,PROTEIN FAMILY,ENSG00000140009,ESR2,AGONIST,activate,unknown,unknown,0,0,0.0,0.0,{}
CHEMBL1201467,"SYNTHETIC CONJUGATED ESTROGENS, B",CHEMBL2093866,PROTEIN FAMILY,ENSG00000091831,ESR1,AGONIST,activate,unknown,unknown,0,0.013323775689022817,0.0026647551378045638,0.0026647551378045638,"{""expression_atlas"": 0.013323775689022817}"
CHEMBL1201467,"SYNTHETIC CONJUGATED ESTROGENS, B",CHEMBL2093866,PROTEIN FAMILY,ENSG00000140009,ESR2,AGONIST,activate,unknown,unknown,0,0,0.0,0.0,{}
CHEMBL1201468,"ESTROGENS, ESTERIFIED",CHEMBL2093866,PROTEIN FAMILY,ENSG00000091831,ESR1,AGONIST,activate,unknown,unknown,0,0.013323775689022817,0.0026647551378045638,0.0026647551378045638,"{""expression_atlas"": 0.013323775689022817}"
CHEMBL1201468,"ESTROGENS, ESTERIFIED",CHEMBL2093866,PROTEIN FAMILY,ENSG00000140009,ESR2,AGONIST,activate,unknown,unknown,0,0,0.0,0.0,{}
CHEMBL1201476,ENOXAPARIN SODIUM,CHEMBL1950,SINGLE PROTEIN,ENSG00000117601,SERPINC1,ACTIVATOR,activate,unknown,unknown,0,0,0.0,0.0,{}
CHEMBL1201477,POLYESTRADIOL PHOSPHATE,CHEMBL206,SINGLE PROTEIN,ENSG00000091831,ESR1,AGONIST,activate,unknown,unknown,0,0.013323775689022817,0.0026647551378045638,0.0026647551378045638,"{""expression_atlas"": 0.013323775689022817}"
CHEMBL1201486,QUINIDINE POLYGALACTURONATE,CHEMBL2331043,PROTEIN FAMILY,ENSG00000007314,SCN4A,BLOCKER,inhibit,unknown,unknown,0,0.01623682440230527,0.003247364880461054,0.003247364880461054,"{""expression_atlas"": 0.01623682440230527}"
CHEMBL1201486,QUINIDINE POLYGALACTURONATE,CHEMBL2331043,PROTEIN FAMILY,ENSG00000136546,SCN7A,BLOCKER,inhibit,unknown,unknown,0,0.01258407039414361,0.0025168140788287222,0.0025168140788287222,"{""expression_atlas"": 0.01258407039414361}"
CHEMBL1201486,QUINIDINE POLYGALACTURONATE,CHEMBL2331043,PROTEIN FAMILY,ENSG00000144285,SCN1A,BLOCKER,inhibit,unknown,unknown,0,0,0.0,0.0,{}
CHEMBL1201486,QUINIDINE POLYGALACTURONATE,CHEMBL2331043,PROTEIN FAMILY,ENSG00000169432,SCN9A,BLOCKER,inhibit,unknown,unknown,0,0,0.0,0.0,{}
CHEMBL1201486,QUINIDINE POLYGALACTURONATE,CHEMBL2331043,PROTEIN FAMILY,ENSG00000183873,SCN5A,BLOCKER,inhibit,unknown,unknown,0,0,0.0,0.0,{}
CHEMBL1201486,QUINIDINE POLYGALACTURONATE,CHEMBL2331043,PROTEIN FAMILY,ENSG00000185313,SCN10A,BLOCKER,inhibit,unknown,unknown,0,0,0.0,0.0,{}
CHEMBL1201488,SECRETIN SYNTHETIC HUMAN,CHEMBL1925,SINGLE PROTEIN,ENSG00000080293,SCTR,AGONIST,activate,unknown,unknown,0,0.06875888013353433,0.013751776026706866,0.013751776026706866,"{""expression_atlas"": 0.06875888013353433}"
CHEMBL1201505,"FIBRINOLYSIN, HUMAN",CHEMBL2364709,PROTEIN COMPLEX,ENSG00000171560,FGA,INHIBITOR,inhibit,unknown,unknown,0,0.014355037263669967,0.0028710074527339936,0.0028710074527339936,"{""expression_atlas"": 0.014355037263669967}"
CHEMBL1201513,HEPARIN CALCIUM,CHEMBL1950,SINGLE PROTEIN,ENSG00000117601,SERPINC1,ACTIVATOR,activate,unknown,unknown,0,0,0.0,0.0,{}
CHEMBL1201515,PEGVISOMANT,CHEMBL1976,SINGLE PROTEIN,ENSG00000112964,GHR,ANTAGONIST,inhibit,unknown,unknown,0,0.023483312321574815,0.004696662464314963,0.004696662464314963,"{""expression_atlas"": 0.023483312321574815}"
CHEMBL1201520,UROFOLLITROPIN,CHEMBL2024,SINGLE PROTEIN,ENSG00000170820,FSHR,AGONIST,activate,unknown,unknown,0.2501426920084372,0,0.20011415360674978,0.20011415360674978,"{""gwas_credible_sets"": 0.2501426920084372}"
CHEMBL1201528,VASOPRESSIN TANNATE,CHEMBL1889,SINGLE PROTEIN,ENSG00000166148,AVPR1A,AGONIST,activate,unknown,unknown,0,0.07537526408687396,0.015075052817374793,0.015075052817374793,"{""expression_atlas"": 0.07537526408687396}"
CHEMBL1201532,THYROTROPIN,CHEMBL1963,SINGLE PROTEIN,ENSG00000165409,TSHR,AGONIST,activate,unknown,unknown,0,0.12212276066990083,0.024424552133980166,0.024424552133980166,"{""expression_atlas"": 0.12212276066990083}"
CHEMBL1201533,THYROTROPIN ALFA,CHEMBL1963,SINGLE PROTEIN,ENSG00000165409,TSHR,AGONIST,activate,unknown,unknown,0,0.12212276066990083,0.024424552133980166,0.024424552133980166,"{""expression_atlas"": 0.12212276066990083}"
CHEMBL1201534,DANAPAROID SODIUM,CHEMBL1950,SINGLE PROTEIN,ENSG00000117601,SERPINC1,ACTIVATOR,activate,unknown,unknown,0,0,0.0,0.0,{}
CHEMBL1201550,DENILEUKIN DIFTITOX,CHEMBL2364167,PROTEIN COMPLEX,ENSG00000100385,IL2RB,BINDING AGENT,unknown,unknown,unknown,0,0.02844239550005934,0.005688479100011868,0.005688479100011868,"{""expression_atlas"": 0.02844239550005934}"
CHEMBL1201550,DENILEUKIN DIFTITOX,CHEMBL2364167,PROTEIN COMPLEX,ENSG00000134460,IL2RA,BINDING AGENT,unknown,unknown,unknown,0.8030806298691048,0.058721840678926364,0.6542088720310691,0.6542088720310691,"{""gwas_credible_sets"": 0.8030806298691048, ""expression_atlas"": 0.058721840678926364}"
CHEMBL1201550,DENILEUKIN DIFTITOX,CHEMBL2364167,PROTEIN COMPLEX,ENSG00000147168,IL2RG,BINDING AGENT,unknown,unknown,unknown,0,0.018150242003272875,0.0036300484006545754,0.0036300484006545754,"{""expression_atlas"": 0.018150242003272875}"
CHEMBL1201554,ANTITHROMBIN ALFA,CHEMBL244,SINGLE PROTEIN,ENSG00000126218,F10,INHIBITOR,inhibit,unknown,unknown,0,0,0.0,0.0,{}
CHEMBL1201554,ANTITHROMBIN ALFA,CHEMBL204,SINGLE PROTEIN,ENSG00000180210,F2,INHIBITOR,inhibit,unknown,unknown,0,0,0.0,0.0,{}
CHEMBL1201556,BECAPLERMIN,CHEMBL2095189,PROTEIN COMPLEX,ENSG00000113721,PDGFRB,AGONIST,activate,unknown,unknown,0,0.03892155883564756,0.007784311767129512,0.007784311767129512,"{""expression_atlas"": 0.03892155883564756}"
CHEMBL1201556,BECAPLERMIN,CHEMBL2095189,PROTEIN COMPLEX,ENSG00000134853,PDGFRA,AGONIST,activate,unknown,unknown,0,0,0.0,0.0,{}
CHEMBL1201557,INTERFERON ALFACON-1,CHEMBL2364170,PROTEIN COMPLEX,ENSG00000142166,IFNAR1,AGONIST,activate,unknown,unknown,0,0,0.0,0.0,{}
CHEMBL1201557,INTERFERON ALFACON-1,CHEMBL2364170,PROTEIN COMPLEX,ENSG00000159110,IFNAR2,AGONIST,activate,unknown,unknown,0,0,0.0,0.0,{}
CHEMBL1201558,INTERFERON ALFA-2B,CHEMBL2364170,PROTEIN COMPLEX,ENSG00000142166,IFNAR1,AGONIST,activate,unknown,unknown,0,0,0.0,0.0,{}
CHEMBL1201558,INTERFERON ALFA-2B,CHEMBL2364170,PROTEIN COMPLEX,ENSG00000159110,IFNAR2,AGONIST,activate,unknown,unknown,0,0,0.0,0.0,{}
CHEMBL1201560,PEGINTERFERON ALFA-2A,CHEMBL2364170,PROTEIN COMPLEX,ENSG00000142166,IFNAR1,AGONIST,activate,unknown,unknown,0,0,0.0,0.0,{}
CHEMBL1201560,PEGINTERFERON ALFA-2A,CHEMBL2364170,PROTEIN COMPLEX,ENSG00000159110,IFNAR2,AGONIST,activate,unknown,unknown,0,0,0.0,0.0,{}
CHEMBL1201561,PEGINTERFERON ALFA-2B,CHEMBL2364170,PROTEIN COMPLEX,ENSG00000142166,IFNAR1,AGONIST,activate,unknown,unknown,0,0,0.0,0.0,{}
CHEMBL1201561,PEGINTERFERON ALFA-2B,CHEMBL2364170,PROTEIN COMPLEX,ENSG00000159110,IFNAR2,AGONIST,activate,unknown,unknown,0,0,0.0,0.0,{}
CHEMBL1201562,INTERFERON BETA-1A,CHEMBL2364170,PROTEIN COMPLEX,ENSG00000142166,IFNAR1,AGONIST,activate,unknown,unknown,0,0,0.0,0.0,{}
CHEMBL1201562,INTERFERON BETA-1A,CHEMBL2364170,PROTEIN COMPLEX,ENSG00000159110,IFNAR2,AGONIST,activate,unknown,unknown,0,0,0.0,0.0,{}
CHEMBL1201563,INTERFERON BETA-1B,CHEMBL2364170,PROTEIN COMPLEX,ENSG00000142166,IFNAR1,AGONIST,activate,unknown,unknown,0,0,0.0,0.0,{}
CHEMBL1201563,INTERFERON BETA-1B,CHEMBL2364170,PROTEIN COMPLEX,ENSG00000159110,IFNAR2,AGONIST,activate,unknown,unknown,0,0,0.0,0.0,{}
CHEMBL1201564,INTERFERON GAMMA-1B,CHEMBL2364171,PROTEIN COMPLEX,ENSG00000027697,IFNGR1,AGONIST,activate,unknown,unknown,0,0,0.0,0.0,{}
CHEMBL1201564,INTERFERON GAMMA-1B,CHEMBL2364171,PROTEIN COMPLEX,ENSG00000159128,IFNGR2,AGONIST,activate,unknown,unknown,0.78076964034253,0,0.6246157122740241,0.6246157122740241,"{""gwas_credible_sets"": 0.78076964034253}"
CHEMBL1201567,FILGRASTIM,CHEMBL1996,SINGLE PROTEIN,ENSG00000119535,CSF3R,AGONIST,activate,unknown,unknown,0,0.3580517355813792,0.07161034711627584,0.07161034711627584,"{""expression_atlas"": 0.3580517355813792}"
CHEMBL1201568,PEGFILGRASTIM,CHEMBL1996,SINGLE PROTEIN,ENSG00000119535,CSF3R,AGONIST,activate,unknown,unknown,0,0.3580517355813792,0.07161034711627584,0.07161034711627584,"{""expression_atlas"": 0.3580517355813792}"
CHEMBL1201570,ANAKINRA,CHEMBL1959,SINGLE PROTEIN,ENSG00000115594,IL1R1,ANTAGONIST,inhibit,unknown,unknown,0,0.02826679778167594,0.005653359556335188,0.005653359556335188,"{""expression_atlas"": 0.02826679778167594}"
CHEMBL1201571,ALEFACEPT,CHEMBL2040,SINGLE PROTEIN,ENSG00000116824,CD2,INHIBITOR,inhibit,unknown,unknown,0,0.020494229472451816,0.004098845894490363,0.004098845894490363,"{""expression_atlas"": 0.020494229472451816}"
CHEMBL1201572,ETANERCEPT,CHEMBL1825,SINGLE PROTEIN,ENSG00000232810,TNF,INHIBITOR,inhibit,unknown,unknown,0,0.013494346275827055,0.002698869255165411,0.002698869255165411,"{""expression_atlas"": 0.013494346275827055}"
CHEMBL1201573,OPRELVEKIN,CHEMBL2050,SINGLE PROTEIN,ENSG00000137070,IL11RA,AGONIST,activate,unknown,unknown,0,0,0.0,0.0,{}
CHEMBL1201576,RITUXIMAB,CHEMBL2058,SINGLE PROTEIN,ENSG00000156738,MS4A1,BINDING AGENT,unknown,unknown,unknown,0,0,0.0,0.0,{}
CHEMBL1201577,CETUXIMAB,CHEMBL203,SINGLE PROTEIN,ENSG00000146648,EGFR,INHIBITOR,inhibit,unknown,unknown,0,0,0.0,0.0,{}
CHEMBL1201580,ADALIMUMAB,CHEMBL1825,SINGLE PROTEIN,ENSG00000232810,TNF,INHIBITOR,inhibit,unknown,unknown,0,0.013494346275827055,0.002698869255165411,0.002698869255165411,"{""expression_atlas"": 0.013494346275827055}"
CHEMBL1201581,INFLIXIMAB,CHEMBL1825,SINGLE PROTEIN,ENSG00000232810,TNF,INHIBITOR,inhibit,unknown,unknown,0,0.013494346275827055,0.002698869255165411,0.002698869255165411,"{""expression_atlas"": 0.013494346275827055}"
CHEMBL1201583,BEVACIZUMAB,CHEMBL1783,SINGLE PROTEIN,ENSG00000112715,VEGFA,INHIBITOR,inhibit,unknown,unknown,0,0,0.0,0.0,{}
CHEMBL1201584,ABCIXIMAB,CHEMBL2093869,PROTEIN COMPLEX,ENSG00000005961,ITGA2B,INHIBITOR,inhibit,unknown,unknown,0,0,0.0,0.0,{}
CHEMBL1201584,ABCIXIMAB,CHEMBL1907598,PROTEIN COMPLEX,ENSG00000138448,ITGAV,INHIBITOR,inhibit,unknown,unknown,0,0,0.0,0.0,{}
CHEMBL1201584,ABCIXIMAB,CHEMBL1907598,PROTEIN COMPLEX,ENSG00000259207,ITGB3,INHIBITOR,inhibit,unknown,unknown,0,0,0.0,0.0,{}
CHEMBL1201584,ABCIXIMAB,CHEMBL2093869,PROTEIN COMPLEX,ENSG00000259207,ITGB3,INHIBITOR,inhibit,unknown,unknown,0,0,0.0,0.0,{}
CHEMBL1201585,TRASTUZUMAB,CHEMBL1824,SINGLE PROTEIN,ENSG00000141736,ERBB2,INHIBITOR,inhibit,unknown,unknown,0,0,0.0,0.0,{}
CHEMBL1201587,ALEMTUZUMAB,CHEMBL1912,SINGLE PROTEIN,ENSG00000169442,CD52,INHIBITOR,inhibit,unknown,unknown,0,0,0.0,0.0,{}
CHEMBL1201589,OMALIZUMAB,CHEMBL1834,SINGLE PROTEIN,ENSG00000211891,IGHE,INHIBITOR,inhibit,unknown,unknown,0,0,0.0,0.0,{}
CHEMBL1201593,ALTEPLASE,CHEMBL1873,SINGLE PROTEIN,ENSG00000104368,PLAT,EXOGENOUS PROTEIN,unknown,unknown,unknown,0,0,0.0,0.0,{}
CHEMBL1201604,TOSITUMOMAB,CHEMBL2058,SINGLE PROTEIN,ENSG00000156738,MS4A1,BINDING AGENT,unknown,unknown,unknown,0,0,0.0,0.0,{}
CHEMBL1201607,NATALIZUMAB,CHEMBL1907599,PROTEIN COMPLEX,ENSG00000115232,ITGA4,INHIBITOR,inhibit,unknown,unknown,0.8156461598656142,0,0.6525169278924914,0.6525169278924914,"{""gwas_credible_sets"": 0.8156461598656142}"
CHEMBL1201607,NATALIZUMAB,CHEMBL2095184,PROTEIN COMPLEX,ENSG00000115232,ITGA4,INHIBITOR,inhibit,unknown,unknown,0.8156461598656142,0,0.6525169278924914,0.6525169278924914,"{""gwas_credible_sets"": 0.8156461598656142}"
CHEMBL1201607,NATALIZUMAB,CHEMBL2095184,PROTEIN COMPLEX,ENSG00000139626,ITGB7,INHIBITOR,inhibit,unknown,unknown,0,0,0.0,0.0,{}
CHEMBL1201607,NATALIZUMAB,CHEMBL1907599,PROTEIN COMPLEX,ENSG00000150093,ITGB1,INHIBITOR,inhibit,unknown,unknown,0,0,0.0,0.0,{}
CHEMBL1201608,MUROMONAB-CD3,CHEMBL2364168,PROTEIN COMPLEX,ENSG00000160654,CD3G,INHIBITOR,inhibit,unknown,unknown,0,0.015863723054047433,0.0031727446108094867,0.0031727446108094867,"{""expression_atlas"": 0.015863723054047433}"
CHEMBL1201608,MUROMONAB-CD3,CHEMBL2364168,PROTEIN COMPLEX,ENSG00000167286,CD3D,INHIBITOR,inhibit,unknown,unknown,0,0.015154885479866145,0.003030977095973229,0.003030977095973229,"{""expression_atlas"": 0.015154885479866145}"
CHEMBL1201608,MUROMONAB-CD3,CHEMBL2364168,PROTEIN COMPLEX,ENSG00000198851,CD3E,INHIBITOR,inhibit,unknown,unknown,0,0.011344203228688893,0.0022688406457377786,0.0022688406457377786,"{""expression_atlas"": 0.011344203228688893}"
CHEMBL1201616,SECRETIN SYNTHETIC PORCINE,CHEMBL1925,SINGLE PROTEIN,ENSG00000080293,SCTR,AGONIST,activate,unknown,unknown,0,0.06875888013353433,0.013751776026706866,0.013751776026706866,"{""expression_atlas"": 0.06875888013353433}"
CHEMBL1201620,SOMATREM,CHEMBL1976,SINGLE PROTEIN,ENSG00000112964,GHR,AGONIST,activate,unknown,unknown,0,0.023483312321574815,0.004696662464314963,0.004696662464314963,"{""expression_atlas"": 0.023483312321574815}"
CHEMBL1201621,SOMATROPIN,CHEMBL1976,SINGLE PROTEIN,ENSG00000112964,GHR,AGONIST,activate,unknown,unknown,0,0.023483312321574815,0.004696662464314963,0.004696662464314963,"{""expression_atlas"": 0.023483312321574815}"
CHEMBL1201649,"ESTROGENS, CONJUGATED",CHEMBL2093866,PROTEIN FAMILY,ENSG00000091831,ESR1,AGONIST,activate,unknown,unknown,0,0.013323775689022817,0.0026647551378045638,0.0026647551378045638,"{""expression_atlas"": 0.013323775689022817}"
CHEMBL1201649,"ESTROGENS, CONJUGATED",CHEMBL2093866,PROTEIN FAMILY,ENSG00000140009,ESR2,AGONIST,activate,unknown,unknown,0,0,0.0,0.0,{}
CHEMBL1201657,HEPARIN SODIUM,CHEMBL1950,SINGLE PROTEIN,ENSG00000117601,SERPINC1,ACTIVATOR,activate,unknown,unknown,0,0,0.0,0.0,{}
CHEMBL1201662,DESIRUDIN,CHEMBL204,SINGLE PROTEIN,ENSG00000180210,F2,INHIBITOR,inhibit,unknown,unknown,0,0,0.0,0.0,{}
CHEMBL1201666,LEPIRUDIN,CHEMBL204,SINGLE PROTEIN,ENSG00000180210,F2,INHIBITOR,inhibit,unknown,unknown,0,0,0.0,0.0,{}
CHEMBL1201670,SARGRAMOSTIM,CHEMBL2364169,PROTEIN COMPLEX,ENSG00000100368,CSF2RB,AGONIST,activate,unknown,unknown,0.5988383185205964,0.03256010110133257,0.4855826750367437,0.4855826750367437,"{""gwas_credible_sets"": 0.5988383185205964, ""expression_atlas"": 0.03256010110133257}"
CHEMBL1201670,SARGRAMOSTIM,CHEMBL2364169,PROTEIN COMPLEX,ENSG00000198223,CSF2RA,AGONIST,activate,unknown,unknown,0,0.01975567878365146,0.003951135756730292,0.003951135756730292,"{""expression_atlas"": 0.01975567878365146}"
CHEMBL1201692,FOLLITROPIN ALFA,CHEMBL2024,SINGLE PROTEIN,ENSG00000170820,FSHR,AGONIST,activate,unknown,unknown,0.2501426920084372,0,0.20011415360674978,0.20011415360674978,"{""gwas_credible_sets"": 0.2501426920084372}"
CHEMBL1201716,MECASERMIN,CHEMBL1957,SINGLE PROTEIN,ENSG00000140443,IGF1R,AGONIST,activate,unknown,unknown,0,0,0.0,0.0,{}
CHEMBL1201717,MECASERMIN RINFABATE,CHEMBL1957,SINGLE PROTEIN,ENSG00000140443,IGF1R,AGONIST,activate,unknown,unknown,0,0,0.0,0.0,{}
CHEMBL1201746,PRALATREXATE,CHEMBL202,SINGLE PROTEIN,ENSG00000228716,DHFR,INHIBITOR,inhibit,unknown,unknown,0,0,0.0,0.0,{}
CHEMBL1201747,ALCAFTADINE,CHEMBL231,SINGLE PROTEIN,ENSG00000196639,HRH1,ANTAGONIST,inhibit,unknown,unknown,0,0,0.0,0.0,{}
CHEMBL1201748,CABAZITAXEL,CHEMBL2095182,PROTEIN COMPLEX GROUP,ENSG00000137285,TUBB2B,INHIBITOR,inhibit,unknown,unknown,0,0.015263210426171842,0.0030526420852343686,0.0030526420852343686,"{""expression_atlas"": 0.015263210426171842}"
CHEMBL1201748,CABAZITAXEL,CHEMBL2095182,PROTEIN COMPLEX GROUP,ENSG00000176014,TUBB6,INHIBITOR,inhibit,unknown,unknown,0,0.009412066797331744,0.001882413359466349,0.001882413359466349,"{""expression_atlas"": 0.009412066797331744}"
CHEMBL1201748,CABAZITAXEL,CHEMBL2095182,PROTEIN COMPLEX GROUP,ENSG00000258947,TUBB3,INHIBITOR,inhibit,unknown,unknown,0,0,0.0,0.0,{}
CHEMBL1201749,DIFLUPREDNATE,CHEMBL2034,SINGLE PROTEIN,ENSG00000113580,NR3C1,AGONIST,activate,unknown,unknown,0,0,0.0,0.0,{}
CHEMBL1201752,IXABEPILONE,CHEMBL2095182,PROTEIN COMPLEX GROUP,ENSG00000137285,TUBB2B,INHIBITOR,inhibit,unknown,unknown,0,0.015263210426171842,0.0030526420852343686,0.0030526420852343686,"{""expression_atlas"": 0.015263210426171842}"
CHEMBL1201752,IXABEPILONE,CHEMBL2095182,PROTEIN COMPLEX GROUP,ENSG00000176014,TUBB6,INHIBITOR,inhibit,unknown,unknown,0,0.009412066797331744,0.001882413359466349,0.001882413359466349,"{""expression_atlas"": 0.009412066797331744}"
CHEMBL1201752,IXABEPILONE,CHEMBL2095182,PROTEIN COMPLEX GROUP,ENSG00000258947,TUBB3,INHIBITOR,inhibit,unknown,unknown,0,0,0.0,0.0,{}
CHEMBL1201753,PITAVASTATIN,CHEMBL402,SINGLE PROTEIN,ENSG00000113161,HMGCR,INHIBITOR,inhibit,unknown,unknown,0,0,0.0,0.0,{}
CHEMBL1201754,RUFINAMIDE,CHEMBL2331043,PROTEIN FAMILY,ENSG00000007314,SCN4A,BLOCKER,inhibit,unknown,unknown,0,0.01623682440230527,0.003247364880461054,0.003247364880461054,"{""expression_atlas"": 0.01623682440230527}"
CHEMBL1201754,RUFINAMIDE,CHEMBL2331043,PROTEIN FAMILY,ENSG00000136546,SCN7A,BLOCKER,inhibit,unknown,unknown,0,0.01258407039414361,0.0025168140788287222,0.0025168140788287222,"{""expression_atlas"": 0.01258407039414361}"
CHEMBL1201754,RUFINAMIDE,CHEMBL2331043,PROTEIN FAMILY,ENSG00000144285,SCN1A,BLOCKER,inhibit,unknown,unknown,0,0,0.0,0.0,{}
CHEMBL1201754,RUFINAMIDE,CHEMBL2331043,PROTEIN FAMILY,ENSG00000169432,SCN9A,BLOCKER,inhibit,unknown,unknown,0,0,0.0,0.0,{}
CHEMBL1201754,RUFINAMIDE,CHEMBL2331043,PROTEIN FAMILY,ENSG00000183873,SCN5A,BLOCKER,inhibit,unknown,unknown,0,0,0.0,0.0,{}
CHEMBL1201754,RUFINAMIDE,CHEMBL2331043,PROTEIN FAMILY,ENSG00000185313,SCN10A,BLOCKER,inhibit,unknown,unknown,0,0,0.0,0.0,{}
CHEMBL1201758,BEPOTASTINE,CHEMBL231,SINGLE PROTEIN,ENSG00000196639,HRH1,ANTAGONIST,inhibit,unknown,unknown,0,0,0.0,0.0,{}
CHEMBL1201764,FESOTERODINE,CHEMBL245,SINGLE PROTEIN,ENSG00000133019,CHRM3,ANTAGONIST,inhibit,unknown,unknown,0,0.04444900036943321,0.008889800073886641,0.008889800073886641,"{""expression_atlas"": 0.04444900036943321}"
CHEMBL1201764,FESOTERODINE,CHEMBL211,SINGLE PROTEIN,ENSG00000181072,CHRM2,ANTAGONIST,inhibit,unknown,unknown,0,0.015360851261897956,0.0030721702523795916,0.0030721702523795916,"{""expression_atlas"": 0.015360851261897956}"
CHEMBL1201776,TAPENTADOL,CHEMBL222,SINGLE PROTEIN,ENSG00000103546,SLC6A2,INHIBITOR,inhibit,unknown,unknown,0,0,0.0,0.0,{}
CHEMBL1201776,TAPENTADOL,CHEMBL233,SINGLE PROTEIN,ENSG00000112038,OPRM1,AGONIST,activate,unknown,unknown,0,0,0.0,0.0,{}
CHEMBL1201780,CARGLUMIC ACID,CHEMBL2362990,SINGLE PROTEIN,ENSG00000021826,CPS1,POSITIVE ALLOSTERIC MODULATOR,activate,unknown,unknown,0,0.43783637480111715,0.08756727496022343,0.08756727496022343,"{""expression_atlas"": 0.43783637480111715}"
CHEMBL1201821,PALIFERMIN,CHEMBL4142,SINGLE PROTEIN,ENSG00000066468,FGFR2,AGONIST,activate,unknown,unknown,0,0.02240476975705044,0.004480953951410088,0.004480953951410088,"{""expression_atlas"": 0.02240476975705044}"
CHEMBL1201823,ABATACEPT,CHEMBL2364156,SINGLE PROTEIN,ENSG00000114013,CD86,INHIBITOR,inhibit,unknown,unknown,0,0.024449439795226086,0.004889887959045217,0.004889887959045217,"{""expression_atlas"": 0.024449439795226086}"
CHEMBL1201823,ABATACEPT,CHEMBL2364157,SINGLE PROTEIN,ENSG00000121594,CD80,INHIBITOR,inhibit,unknown,unknown,0,0.022392102722350878,0.004478420544470176,0.004478420544470176,"{""expression_atlas"": 0.022392102722350878}"
CHEMBL1201825,RANIBIZUMAB,CHEMBL1783,SINGLE PROTEIN,ENSG00000112715,VEGFA,INHIBITOR,inhibit,unknown,unknown,0,0,0.0,0.0,{}
CHEMBL1201827,PANITUMUMAB,CHEMBL203,SINGLE PROTEIN,ENSG00000146648,EGFR,INHIBITOR,inhibit,unknown,unknown,0,0,0.0,0.0,{}
CHEMBL1201828,ECULIZUMAB,CHEMBL2364163,SINGLE PROTEIN,ENSG00000106804,C5,INHIBITOR,inhibit,unknown,unknown,0,0,0.0,0.0,{}
CHEMBL1201830,RILONACEPT,CHEMBL1909490,SINGLE PROTEIN,ENSG00000125538,IL1B,INHIBITOR,inhibit,unknown,unknown,0,0.5094080240706347,0.10188160481412695,0.10188160481412695,"{""expression_atlas"": 0.5094080240706347}"
CHEMBL1201831,CERTOLIZUMAB PEGOL,CHEMBL1825,SINGLE PROTEIN,ENSG00000232810,TNF,INHIBITOR,inhibit,unknown,unknown,0,0.013494346275827055,0.002698869255165411,0.002698869255165411,"{""expression_atlas"": 0.013494346275827055}"
CHEMBL1201832,ROMIPLOSTIM,CHEMBL1864,SINGLE PROTEIN,ENSG00000117400,MPL,AGONIST,activate,unknown,unknown,0,0,0.0,0.0,{}
CHEMBL1201833,GOLIMUMAB,CHEMBL1825,SINGLE PROTEIN,ENSG00000232810,TNF,INHIBITOR,inhibit,unknown,unknown,0,0.013494346275827055,0.002698869255165411,0.002698869255165411,"{""expression_atlas"": 0.013494346275827055}"
CHEMBL1201834,CANAKINUMAB,CHEMBL1909490,SINGLE PROTEIN,ENSG00000125538,IL1B,INHIBITOR,inhibit,unknown,unknown,0,0.5094080240706347,0.10188160481412695,0.10188160481412695,"{""expression_atlas"": 0.5094080240706347}"
CHEMBL1201835,USTEKINUMAB,CHEMBL2364154,PROTEIN COMPLEX,ENSG00000110944,IL23A,INHIBITOR,inhibit,unknown,unknown,0,0.04346988110355612,0.008693976220711224,0.008693976220711224,"{""expression_atlas"": 0.04346988110355612}"
CHEMBL1201835,USTEKINUMAB,CHEMBL2364153,PROTEIN COMPLEX,ENSG00000113302,IL12B,INHIBITOR,inhibit,unknown,unknown,0.9248409926037888,0,0.7398727940830311,0.7398727940830311,"{""gwas_credible_sets"": 0.9248409926037888}"
CHEMBL1201835,USTEKINUMAB,CHEMBL2364154,PROTEIN COMPLEX,ENSG00000113302,IL12B,INHIBITOR,inhibit,unknown,unknown,0.9248409926037888,0,0.7398727940830311,0.7398727940830311,"{""gwas_credible_sets"": 0.9248409926037888}"
CHEMBL1201835,USTEKINUMAB,CHEMBL2364153,PROTEIN COMPLEX,ENSG00000168811,IL12A,INHIBITOR,inhibit,unknown,unknown,0,0.012559370464362438,0.002511874092872488,0.002511874092872488,"{""expression_atlas"": 0.012559370464362438}"
CHEMBL1201836,OFATUMUMAB,CHEMBL2058,SINGLE PROTEIN,ENSG00000156738,MS4A1,BINDING AGENT,unknown,unknown,unknown,0,0,0.0,0.0,{}
CHEMBL1201837,ECALLANTIDE,CHEMBL2000,SINGLE PROTEIN,ENSG00000164344,KLKB1,INHIBITOR,inhibit,unknown,unknown,0,0.07848067063000848,0.015696134126001696,0.015696134126001696,"{""expression_atlas"": 0.07848067063000848}"
CHEMBL1201863,DEXLANSOPRAZOLE,CHEMBL2095173,PROTEIN COMPLEX,ENSG00000105675,ATP4A,INHIBITOR,inhibit,unknown,unknown,0,0,0.0,0.0,{}
CHEMBL1201863,DEXLANSOPRAZOLE,CHEMBL2095173,PROTEIN COMPLEX,ENSG00000186009,ATP4B,INHIBITOR,inhibit,unknown,unknown,0,0,0.0,0.0,{}
CHEMBL1201891,DEFLAZACORT,CHEMBL2034,SINGLE PROTEIN,ENSG00000113580,NR3C1,AGONIST,activate,unknown,unknown,0,0,0.0,0.0,{}
CHEMBL1206690,PARECOXIB,CHEMBL230,SINGLE PROTEIN,ENSG00000073756,PTGS2,INHIBITOR,inhibit,unknown,unknown,0,0.400648993476229,0.08012979869524581,0.08012979869524581,"{""expression_atlas"": 0.400648993476229}"
CHEMBL1208646,THEOPHYLLINE GLYCINATE,CHEMBL2093863,PROTEIN FAMILY,ENSG00000065989,PDE4A,INHIBITOR,inhibit,unknown,unknown,0.23243057389068916,0,0.18594445911255134,0.18594445911255134,"{""gwas_credible_sets"": 0.23243057389068916}"
CHEMBL1208646,THEOPHYLLINE GLYCINATE,CHEMBL2093863,PROTEIN FAMILY,ENSG00000105650,PDE4C,INHIBITOR,inhibit,unknown,unknown,0,0,0.0,0.0,{}
CHEMBL1208646,THEOPHYLLINE GLYCINATE,CHEMBL2093863,PROTEIN FAMILY,ENSG00000113448,PDE4D,INHIBITOR,inhibit,unknown,unknown,0.03502364826196417,0.01635098289812564,0.03128911518919646,0.03128911518919646,"{""gwas_credible_sets"": 0.03502364826196417, ""expression_atlas"": 0.01635098289812564}"
CHEMBL1208646,THEOPHYLLINE GLYCINATE,CHEMBL2111329,PROTEIN FAMILY,ENSG00000128271,ADORA2A,ANTAGONIST,inhibit,unknown,unknown,0,0,0.0,0.0,{}
CHEMBL1208646,THEOPHYLLINE GLYCINATE,CHEMBL2111329,PROTEIN FAMILY,ENSG00000170425,ADORA2B,ANTAGONIST,inhibit,unknown,unknown,0,0.19327657512943838,0.03865531502588768,0.03865531502588768,"{""expression_atlas"": 0.19327657512943838}"
CHEMBL1208646,THEOPHYLLINE GLYCINATE,CHEMBL2093863,PROTEIN FAMILY,ENSG00000184588,PDE4B,INHIBITOR,inhibit,unknown,unknown,0,0.11705336896939017,0.023410673793878036,0.023410673793878036,"{""expression_atlas"": 0.11705336896939017}"
CHEMBL1208646,THEOPHYLLINE GLYCINATE,CHEMBL2111329,PROTEIN FAMILY,ENSG00000282608,ADORA3,ANTAGONIST,inhibit,unknown,unknown,0,0.01364113747894439,0.0027282274957888784,0.0027282274957888784,"{""expression_atlas"": 0.01364113747894439}"
CHEMBL1213252,CLORAZEPIC ACID,CHEMBL2093872,PROTEIN COMPLEX GROUP,ENSG00000094755,GABRP,POSITIVE ALLOSTERIC MODULATOR,activate,unknown,unknown,0,0.07106524621438697,0.014213049242877394,0.014213049242877394,"{""expression_atlas"": 0.07106524621438697}"
CHEMBL1213252,CLORAZEPIC ACID,CHEMBL2093872,PROTEIN COMPLEX GROUP,ENSG00000102287,GABRE,POSITIVE ALLOSTERIC MODULATOR,activate,unknown,unknown,0,0.01300725293757502,0.002601450587515004,0.002601450587515004,"{""expression_atlas"": 0.01300725293757502}"
CHEMBL1213252,CLORAZEPIC ACID,CHEMBL2093872,PROTEIN COMPLEX GROUP,ENSG00000109158,GABRA4,POSITIVE ALLOSTERIC MODULATOR,activate,unknown,unknown,0,0.040567960282186954,0.00811359205643739,0.00811359205643739,"{""expression_atlas"": 0.040567960282186954}"
CHEMBL1213252,CLORAZEPIC ACID,CHEMBL2093872,PROTEIN COMPLEX GROUP,ENSG00000145864,GABRB2,POSITIVE ALLOSTERIC MODULATOR,activate,unknown,unknown,0,0.014994345937037634,0.002998869187407527,0.002998869187407527,"{""expression_atlas"": 0.014994345937037634}"
CHEMBL1213252,CLORAZEPIC ACID,CHEMBL2093872,PROTEIN COMPLEX GROUP,ENSG00000151834,GABRA2,POSITIVE ALLOSTERIC MODULATOR,activate,unknown,unknown,0,0.0646883705632426,0.01293767411264852,0.01293767411264852,"{""expression_atlas"": 0.0646883705632426}"
CHEMBL1213252,CLORAZEPIC ACID,CHEMBL2093872,PROTEIN COMPLEX GROUP,ENSG00000163285,GABRG1,POSITIVE ALLOSTERIC MODULATOR,activate,unknown,unknown,0,0.06503253540618377,0.013006507081236754,0.013006507081236754,"{""expression_atlas"": 0.06503253540618377}"
CHEMBL1213252,CLORAZEPIC ACID,CHEMBL2093872,PROTEIN COMPLEX GROUP,ENSG00000186297,GABRA5,POSITIVE ALLOSTERIC MODULATOR,activate,unknown,unknown,0,0.04015022406741467,0.008030044813482934,0.008030044813482934,"{""expression_atlas"": 0.04015022406741467}"
CHEMBL1213492,GIVINOSTAT,CHEMBL2093865,PROTEIN FAMILY,ENSG00000048052,HDAC9,INHIBITOR,inhibit,unknown,unknown,0,0,0.0,0.0,{}
CHEMBL1213492,GIVINOSTAT,CHEMBL2093865,PROTEIN FAMILY,ENSG00000061273,HDAC7,INHIBITOR,inhibit,unknown,unknown,0.4839866926943743,0,0.38718935415549943,0.38718935415549943,"{""gwas_credible_sets"": 0.4839866926943743}"
CHEMBL1213492,GIVINOSTAT,CHEMBL2093865,PROTEIN FAMILY,ENSG00000068024,HDAC4,INHIBITOR,inhibit,unknown,unknown,0,0,0.0,0.0,{}
CHEMBL1213492,GIVINOSTAT,CHEMBL2093865,PROTEIN FAMILY,ENSG00000094631,HDAC6,INHIBITOR,inhibit,unknown,unknown,0,0,0.0,0.0,{}
CHEMBL1213492,GIVINOSTAT,CHEMBL2093865,PROTEIN FAMILY,ENSG00000100429,HDAC10,INHIBITOR,inhibit,unknown,unknown,0,0,0.0,0.0,{}
CHEMBL1213492,GIVINOSTAT,CHEMBL2093865,PROTEIN FAMILY,ENSG00000108840,HDAC5,INHIBITOR,inhibit,unknown,unknown,0,0,0.0,0.0,{}
CHEMBL1213492,GIVINOSTAT,CHEMBL2093865,PROTEIN FAMILY,ENSG00000116478,HDAC1,INHIBITOR,inhibit,unknown,unknown,0,0,0.0,0.0,{}
CHEMBL1213492,GIVINOSTAT,CHEMBL2093865,PROTEIN FAMILY,ENSG00000147099,HDAC8,INHIBITOR,inhibit,unknown,unknown,0,0,0.0,0.0,{}
CHEMBL1213492,GIVINOSTAT,CHEMBL2093865,PROTEIN FAMILY,ENSG00000163517,HDAC11,INHIBITOR,inhibit,unknown,unknown,0,0,0.0,0.0,{}
CHEMBL1213492,GIVINOSTAT,CHEMBL2093865,PROTEIN FAMILY,ENSG00000171720,HDAC3,INHIBITOR,inhibit,unknown,unknown,0,0,0.0,0.0,{}
CHEMBL1213492,GIVINOSTAT,CHEMBL2093865,PROTEIN FAMILY,ENSG00000196591,HDAC2,INHIBITOR,inhibit,unknown,unknown,0,0,0.0,0.0,{}
CHEMBL1214124,PERAMPANEL,CHEMBL2096670,PROTEIN COMPLEX GROUP,ENSG00000120251,GRIA2,ANTAGONIST,inhibit,unknown,unknown,0,0.06207856186040334,0.012415712372080669,0.012415712372080669,"{""expression_atlas"": 0.06207856186040334}"
CHEMBL1214124,PERAMPANEL,CHEMBL2096670,PROTEIN COMPLEX GROUP,ENSG00000152578,GRIA4,ANTAGONIST,inhibit,unknown,unknown,0,0.14894304541484715,0.02978860908296943,0.02978860908296943,"{""expression_atlas"": 0.14894304541484715}"
CHEMBL1214124,PERAMPANEL,CHEMBL2096670,PROTEIN COMPLEX GROUP,ENSG00000155511,GRIA1,ANTAGONIST,inhibit,unknown,unknown,0,0.044716921267472974,0.008943384253494596,0.008943384253494596,"{""expression_atlas"": 0.044716921267472974}"
CHEMBL1215,PHENYLEPHRINE,CHEMBL2094251,PROTEIN FAMILY,ENSG00000170214,ADRA1B,AGONIST,activate,unknown,unknown,0,0.09759134661327273,0.019518269322654547,0.019518269322654547,"{""expression_atlas"": 0.09759134661327273}"
CHEMBL1215,PHENYLEPHRINE,CHEMBL2094251,PROTEIN FAMILY,ENSG00000171873,ADRA1D,AGONIST,activate,unknown,unknown,0,0.025814812794334265,0.005162962558866853,0.005162962558866853,"{""expression_atlas"": 0.025814812794334265}"
CHEMBL1218,RAMELTEON,CHEMBL2094268,PROTEIN FAMILY,ENSG00000168412,MTNR1A,AGONIST,activate,unknown,unknown,0,0.03278226895675638,0.0065564537913512765,0.0065564537913512765,"{""expression_atlas"": 0.03278226895675638}"
CHEMBL1219,RABEPRAZOLE,CHEMBL2095173,PROTEIN COMPLEX,ENSG00000105675,ATP4A,INHIBITOR,inhibit,unknown,unknown,0,0,0.0,0.0,{}
CHEMBL1219,RABEPRAZOLE,CHEMBL2095173,PROTEIN COMPLEX,ENSG00000186009,ATP4B,INHIBITOR,inhibit,unknown,unknown,0,0,0.0,0.0,{}
CHEMBL1224,ACRIVASTINE,CHEMBL231,SINGLE PROTEIN,ENSG00000196639,HRH1,ANTAGONIST,inhibit,unknown,unknown,0,0,0.0,0.0,{}
CHEMBL1229517,VEMURAFENIB,CHEMBL5145,SINGLE PROTEIN,ENSG00000157764,BRAF,INHIBITOR,inhibit,unknown,unknown,0,0,0.0,0.0,{}
CHEMBL1230314,ESTETROL ANHYDROUS,CHEMBL2093866,PROTEIN FAMILY,ENSG00000091831,ESR1,AGONIST,activate,unknown,unknown,0,0.013323775689022817,0.0026647551378045638,0.0026647551378045638,"{""expression_atlas"": 0.013323775689022817}"
CHEMBL1230314,ESTETROL ANHYDROUS,CHEMBL2093866,PROTEIN FAMILY,ENSG00000140009,ESR2,AGONIST,activate,unknown,unknown,0,0,0.0,0.0,{}
CHEMBL1231,OXYBUTYNIN,CHEMBL245,SINGLE PROTEIN,ENSG00000133019,CHRM3,ANTAGONIST,inhibit,unknown,unknown,0,0.04444900036943321,0.008889800073886641,0.008889800073886641,"{""expression_atlas"": 0.04444900036943321}"
CHEMBL1231,OXYBUTYNIN,CHEMBL211,SINGLE PROTEIN,ENSG00000181072,CHRM2,ANTAGONIST,inhibit,unknown,unknown,0,0.015360851261897956,0.0030721702523795916,0.0030721702523795916,"{""expression_atlas"": 0.015360851261897956}"
CHEMBL1237,LISINOPRIL ANHYDROUS,CHEMBL1808,SINGLE PROTEIN,ENSG00000159640,ACE,INHIBITOR,inhibit,unknown,unknown,0,0.23801930305604319,0.04760386061120864,0.04760386061120864,"{""expression_atlas"": 0.23801930305604319}"
CHEMBL1237021,LURASIDONE,CHEMBL217,SINGLE PROTEIN,ENSG00000149295,DRD2,ANTAGONIST,inhibit,unknown,unknown,0,0,0.0,0.0,{}
CHEMBL1237022,TOCILIZUMAB,CHEMBL2364155,SINGLE PROTEIN,ENSG00000160712,IL6R,INHIBITOR,inhibit,unknown,unknown,0.6001553841847747,0,0.48012430734781975,0.48012430734781975,"{""gwas_credible_sets"": 0.6001553841847747}"
CHEMBL1237023,DENOSUMAB,CHEMBL2364162,SINGLE PROTEIN,ENSG00000120659,TNFSF11,INHIBITOR,inhibit,unknown,unknown,0.6013371868747266,0,0.4810697494997813,0.4810697494997813,"{""gwas_credible_sets"": 0.6013371868747266}"
CHEMBL1237024,SIPULEUCEL-T,CHEMBL2633,SINGLE PROTEIN,ENSG00000014257,ACP3,BINDING AGENT,unknown,unknown,unknown,0,0.0758218107263589,0.01516436214527178,0.01516436214527178,"{""expression_atlas"": 0.0758218107263589}"
CHEMBL1237044,TRAMADOL,CHEMBL233,SINGLE PROTEIN,ENSG00000112038,OPRM1,AGONIST,activate,unknown,unknown,0,0,0.0,0.0,{}
CHEMBL1237119,TREPROSTINIL,CHEMBL1995,SINGLE PROTEIN,ENSG00000160013,PTGIR,AGONIST,activate,unknown,unknown,0,0.009052169950968112,0.0018104339901936226,0.0018104339901936226,"{""expression_atlas"": 0.009052169950968112}"
CHEMBL1237123,DOXACURIUM,CHEMBL2362997,PROTEIN COMPLEX GROUP,ENSG00000138435,CHRNA1,ANTAGONIST,inhibit,unknown,unknown,0,0.09508718100227412,0.019017436200454825,0.019017436200454825,"{""expression_atlas"": 0.09508718100227412}"
CHEMBL1237132,CLEVIDIPINE,CHEMBL2095229,PROTEIN FAMILY,ENSG00000151067,CACNA1C,BLOCKER,inhibit,unknown,unknown,0,0.011880973060645644,0.002376194612129129,0.002376194612129129,"{""expression_atlas"": 0.011880973060645644}"
CHEMBL1241,TRIPELENNAMINE,CHEMBL231,SINGLE PROTEIN,ENSG00000196639,HRH1,ANTAGONIST,inhibit,unknown,unknown,0,0,0.0,0.0,{}
CHEMBL1242,PHENAZOPYRIDINE,CHEMBL2331043,PROTEIN FAMILY,ENSG00000007314,SCN4A,BLOCKER,inhibit,unknown,unknown,0,0.01623682440230527,0.003247364880461054,0.003247364880461054,"{""expression_atlas"": 0.01623682440230527}"
CHEMBL1242,PHENAZOPYRIDINE,CHEMBL2331043,PROTEIN FAMILY,ENSG00000136546,SCN7A,BLOCKER,inhibit,unknown,unknown,0,0.01258407039414361,0.0025168140788287222,0.0025168140788287222,"{""expression_atlas"": 0.01258407039414361}"
CHEMBL1242,PHENAZOPYRIDINE,CHEMBL2331043,PROTEIN FAMILY,ENSG00000144285,SCN1A,BLOCKER,inhibit,unknown,unknown,0,0,0.0,0.0,{}
CHEMBL1242,PHENAZOPYRIDINE,CHEMBL2331043,PROTEIN FAMILY,ENSG00000169432,SCN9A,BLOCKER,inhibit,unknown,unknown,0,0,0.0,0.0,{}
CHEMBL1242,PHENAZOPYRIDINE,CHEMBL2331043,PROTEIN FAMILY,ENSG00000183873,SCN5A,BLOCKER,inhibit,unknown,unknown,0,0,0.0,0.0,{}
CHEMBL1242,PHENAZOPYRIDINE,CHEMBL2331043,PROTEIN FAMILY,ENSG00000185313,SCN10A,BLOCKER,inhibit,unknown,unknown,0,0,0.0,0.0,{}
CHEMBL1254682,LEVALLORPHAN,CHEMBL237,SINGLE PROTEIN,ENSG00000082556,OPRK1,PARTIAL AGONIST,activate,unknown,unknown,0,0,0.0,0.0,{}
CHEMBL1254682,LEVALLORPHAN,CHEMBL233,SINGLE PROTEIN,ENSG00000112038,OPRM1,ANTAGONIST,inhibit,unknown,unknown,0,0,0.0,0.0,{}
CHEMBL1256,ISOFLURANE,CHEMBL2093872,PROTEIN COMPLEX GROUP,ENSG00000094755,GABRP,POSITIVE ALLOSTERIC MODULATOR,activate,unknown,unknown,0,0.07106524621438697,0.014213049242877394,0.014213049242877394,"{""expression_atlas"": 0.07106524621438697}"
CHEMBL1256,ISOFLURANE,CHEMBL2093872,PROTEIN COMPLEX GROUP,ENSG00000102287,GABRE,POSITIVE ALLOSTERIC MODULATOR,activate,unknown,unknown,0,0.01300725293757502,0.002601450587515004,0.002601450587515004,"{""expression_atlas"": 0.01300725293757502}"
CHEMBL1256,ISOFLURANE,CHEMBL2093872,PROTEIN COMPLEX GROUP,ENSG00000109158,GABRA4,POSITIVE ALLOSTERIC MODULATOR,activate,unknown,unknown,0,0.040567960282186954,0.00811359205643739,0.00811359205643739,"{""expression_atlas"": 0.040567960282186954}"
CHEMBL1256,ISOFLURANE,CHEMBL2363052,PROTEIN COMPLEX,ENSG00000109738,GLRB,POSITIVE MODULATOR,unknown,unknown,unknown,0,0.014527619390192446,0.0029055238780384893,0.0029055238780384893,"{""expression_atlas"": 0.014527619390192446}"
CHEMBL1256,ISOFLURANE,CHEMBL2093872,PROTEIN COMPLEX GROUP,ENSG00000145864,GABRB2,POSITIVE ALLOSTERIC MODULATOR,activate,unknown,unknown,0,0.014994345937037634,0.002998869187407527,0.002998869187407527,"{""expression_atlas"": 0.014994345937037634}"
CHEMBL1256,ISOFLURANE,CHEMBL2093872,PROTEIN COMPLEX GROUP,ENSG00000151834,GABRA2,POSITIVE ALLOSTERIC MODULATOR,activate,unknown,unknown,0,0.0646883705632426,0.01293767411264852,0.01293767411264852,"{""expression_atlas"": 0.0646883705632426}"
CHEMBL1256,ISOFLURANE,CHEMBL2093872,PROTEIN COMPLEX GROUP,ENSG00000163285,GABRG1,POSITIVE ALLOSTERIC MODULATOR,activate,unknown,unknown,0,0.06503253540618377,0.013006507081236754,0.013006507081236754,"{""expression_atlas"": 0.06503253540618377}"
CHEMBL1256,ISOFLURANE,CHEMBL2321614,SINGLE PROTEIN,ENSG00000169427,KCNK9,OPENER,unknown,unknown,unknown,0,0.04743036485608277,0.009486072971216555,0.009486072971216555,"{""expression_atlas"": 0.04743036485608277}"
CHEMBL1256,ISOFLURANE,CHEMBL2093872,PROTEIN COMPLEX GROUP,ENSG00000186297,GABRA5,POSITIVE ALLOSTERIC MODULATOR,activate,unknown,unknown,0,0.04015022406741467,0.008030044813482934,0.008030044813482934,"{""expression_atlas"": 0.04015022406741467}"
CHEMBL1256786,FORMOTEROL,CHEMBL210,SINGLE PROTEIN,ENSG00000169252,ADRB2,AGONIST,activate,unknown,unknown,0,0,0.0,0.0,{}
CHEMBL1257,ENFLURANE,CHEMBL2093872,PROTEIN COMPLEX GROUP,ENSG00000094755,GABRP,POSITIVE MODULATOR,unknown,unknown,unknown,0,0.07106524621438697,0.014213049242877394,0.014213049242877394,"{""expression_atlas"": 0.07106524621438697}"
CHEMBL1257,ENFLURANE,CHEMBL2093872,PROTEIN COMPLEX GROUP,ENSG00000102287,GABRE,POSITIVE MODULATOR,unknown,unknown,unknown,0,0.01300725293757502,0.002601450587515004,0.002601450587515004,"{""expression_atlas"": 0.01300725293757502}"
CHEMBL1257,ENFLURANE,CHEMBL2093872,PROTEIN COMPLEX GROUP,ENSG00000109158,GABRA4,POSITIVE MODULATOR,unknown,unknown,unknown,0,0.040567960282186954,0.00811359205643739,0.00811359205643739,"{""expression_atlas"": 0.040567960282186954}"
CHEMBL1257,ENFLURANE,CHEMBL2363052,PROTEIN COMPLEX,ENSG00000109738,GLRB,POSITIVE MODULATOR,unknown,unknown,unknown,0,0.014527619390192446,0.0029055238780384893,0.0029055238780384893,"{""expression_atlas"": 0.014527619390192446}"
CHEMBL1257,ENFLURANE,CHEMBL2093872,PROTEIN COMPLEX GROUP,ENSG00000145864,GABRB2,POSITIVE MODULATOR,unknown,unknown,unknown,0,0.014994345937037634,0.002998869187407527,0.002998869187407527,"{""expression_atlas"": 0.014994345937037634}"
CHEMBL1257,ENFLURANE,CHEMBL2093872,PROTEIN COMPLEX GROUP,ENSG00000151834,GABRA2,POSITIVE MODULATOR,unknown,unknown,unknown,0,0.0646883705632426,0.01293767411264852,0.01293767411264852,"{""expression_atlas"": 0.0646883705632426}"
CHEMBL1257,ENFLURANE,CHEMBL2093872,PROTEIN COMPLEX GROUP,ENSG00000163285,GABRG1,POSITIVE MODULATOR,unknown,unknown,unknown,0,0.06503253540618377,0.013006507081236754,0.013006507081236754,"{""expression_atlas"": 0.06503253540618377}"
CHEMBL1257,ENFLURANE,CHEMBL2321614,SINGLE PROTEIN,ENSG00000169427,KCNK9,OPENER,unknown,unknown,unknown,0,0.04743036485608277,0.009486072971216555,0.009486072971216555,"{""expression_atlas"": 0.04743036485608277}"
CHEMBL1257,ENFLURANE,CHEMBL2093872,PROTEIN COMPLEX GROUP,ENSG00000186297,GABRA5,POSITIVE MODULATOR,unknown,unknown,unknown,0,0.04015022406741467,0.008030044813482934,0.008030044813482934,"{""expression_atlas"": 0.04015022406741467}"
CHEMBL1257015,PICOTAMIDE,CHEMBL1835,SINGLE PROTEIN,ENSG00000059377,TBXAS1,INHIBITOR,inhibit,unknown,unknown,0,0.026185251851190673,0.005237050370238135,0.005237050370238135,"{""expression_atlas"": 0.026185251851190673}"
CHEMBL1259,METOCURINE,CHEMBL2362997,PROTEIN COMPLEX GROUP,ENSG00000138435,CHRNA1,ANTAGONIST,inhibit,unknown,unknown,0,0.09508718100227412,0.019017436200454825,0.019017436200454825,"{""expression_atlas"": 0.09508718100227412}"
CHEMBL12610,BENZYDAMINE,CHEMBL2094253,PROTEIN FAMILY,ENSG00000073756,PTGS2,INHIBITOR,inhibit,unknown,unknown,0,0.400648993476229,0.08012979869524581,0.08012979869524581,"{""expression_atlas"": 0.400648993476229}"
CHEMBL12610,BENZYDAMINE,CHEMBL2094253,PROTEIN FAMILY,ENSG00000095303,PTGS1,INHIBITOR,inhibit,unknown,unknown,0,0,0.0,0.0,{}
CHEMBL1263,SALMETEROL,CHEMBL210,SINGLE PROTEIN,ENSG00000169252,ADRB2,AGONIST,activate,unknown,unknown,0,0,0.0,0.0,{}
CHEMBL1265,ADAPALENE,CHEMBL2363069,PROTEIN FAMILY,ENSG00000077092,RARB,AGONIST,activate,unknown,unknown,0,0,0.0,0.0,{}
CHEMBL1265,ADAPALENE,CHEMBL2363069,PROTEIN FAMILY,ENSG00000131759,RARA,AGONIST,activate,unknown,unknown,0,0,0.0,0.0,{}
CHEMBL1266,TETRAHYDROZOLINE,CHEMBL2095203,PROTEIN FAMILY,ENSG00000150594,ADRA2A,AGONIST,activate,unknown,unknown,0.21032116470427323,0,0.1682569317634186,0.1682569317634186,"{""gwas_credible_sets"": 0.21032116470427323}"
CHEMBL1266,TETRAHYDROZOLINE,CHEMBL2095203,PROTEIN FAMILY,ENSG00000170214,ADRA1B,AGONIST,activate,unknown,unknown,0,0.09759134661327273,0.019518269322654547,0.019518269322654547,"{""expression_atlas"": 0.09759134661327273}"
CHEMBL1266,TETRAHYDROZOLINE,CHEMBL2095203,PROTEIN FAMILY,ENSG00000171873,ADRA1D,AGONIST,activate,unknown,unknown,0,0.025814812794334265,0.005162962558866853,0.005162962558866853,"{""expression_atlas"": 0.025814812794334265}"
CHEMBL1266,TETRAHYDROZOLINE,CHEMBL2095203,PROTEIN FAMILY,ENSG00000184160,ADRA2C,AGONIST,activate,unknown,unknown,0,0.010920894429482362,0.0021841788858964722,0.0021841788858964722,"{""expression_atlas"": 0.010920894429482362}"
CHEMBL1269025,EDOXABAN,CHEMBL244,SINGLE PROTEIN,ENSG00000126218,F10,INHIBITOR,inhibit,unknown,unknown,0,0,0.0,0.0,{}
CHEMBL1271,PENTOLINIUM,CHEMBL1907594,PROTEIN COMPLEX,ENSG00000080644,CHRNA3,ANTAGONIST,inhibit,unknown,unknown,0,0.03474557524047131,0.006949115048094263,0.006949115048094263,"{""expression_atlas"": 0.03474557524047131}"
CHEMBL1274,NILUTAMIDE,CHEMBL1871,SINGLE PROTEIN,ENSG00000169083,AR,ANTAGONIST,inhibit,unknown,unknown,0,0,0.0,0.0,{}
CHEMBL1276308,MIFEPRISTONE,CHEMBL208,SINGLE PROTEIN,ENSG00000082175,PGR,ANTAGONIST,inhibit,unknown,unknown,0,0.01501474225374393,0.003002948450748786,0.003002948450748786,"{""expression_atlas"": 0.01501474225374393}"
CHEMBL1276308,MIFEPRISTONE,CHEMBL2034,SINGLE PROTEIN,ENSG00000113580,NR3C1,ANTAGONIST,inhibit,unknown,unknown,0,0,0.0,0.0,{}
CHEMBL1278,NARATRIPTAN,CHEMBL1898,SINGLE PROTEIN,ENSG00000135312,HTR1B,AGONIST,activate,unknown,unknown,0,0.0715539711095912,0.014310794221918242,0.014310794221918242,"{""expression_atlas"": 0.0715539711095912}"
CHEMBL1278,NARATRIPTAN,CHEMBL1983,SINGLE PROTEIN,ENSG00000179546,HTR1D,AGONIST,activate,unknown,unknown,0,0.27833393839812215,0.055666787679624435,0.055666787679624435,"{""expression_atlas"": 0.27833393839812215}"
CHEMBL1279,FROVATRIPTAN,CHEMBL1898,SINGLE PROTEIN,ENSG00000135312,HTR1B,AGONIST,activate,unknown,unknown,0,0.0715539711095912,0.014310794221918242,0.014310794221918242,"{""expression_atlas"": 0.0715539711095912}"
CHEMBL1279,FROVATRIPTAN,CHEMBL1983,SINGLE PROTEIN,ENSG00000179546,HTR1D,AGONIST,activate,unknown,unknown,0,0.27833393839812215,0.055666787679624435,0.055666787679624435,"{""expression_atlas"": 0.27833393839812215}"
CHEMBL128,SUMATRIPTAN,CHEMBL1898,SINGLE PROTEIN,ENSG00000135312,HTR1B,AGONIST,activate,unknown,unknown,0,0.0715539711095912,0.014310794221918242,0.014310794221918242,"{""expression_atlas"": 0.0715539711095912}"
CHEMBL128,SUMATRIPTAN,CHEMBL1983,SINGLE PROTEIN,ENSG00000179546,HTR1D,AGONIST,activate,unknown,unknown,0,0.27833393839812215,0.055666787679624435,0.055666787679624435,"{""expression_atlas"": 0.27833393839812215}"
CHEMBL1282,IMIQUIMOD,CHEMBL5936,SINGLE PROTEIN,ENSG00000196664,TLR7,AGONIST,activate,unknown,unknown,0,0,0.0,0.0,{}
CHEMBL1286,LEVETIRACETAM,CHEMBL4478,SINGLE PROTEIN,ENSG00000148408,CACNA1B,BLOCKER,inhibit,unknown,unknown,0,0,0.0,0.0,{}
CHEMBL1287853,FEDRATINIB,CHEMBL2971,SINGLE PROTEIN,ENSG00000096968,JAK2,INHIBITOR,inhibit,unknown,unknown,0.8162692203864558,0,0.6530153763091646,0.6530153763091646,"{""gwas_credible_sets"": 0.8162692203864558}"
CHEMBL1289494,TIVOZANIB,CHEMBL2095227,PROTEIN FAMILY,ENSG00000102755,FLT1,INHIBITOR,inhibit,unknown,unknown,0,0.03355574308318303,0.0067111486166366065,0.0067111486166366065,"{""expression_atlas"": 0.03355574308318303}"
CHEMBL1289494,TIVOZANIB,CHEMBL1913,SINGLE PROTEIN,ENSG00000113721,PDGFRB,INHIBITOR,inhibit,unknown,unknown,0,0.03892155883564756,0.007784311767129512,0.007784311767129512,"{""expression_atlas"": 0.03892155883564756}"
CHEMBL1289494,TIVOZANIB,CHEMBL2095227,PROTEIN FAMILY,ENSG00000128052,KDR,INHIBITOR,inhibit,unknown,unknown,0,0.03594573209302677,0.007189146418605354,0.007189146418605354,"{""expression_atlas"": 0.03594573209302677}"
CHEMBL1289494,TIVOZANIB,CHEMBL1936,SINGLE PROTEIN,ENSG00000157404,KIT,INHIBITOR,inhibit,unknown,unknown,0,0,0.0,0.0,{}
CHEMBL1289601,LENVATINIB,CHEMBL2095227,PROTEIN FAMILY,ENSG00000102755,FLT1,INHIBITOR,inhibit,unknown,unknown,0,0.03355574308318303,0.0067111486166366065,0.0067111486166366065,"{""expression_atlas"": 0.03355574308318303}"
CHEMBL1289601,LENVATINIB,CHEMBL2095227,PROTEIN FAMILY,ENSG00000128052,KDR,INHIBITOR,inhibit,unknown,unknown,0,0.03594573209302677,0.007189146418605354,0.007189146418605354,"{""expression_atlas"": 0.03594573209302677}"
CHEMBL1289926,AXITINIB,CHEMBL2095227,PROTEIN FAMILY,ENSG00000102755,FLT1,INHIBITOR,inhibit,unknown,unknown,0,0.03355574308318303,0.0067111486166366065,0.0067111486166366065,"{""expression_atlas"": 0.03355574308318303}"
CHEMBL1289926,AXITINIB,CHEMBL2095227,PROTEIN FAMILY,ENSG00000128052,KDR,INHIBITOR,inhibit,unknown,unknown,0,0.03594573209302677,0.007189146418605354,0.007189146418605354,"{""expression_atlas"": 0.03594573209302677}"
CHEMBL1290,PENBUTOLOL,CHEMBL213,SINGLE PROTEIN,ENSG00000043591,ADRB1,ANTAGONIST,inhibit,unknown,unknown,0,0.11496556182539755,0.02299311236507951,0.02299311236507951,"{""expression_atlas"": 0.11496556182539755}"
CHEMBL1290,PENBUTOLOL,CHEMBL210,SINGLE PROTEIN,ENSG00000169252,ADRB2,ANTAGONIST,inhibit,unknown,unknown,0,0,0.0,0.0,{}
CHEMBL1294,QUINIDINE,CHEMBL2331043,PROTEIN FAMILY,ENSG00000007314,SCN4A,BLOCKER,inhibit,unknown,unknown,0,0.01623682440230527,0.003247364880461054,0.003247364880461054,"{""expression_atlas"": 0.01623682440230527}"
CHEMBL1294,QUINIDINE,CHEMBL2331043,PROTEIN FAMILY,ENSG00000136546,SCN7A,BLOCKER,inhibit,unknown,unknown,0,0.01258407039414361,0.0025168140788287222,0.0025168140788287222,"{""expression_atlas"": 0.01258407039414361}"
CHEMBL1294,QUINIDINE,CHEMBL2331043,PROTEIN FAMILY,ENSG00000144285,SCN1A,BLOCKER,inhibit,unknown,unknown,0,0,0.0,0.0,{}
CHEMBL1294,QUINIDINE,CHEMBL2331043,PROTEIN FAMILY,ENSG00000169432,SCN9A,BLOCKER,inhibit,unknown,unknown,0,0,0.0,0.0,{}
CHEMBL1294,QUINIDINE,CHEMBL2331043,PROTEIN FAMILY,ENSG00000183873,SCN5A,BLOCKER,inhibit,unknown,unknown,0,0,0.0,0.0,{}
CHEMBL1294,QUINIDINE,CHEMBL2331043,PROTEIN FAMILY,ENSG00000185313,SCN10A,BLOCKER,inhibit,unknown,unknown,0,0,0.0,0.0,{}
CHEMBL1297,FENOPROFEN,CHEMBL2094253,PROTEIN FAMILY,ENSG00000073756,PTGS2,INHIBITOR,inhibit,unknown,unknown,0,0.400648993476229,0.08012979869524581,0.08012979869524581,"{""expression_atlas"": 0.400648993476229}"
CHEMBL1297,FENOPROFEN,CHEMBL2094253,PROTEIN FAMILY,ENSG00000095303,PTGS1,INHIBITOR,inhibit,unknown,unknown,0,0,0.0,0.0,{}
CHEMBL13,METOPROLOL,CHEMBL213,SINGLE PROTEIN,ENSG00000043591,ADRB1,ANTAGONIST,inhibit,unknown,unknown,0,0.11496556182539755,0.02299311236507951,0.02299311236507951,"{""expression_atlas"": 0.11496556182539755}"
CHEMBL1303,ROTIGOTINE,CHEMBL2331075,PROTEIN FAMILY,ENSG00000149295,DRD2,AGONIST,activate,unknown,unknown,0,0,0.0,0.0,{}
CHEMBL1305,ANTAZOLINE,CHEMBL231,SINGLE PROTEIN,ENSG00000196639,HRH1,ANTAGONIST,inhibit,unknown,unknown,0,0,0.0,0.0,{}
CHEMBL1308,FOMEPIZOLE,CHEMBL2363044,PROTEIN COMPLEX GROUP,ENSG00000187758,ADH1A,INHIBITOR,inhibit,unknown,unknown,0,0.022179689713714527,0.0044359379427429055,0.0044359379427429055,"{""expression_atlas"": 0.022179689713714527}"
CHEMBL1308,FOMEPIZOLE,CHEMBL2363044,PROTEIN COMPLEX GROUP,ENSG00000248144,ADH1C,INHIBITOR,inhibit,unknown,unknown,0,0.058139674719215675,0.011627934943843135,0.011627934943843135,"{""expression_atlas"": 0.058139674719215675}"
CHEMBL131,PREDNISOLONE,CHEMBL2034,SINGLE PROTEIN,ENSG00000113580,NR3C1,AGONIST,activate,unknown,unknown,0,0,0.0,0.0,{}
CHEMBL1311,ISOSORBIDE MONONITRATE,CHEMBL2111348,PROTEIN COMPLEX GROUP,ENSG00000061918,GUCY1B1,ACTIVATOR,activate,unknown,unknown,0,0.02378710715980335,0.00475742143196067,0.00475742143196067,"{""expression_atlas"": 0.02378710715980335}"
CHEMBL1311,ISOSORBIDE MONONITRATE,CHEMBL2111348,PROTEIN COMPLEX GROUP,ENSG00000164116,GUCY1A1,ACTIVATOR,activate,unknown,unknown,0,0.026830306920734504,0.005366061384146901,0.005366061384146901,"{""expression_atlas"": 0.026830306920734504}"
CHEMBL1316,CARPROFEN,CHEMBL230,SINGLE PROTEIN,ENSG00000073756,PTGS2,INHIBITOR,inhibit,unknown,unknown,0,0.400648993476229,0.08012979869524581,0.08012979869524581,"{""expression_atlas"": 0.400648993476229}"
CHEMBL1336,SORAFENIB,CHEMBL2095227,PROTEIN FAMILY,ENSG00000102755,FLT1,INHIBITOR,inhibit,unknown,unknown,0,0.03355574308318303,0.0067111486166366065,0.0067111486166366065,"{""expression_atlas"": 0.03355574308318303}"
CHEMBL1336,SORAFENIB,CHEMBL1913,SINGLE PROTEIN,ENSG00000113721,PDGFRB,INHIBITOR,inhibit,unknown,unknown,0,0.03892155883564756,0.007784311767129512,0.007784311767129512,"{""expression_atlas"": 0.03892155883564756}"
CHEMBL1336,SORAFENIB,CHEMBL2095227,PROTEIN FAMILY,ENSG00000128052,KDR,INHIBITOR,inhibit,unknown,unknown,0,0.03594573209302677,0.007189146418605354,0.007189146418605354,"{""expression_atlas"": 0.03594573209302677}"
CHEMBL1336,SORAFENIB,CHEMBL1906,SINGLE PROTEIN,ENSG00000132155,RAF1,INHIBITOR,inhibit,unknown,unknown,0,0,0.0,0.0,{}
CHEMBL1336,SORAFENIB,CHEMBL1936,SINGLE PROTEIN,ENSG00000157404,KIT,INHIBITOR,inhibit,unknown,unknown,0,0,0.0,0.0,{}
CHEMBL1336,SORAFENIB,CHEMBL5145,SINGLE PROTEIN,ENSG00000157764,BRAF,INHIBITOR,inhibit,unknown,unknown,0,0,0.0,0.0,{}
CHEMBL134,CLONIDINE,CHEMBL2095158,PROTEIN FAMILY,ENSG00000150594,ADRA2A,AGONIST,activate,unknown,unknown,0.21032116470427323,0,0.1682569317634186,0.1682569317634186,"{""gwas_credible_sets"": 0.21032116470427323}"
CHEMBL134,CLONIDINE,CHEMBL2095158,PROTEIN FAMILY,ENSG00000184160,ADRA2C,AGONIST,activate,unknown,unknown,0,0.010920894429482362,0.0021841788858964722,0.0021841788858964722,"{""expression_atlas"": 0.010920894429482362}"
CHEMBL1346,DARIFENACIN,CHEMBL245,SINGLE PROTEIN,ENSG00000133019,CHRM3,ANTAGONIST,inhibit,unknown,unknown,0,0.04444900036943321,0.008889800073886641,0.008889800073886641,"{""expression_atlas"": 0.04444900036943321}"
CHEMBL1346,DARIFENACIN,CHEMBL211,SINGLE PROTEIN,ENSG00000181072,CHRM2,ANTAGONIST,inhibit,unknown,unknown,0,0.015360851261897956,0.0030721702523795916,0.0030721702523795916,"{""expression_atlas"": 0.015360851261897956}"
CHEMBL135,ESTRADIOL,CHEMBL206,SINGLE PROTEIN,ENSG00000091831,ESR1,AGONIST,activate,unknown,unknown,0,0.013323775689022817,0.0026647551378045638,0.0026647551378045638,"{""expression_atlas"": 0.013323775689022817}"
CHEMBL1358,FULVESTRANT,CHEMBL206,SINGLE PROTEIN,ENSG00000091831,ESR1,ANTAGONIST,inhibit,unknown,unknown,0,0.013323775689022817,0.0026647551378045638,0.0026647551378045638,"{""expression_atlas"": 0.013323775689022817}"
CHEMBL1358,FULVESTRANT,CHEMBL206,SINGLE PROTEIN,ENSG00000091831,ESR1,DEGRADER,unknown,unknown,unknown,0,0.013323775689022817,0.0026647551378045638,0.0026647551378045638,"{""expression_atlas"": 0.013323775689022817}"
CHEMBL1360,ATRACURIUM,CHEMBL2362997,PROTEIN COMPLEX GROUP,ENSG00000138435,CHRNA1,ANTAGONIST,inhibit,unknown,unknown,0,0.09508718100227412,0.019017436200454825,0.019017436200454825,"{""expression_atlas"": 0.09508718100227412}"
CHEMBL1363,ARFORMOTEROL,CHEMBL210,SINGLE PROTEIN,ENSG00000169252,ADRB2,AGONIST,activate,unknown,unknown,0,0,0.0,0.0,{}
CHEMBL1364144,METHYLPREDNISOLONE ACETATE,CHEMBL2034,SINGLE PROTEIN,ENSG00000113580,NR3C1,AGONIST,activate,unknown,unknown,0,0,0.0,0.0,{}
CHEMBL1370,BUDESONIDE,CHEMBL2034,SINGLE PROTEIN,ENSG00000113580,NR3C1,AGONIST,activate,unknown,unknown,0,0,0.0,0.0,{}
CHEMBL1371,CHLORZOXAZONE,CHEMBL4305,SINGLE PROTEIN,ENSG00000104783,KCNN4,OPENER,unknown,unknown,unknown,0,0,0.0,0.0,{}
CHEMBL1373,MODAFINIL,CHEMBL238,SINGLE PROTEIN,ENSG00000142319,SLC6A3,INHIBITOR,inhibit,unknown,unknown,0,0,0.0,0.0,{}
CHEMBL1378,THIETHYLPERAZINE,CHEMBL217,SINGLE PROTEIN,ENSG00000149295,DRD2,ANTAGONIST,inhibit,unknown,unknown,0,0,0.0,0.0,{}
CHEMBL1382,TOLTERODINE,CHEMBL245,SINGLE PROTEIN,ENSG00000133019,CHRM3,ANTAGONIST,inhibit,unknown,unknown,0,0.04444900036943321,0.008889800073886641,0.008889800073886641,"{""expression_atlas"": 0.04444900036943321}"
CHEMBL1382,TOLTERODINE,CHEMBL211,SINGLE PROTEIN,ENSG00000181072,CHRM2,ANTAGONIST,inhibit,unknown,unknown,0,0.015360851261897956,0.0030721702523795916,0.0030721702523795916,"{""expression_atlas"": 0.015360851261897956}"
CHEMBL1387,NORETHYNODREL,CHEMBL208,SINGLE PROTEIN,ENSG00000082175,PGR,AGONIST,activate,unknown,unknown,0,0.01501474225374393,0.003002948450748786,0.003002948450748786,"{""expression_atlas"": 0.01501474225374393}"
CHEMBL1388,MONOBENZONE,CHEMBL1973,SINGLE PROTEIN,ENSG00000077498,TYR,INHIBITOR,inhibit,unknown,unknown,0,0,0.0,0.0,{}
CHEMBL1389,LEVONORGESTREL,CHEMBL208,SINGLE PROTEIN,ENSG00000082175,PGR,AGONIST,activate,unknown,unknown,0,0.01501474225374393,0.003002948450748786,0.003002948450748786,"{""expression_atlas"": 0.01501474225374393}"
CHEMBL139,DICLOFENAC,CHEMBL2094253,PROTEIN FAMILY,ENSG00000073756,PTGS2,INHIBITOR,inhibit,unknown,unknown,0,0.400648993476229,0.08012979869524581,0.08012979869524581,"{""expression_atlas"": 0.400648993476229}"
CHEMBL139,DICLOFENAC,CHEMBL2094253,PROTEIN FAMILY,ENSG00000095303,PTGS1,INHIBITOR,inhibit,unknown,unknown,0,0,0.0,0.0,{}
CHEMBL1395,METHYLTESTOSTERONE,CHEMBL1871,SINGLE PROTEIN,ENSG00000169083,AR,AGONIST,activate,unknown,unknown,0,0,0.0,0.0,{}
CHEMBL1399,ANASTROZOLE,CHEMBL1978,SINGLE PROTEIN,ENSG00000137869,CYP19A1,INHIBITOR,inhibit,unknown,unknown,0,0.029973199527227764,0.005994639905445553,0.005994639905445553,"{""expression_atlas"": 0.029973199527227764}"
CHEMBL1404,RANOLAZINE,CHEMBL2072,SINGLE PROTEIN,ENSG00000007314,SCN4A,BLOCKER,inhibit,unknown,unknown,0,0.01623682440230527,0.003247364880461054,0.003247364880461054,"{""expression_atlas"": 0.01623682440230527}"
CHEMBL1404,RANOLAZINE,CHEMBL1980,SINGLE PROTEIN,ENSG00000183873,SCN5A,BLOCKER,inhibit,unknown,unknown,0,0,0.0,0.0,{}
CHEMBL1405,ESTRONE,CHEMBL206,SINGLE PROTEIN,ENSG00000091831,ESR1,AGONIST,activate,unknown,unknown,0,0.013323775689022817,0.0026647551378045638,0.0026647551378045638,"{""expression_atlas"": 0.013323775689022817}"
CHEMBL1420,PRALIDOXIME,CHEMBL220,SINGLE PROTEIN,ENSG00000087085,ACHE,ACTIVATOR,activate,unknown,unknown,0,0.018881721104742892,0.0037763442209485785,0.0037763442209485785,"{""expression_atlas"": 0.018881721104742892}"
CHEMBL1421,DASATINIB ANHYDROUS,CHEMBL2363074,PROTEIN FAMILY,ENSG00000000938,FGR,INHIBITOR,inhibit,unknown,unknown,0,0.13232259803339008,0.02646451960667802,0.02646451960667802,"{""expression_atlas"": 0.13232259803339008}"
CHEMBL1421,DASATINIB ANHYDROUS,CHEMBL2363074,PROTEIN FAMILY,ENSG00000010810,FYN,INHIBITOR,inhibit,unknown,unknown,0,0.03177829523683396,0.006355659047366792,0.006355659047366792,"{""expression_atlas"": 0.03177829523683396}"
CHEMBL1421,DASATINIB ANHYDROUS,CHEMBL2363074,PROTEIN FAMILY,ENSG00000101336,HCK,INHIBITOR,inhibit,unknown,unknown,0,0.026764462491785015,0.005352892498357003,0.005352892498357003,"{""expression_atlas"": 0.026764462491785015}"
CHEMBL1421,DASATINIB ANHYDROUS,CHEMBL1913,SINGLE PROTEIN,ENSG00000113721,PDGFRB,INHIBITOR,inhibit,unknown,unknown,0,0.03892155883564756,0.007784311767129512,0.007784311767129512,"{""expression_atlas"": 0.03892155883564756}"
CHEMBL1421,DASATINIB ANHYDROUS,CHEMBL1936,SINGLE PROTEIN,ENSG00000157404,KIT,INHIBITOR,inhibit,unknown,unknown,0,0,0.0,0.0,{}
CHEMBL1421,DASATINIB ANHYDROUS,CHEMBL2363074,PROTEIN FAMILY,ENSG00000182866,LCK,INHIBITOR,inhibit,unknown,unknown,0,0.015188808277484634,0.003037761655496927,0.003037761655496927,"{""expression_atlas"": 0.015188808277484634}"
CHEMBL1421,DASATINIB ANHYDROUS,CHEMBL2096618,CHIMERIC PROTEIN,ENSG00000186716,BCR,INHIBITOR,inhibit,unknown,unknown,0,0,0.0,0.0,{}
CHEMBL1421,DASATINIB ANHYDROUS,CHEMBL2363074,PROTEIN FAMILY,ENSG00000197122,SRC,INHIBITOR,inhibit,unknown,unknown,0,0,0.0,0.0,{}
CHEMBL1421,DASATINIB ANHYDROUS,CHEMBL2363074,PROTEIN FAMILY,ENSG00000254087,LYN,INHIBITOR,inhibit,unknown,unknown,0,0.029863183201050535,0.005972636640210107,0.005972636640210107,"{""expression_atlas"": 0.029863183201050535}"
CHEMBL1422,SITAGLIPTIN,CHEMBL284,SINGLE PROTEIN,ENSG00000197635,DPP4,INHIBITOR,inhibit,unknown,unknown,0,0.22977806640123927,0.04595561328024786,0.04595561328024786,"{""expression_atlas"": 0.22977806640123927}"
CHEMBL1423,PIMOZIDE,CHEMBL2096905,PROTEIN FAMILY,ENSG00000149295,DRD2,ANTAGONIST,inhibit,unknown,unknown,0,0,0.0,0.0,{}
CHEMBL1423,PIMOZIDE,CHEMBL2096905,PROTEIN FAMILY,ENSG00000169676,DRD5,ANTAGONIST,inhibit,unknown,unknown,0,0.19895092359172029,0.03979018471834406,0.03979018471834406,"{""expression_atlas"": 0.19895092359172029}"
CHEMBL1423,PIMOZIDE,CHEMBL2096905,PROTEIN FAMILY,ENSG00000184845,DRD1,ANTAGONIST,inhibit,unknown,unknown,0,0,0.0,0.0,{}
CHEMBL1425,MERCAPTOPURINE ANHYDROUS,CHEMBL2362992,SINGLE PROTEIN,ENSG00000128059,PPAT,INHIBITOR,inhibit,unknown,unknown,0,0,0.0,0.0,{}
CHEMBL142635,NAFTOPIDIL,CHEMBL223,SINGLE PROTEIN,ENSG00000171873,ADRA1D,ANTAGONIST,inhibit,unknown,unknown,0,0.025814812794334265,0.005162962558866853,0.005162962558866853,"{""expression_atlas"": 0.025814812794334265}"
CHEMBL142703,VILDAGLIPTIN,CHEMBL284,SINGLE PROTEIN,ENSG00000197635,DPP4,INHIBITOR,inhibit,unknown,unknown,0,0.22977806640123927,0.04595561328024786,0.04595561328024786,"{""expression_atlas"": 0.22977806640123927}"
CHEMBL1428,NIMODIPINE,CHEMBL2095229,PROTEIN FAMILY,ENSG00000151067,CACNA1C,BLOCKER,inhibit,unknown,unknown,0,0.011880973060645644,0.002376194612129129,0.002376194612129129,"{""expression_atlas"": 0.011880973060645644}"
CHEMBL1429,DESMOPRESSIN,CHEMBL2363078,PROTEIN FAMILY,ENSG00000166148,AVPR1A,AGONIST,activate,unknown,unknown,0,0.07537526408687396,0.015075052817374793,0.015075052817374793,"{""expression_atlas"": 0.07537526408687396}"
CHEMBL1431,METFORMIN,CHEMBL2363065,PROTEIN COMPLEX,ENSG00000099795,NDUFB7,INHIBITOR,inhibit,unknown,unknown,0,0.06604382841850606,0.013208765683701213,0.013208765683701213,"{""expression_atlas"": 0.06604382841850606}"
CHEMBL1431,METFORMIN,CHEMBL2363065,PROTEIN COMPLEX,ENSG00000186010,NDUFA13,INHIBITOR,inhibit,unknown,unknown,0,0,0.0,0.0,{}
CHEMBL1433,DOXYCYCLINE ANHYDROUS,CHEMBL4588,SINGLE PROTEIN,ENSG00000118113,MMP8,INHIBITOR,inhibit,unknown,unknown,0,0.2828842257659356,0.056576845153187116,0.056576845153187116,"{""expression_atlas"": 0.2828842257659356}"
CHEMBL1433,DOXYCYCLINE ANHYDROUS,CHEMBL4073,SINGLE PROTEIN,ENSG00000137673,MMP7,INHIBITOR,inhibit,unknown,unknown,0,0.23329272706242776,0.046658545412485555,0.046658545412485555,"{""expression_atlas"": 0.23329272706242776}"
CHEMBL1433,DOXYCYCLINE ANHYDROUS,CHEMBL280,SINGLE PROTEIN,ENSG00000137745,MMP13,INHIBITOR,inhibit,unknown,unknown,0,0.4109959149034107,0.08219918298068214,0.08219918298068214,"{""expression_atlas"": 0.4109959149034107}"
CHEMBL1433,DOXYCYCLINE ANHYDROUS,CHEMBL332,SINGLE PROTEIN,ENSG00000196611,MMP1,INHIBITOR,inhibit,unknown,unknown,0,0.5603043903070987,0.11206087806141973,0.11206087806141973,"{""expression_atlas"": 0.5603043903070987}"
CHEMBL1437,NOREPINEPHRINE,CHEMBL2331074,PROTEIN FAMILY,ENSG00000043591,ADRB1,AGONIST,activate,unknown,unknown,0,0.11496556182539755,0.02299311236507951,0.02299311236507951,"{""expression_atlas"": 0.11496556182539755}"
CHEMBL1437,NOREPINEPHRINE,CHEMBL2331074,PROTEIN FAMILY,ENSG00000150594,ADRA2A,AGONIST,activate,unknown,unknown,0.21032116470427323,0,0.1682569317634186,0.1682569317634186,"{""gwas_credible_sets"": 0.21032116470427323}"
CHEMBL1437,NOREPINEPHRINE,CHEMBL2331074,PROTEIN FAMILY,ENSG00000169252,ADRB2,AGONIST,activate,unknown,unknown,0,0,0.0,0.0,{}
CHEMBL1437,NOREPINEPHRINE,CHEMBL2331074,PROTEIN FAMILY,ENSG00000170214,ADRA1B,AGONIST,activate,unknown,unknown,0,0.09759134661327273,0.019518269322654547,0.019518269322654547,"{""expression_atlas"": 0.09759134661327273}"
CHEMBL1437,NOREPINEPHRINE,CHEMBL2331074,PROTEIN FAMILY,ENSG00000171873,ADRA1D,AGONIST,activate,unknown,unknown,0,0.025814812794334265,0.005162962558866853,0.005162962558866853,"{""expression_atlas"": 0.025814812794334265}"
CHEMBL1437,NOREPINEPHRINE,CHEMBL2331074,PROTEIN FAMILY,ENSG00000184160,ADRA2C,AGONIST,activate,unknown,unknown,0,0.010920894429482362,0.0021841788858964722,0.0021841788858964722,"{""expression_atlas"": 0.010920894429482362}"
CHEMBL14370,REBOXETINE,CHEMBL222,SINGLE PROTEIN,ENSG00000103546,SLC6A2,INHIBITOR,inhibit,unknown,unknown,0,0,0.0,0.0,{}
CHEMBL14376,ILOPERIDONE,CHEMBL217,SINGLE PROTEIN,ENSG00000149295,DRD2,ANTAGONIST,inhibit,unknown,unknown,0,0,0.0,0.0,{}
CHEMBL1444,LETROZOLE,CHEMBL1978,SINGLE PROTEIN,ENSG00000137869,CYP19A1,INHIBITOR,inhibit,unknown,unknown,0,0.029973199527227764,0.005994639905445553,0.005994639905445553,"{""expression_atlas"": 0.029973199527227764}"
CHEMBL1445,FLUOXYMESTERONE,CHEMBL1871,SINGLE PROTEIN,ENSG00000169083,AR,AGONIST,activate,unknown,unknown,0,0,0.0,0.0,{}
CHEMBL1451,TRIAMCINOLONE,CHEMBL2034,SINGLE PROTEIN,ENSG00000113580,NR3C1,AGONIST,activate,unknown,unknown,0,0,0.0,0.0,{}
CHEMBL1456,MYCOPHENOLATE MOFETIL,CHEMBL2111369,PROTEIN FAMILY,ENSG00000106348,IMPDH1,INHIBITOR,inhibit,unknown,unknown,0,0,0.0,0.0,{}
CHEMBL1456,MYCOPHENOLATE MOFETIL,CHEMBL2111369,PROTEIN FAMILY,ENSG00000178035,IMPDH2,INHIBITOR,inhibit,unknown,unknown,0,0,0.0,0.0,{}
CHEMBL1457,HYDROCODONE,CHEMBL2095181,PROTEIN FAMILY,ENSG00000082556,OPRK1,AGONIST,activate,unknown,unknown,0,0,0.0,0.0,{}
CHEMBL1457,HYDROCODONE,CHEMBL2095181,PROTEIN FAMILY,ENSG00000112038,OPRM1,AGONIST,activate,unknown,unknown,0,0,0.0,0.0,{}
CHEMBL1457,HYDROCODONE,CHEMBL2095181,PROTEIN FAMILY,ENSG00000116329,OPRD1,AGONIST,activate,unknown,unknown,0,0,0.0,0.0,{}
CHEMBL1467,ALLOPURINOL,CHEMBL1929,SINGLE PROTEIN,ENSG00000158125,XDH,INHIBITOR,inhibit,unknown,unknown,0,0.029202227401814607,0.005840445480362922,0.005840445480362922,"{""expression_atlas"": 0.029202227401814607}"
CHEMBL1471,APREPITANT,CHEMBL249,SINGLE PROTEIN,ENSG00000115353,TACR1,ANTAGONIST,inhibit,unknown,unknown,0,0,0.0,0.0,{}
CHEMBL1473,FLUTICASONE PROPIONATE,CHEMBL2034,SINGLE PROTEIN,ENSG00000113580,NR3C1,AGONIST,activate,unknown,unknown,0,0,0.0,0.0,{}
CHEMBL1476022,NOMEGESTROL ACETATE,CHEMBL208,SINGLE PROTEIN,ENSG00000082175,PGR,AGONIST,activate,unknown,unknown,0,0.01501474225374393,0.003002948450748786,0.003002948450748786,"{""expression_atlas"": 0.01501474225374393}"
CHEMBL1479,DANAZOL,CHEMBL208,SINGLE PROTEIN,ENSG00000082175,PGR,AGONIST,activate,unknown,unknown,0,0.01501474225374393,0.003002948450748786,0.003002948450748786,"{""expression_atlas"": 0.01501474225374393}"
CHEMBL1479,DANAZOL,CHEMBL1871,SINGLE PROTEIN,ENSG00000169083,AR,AGONIST,activate,unknown,unknown,0,0,0.0,0.0,{}
CHEMBL1480,FELODIPINE,CHEMBL2095229,PROTEIN FAMILY,ENSG00000151067,CACNA1C,BLOCKER,inhibit,unknown,unknown,0,0.011880973060645644,0.002376194612129129,0.002376194612129129,"{""expression_atlas"": 0.011880973060645644}"
CHEMBL1482,BETHANECHOL,CHEMBL245,SINGLE PROTEIN,ENSG00000133019,CHRM3,AGONIST,activate,unknown,unknown,0,0.04444900036943321,0.008889800073886641,0.008889800073886641,"{""expression_atlas"": 0.04444900036943321}"
CHEMBL1482,BETHANECHOL,CHEMBL211,SINGLE PROTEIN,ENSG00000181072,CHRM2,AGONIST,activate,unknown,unknown,0,0.015360851261897956,0.0030721702523795916,0.0030721702523795916,"{""expression_atlas"": 0.015360851261897956}"
CHEMBL1484,NICARDIPINE,CHEMBL2095229,PROTEIN FAMILY,ENSG00000151067,CACNA1C,BLOCKER,inhibit,unknown,unknown,0,0.011880973060645644,0.002376194612129129,0.002376194612129129,"{""expression_atlas"": 0.011880973060645644}"
CHEMBL1487,ATORVASTATIN,CHEMBL402,SINGLE PROTEIN,ENSG00000113161,HMGCR,INHIBITOR,inhibit,unknown,unknown,0,0,0.0,0.0,{}
CHEMBL1489,AZACITIDINE,CHEMBL1992,SINGLE PROTEIN,ENSG00000119772,DNMT3A,INHIBITOR,inhibit,unknown,unknown,0.5010332484856818,0,0.40082659878854543,0.40082659878854543,"{""gwas_credible_sets"": 0.5010332484856818}"
CHEMBL1489,AZACITIDINE,CHEMBL1993,SINGLE PROTEIN,ENSG00000130816,DNMT1,INHIBITOR,inhibit,unknown,unknown,0,0,0.0,0.0,{}
CHEMBL1491,AMLODIPINE,CHEMBL2095229,PROTEIN FAMILY,ENSG00000151067,CACNA1C,BLOCKER,inhibit,unknown,unknown,0,0.011880973060645644,0.002376194612129129,0.002376194612129129,"{""expression_atlas"": 0.011880973060645644}"
CHEMBL1492,DIPHENYLPYRALINE,CHEMBL231,SINGLE PROTEIN,ENSG00000196639,HRH1,ANTAGONIST,inhibit,unknown,unknown,0,0,0.0,0.0,{}
CHEMBL1492500,DOTHIEPIN,CHEMBL222,SINGLE PROTEIN,ENSG00000103546,SLC6A2,INHIBITOR,inhibit,unknown,unknown,0,0,0.0,0.0,{}
CHEMBL1492500,DOTHIEPIN,CHEMBL228,SINGLE PROTEIN,ENSG00000108576,SLC6A4,INHIBITOR,inhibit,unknown,unknown,0,0.4642014225773055,0.09284028451546111,0.09284028451546111,"{""expression_atlas"": 0.4642014225773055}"
CHEMBL1493,FLAVOXATE,CHEMBL2093863,PROTEIN FAMILY,ENSG00000065989,PDE4A,INHIBITOR,inhibit,unknown,unknown,0.23243057389068916,0,0.18594445911255134,0.18594445911255134,"{""gwas_credible_sets"": 0.23243057389068916}"
CHEMBL1493,FLAVOXATE,CHEMBL2363067,PROTEIN FAMILY,ENSG00000073417,PDE8A,INHIBITOR,inhibit,unknown,unknown,0.313763514035714,0,0.2510108112285712,0.2510108112285712,"{""gwas_credible_sets"": 0.313763514035714}"
CHEMBL1493,FLAVOXATE,CHEMBL2093863,PROTEIN FAMILY,ENSG00000105650,PDE4C,INHIBITOR,inhibit,unknown,unknown,0,0,0.0,0.0,{}
CHEMBL1493,FLAVOXATE,CHEMBL2093863,PROTEIN FAMILY,ENSG00000113448,PDE4D,INHIBITOR,inhibit,unknown,unknown,0.03502364826196417,0.01635098289812564,0.03128911518919646,0.03128911518919646,"{""gwas_credible_sets"": 0.03502364826196417, ""expression_atlas"": 0.01635098289812564}"
CHEMBL1493,FLAVOXATE,CHEMBL2093863,PROTEIN FAMILY,ENSG00000184588,PDE4B,INHIBITOR,inhibit,unknown,unknown,0,0.11705336896939017,0.023410673793878036,0.023410673793878036,"{""expression_atlas"": 0.11705336896939017}"
CHEMBL1495,OXYPHENCYCLIMINE,CHEMBL245,SINGLE PROTEIN,ENSG00000133019,CHRM3,ANTAGONIST,inhibit,unknown,unknown,0,0.04444900036943321,0.008889800073886641,0.008889800073886641,"{""expression_atlas"": 0.04444900036943321}"
CHEMBL1496,ROSUVASTATIN,CHEMBL402,SINGLE PROTEIN,ENSG00000113161,HMGCR,INHIBITOR,inhibit,unknown,unknown,0,0,0.0,0.0,{}
CHEMBL1497,BETAMETHASONE VALERATE,CHEMBL2034,SINGLE PROTEIN,ENSG00000113580,NR3C1,AGONIST,activate,unknown,unknown,0,0,0.0,0.0,{}
CHEMBL1501,FLUOCINONIDE,CHEMBL2034,SINGLE PROTEIN,ENSG00000113580,NR3C1,AGONIST,activate,unknown,unknown,0,0,0.0,0.0,{}
CHEMBL1502,PANTOPRAZOLE,CHEMBL2095173,PROTEIN COMPLEX,ENSG00000105675,ATP4A,INHIBITOR,inhibit,unknown,unknown,0,0,0.0,0.0,{}
CHEMBL1502,PANTOPRAZOLE,CHEMBL2095173,PROTEIN COMPLEX,ENSG00000186009,ATP4B,INHIBITOR,inhibit,unknown,unknown,0,0,0.0,0.0,{}
CHEMBL1503,OMEPRAZOLE,CHEMBL2095173,PROTEIN COMPLEX,ENSG00000105675,ATP4A,INHIBITOR,inhibit,unknown,unknown,0,0,0.0,0.0,{}
CHEMBL1503,OMEPRAZOLE,CHEMBL2095173,PROTEIN COMPLEX,ENSG00000186009,ATP4B,INHIBITOR,inhibit,unknown,unknown,0,0,0.0,0.0,{}
CHEMBL1504,TRIAMCINOLONE ACETONIDE,CHEMBL2034,SINGLE PROTEIN,ENSG00000113580,NR3C1,AGONIST,activate,unknown,unknown,0,0,0.0,0.0,{}
CHEMBL1505,ALMOTRIPTAN,CHEMBL1898,SINGLE PROTEIN,ENSG00000135312,HTR1B,AGONIST,activate,unknown,unknown,0,0.0715539711095912,0.014310794221918242,0.014310794221918242,"{""expression_atlas"": 0.0715539711095912}"
CHEMBL1505,ALMOTRIPTAN,CHEMBL1983,SINGLE PROTEIN,ENSG00000179546,HTR1D,AGONIST,activate,unknown,unknown,0,0.27833393839812215,0.055666787679624435,0.055666787679624435,"{""expression_atlas"": 0.27833393839812215}"
CHEMBL1508,ESCITALOPRAM,CHEMBL228,SINGLE PROTEIN,ENSG00000108576,SLC6A4,INHIBITOR,inhibit,unknown,unknown,0,0.4642014225773055,0.09284028451546111,0.09284028451546111,"{""expression_atlas"": 0.4642014225773055}"
CHEMBL1509,DROSPIRENONE,CHEMBL208,SINGLE PROTEIN,ENSG00000082175,PGR,AGONIST,activate,unknown,unknown,0,0.01501474225374393,0.003002948450748786,0.003002948450748786,"{""expression_atlas"": 0.01501474225374393}"
CHEMBL1510,ELETRIPTAN,CHEMBL1898,SINGLE PROTEIN,ENSG00000135312,HTR1B,AGONIST,activate,unknown,unknown,0,0.0715539711095912,0.014310794221918242,0.014310794221918242,"{""expression_atlas"": 0.0715539711095912}"
CHEMBL1510,ELETRIPTAN,CHEMBL1983,SINGLE PROTEIN,ENSG00000179546,HTR1D,AGONIST,activate,unknown,unknown,0,0.27833393839812215,0.055666787679624435,0.055666787679624435,"{""expression_atlas"": 0.27833393839812215}"
CHEMBL1511,ESTRADIOL VALERATE,CHEMBL206,SINGLE PROTEIN,ENSG00000091831,ESR1,AGONIST,activate,unknown,unknown,0,0.013323775689022817,0.0026647551378045638,0.0026647551378045638,"{""expression_atlas"": 0.013323775689022817}"
CHEMBL1512,FLUNISOLIDE,CHEMBL2034,SINGLE PROTEIN,ENSG00000113580,NR3C1,AGONIST,activate,unknown,unknown,0,0,0.0,0.0,{}
CHEMBL1513,IRBESARTAN,CHEMBL227,SINGLE PROTEIN,ENSG00000144891,AGTR1,ANTAGONIST,inhibit,unknown,unknown,0,0,0.0,0.0,{}
CHEMBL1514,LEVOMETHADYL ACETATE,CHEMBL233,SINGLE PROTEIN,ENSG00000112038,OPRM1,AGONIST,activate,unknown,unknown,0,0,0.0,0.0,{}
CHEMBL1515,METHIMAZOLE,CHEMBL1839,SINGLE PROTEIN,ENSG00000115705,TPO,INHIBITOR,inhibit,unknown,unknown,0,0,0.0,0.0,{}
CHEMBL1518,PROPYLTHIOURACIL,CHEMBL1839,SINGLE PROTEIN,ENSG00000115705,TPO,INHIBITOR,inhibit,unknown,unknown,0,0,0.0,0.0,{}
CHEMBL1519,TRANDOLAPRIL,CHEMBL1808,SINGLE PROTEIN,ENSG00000159640,ACE,INHIBITOR,inhibit,unknown,unknown,0,0.23801930305604319,0.04760386061120864,0.04760386061120864,"{""expression_atlas"": 0.23801930305604319}"
CHEMBL1522,ESZOPICLONE,CHEMBL2093872,PROTEIN COMPLEX GROUP,ENSG00000094755,GABRP,POSITIVE ALLOSTERIC MODULATOR,activate,unknown,unknown,0,0.07106524621438697,0.014213049242877394,0.014213049242877394,"{""expression_atlas"": 0.07106524621438697}"
CHEMBL1522,ESZOPICLONE,CHEMBL2093872,PROTEIN COMPLEX GROUP,ENSG00000102287,GABRE,POSITIVE ALLOSTERIC MODULATOR,activate,unknown,unknown,0,0.01300725293757502,0.002601450587515004,0.002601450587515004,"{""expression_atlas"": 0.01300725293757502}"
CHEMBL1522,ESZOPICLONE,CHEMBL2093872,PROTEIN COMPLEX GROUP,ENSG00000109158,GABRA4,POSITIVE ALLOSTERIC MODULATOR,activate,unknown,unknown,0,0.040567960282186954,0.00811359205643739,0.00811359205643739,"{""expression_atlas"": 0.040567960282186954}"
CHEMBL1522,ESZOPICLONE,CHEMBL2093872,PROTEIN COMPLEX GROUP,ENSG00000145864,GABRB2,POSITIVE ALLOSTERIC MODULATOR,activate,unknown,unknown,0,0.014994345937037634,0.002998869187407527,0.002998869187407527,"{""expression_atlas"": 0.014994345937037634}"
CHEMBL1522,ESZOPICLONE,CHEMBL2093872,PROTEIN COMPLEX GROUP,ENSG00000151834,GABRA2,POSITIVE ALLOSTERIC MODULATOR,activate,unknown,unknown,0,0.0646883705632426,0.01293767411264852,0.01293767411264852,"{""expression_atlas"": 0.0646883705632426}"
CHEMBL1522,ESZOPICLONE,CHEMBL2093872,PROTEIN COMPLEX GROUP,ENSG00000163285,GABRG1,POSITIVE ALLOSTERIC MODULATOR,activate,unknown,unknown,0,0.06503253540618377,0.013006507081236754,0.013006507081236754,"{""expression_atlas"": 0.06503253540618377}"
CHEMBL1522,ESZOPICLONE,CHEMBL2093872,PROTEIN COMPLEX GROUP,ENSG00000186297,GABRA5,POSITIVE ALLOSTERIC MODULATOR,activate,unknown,unknown,0,0.04015022406741467,0.008030044813482934,0.008030044813482934,"{""expression_atlas"": 0.04015022406741467}"
CHEMBL1530428,DEXAMETHASONE ACETATE,CHEMBL2034,SINGLE PROTEIN,ENSG00000113580,NR3C1,AGONIST,activate,unknown,unknown,0,0,0.0,0.0,{}
CHEMBL1531,ETONOGESTREL,CHEMBL208,SINGLE PROTEIN,ENSG00000082175,PGR,AGONIST,activate,unknown,unknown,0,0.01501474225374393,0.003002948450748786,0.003002948450748786,"{""expression_atlas"": 0.01501474225374393}"
CHEMBL1532,QUINETHAZONE,CHEMBL1876,SINGLE PROTEIN,ENSG00000070915,SLC12A3,INHIBITOR,inhibit,unknown,unknown,0,0,0.0,0.0,{}
CHEMBL1533,DESOGESTREL,CHEMBL208,SINGLE PROTEIN,ENSG00000082175,PGR,AGONIST,activate,unknown,unknown,0,0.01501474225374393,0.003002948450748786,0.003002948450748786,"{""expression_atlas"": 0.01501474225374393}"
CHEMBL1535,HYDROXYCHLOROQUINE,CHEMBL5936,SINGLE PROTEIN,ENSG00000196664,TLR7,ANTAGONIST,inhibit,unknown,unknown,0,0,0.0,0.0,{}
CHEMBL1535,HYDROXYCHLOROQUINE,CHEMBL5804,SINGLE PROTEIN,ENSG00000239732,TLR9,ANTAGONIST,inhibit,unknown,unknown,0.09112278688694553,0,0.07289822950955642,0.07289822950955642,"{""gwas_credible_sets"": 0.09112278688694553}"
CHEMBL1536,ERGOCALCIFEROL,CHEMBL1977,SINGLE PROTEIN,ENSG00000111424,VDR,AGONIST,activate,unknown,unknown,0,0,0.0,0.0,{}
CHEMBL154,NAPROXEN,CHEMBL2094253,PROTEIN FAMILY,ENSG00000073756,PTGS2,INHIBITOR,inhibit,unknown,unknown,0,0.400648993476229,0.08012979869524581,0.08012979869524581,"{""expression_atlas"": 0.400648993476229}"
CHEMBL154,NAPROXEN,CHEMBL2094253,PROTEIN FAMILY,ENSG00000095303,PTGS1,INHIBITOR,inhibit,unknown,unknown,0,0,0.0,0.0,{}
CHEMBL1542,AZATHIOPRINE,CHEMBL2362992,SINGLE PROTEIN,ENSG00000128059,PPAT,INHIBITOR,inhibit,unknown,unknown,0,0,0.0,0.0,{}
CHEMBL1544,LIOTHYRONINE,CHEMBL2111462,PROTEIN COMPLEX,ENSG00000151090,THRB,AGONIST,activate,unknown,unknown,0,0.028822518577502402,0.005764503715500481,0.005764503715500481,"{""expression_atlas"": 0.028822518577502402}"
CHEMBL1546,HYDROXYAMPHETAMINE,CHEMBL2331074,PROTEIN FAMILY,ENSG00000043591,ADRB1,AGONIST,activate,unknown,unknown,0,0.11496556182539755,0.02299311236507951,0.02299311236507951,"{""expression_atlas"": 0.11496556182539755}"
CHEMBL1546,HYDROXYAMPHETAMINE,CHEMBL2331074,PROTEIN FAMILY,ENSG00000150594,ADRA2A,AGONIST,activate,unknown,unknown,0.21032116470427323,0,0.1682569317634186,0.1682569317634186,"{""gwas_credible_sets"": 0.21032116470427323}"
CHEMBL1546,HYDROXYAMPHETAMINE,CHEMBL2331074,PROTEIN FAMILY,ENSG00000169252,ADRB2,AGONIST,activate,unknown,unknown,0,0,0.0,0.0,{}
CHEMBL1546,HYDROXYAMPHETAMINE,CHEMBL2331074,PROTEIN FAMILY,ENSG00000170214,ADRA1B,AGONIST,activate,unknown,unknown,0,0.09759134661327273,0.019518269322654547,0.019518269322654547,"{""expression_atlas"": 0.09759134661327273}"
CHEMBL1546,HYDROXYAMPHETAMINE,CHEMBL2331074,PROTEIN FAMILY,ENSG00000171873,ADRA1D,AGONIST,activate,unknown,unknown,0,0.025814812794334265,0.005162962558866853,0.005162962558866853,"{""expression_atlas"": 0.025814812794334265}"
CHEMBL1546,HYDROXYAMPHETAMINE,CHEMBL2331074,PROTEIN FAMILY,ENSG00000184160,ADRA2C,AGONIST,activate,unknown,unknown,0,0.010920894429482362,0.0021841788858964722,0.0021841788858964722,"{""expression_atlas"": 0.010920894429482362}"
CHEMBL1549,HYDROCORTISONE CYPIONATE,CHEMBL2034,SINGLE PROTEIN,ENSG00000113580,NR3C1,AGONIST,activate,unknown,unknown,0,0,0.0,0.0,{}
CHEMBL1551,URSODIOL,CHEMBL2047,SINGLE PROTEIN,ENSG00000012504,NR1H4,AGONIST,activate,unknown,unknown,0,0.18828029739431545,0.037656059478863094,0.037656059478863094,"{""expression_atlas"": 0.18828029739431545}"
CHEMBL1560,CAPTOPRIL,CHEMBL1808,SINGLE PROTEIN,ENSG00000159640,ACE,INHIBITOR,inhibit,unknown,unknown,0,0.23801930305604319,0.04760386061120864,0.04760386061120864,"{""expression_atlas"": 0.23801930305604319}"
CHEMBL1561,MIGLITOL,CHEMBL2074,SINGLE PROTEIN,ENSG00000257335,MGAM,INHIBITOR,inhibit,unknown,unknown,0,0.39456438381529785,0.07891287676305958,0.07891287676305958,"{""expression_atlas"": 0.39456438381529785}"
CHEMBL1568698,GANAXOLONE,CHEMBL2093872,PROTEIN COMPLEX GROUP,ENSG00000094755,GABRP,POSITIVE ALLOSTERIC MODULATOR,activate,unknown,unknown,0,0.07106524621438697,0.014213049242877394,0.014213049242877394,"{""expression_atlas"": 0.07106524621438697}"
CHEMBL1568698,GANAXOLONE,CHEMBL2093872,PROTEIN COMPLEX GROUP,ENSG00000102287,GABRE,POSITIVE ALLOSTERIC MODULATOR,activate,unknown,unknown,0,0.01300725293757502,0.002601450587515004,0.002601450587515004,"{""expression_atlas"": 0.01300725293757502}"
CHEMBL1568698,GANAXOLONE,CHEMBL2093872,PROTEIN COMPLEX GROUP,ENSG00000109158,GABRA4,POSITIVE ALLOSTERIC MODULATOR,activate,unknown,unknown,0,0.040567960282186954,0.00811359205643739,0.00811359205643739,"{""expression_atlas"": 0.040567960282186954}"
CHEMBL1568698,GANAXOLONE,CHEMBL2093872,PROTEIN COMPLEX GROUP,ENSG00000145864,GABRB2,POSITIVE ALLOSTERIC MODULATOR,activate,unknown,unknown,0,0.014994345937037634,0.002998869187407527,0.002998869187407527,"{""expression_atlas"": 0.014994345937037634}"
CHEMBL1568698,GANAXOLONE,CHEMBL2093872,PROTEIN COMPLEX GROUP,ENSG00000151834,GABRA2,POSITIVE ALLOSTERIC MODULATOR,activate,unknown,unknown,0,0.0646883705632426,0.01293767411264852,0.01293767411264852,"{""expression_atlas"": 0.0646883705632426}"
CHEMBL1568698,GANAXOLONE,CHEMBL2093872,PROTEIN COMPLEX GROUP,ENSG00000163285,GABRG1,POSITIVE ALLOSTERIC MODULATOR,activate,unknown,unknown,0,0.06503253540618377,0.013006507081236754,0.013006507081236754,"{""expression_atlas"": 0.06503253540618377}"
CHEMBL1568698,GANAXOLONE,CHEMBL2093872,PROTEIN COMPLEX GROUP,ENSG00000186297,GABRA5,POSITIVE ALLOSTERIC MODULATOR,activate,unknown,unknown,0,0.04015022406741467,0.008030044813482934,0.008030044813482934,"{""expression_atlas"": 0.04015022406741467}"
CHEMBL1571,TESTOLACTONE,CHEMBL1978,SINGLE PROTEIN,ENSG00000137869,CYP19A1,INHIBITOR,inhibit,unknown,unknown,0,0.029973199527227764,0.005994639905445553,0.005994639905445553,"{""expression_atlas"": 0.029973199527227764}"
CHEMBL1574,PHENTERMINE,CHEMBL222,SINGLE PROTEIN,ENSG00000103546,SLC6A2,RELEASING AGENT,unknown,unknown,unknown,0,0,0.0,0.0,{}
CHEMBL1577,METHYCLOTHIAZIDE,CHEMBL1876,SINGLE PROTEIN,ENSG00000070915,SLC12A3,INHIBITOR,inhibit,unknown,unknown,0,0,0.0,0.0,{}
CHEMBL15770,SULINDAC,CHEMBL2094253,PROTEIN FAMILY,ENSG00000073756,PTGS2,INHIBITOR,inhibit,unknown,unknown,0,0.400648993476229,0.08012979869524581,0.08012979869524581,"{""expression_atlas"": 0.400648993476229}"
CHEMBL15770,SULINDAC,CHEMBL2094253,PROTEIN FAMILY,ENSG00000095303,PTGS1,INHIBITOR,inhibit,unknown,unknown,0,0,0.0,0.0,{}
CHEMBL1580,PENTOSTATIN,CHEMBL1910,SINGLE PROTEIN,ENSG00000196839,ADA,INHIBITOR,inhibit,unknown,unknown,0,0,0.0,0.0,{}
CHEMBL1581,PERINDOPRIL,CHEMBL1808,SINGLE PROTEIN,ENSG00000159640,ACE,INHIBITOR,inhibit,unknown,unknown,0,0.23801930305604319,0.04760386061120864,0.04760386061120864,"{""expression_atlas"": 0.23801930305604319}"
CHEMBL1584,PIPERACETAZINE,CHEMBL217,SINGLE PROTEIN,ENSG00000149295,DRD2,ANTAGONIST,inhibit,unknown,unknown,0,0,0.0,0.0,{}
CHEMBL1587,POLYTHIAZIDE,CHEMBL1876,SINGLE PROTEIN,ENSG00000070915,SLC12A3,INHIBITOR,inhibit,unknown,unknown,0,0,0.0,0.0,{}
CHEMBL159,VINBLASTINE,CHEMBL2095182,PROTEIN COMPLEX GROUP,ENSG00000137285,TUBB2B,INHIBITOR,inhibit,unknown,unknown,0,0.015263210426171842,0.0030526420852343686,0.0030526420852343686,"{""expression_atlas"": 0.015263210426171842}"
CHEMBL159,VINBLASTINE,CHEMBL2095182,PROTEIN COMPLEX GROUP,ENSG00000176014,TUBB6,INHIBITOR,inhibit,unknown,unknown,0,0.009412066797331744,0.001882413359466349,0.001882413359466349,"{""expression_atlas"": 0.009412066797331744}"
CHEMBL159,VINBLASTINE,CHEMBL2095182,PROTEIN COMPLEX GROUP,ENSG00000258947,TUBB3,INHIBITOR,inhibit,unknown,unknown,0,0,0.0,0.0,{}
CHEMBL1590,PSEUDOEPHEDRINE,CHEMBL222,SINGLE PROTEIN,ENSG00000103546,SLC6A2,RELEASING AGENT,unknown,unknown,unknown,0,0,0.0,0.0,{}
CHEMBL1592,QUINAPRIL,CHEMBL1808,SINGLE PROTEIN,ENSG00000159640,ACE,INHIBITOR,inhibit,unknown,unknown,0,0.23801930305604319,0.04760386061120864,0.04760386061120864,"{""expression_atlas"": 0.23801930305604319}"
CHEMBL1595,DIHYDROCODEINE,CHEMBL233,SINGLE PROTEIN,ENSG00000112038,OPRM1,AGONIST,activate,unknown,unknown,0,0,0.0,0.0,{}
CHEMBL16,PHENYTOIN,CHEMBL2331043,PROTEIN FAMILY,ENSG00000007314,SCN4A,BLOCKER,inhibit,unknown,unknown,0,0.01623682440230527,0.003247364880461054,0.003247364880461054,"{""expression_atlas"": 0.01623682440230527}"
CHEMBL16,PHENYTOIN,CHEMBL2331043,PROTEIN FAMILY,ENSG00000136546,SCN7A,BLOCKER,inhibit,unknown,unknown,0,0.01258407039414361,0.0025168140788287222,0.0025168140788287222,"{""expression_atlas"": 0.01258407039414361}"
CHEMBL16,PHENYTOIN,CHEMBL2331043,PROTEIN FAMILY,ENSG00000144285,SCN1A,BLOCKER,inhibit,unknown,unknown,0,0,0.0,0.0,{}
CHEMBL16,PHENYTOIN,CHEMBL2331043,PROTEIN FAMILY,ENSG00000169432,SCN9A,BLOCKER,inhibit,unknown,unknown,0,0,0.0,0.0,{}
CHEMBL16,PHENYTOIN,CHEMBL2331043,PROTEIN FAMILY,ENSG00000183873,SCN5A,BLOCKER,inhibit,unknown,unknown,0,0,0.0,0.0,{}
CHEMBL16,PHENYTOIN,CHEMBL2331043,PROTEIN FAMILY,ENSG00000185313,SCN10A,BLOCKER,inhibit,unknown,unknown,0,0,0.0,0.0,{}
CHEMBL160,CYCLOSPORINE,CHEMBL1949,SINGLE PROTEIN,ENSG00000196262,PPIA,MODULATOR,unknown,unknown,unknown,0,0,0.0,0.0,{}
CHEMBL1601669,ALFACALCIDOL,CHEMBL1977,SINGLE PROTEIN,ENSG00000111424,VDR,AGONIST,activate,unknown,unknown,0,0,0.0,0.0,{}
CHEMBL1614,DESLANOSIDE,CHEMBL2095186,PROTEIN COMPLEX GROUP,ENSG00000018625,ATP1A2,INHIBITOR,inhibit,unknown,unknown,0,0.013958389825520631,0.002791677965104126,0.002791677965104126,"{""expression_atlas"": 0.013958389825520631}"
CHEMBL1614701,SELUMETINIB,CHEMBL3587,SINGLE PROTEIN,ENSG00000169032,MAP2K1,INHIBITOR,inhibit,unknown,unknown,0,0,0.0,0.0,{}
CHEMBL1615438,LEVOCABASTINE,CHEMBL231,SINGLE PROTEIN,ENSG00000196639,HRH1,ANTAGONIST,inhibit,unknown,unknown,0,0,0.0,0.0,{}
CHEMBL1615439,PHENDIMETRAZINE,CHEMBL222,SINGLE PROTEIN,ENSG00000103546,SLC6A2,INHIBITOR,inhibit,unknown,unknown,0,0,0.0,0.0,{}
CHEMBL1615439,PHENDIMETRAZINE,CHEMBL238,SINGLE PROTEIN,ENSG00000142319,SLC6A3,INHIBITOR,inhibit,unknown,unknown,0,0,0.0,0.0,{}
CHEMBL1621,PALIPERIDONE,CHEMBL217,SINGLE PROTEIN,ENSG00000149295,DRD2,ANTAGONIST,inhibit,unknown,unknown,0,0,0.0,0.0,{}
CHEMBL1621597,IPRATROPIUM,CHEMBL245,SINGLE PROTEIN,ENSG00000133019,CHRM3,ANTAGONIST,inhibit,unknown,unknown,0,0.04444900036943321,0.008889800073886641,0.008889800073886641,"{""expression_atlas"": 0.04444900036943321}"
CHEMBL1623,MECLIZINE,CHEMBL231,SINGLE PROTEIN,ENSG00000196639,HRH1,ANTAGONIST,inhibit,unknown,unknown,0,0,0.0,0.0,{}
CHEMBL1624,LEVOTHYROXINE,CHEMBL2111462,PROTEIN COMPLEX,ENSG00000151090,THRB,AGONIST,activate,unknown,unknown,0,0.028822518577502402,0.005764503715500481,0.005764503715500481,"{""expression_atlas"": 0.028822518577502402}"
CHEMBL1626,CLEMASTINE,CHEMBL231,SINGLE PROTEIN,ENSG00000196639,HRH1,ANTAGONIST,inhibit,unknown,unknown,0,0,0.0,0.0,{}
CHEMBL1628227,DOXEPIN,CHEMBL222,SINGLE PROTEIN,ENSG00000103546,SLC6A2,INHIBITOR,inhibit,unknown,unknown,0,0,0.0,0.0,{}
CHEMBL1628227,DOXEPIN,CHEMBL231,SINGLE PROTEIN,ENSG00000196639,HRH1,ANTAGONIST,inhibit,unknown,unknown,0,0,0.0,0.0,{}
CHEMBL1628502,GABAPENTIN ENACARBIL,CHEMBL2363032,PROTEIN COMPLEX GROUP,ENSG00000006283,CACNA1G,MODULATOR,unknown,unknown,unknown,0,0,0.0,0.0,{}
CHEMBL1628502,GABAPENTIN ENACARBIL,CHEMBL2363032,PROTEIN COMPLEX GROUP,ENSG00000100346,CACNA1I,MODULATOR,unknown,unknown,unknown,0,0.029712047663247972,0.005942409532649595,0.005942409532649595,"{""expression_atlas"": 0.029712047663247972}"
CHEMBL1628502,GABAPENTIN ENACARBIL,CHEMBL2363032,PROTEIN COMPLEX GROUP,ENSG00000148408,CACNA1B,MODULATOR,unknown,unknown,unknown,0,0,0.0,0.0,{}
CHEMBL1628502,GABAPENTIN ENACARBIL,CHEMBL2363032,PROTEIN COMPLEX GROUP,ENSG00000151067,CACNA1C,MODULATOR,unknown,unknown,unknown,0,0.011880973060645644,0.002376194612129129,0.002376194612129129,"{""expression_atlas"": 0.011880973060645644}"
CHEMBL1628502,GABAPENTIN ENACARBIL,CHEMBL2363032,PROTEIN COMPLEX GROUP,ENSG00000196557,CACNA1H,MODULATOR,unknown,unknown,unknown,0,0.00847900742166888,0.0016958014843337762,0.0016958014843337762,"{""expression_atlas"": 0.00847900742166888}"
CHEMBL1628502,GABAPENTIN ENACARBIL,CHEMBL2363032,PROTEIN COMPLEX GROUP,ENSG00000198216,CACNA1E,MODULATOR,unknown,unknown,unknown,0,0.053099240597879786,0.010619848119575958,0.010619848119575958,"{""expression_atlas"": 0.053099240597879786}"
CHEMBL163,RITONAVIR,CHEMBL2364675,PROTEIN FAMILY,ENSG00000106258,CYP3A5,INHIBITOR,inhibit,unknown,unknown,0,0.13712907245482495,0.02742581449096499,0.02742581449096499,"{""expression_atlas"": 0.13712907245482495}"
CHEMBL163,RITONAVIR,CHEMBL2364675,PROTEIN FAMILY,ENSG00000160868,CYP3A4,INHIBITOR,inhibit,unknown,unknown,0,0.5562894875790528,0.11125789751581057,0.11125789751581057,"{""expression_atlas"": 0.5562894875790528}"
CHEMBL163,RITONAVIR,CHEMBL2364675,PROTEIN FAMILY,ENSG00000160870,CYP3A7,INHIBITOR,inhibit,unknown,unknown,0,0.21835678526938476,0.04367135705387695,0.04367135705387695,"{""expression_atlas"": 0.21835678526938476}"
CHEMBL1639,ALISKIREN,CHEMBL286,SINGLE PROTEIN,ENSG00000143839,REN,INHIBITOR,inhibit,unknown,unknown,0,0,0.0,0.0,{}
CHEMBL1641,HYDROCORTISONE PHOSPHORIC ACID,CHEMBL2034,SINGLE PROTEIN,ENSG00000113580,NR3C1,AGONIST,activate,unknown,unknown,0,0,0.0,0.0,{}
CHEMBL1643,RIBAVIRIN,CHEMBL1822,SINGLE PROTEIN,ENSG00000106348,IMPDH1,INHIBITOR,inhibit,unknown,unknown,0,0,0.0,0.0,{}
CHEMBL1643895,RAMOSETRON,CHEMBL2094132,PROTEIN COMPLEX GROUP,ENSG00000166736,HTR3A,ANTAGONIST,inhibit,unknown,unknown,0,0.04201014873138331,0.008402029746276662,0.008402029746276662,"{""expression_atlas"": 0.04201014873138331}"
CHEMBL1643895,RAMOSETRON,CHEMBL2094132,PROTEIN COMPLEX GROUP,ENSG00000178084,HTR3C,ANTAGONIST,inhibit,unknown,unknown,0,0.07486589495451974,0.01497317899090395,0.01497317899090395,"{""expression_atlas"": 0.07486589495451974}"
CHEMBL1648,ISRADIPINE,CHEMBL2095229,PROTEIN FAMILY,ENSG00000151067,CACNA1C,BLOCKER,inhibit,unknown,unknown,0,0.011880973060645644,0.002376194612129129,0.002376194612129129,"{""expression_atlas"": 0.011880973060645644}"
CHEMBL1650,CORTISONE ACETATE,CHEMBL2034,SINGLE PROTEIN,ENSG00000113580,NR3C1,AGONIST,activate,unknown,unknown,0,0,0.0,0.0,{}
CHEMBL1650443,TRELAGLIPTIN,CHEMBL284,SINGLE PROTEIN,ENSG00000197635,DPP4,INHIBITOR,inhibit,unknown,unknown,0,0.22977806640123927,0.04595561328024786,0.04595561328024786,"{""expression_atlas"": 0.22977806640123927}"
CHEMBL1652,AMBENONIUM,CHEMBL220,SINGLE PROTEIN,ENSG00000087085,ACHE,INHIBITOR,inhibit,unknown,unknown,0,0.018881721104742892,0.0037763442209485785,0.0037763442209485785,"{""expression_atlas"": 0.018881721104742892}"
CHEMBL1655,TOREMIFENE,CHEMBL2093866,PROTEIN FAMILY,ENSG00000091831,ESR1,MODULATOR,unknown,unknown,unknown,0,0.013323775689022817,0.0026647551378045638,0.0026647551378045638,"{""expression_atlas"": 0.013323775689022817}"
CHEMBL1655,TOREMIFENE,CHEMBL2093866,PROTEIN FAMILY,ENSG00000140009,ESR2,MODULATOR,unknown,unknown,unknown,0,0,0.0,0.0,{}
CHEMBL1657,TAZAROTENE,CHEMBL2363069,PROTEIN FAMILY,ENSG00000077092,RARB,AGONIST,activate,unknown,unknown,0,0,0.0,0.0,{}
CHEMBL1657,TAZAROTENE,CHEMBL2363069,PROTEIN FAMILY,ENSG00000131759,RARA,AGONIST,activate,unknown,unknown,0,0,0.0,0.0,{}
CHEMBL1676,FLUTICASONE FUROATE,CHEMBL2034,SINGLE PROTEIN,ENSG00000113580,NR3C1,AGONIST,activate,unknown,unknown,0,0,0.0,0.0,{}
CHEMBL1680,OCTREOTIDE,CHEMBL2111436,PROTEIN FAMILY,ENSG00000162009,SSTR5,AGONIST,activate,unknown,unknown,0,0,0.0,0.0,{}
CHEMBL1680,OCTREOTIDE,CHEMBL2111436,PROTEIN FAMILY,ENSG00000180616,SSTR2,AGONIST,activate,unknown,unknown,0,0,0.0,0.0,{}
CHEMBL1683,HYDROCORTISONE BUTYRATE,CHEMBL2034,SINGLE PROTEIN,ENSG00000113580,NR3C1,AGONIST,activate,unknown,unknown,0,0,0.0,0.0,{}
CHEMBL1683590,ERIBULIN,CHEMBL2095182,PROTEIN COMPLEX GROUP,ENSG00000137285,TUBB2B,INHIBITOR,inhibit,unknown,unknown,0,0.015263210426171842,0.0030526420852343686,0.0030526420852343686,"{""expression_atlas"": 0.015263210426171842}"
CHEMBL1683590,ERIBULIN,CHEMBL2095182,PROTEIN COMPLEX GROUP,ENSG00000176014,TUBB6,INHIBITOR,inhibit,unknown,unknown,0,0.009412066797331744,0.001882413359466349,0.001882413359466349,"{""expression_atlas"": 0.009412066797331744}"
CHEMBL1683590,ERIBULIN,CHEMBL2095182,PROTEIN COMPLEX GROUP,ENSG00000258947,TUBB3,INHIBITOR,inhibit,unknown,unknown,0,0,0.0,0.0,{}
CHEMBL1684,BENDROFLUMETHIAZIDE,CHEMBL1876,SINGLE PROTEIN,ENSG00000070915,SLC12A3,INHIBITOR,inhibit,unknown,unknown,0,0,0.0,0.0,{}
CHEMBL1685,DEZOCINE,CHEMBL237,SINGLE PROTEIN,ENSG00000082556,OPRK1,ANTAGONIST,inhibit,unknown,unknown,0,0,0.0,0.0,{}
CHEMBL1685,DEZOCINE,CHEMBL233,SINGLE PROTEIN,ENSG00000112038,OPRM1,PARTIAL AGONIST,activate,unknown,unknown,0,0,0.0,0.0,{}
CHEMBL168815,CEVIMELINE,CHEMBL245,SINGLE PROTEIN,ENSG00000133019,CHRM3,AGONIST,activate,unknown,unknown,0,0.04444900036943321,0.008889800073886641,0.008889800073886641,"{""expression_atlas"": 0.04444900036943321}"
CHEMBL1697737,CLOTIAZEPAM,CHEMBL2093872,PROTEIN COMPLEX GROUP,ENSG00000094755,GABRP,POSITIVE ALLOSTERIC MODULATOR,activate,unknown,unknown,0,0.07106524621438697,0.014213049242877394,0.014213049242877394,"{""expression_atlas"": 0.07106524621438697}"
CHEMBL1697737,CLOTIAZEPAM,CHEMBL2093872,PROTEIN COMPLEX GROUP,ENSG00000102287,GABRE,POSITIVE ALLOSTERIC MODULATOR,activate,unknown,unknown,0,0.01300725293757502,0.002601450587515004,0.002601450587515004,"{""expression_atlas"": 0.01300725293757502}"
CHEMBL1697737,CLOTIAZEPAM,CHEMBL2093872,PROTEIN COMPLEX GROUP,ENSG00000109158,GABRA4,POSITIVE ALLOSTERIC MODULATOR,activate,unknown,unknown,0,0.040567960282186954,0.00811359205643739,0.00811359205643739,"{""expression_atlas"": 0.040567960282186954}"
CHEMBL1697737,CLOTIAZEPAM,CHEMBL2093872,PROTEIN COMPLEX GROUP,ENSG00000145864,GABRB2,POSITIVE ALLOSTERIC MODULATOR,activate,unknown,unknown,0,0.014994345937037634,0.002998869187407527,0.002998869187407527,"{""expression_atlas"": 0.014994345937037634}"
CHEMBL1697737,CLOTIAZEPAM,CHEMBL2093872,PROTEIN COMPLEX GROUP,ENSG00000151834,GABRA2,POSITIVE ALLOSTERIC MODULATOR,activate,unknown,unknown,0,0.0646883705632426,0.01293767411264852,0.01293767411264852,"{""expression_atlas"": 0.0646883705632426}"
CHEMBL1697737,CLOTIAZEPAM,CHEMBL2093872,PROTEIN COMPLEX GROUP,ENSG00000163285,GABRG1,POSITIVE ALLOSTERIC MODULATOR,activate,unknown,unknown,0,0.06503253540618377,0.013006507081236754,0.013006507081236754,"{""expression_atlas"": 0.06503253540618377}"
CHEMBL1697737,CLOTIAZEPAM,CHEMBL2093872,PROTEIN COMPLEX GROUP,ENSG00000186297,GABRA5,POSITIVE ALLOSTERIC MODULATOR,activate,unknown,unknown,0,0.04015022406741467,0.008030044813482934,0.008030044813482934,"{""expression_atlas"": 0.04015022406741467}"
CHEMBL169901,DEBRISOQUIN,CHEMBL222,SINGLE PROTEIN,ENSG00000103546,SLC6A2,INHIBITOR,inhibit,unknown,unknown,0,0,0.0,0.0,{}
CHEMBL17,DICHLORPHENAMIDE,CHEMBL3242,SINGLE PROTEIN,ENSG00000074410,CA12,INHIBITOR,inhibit,unknown,unknown,0,0.19218888580836518,0.03843777716167304,0.03843777716167304,"{""expression_atlas"": 0.19218888580836518}"
CHEMBL17,DICHLORPHENAMIDE,CHEMBL205,SINGLE PROTEIN,ENSG00000104267,CA2,INHIBITOR,inhibit,unknown,unknown,0,0.400706905108295,0.080141381021659,0.080141381021659,"{""expression_atlas"": 0.400706905108295}"
CHEMBL17,DICHLORPHENAMIDE,CHEMBL261,SINGLE PROTEIN,ENSG00000133742,CA1,INHIBITOR,inhibit,unknown,unknown,0,0.2546964728832424,0.050939294576648475,0.050939294576648475,"{""expression_atlas"": 0.2546964728832424}"
CHEMBL17,DICHLORPHENAMIDE,CHEMBL3729,SINGLE PROTEIN,ENSG00000167434,CA4,INHIBITOR,inhibit,unknown,unknown,0,0.35468641598343154,0.07093728319668631,0.07093728319668631,"{""expression_atlas"": 0.35468641598343154}"
CHEMBL1726,NISOLDIPINE,CHEMBL2095229,PROTEIN FAMILY,ENSG00000151067,CACNA1C,BLOCKER,inhibit,unknown,unknown,0,0.011880973060645644,0.002376194612129129,0.002376194612129129,"{""expression_atlas"": 0.011880973060645644}"
CHEMBL1732,DIHYDROERGOTAMINE,CHEMBL1983,SINGLE PROTEIN,ENSG00000179546,HTR1D,AGONIST,activate,unknown,unknown,0,0.27833393839812215,0.055666787679624435,0.055666787679624435,"{""expression_atlas"": 0.27833393839812215}"
CHEMBL1734,SOLIFENACIN,CHEMBL245,SINGLE PROTEIN,ENSG00000133019,CHRM3,ANTAGONIST,inhibit,unknown,unknown,0,0.04444900036943321,0.008889800073886641,0.008889800073886641,"{""expression_atlas"": 0.04444900036943321}"
CHEMBL1734,SOLIFENACIN,CHEMBL211,SINGLE PROTEIN,ENSG00000181072,CHRM2,ANTAGONIST,inhibit,unknown,unknown,0,0.015360851261897956,0.0030721702523795916,0.0030721702523795916,"{""expression_atlas"": 0.015360851261897956}"
CHEMBL1738,DEXRAZOXANE,CHEMBL2094255,PROTEIN FAMILY,ENSG00000131747,TOP2A,INHIBITOR,inhibit,unknown,unknown,0,0,0.0,0.0,{}
CHEMBL1738797,ALECTINIB,CHEMBL3883330,CHIMERIC PROTEIN,ENSG00000171094,ALK,INHIBITOR,inhibit,unknown,unknown,0,0,0.0,0.0,{}
CHEMBL1738797,ALECTINIB,CHEMBL4247,SINGLE PROTEIN,ENSG00000171094,ALK,INHIBITOR,inhibit,unknown,unknown,0,0,0.0,0.0,{}
CHEMBL1742423,BILASTINE,CHEMBL231,SINGLE PROTEIN,ENSG00000196639,HRH1,INVERSE AGONIST,inhibit,unknown,unknown,0,0,0.0,0.0,{}
CHEMBL1742466,LANDIOLOL,CHEMBL213,SINGLE PROTEIN,ENSG00000043591,ADRB1,ANTAGONIST,inhibit,unknown,unknown,0,0.11496556182539755,0.02299311236507951,0.02299311236507951,"{""expression_atlas"": 0.11496556182539755}"
CHEMBL1742982,AFLIBERCEPT,CHEMBL1783,SINGLE PROTEIN,ENSG00000112715,VEGFA,INHIBITOR,inhibit,unknown,unknown,0,0,0.0,0.0,{}
CHEMBL1742982,AFLIBERCEPT,CHEMBL1697671,SINGLE PROTEIN,ENSG00000119630,PGF,INHIBITOR,inhibit,unknown,unknown,0,0,0.0,0.0,{}
CHEMBL1742990,BELATACEPT,CHEMBL2364156,SINGLE PROTEIN,ENSG00000114013,CD86,INHIBITOR,inhibit,unknown,unknown,0,0.024449439795226086,0.004889887959045217,0.004889887959045217,"{""expression_atlas"": 0.024449439795226086}"
CHEMBL1742990,BELATACEPT,CHEMBL2364157,SINGLE PROTEIN,ENSG00000121594,CD80,INHIBITOR,inhibit,unknown,unknown,0,0.022392102722350878,0.004478420544470176,0.004478420544470176,"{""expression_atlas"": 0.022392102722350878}"
CHEMBL1742991,BENRALIZUMAB,CHEMBL3580483,SINGLE PROTEIN,ENSG00000091181,IL5RA,INHIBITOR,inhibit,unknown,unknown,0,0.015938761686297005,0.0031877523372594013,0.0031877523372594013,"{""expression_atlas"": 0.015938761686297005}"
CHEMBL1742992,BLINATUMOMAB,CHEMBL2364168,PROTEIN COMPLEX,ENSG00000160654,CD3G,CROSS-LINKING AGENT,unknown,unknown,unknown,0,0.015863723054047433,0.0031727446108094867,0.0031727446108094867,"{""expression_atlas"": 0.015863723054047433}"
CHEMBL1742992,BLINATUMOMAB,CHEMBL2364168,PROTEIN COMPLEX,ENSG00000167286,CD3D,CROSS-LINKING AGENT,unknown,unknown,unknown,0,0.015154885479866145,0.003030977095973229,0.003030977095973229,"{""expression_atlas"": 0.015154885479866145}"
CHEMBL1742992,BLINATUMOMAB,CHEMBL3390821,SINGLE PROTEIN,ENSG00000177455,CD19,CROSS-LINKING AGENT,unknown,unknown,unknown,0,0,0.0,0.0,{}
CHEMBL1742992,BLINATUMOMAB,CHEMBL2364168,PROTEIN COMPLEX,ENSG00000198851,CD3E,CROSS-LINKING AGENT,unknown,unknown,unknown,0,0.011344203228688893,0.0022688406457377786,0.0022688406457377786,"{""expression_atlas"": 0.011344203228688893}"
CHEMBL1742994,BRENTUXIMAB VEDOTIN,CHEMBL2364161,SINGLE PROTEIN,ENSG00000120949,TNFRSF8,BINDING AGENT,unknown,unknown,unknown,0,0.01372806968377501,0.002745613936755002,0.002745613936755002,"{""expression_atlas"": 0.01372806968377501}"
CHEMBL1742994,BRENTUXIMAB VEDOTIN,CHEMBL2095182,PROTEIN COMPLEX GROUP,ENSG00000137285,TUBB2B,INHIBITOR,inhibit,unknown,unknown,0,0.015263210426171842,0.0030526420852343686,0.0030526420852343686,"{""expression_atlas"": 0.015263210426171842}"
CHEMBL1742994,BRENTUXIMAB VEDOTIN,CHEMBL2095182,PROTEIN COMPLEX GROUP,ENSG00000176014,TUBB6,INHIBITOR,inhibit,unknown,unknown,0,0.009412066797331744,0.001882413359466349,0.001882413359466349,"{""expression_atlas"": 0.009412066797331744}"
CHEMBL1742994,BRENTUXIMAB VEDOTIN,CHEMBL2095182,PROTEIN COMPLEX GROUP,ENSG00000258947,TUBB3,INHIBITOR,inhibit,unknown,unknown,0,0,0.0,0.0,{}
CHEMBL1742996,BRODALUMAB,CHEMBL3580485,SINGLE PROTEIN,ENSG00000177663,IL17RA,ANTAGONIST,inhibit,unknown,unknown,0,0,0.0,0.0,{}
CHEMBL1743007,DARATUMUMAB,CHEMBL4660,SINGLE PROTEIN,ENSG00000004468,CD38,INHIBITOR,inhibit,unknown,unknown,0,0.0426630114817985,0.0085326022963597,0.0085326022963597,"{""expression_atlas"": 0.0426630114817985}"
CHEMBL1743010,ELOTUZUMAB,CHEMBL3559386,SINGLE PROTEIN,ENSG00000026751,SLAMF7,INHIBITOR,inhibit,unknown,unknown,0,0.12456129695675763,0.024912259391351527,0.024912259391351527,"{""expression_atlas"": 0.12456129695675763}"
CHEMBL1743029,IBALIZUMAB,CHEMBL2754,SINGLE PROTEIN,ENSG00000010610,CD4,INHIBITOR,inhibit,unknown,unknown,0,0.036210353204444545,0.007242070640888909,0.007242070640888909,"{""expression_atlas"": 0.036210353204444545}"
CHEMBL1743034,IXEKIZUMAB,CHEMBL3390822,SINGLE PROTEIN,ENSG00000112115,IL17A,INHIBITOR,inhibit,unknown,unknown,0,0.12613103538288142,0.025226207076576287,0.025226207076576287,"{""expression_atlas"": 0.12613103538288142}"
CHEMBL1743035,LEBRIKIZUMAB,CHEMBL3580486,SINGLE PROTEIN,ENSG00000169194,IL13,INHIBITOR,inhibit,unknown,unknown,0.12558738153650506,0.052224351648404374,0.11091477555888493,0.11091477555888493,"{""gwas_credible_sets"": 0.12558738153650506, ""expression_atlas"": 0.052224351648404374}"
CHEMBL1743041,MOGAMULIZUMAB,CHEMBL2414,SINGLE PROTEIN,ENSG00000183813,CCR4,CROSS-LINKING AGENT,unknown,unknown,unknown,0,0.036964286443611875,0.007392857288722375,0.007392857288722375,"{""expression_atlas"": 0.036964286443611875}"
CHEMBL1743043,MOXETUMOMAB PASUDOTOX,CHEMBL3218,SINGLE PROTEIN,ENSG00000012124,CD22,BINDING AGENT,unknown,unknown,unknown,0,0,0.0,0.0,{}
CHEMBL1743047,NECITUMUMAB,CHEMBL203,SINGLE PROTEIN,ENSG00000146648,EGFR,INHIBITOR,inhibit,unknown,unknown,0,0,0.0,0.0,{}
CHEMBL1743048,OBINUTUZUMAB,CHEMBL2058,SINGLE PROTEIN,ENSG00000156738,MS4A1,BINDING AGENT,unknown,unknown,unknown,0,0,0.0,0.0,{}
CHEMBL1743049,OLARATUMAB,CHEMBL2007,SINGLE PROTEIN,ENSG00000134853,PDGFRA,ANTAGONIST,inhibit,unknown,unknown,0,0,0.0,0.0,{}
CHEMBL1743062,RAMUCIRUMAB,CHEMBL279,SINGLE PROTEIN,ENSG00000128052,KDR,INHIBITOR,inhibit,unknown,unknown,0,0.03594573209302677,0.007189146418605354,0.007189146418605354,"{""expression_atlas"": 0.03594573209302677}"
CHEMBL1743068,SECUKINUMAB,CHEMBL3390822,SINGLE PROTEIN,ENSG00000112115,IL17A,INHIBITOR,inhibit,unknown,unknown,0,0.12613103538288142,0.025226207076576287,0.025226207076576287,"{""expression_atlas"": 0.12613103538288142}"
CHEMBL1743070,SILTUXIMAB,CHEMBL1795129,SINGLE PROTEIN,ENSG00000136244,IL6,ANTAGONIST,inhibit,unknown,unknown,0,0.42887186568251356,0.08577437313650271,0.08577437313650271,"{""expression_atlas"": 0.42887186568251356}"
CHEMBL1743073,SOTATERCEPT,CHEMBL3588735,SINGLE PROTEIN,ENSG00000122641,INHBA,INHIBITOR,inhibit,unknown,unknown,0,0.3934010815855883,0.07868021631711766,0.07868021631711766,"{""expression_atlas"": 0.3934010815855883}"
CHEMBL1743078,TEPLIZUMAB,CHEMBL1975,SINGLE PROTEIN,ENSG00000198851,CD3E,OTHER,unknown,unknown,unknown,0,0.011344203228688893,0.0022688406457377786,0.0022688406457377786,"{""expression_atlas"": 0.011344203228688893}"
CHEMBL1743079,TEPROTUMUMAB,CHEMBL1957,SINGLE PROTEIN,ENSG00000140443,IGF1R,ANTAGONIST,inhibit,unknown,unknown,0,0,0.0,0.0,{}
CHEMBL1743081,TRALOKINUMAB,CHEMBL3580486,SINGLE PROTEIN,ENSG00000169194,IL13,INHIBITOR,inhibit,unknown,unknown,0.12558738153650506,0.052224351648404374,0.11091477555888493,0.11091477555888493,"{""gwas_credible_sets"": 0.12558738153650506, ""expression_atlas"": 0.052224351648404374}"
CHEMBL1743082,TRASTUZUMAB EMTANSINE,CHEMBL2095182,PROTEIN COMPLEX GROUP,ENSG00000137285,TUBB2B,INHIBITOR,inhibit,unknown,unknown,0,0.015263210426171842,0.0030526420852343686,0.0030526420852343686,"{""expression_atlas"": 0.015263210426171842}"
CHEMBL1743082,TRASTUZUMAB EMTANSINE,CHEMBL1824,SINGLE PROTEIN,ENSG00000141736,ERBB2,BINDING AGENT,unknown,unknown,unknown,0,0,0.0,0.0,{}
CHEMBL1743082,TRASTUZUMAB EMTANSINE,CHEMBL2095182,PROTEIN COMPLEX GROUP,ENSG00000176014,TUBB6,INHIBITOR,inhibit,unknown,unknown,0,0.009412066797331744,0.001882413359466349,0.001882413359466349,"{""expression_atlas"": 0.009412066797331744}"
CHEMBL1743082,TRASTUZUMAB EMTANSINE,CHEMBL2095182,PROTEIN COMPLEX GROUP,ENSG00000258947,TUBB3,INHIBITOR,inhibit,unknown,unknown,0,0,0.0,0.0,{}
CHEMBL1743087,VEDOLIZUMAB,CHEMBL2095184,PROTEIN COMPLEX,ENSG00000115232,ITGA4,INHIBITOR,inhibit,unknown,unknown,0.8156461598656142,0,0.6525169278924914,0.6525169278924914,"{""gwas_credible_sets"": 0.8156461598656142}"
CHEMBL1743087,VEDOLIZUMAB,CHEMBL2095184,PROTEIN COMPLEX,ENSG00000139626,ITGB7,INHIBITOR,inhibit,unknown,unknown,0,0,0.0,0.0,{}
CHEMBL175,DEXIBUPROFEN,CHEMBL2094253,PROTEIN FAMILY,ENSG00000073756,PTGS2,INHIBITOR,inhibit,unknown,unknown,0,0.400648993476229,0.08012979869524581,0.08012979869524581,"{""expression_atlas"": 0.400648993476229}"
CHEMBL175,DEXIBUPROFEN,CHEMBL2094253,PROTEIN FAMILY,ENSG00000095303,PTGS1,INHIBITOR,inhibit,unknown,unknown,0,0,0.0,0.0,{}
CHEMBL1750,CLOFARABINE,CHEMBL2363042,PROTEIN FAMILY,ENSG00000014138,POLA2,INHIBITOR,inhibit,unknown,unknown,0,0,0.0,0.0,{}
CHEMBL1750,CLOFARABINE,CHEMBL2095215,PROTEIN COMPLEX GROUP,ENSG00000048392,RRM2B,INHIBITOR,inhibit,unknown,unknown,0,0,0.0,0.0,{}
CHEMBL1750,CLOFARABINE,CHEMBL2363042,PROTEIN FAMILY,ENSG00000062822,POLD1,INHIBITOR,inhibit,unknown,unknown,0,0,0.0,0.0,{}
CHEMBL1750,CLOFARABINE,CHEMBL2363042,PROTEIN FAMILY,ENSG00000077514,POLD3,INHIBITOR,inhibit,unknown,unknown,0,0,0.0,0.0,{}
CHEMBL1750,CLOFARABINE,CHEMBL2363042,PROTEIN FAMILY,ENSG00000100479,POLE2,INHIBITOR,inhibit,unknown,unknown,0,0,0.0,0.0,{}
CHEMBL1750,CLOFARABINE,CHEMBL2363042,PROTEIN FAMILY,ENSG00000101868,POLA1,INHIBITOR,inhibit,unknown,unknown,0,0,0.0,0.0,{}
CHEMBL1750,CLOFARABINE,CHEMBL2363042,PROTEIN FAMILY,ENSG00000106628,POLD2,INHIBITOR,inhibit,unknown,unknown,0,0,0.0,0.0,{}
CHEMBL1750,CLOFARABINE,CHEMBL2363042,PROTEIN FAMILY,ENSG00000146143,PRIM2,INHIBITOR,inhibit,unknown,unknown,0,0,0.0,0.0,{}
CHEMBL1750,CLOFARABINE,CHEMBL2363042,PROTEIN FAMILY,ENSG00000148229,POLE3,INHIBITOR,inhibit,unknown,unknown,0,0,0.0,0.0,{}
CHEMBL1750,CLOFARABINE,CHEMBL2095215,PROTEIN COMPLEX GROUP,ENSG00000167325,RRM1,INHIBITOR,inhibit,unknown,unknown,0,0,0.0,0.0,{}
CHEMBL1750,CLOFARABINE,CHEMBL2095215,PROTEIN COMPLEX GROUP,ENSG00000171848,RRM2,INHIBITOR,inhibit,unknown,unknown,0,0.0232370895742308,0.004647417914846161,0.004647417914846161,"{""expression_atlas"": 0.0232370895742308}"
CHEMBL1750,CLOFARABINE,CHEMBL2363042,PROTEIN FAMILY,ENSG00000175482,POLD4,INHIBITOR,inhibit,unknown,unknown,0,0,0.0,0.0,{}
CHEMBL1750,CLOFARABINE,CHEMBL2363042,PROTEIN FAMILY,ENSG00000177084,POLE,INHIBITOR,inhibit,unknown,unknown,0,0,0.0,0.0,{}
CHEMBL1750,CLOFARABINE,CHEMBL2363042,PROTEIN FAMILY,ENSG00000198056,PRIM1,INHIBITOR,inhibit,unknown,unknown,0,0,0.0,0.0,{}
CHEMBL1751,DIGOXIN,CHEMBL2095186,PROTEIN COMPLEX GROUP,ENSG00000018625,ATP1A2,INHIBITOR,inhibit,unknown,unknown,0,0.013958389825520631,0.002791677965104126,0.002791677965104126,"{""expression_atlas"": 0.013958389825520631}"
CHEMBL1752,DYPHYLLINE,CHEMBL2093863,PROTEIN FAMILY,ENSG00000065989,PDE4A,INHIBITOR,inhibit,unknown,unknown,0.23243057389068916,0,0.18594445911255134,0.18594445911255134,"{""gwas_credible_sets"": 0.23243057389068916}"
CHEMBL1752,DYPHYLLINE,CHEMBL2093863,PROTEIN FAMILY,ENSG00000105650,PDE4C,INHIBITOR,inhibit,unknown,unknown,0,0,0.0,0.0,{}
CHEMBL1752,DYPHYLLINE,CHEMBL2093863,PROTEIN FAMILY,ENSG00000113448,PDE4D,INHIBITOR,inhibit,unknown,unknown,0.03502364826196417,0.01635098289812564,0.03128911518919646,0.03128911518919646,"{""gwas_credible_sets"": 0.03502364826196417, ""expression_atlas"": 0.01635098289812564}"
CHEMBL1752,DYPHYLLINE,CHEMBL2093863,PROTEIN FAMILY,ENSG00000184588,PDE4B,INHIBITOR,inhibit,unknown,unknown,0,0.11705336896939017,0.023410673793878036,0.023410673793878036,"{""expression_atlas"": 0.11705336896939017}"
CHEMBL175247,ORLISTAT,CHEMBL1796,SINGLE PROTEIN,ENSG00000182333,LIPF,INHIBITOR,inhibit,unknown,unknown,0,0.01954530937388433,0.0039090618747768665,0.0039090618747768665,"{""expression_atlas"": 0.01954530937388433}"
CHEMBL1754,DOXAPRAM,CHEMBL2321614,SINGLE PROTEIN,ENSG00000169427,KCNK9,BLOCKER,inhibit,unknown,unknown,0,0.04743036485608277,0.009486072971216555,0.009486072971216555,"{""expression_atlas"": 0.04743036485608277}"
CHEMBL1755,CONIVAPTAN,CHEMBL1889,SINGLE PROTEIN,ENSG00000166148,AVPR1A,ANTAGONIST,inhibit,unknown,unknown,0,0.07537526408687396,0.015075052817374793,0.015075052817374793,"{""expression_atlas"": 0.07537526408687396}"
CHEMBL1756,ESTRAMUSTINE PHOSPHATE,CHEMBL242,SINGLE PROTEIN,ENSG00000140009,ESR2,MODULATOR,unknown,unknown,unknown,0,0,0.0,0.0,{}
CHEMBL1760,TERBUTALINE,CHEMBL210,SINGLE PROTEIN,ENSG00000169252,ADRB2,AGONIST,activate,unknown,unknown,0,0,0.0,0.0,{}
CHEMBL1762,TOCAINIDE,CHEMBL2331043,PROTEIN FAMILY,ENSG00000007314,SCN4A,BLOCKER,inhibit,unknown,unknown,0,0.01623682440230527,0.003247364880461054,0.003247364880461054,"{""expression_atlas"": 0.01623682440230527}"
CHEMBL1762,TOCAINIDE,CHEMBL2331043,PROTEIN FAMILY,ENSG00000136546,SCN7A,BLOCKER,inhibit,unknown,unknown,0,0.01258407039414361,0.0025168140788287222,0.0025168140788287222,"{""expression_atlas"": 0.01258407039414361}"
CHEMBL1762,TOCAINIDE,CHEMBL2331043,PROTEIN FAMILY,ENSG00000144285,SCN1A,BLOCKER,inhibit,unknown,unknown,0,0,0.0,0.0,{}
CHEMBL1762,TOCAINIDE,CHEMBL2331043,PROTEIN FAMILY,ENSG00000169432,SCN9A,BLOCKER,inhibit,unknown,unknown,0,0,0.0,0.0,{}
CHEMBL1762,TOCAINIDE,CHEMBL2331043,PROTEIN FAMILY,ENSG00000183873,SCN5A,BLOCKER,inhibit,unknown,unknown,0,0,0.0,0.0,{}
CHEMBL1762,TOCAINIDE,CHEMBL2331043,PROTEIN FAMILY,ENSG00000185313,SCN10A,BLOCKER,inhibit,unknown,unknown,0,0,0.0,0.0,{}
CHEMBL1763,HYDROFLUMETHIAZIDE,CHEMBL1876,SINGLE PROTEIN,ENSG00000070915,SLC12A3,INHIBITOR,inhibit,unknown,unknown,0,0,0.0,0.0,{}
CHEMBL1764,LEVOMEPROMAZINE,CHEMBL2331075,PROTEIN FAMILY,ENSG00000149295,DRD2,ANTAGONIST,inhibit,unknown,unknown,0,0,0.0,0.0,{}
CHEMBL1766,DESOXIMETASONE,CHEMBL2034,SINGLE PROTEIN,ENSG00000113580,NR3C1,AGONIST,activate,unknown,unknown,0,0,0.0,0.0,{}
CHEMBL1770248,ERTUGLIFLOZIN,CHEMBL3884,SINGLE PROTEIN,ENSG00000140675,SLC5A2,INHIBITOR,inhibit,unknown,unknown,0,0.09242272380199619,0.01848454476039924,0.01848454476039924,"{""expression_atlas"": 0.09242272380199619}"
CHEMBL1770916,NIROGACESTAT,CHEMBL2094135,PROTEIN COMPLEX,ENSG00000143801,PSEN2,INHIBITOR,inhibit,unknown,unknown,0.03409342637851452,0,0.02727474110281162,0.02727474110281162,"{""gwas_credible_sets"": 0.03409342637851452}"
CHEMBL1773,CAPECITABINE,CHEMBL1952,SINGLE PROTEIN,ENSG00000176890,TYMS,INHIBITOR,inhibit,unknown,unknown,0,0,0.0,0.0,{}
CHEMBL1779710,EVOGLIPTIN,CHEMBL284,SINGLE PROTEIN,ENSG00000197635,DPP4,INHIBITOR,inhibit,unknown,unknown,0,0.22977806640123927,0.04595561328024786,0.04595561328024786,"{""expression_atlas"": 0.22977806640123927}"
CHEMBL178,DAUNORUBICIN,CHEMBL1806,SINGLE PROTEIN,ENSG00000131747,TOP2A,INHIBITOR,inhibit,unknown,unknown,0,0,0.0,0.0,{}
CHEMBL17860,LOFEXIDINE,CHEMBL2095158,PROTEIN FAMILY,ENSG00000150594,ADRA2A,AGONIST,activate,unknown,unknown,0.21032116470427323,0,0.1682569317634186,0.1682569317634186,"{""gwas_credible_sets"": 0.21032116470427323}"
CHEMBL17860,LOFEXIDINE,CHEMBL2095158,PROTEIN FAMILY,ENSG00000184160,ADRA2C,AGONIST,activate,unknown,unknown,0,0.010920894429482362,0.0021841788858964722,0.0021841788858964722,"{""expression_atlas"": 0.010920894429482362}"
CHEMBL178803,BLONANSERIN,CHEMBL217,SINGLE PROTEIN,ENSG00000149295,DRD2,ANTAGONIST,inhibit,unknown,unknown,0,0,0.0,0.0,{}
CHEMBL1789843,BELIMUMAB,CHEMBL2364158,SINGLE PROTEIN,ENSG00000102524,TNFSF13B,INHIBITOR,inhibit,unknown,unknown,0,0.05852436002605125,0.01170487200521025,0.01170487200521025,"{""expression_atlas"": 0.05852436002605125}"
CHEMBL1789844,IPILIMUMAB,CHEMBL2364164,SINGLE PROTEIN,ENSG00000163599,CTLA4,INHIBITOR,inhibit,unknown,unknown,0.10998115161101653,0.0592072039801044,0.09982636208483411,0.09982636208483411,"{""gwas_credible_sets"": 0.10998115161101653, ""expression_atlas"": 0.0592072039801044}"
CHEMBL1789941,RUXOLITINIB,CHEMBL2971,SINGLE PROTEIN,ENSG00000096968,JAK2,INHIBITOR,inhibit,unknown,unknown,0.8162692203864558,0,0.6530153763091646,0.6530153763091646,"{""gwas_credible_sets"": 0.8162692203864558}"
CHEMBL1789941,RUXOLITINIB,CHEMBL3553,SINGLE PROTEIN,ENSG00000105397,TYK2,INHIBITOR,inhibit,unknown,unknown,0.8618771110824588,0,0.6895016888659671,0.6895016888659671,"{""gwas_credible_sets"": 0.8618771110824588}"
CHEMBL1789941,RUXOLITINIB,CHEMBL2148,SINGLE PROTEIN,ENSG00000105639,JAK3,INHIBITOR,inhibit,unknown,unknown,0,0.03446987100163198,0.006893974200326396,0.006893974200326396,"{""expression_atlas"": 0.03446987100163198}"
CHEMBL1789941,RUXOLITINIB,CHEMBL2835,SINGLE PROTEIN,ENSG00000162434,JAK1,INHIBITOR,inhibit,unknown,unknown,0,0,0.0,0.0,{}
CHEMBL1790041,RANITIDINE,CHEMBL1941,SINGLE PROTEIN,ENSG00000113749,HRH2,ANTAGONIST,inhibit,unknown,unknown,0,0.024422109132747515,0.004884421826549503,0.004884421826549503,"{""expression_atlas"": 0.024422109132747515}"
CHEMBL1795072,ZICONOTIDE ACETATE,CHEMBL4478,SINGLE PROTEIN,ENSG00000148408,CACNA1B,BLOCKER,inhibit,unknown,unknown,0,0,0.0,0.0,{}
CHEMBL18,ETHOXZOLAMIDE,CHEMBL2095180,PROTEIN FAMILY,ENSG00000074410,CA12,INHIBITOR,inhibit,unknown,unknown,0,0.19218888580836518,0.03843777716167304,0.03843777716167304,"{""expression_atlas"": 0.19218888580836518}"
CHEMBL18,ETHOXZOLAMIDE,CHEMBL2095180,PROTEIN FAMILY,ENSG00000104267,CA2,INHIBITOR,inhibit,unknown,unknown,0,0.400706905108295,0.080141381021659,0.080141381021659,"{""expression_atlas"": 0.400706905108295}"
CHEMBL18,ETHOXZOLAMIDE,CHEMBL2095180,PROTEIN FAMILY,ENSG00000107159,CA9,INHIBITOR,inhibit,unknown,unknown,0,0.16029213937184986,0.03205842787436997,0.03205842787436997,"{""expression_atlas"": 0.16029213937184986}"
CHEMBL18,ETHOXZOLAMIDE,CHEMBL2095180,PROTEIN FAMILY,ENSG00000133742,CA1,INHIBITOR,inhibit,unknown,unknown,0,0.2546964728832424,0.050939294576648475,0.050939294576648475,"{""expression_atlas"": 0.2546964728832424}"
CHEMBL18,ETHOXZOLAMIDE,CHEMBL2095180,PROTEIN FAMILY,ENSG00000164879,CA3,INHIBITOR,inhibit,unknown,unknown,0,0.16368363138085312,0.03273672627617063,0.03273672627617063,"{""expression_atlas"": 0.16368363138085312}"
CHEMBL18,ETHOXZOLAMIDE,CHEMBL2095180,PROTEIN FAMILY,ENSG00000167434,CA4,INHIBITOR,inhibit,unknown,unknown,0,0.35468641598343154,0.07093728319668631,0.07093728319668631,"{""expression_atlas"": 0.35468641598343154}"
CHEMBL18,ETHOXZOLAMIDE,CHEMBL2095180,PROTEIN FAMILY,ENSG00000168748,CA7,INHIBITOR,inhibit,unknown,unknown,0,0.13869973749644193,0.02773994749928839,0.02773994749928839,"{""expression_atlas"": 0.13869973749644193}"
CHEMBL18,ETHOXZOLAMIDE,CHEMBL2095180,PROTEIN FAMILY,ENSG00000185015,CA13,INHIBITOR,inhibit,unknown,unknown,0,0.0394892146687646,0.007897842933752921,0.007897842933752921,"{""expression_atlas"": 0.0394892146687646}"
CHEMBL180022,NERATINIB,CHEMBL1824,SINGLE PROTEIN,ENSG00000141736,ERBB2,INHIBITOR,inhibit,unknown,unknown,0,0,0.0,0.0,{}
CHEMBL180022,NERATINIB,CHEMBL203,SINGLE PROTEIN,ENSG00000146648,EGFR,INHIBITOR,inhibit,unknown,unknown,0,0,0.0,0.0,{}
CHEMBL180022,NERATINIB,CHEMBL3009,SINGLE PROTEIN,ENSG00000178568,ERBB4,INHIBITOR,inhibit,unknown,unknown,0,0,0.0,0.0,{}
CHEMBL1808388,BEXAGLIFLOZIN,CHEMBL3884,SINGLE PROTEIN,ENSG00000140675,SLC5A2,INHIBITOR,inhibit,unknown,unknown,0,0.09242272380199619,0.01848454476039924,0.01848454476039924,"{""expression_atlas"": 0.09242272380199619}"
CHEMBL181,DIAZOXIDE,CHEMBL4770,SINGLE PROTEIN,ENSG00000121361,KCNJ8,OPENER,unknown,unknown,unknown,0,0.06953809783372636,0.013907619566745272,0.013907619566745272,"{""expression_atlas"": 0.06953809783372636}"
CHEMBL18116,TOLOXATONE,CHEMBL1951,SINGLE PROTEIN,ENSG00000189221,MAOA,INHIBITOR,inhibit,unknown,unknown,0,0.012838890830001837,0.0025677781660003677,0.0025677781660003677,"{""expression_atlas"": 0.012838890830001837}"
CHEMBL184412,DRONEDARONE,CHEMBL2331043,PROTEIN FAMILY,ENSG00000007314,SCN4A,BLOCKER,inhibit,unknown,unknown,0,0.01623682440230527,0.003247364880461054,0.003247364880461054,"{""expression_atlas"": 0.01623682440230527}"
CHEMBL184412,DRONEDARONE,CHEMBL1914276,SINGLE PROTEIN,ENSG00000123700,KCNJ2,BLOCKER,inhibit,unknown,unknown,0,0.2130504278670666,0.04261008557341332,0.04261008557341332,"{""expression_atlas"": 0.2130504278670666}"
CHEMBL184412,DRONEDARONE,CHEMBL2331043,PROTEIN FAMILY,ENSG00000136546,SCN7A,BLOCKER,inhibit,unknown,unknown,0,0.01258407039414361,0.0025168140788287222,0.0025168140788287222,"{""expression_atlas"": 0.01258407039414361}"
CHEMBL184412,DRONEDARONE,CHEMBL2331043,PROTEIN FAMILY,ENSG00000144285,SCN1A,BLOCKER,inhibit,unknown,unknown,0,0,0.0,0.0,{}
CHEMBL184412,DRONEDARONE,CHEMBL2095229,PROTEIN FAMILY,ENSG00000151067,CACNA1C,BLOCKER,inhibit,unknown,unknown,0,0.011880973060645644,0.002376194612129129,0.002376194612129129,"{""expression_atlas"": 0.011880973060645644}"
CHEMBL184412,DRONEDARONE,CHEMBL2331043,PROTEIN FAMILY,ENSG00000169432,SCN9A,BLOCKER,inhibit,unknown,unknown,0,0,0.0,0.0,{}
CHEMBL184412,DRONEDARONE,CHEMBL2331043,PROTEIN FAMILY,ENSG00000183873,SCN5A,BLOCKER,inhibit,unknown,unknown,0,0,0.0,0.0,{}
CHEMBL184412,DRONEDARONE,CHEMBL2331043,PROTEIN FAMILY,ENSG00000185313,SCN10A,BLOCKER,inhibit,unknown,unknown,0,0,0.0,0.0,{}
CHEMBL18442,PLERIXAFOR,CHEMBL2107,SINGLE PROTEIN,ENSG00000121966,CXCR4,PARTIAL AGONIST,activate,unknown,unknown,0,0.012506971839032812,0.0025013943678065627,0.0025013943678065627,"{""expression_atlas"": 0.012506971839032812}"
CHEMBL185,FLUOROURACIL,CHEMBL1952,SINGLE PROTEIN,ENSG00000176890,TYMS,INHIBITOR,inhibit,unknown,unknown,0,0,0.0,0.0,{}
CHEMBL185073,PANCURONIUM,CHEMBL2362997,PROTEIN COMPLEX GROUP,ENSG00000138435,CHRNA1,ANTAGONIST,inhibit,unknown,unknown,0,0.09508718100227412,0.019017436200454825,0.019017436200454825,"{""expression_atlas"": 0.09508718100227412}"
CHEMBL1852688,INFIGRATINIB,CHEMBL2095217,PROTEIN FAMILY,ENSG00000066468,FGFR2,INHIBITOR,inhibit,unknown,unknown,0,0.02240476975705044,0.004480953951410088,0.004480953951410088,"{""expression_atlas"": 0.02240476975705044}"
CHEMBL1852688,INFIGRATINIB,CHEMBL2095217,PROTEIN FAMILY,ENSG00000068078,FGFR3,INHIBITOR,inhibit,unknown,unknown,0,0.008518873000102881,0.0017037746000205763,0.0017037746000205763,"{""expression_atlas"": 0.008518873000102881}"
CHEMBL1852688,INFIGRATINIB,CHEMBL2095217,PROTEIN FAMILY,ENSG00000077782,FGFR1,INHIBITOR,inhibit,unknown,unknown,0,0.01504934646658357,0.0030098692933167143,0.0030098692933167143,"{""expression_atlas"": 0.01504934646658357}"
CHEMBL1873475,IBRUTINIB,CHEMBL5251,SINGLE PROTEIN,ENSG00000010671,BTK,INHIBITOR,inhibit,unknown,unknown,0,0,0.0,0.0,{}
CHEMBL1888176,TROSPIUM,CHEMBL245,SINGLE PROTEIN,ENSG00000133019,CHRM3,ANTAGONIST,inhibit,unknown,unknown,0,0.04444900036943321,0.008889800073886641,0.008889800073886641,"{""expression_atlas"": 0.04444900036943321}"
CHEMBL1888176,TROSPIUM,CHEMBL211,SINGLE PROTEIN,ENSG00000181072,CHRM2,ANTAGONIST,inhibit,unknown,unknown,0,0.015360851261897956,0.0030721702523795916,0.0030721702523795916,"{""expression_atlas"": 0.015360851261897956}"
CHEMBL189171,ACEMETACIN,CHEMBL2094253,PROTEIN FAMILY,ENSG00000073756,PTGS2,INHIBITOR,inhibit,unknown,unknown,0,0.400648993476229,0.08012979869524581,0.08012979869524581,"{""expression_atlas"": 0.400648993476229}"
CHEMBL189171,ACEMETACIN,CHEMBL2094253,PROTEIN FAMILY,ENSG00000095303,PTGS1,INHIBITOR,inhibit,unknown,unknown,0,0,0.0,0.0,{}
CHEMBL189963,PALBOCICLIB,CHEMBL2111455,PROTEIN COMPLEX,ENSG00000105810,CDK6,INHIBITOR,inhibit,unknown,unknown,0,0,0.0,0.0,{}
CHEMBL189963,PALBOCICLIB,CHEMBL1907601,PROTEIN COMPLEX,ENSG00000110092,CCND1,INHIBITOR,inhibit,unknown,unknown,0,0,0.0,0.0,{}
CHEMBL189963,PALBOCICLIB,CHEMBL2111455,PROTEIN COMPLEX,ENSG00000110092,CCND1,INHIBITOR,inhibit,unknown,unknown,0,0,0.0,0.0,{}
CHEMBL19,METHAZOLAMIDE,CHEMBL205,SINGLE PROTEIN,ENSG00000104267,CA2,INHIBITOR,inhibit,unknown,unknown,0,0.400706905108295,0.080141381021659,0.080141381021659,"{""expression_atlas"": 0.400706905108295}"
CHEMBL19,METHAZOLAMIDE,CHEMBL261,SINGLE PROTEIN,ENSG00000133742,CA1,INHIBITOR,inhibit,unknown,unknown,0,0.2546964728832424,0.050939294576648475,0.050939294576648475,"{""expression_atlas"": 0.2546964728832424}"
CHEMBL19,METHAZOLAMIDE,CHEMBL3729,SINGLE PROTEIN,ENSG00000167434,CA4,INHIBITOR,inhibit,unknown,unknown,0,0.35468641598343154,0.07093728319668631,0.07093728319668631,"{""expression_atlas"": 0.35468641598343154}"
CHEMBL19,METHAZOLAMIDE,CHEMBL2326,SINGLE PROTEIN,ENSG00000168748,CA7,INHIBITOR,inhibit,unknown,unknown,0,0.13869973749644193,0.02773994749928839,0.02773994749928839,"{""expression_atlas"": 0.13869973749644193}"
CHEMBL190,THEOPHYLLINE ANHYDROUS,CHEMBL2093863,PROTEIN FAMILY,ENSG00000065989,PDE4A,INHIBITOR,inhibit,unknown,unknown,0.23243057389068916,0,0.18594445911255134,0.18594445911255134,"{""gwas_credible_sets"": 0.23243057389068916}"
CHEMBL190,THEOPHYLLINE ANHYDROUS,CHEMBL2093863,PROTEIN FAMILY,ENSG00000105650,PDE4C,INHIBITOR,inhibit,unknown,unknown,0,0,0.0,0.0,{}
CHEMBL190,THEOPHYLLINE ANHYDROUS,CHEMBL2093863,PROTEIN FAMILY,ENSG00000113448,PDE4D,INHIBITOR,inhibit,unknown,unknown,0.03502364826196417,0.01635098289812564,0.03128911518919646,0.03128911518919646,"{""gwas_credible_sets"": 0.03502364826196417, ""expression_atlas"": 0.01635098289812564}"
CHEMBL190,THEOPHYLLINE ANHYDROUS,CHEMBL2111329,PROTEIN FAMILY,ENSG00000128271,ADORA2A,ANTAGONIST,inhibit,unknown,unknown,0,0,0.0,0.0,{}
CHEMBL190,THEOPHYLLINE ANHYDROUS,CHEMBL2111329,PROTEIN FAMILY,ENSG00000170425,ADORA2B,ANTAGONIST,inhibit,unknown,unknown,0,0.19327657512943838,0.03865531502588768,0.03865531502588768,"{""expression_atlas"": 0.19327657512943838}"
CHEMBL190,THEOPHYLLINE ANHYDROUS,CHEMBL2093863,PROTEIN FAMILY,ENSG00000184588,PDE4B,INHIBITOR,inhibit,unknown,unknown,0,0.11705336896939017,0.023410673793878036,0.023410673793878036,"{""expression_atlas"": 0.11705336896939017}"
CHEMBL190,THEOPHYLLINE ANHYDROUS,CHEMBL2111329,PROTEIN FAMILY,ENSG00000282608,ADORA3,ANTAGONIST,inhibit,unknown,unknown,0,0.01364113747894439,0.0027282274957888784,0.0027282274957888784,"{""expression_atlas"": 0.01364113747894439}"
CHEMBL1900528,TIOTROPIUM,CHEMBL245,SINGLE PROTEIN,ENSG00000133019,CHRM3,ANTAGONIST,inhibit,unknown,unknown,0,0.04444900036943321,0.008889800073886641,0.008889800073886641,"{""expression_atlas"": 0.04444900036943321}"
CHEMBL19019,NALTREXONE,CHEMBL2095181,PROTEIN FAMILY,ENSG00000082556,OPRK1,ANTAGONIST,inhibit,unknown,unknown,0,0,0.0,0.0,{}
CHEMBL19019,NALTREXONE,CHEMBL2095181,PROTEIN FAMILY,ENSG00000112038,OPRM1,ANTAGONIST,inhibit,unknown,unknown,0,0,0.0,0.0,{}
CHEMBL19019,NALTREXONE,CHEMBL2095181,PROTEIN FAMILY,ENSG00000116329,OPRD1,ANTAGONIST,inhibit,unknown,unknown,0,0,0.0,0.0,{}
CHEMBL190461,CANNABIDIOL,CHEMBL218,SINGLE PROTEIN,ENSG00000118432,CNR1,NEGATIVE ALLOSTERIC MODULATOR,inhibit,unknown,unknown,0,0.017346254648973446,0.0034692509297946893,0.0034692509297946893,"{""expression_atlas"": 0.017346254648973446}"
CHEMBL1908360,EVEROLIMUS,CHEMBL1902,SINGLE PROTEIN,ENSG00000088832,FKBP1A,INHIBITOR,inhibit,unknown,unknown,0,0,0.0,0.0,{}
CHEMBL191,LOSARTAN,CHEMBL227,SINGLE PROTEIN,ENSG00000144891,AGTR1,ANTAGONIST,inhibit,unknown,unknown,0,0,0.0,0.0,{}
CHEMBL191083,METHYLENE BLUE CATION,CHEMBL2111348,PROTEIN COMPLEX GROUP,ENSG00000061918,GUCY1B1,INHIBITOR,inhibit,unknown,unknown,0,0.02378710715980335,0.00475742143196067,0.00475742143196067,"{""expression_atlas"": 0.02378710715980335}"
CHEMBL191083,METHYLENE BLUE CATION,CHEMBL2111348,PROTEIN COMPLEX GROUP,ENSG00000164116,GUCY1A1,INHIBITOR,inhibit,unknown,unknown,0,0.026830306920734504,0.005366061384146901,0.005366061384146901,"{""expression_atlas"": 0.026830306920734504}"
CHEMBL1929396,ANAGLIPTIN,CHEMBL284,SINGLE PROTEIN,ENSG00000197635,DPP4,INHIBITOR,inhibit,unknown,unknown,0,0.22977806640123927,0.04595561328024786,0.04595561328024786,"{""expression_atlas"": 0.22977806640123927}"
CHEMBL19299,LOXOPROFEN,CHEMBL2094253,PROTEIN FAMILY,ENSG00000073756,PTGS2,INHIBITOR,inhibit,unknown,unknown,0,0.400648993476229,0.08012979869524581,0.08012979869524581,"{""expression_atlas"": 0.400648993476229}"
CHEMBL19299,LOXOPROFEN,CHEMBL2094253,PROTEIN FAMILY,ENSG00000095303,PTGS1,INHIBITOR,inhibit,unknown,unknown,0,0,0.0,0.0,{}
CHEMBL193,NIFEDIPINE,CHEMBL2095229,PROTEIN FAMILY,ENSG00000151067,CACNA1C,BLOCKER,inhibit,unknown,unknown,0,0.011880973060645644,0.002376194612129129,0.002376194612129129,"{""expression_atlas"": 0.011880973060645644}"
CHEMBL193240,ROFLUMILAST,CHEMBL2093863,PROTEIN FAMILY,ENSG00000065989,PDE4A,INHIBITOR,inhibit,unknown,unknown,0.23243057389068916,0,0.18594445911255134,0.18594445911255134,"{""gwas_credible_sets"": 0.23243057389068916}"
CHEMBL193240,ROFLUMILAST,CHEMBL2093863,PROTEIN FAMILY,ENSG00000105650,PDE4C,INHIBITOR,inhibit,unknown,unknown,0,0,0.0,0.0,{}
CHEMBL193240,ROFLUMILAST,CHEMBL2093863,PROTEIN FAMILY,ENSG00000113448,PDE4D,INHIBITOR,inhibit,unknown,unknown,0.03502364826196417,0.01635098289812564,0.03128911518919646,0.03128911518919646,"{""gwas_credible_sets"": 0.03502364826196417, ""expression_atlas"": 0.01635098289812564}"
CHEMBL193240,ROFLUMILAST,CHEMBL2093863,PROTEIN FAMILY,ENSG00000184588,PDE4B,INHIBITOR,inhibit,unknown,unknown,0,0.11705336896939017,0.023410673793878036,0.023410673793878036,"{""expression_atlas"": 0.11705336896939017}"
CHEMBL193482,ESTRIOL,CHEMBL2093866,PROTEIN FAMILY,ENSG00000091831,ESR1,MODULATOR,unknown,unknown,unknown,0,0.013323775689022817,0.0026647551378045638,0.0026647551378045638,"{""expression_atlas"": 0.013323775689022817}"
CHEMBL193482,ESTRIOL,CHEMBL2093866,PROTEIN FAMILY,ENSG00000140009,ESR2,MODULATOR,unknown,unknown,unknown,0,0,0.0,0.0,{}
CHEMBL19449,IBUDILAST,CHEMBL2093863,PROTEIN FAMILY,ENSG00000065989,PDE4A,INHIBITOR,inhibit,unknown,unknown,0.23243057389068916,0,0.18594445911255134,0.18594445911255134,"{""gwas_credible_sets"": 0.23243057389068916}"
CHEMBL19449,IBUDILAST,CHEMBL2093863,PROTEIN FAMILY,ENSG00000105650,PDE4C,INHIBITOR,inhibit,unknown,unknown,0,0,0.0,0.0,{}
CHEMBL19449,IBUDILAST,CHEMBL4409,SINGLE PROTEIN,ENSG00000112541,PDE10A,INHIBITOR,inhibit,unknown,unknown,0,0.0496526133472884,0.009930522669457681,0.009930522669457681,"{""expression_atlas"": 0.0496526133472884}"
CHEMBL19449,IBUDILAST,CHEMBL2093863,PROTEIN FAMILY,ENSG00000113448,PDE4D,INHIBITOR,inhibit,unknown,unknown,0.03502364826196417,0.01635098289812564,0.03128911518919646,0.03128911518919646,"{""gwas_credible_sets"": 0.03502364826196417, ""expression_atlas"": 0.01635098289812564}"
CHEMBL19449,IBUDILAST,CHEMBL2093863,PROTEIN FAMILY,ENSG00000184588,PDE4B,INHIBITOR,inhibit,unknown,unknown,0,0.11705336896939017,0.023410673793878036,0.023410673793878036,"{""expression_atlas"": 0.11705336896939017}"
CHEMBL1946170,REGORAFENIB,CHEMBL4142,SINGLE PROTEIN,ENSG00000066468,FGFR2,INHIBITOR,inhibit,unknown,unknown,0,0.02240476975705044,0.004480953951410088,0.004480953951410088,"{""expression_atlas"": 0.02240476975705044}"
CHEMBL1946170,REGORAFENIB,CHEMBL3650,SINGLE PROTEIN,ENSG00000077782,FGFR1,INHIBITOR,inhibit,unknown,unknown,0,0.01504934646658357,0.0030098692933167143,0.0030098692933167143,"{""expression_atlas"": 0.01504934646658357}"
CHEMBL1946170,REGORAFENIB,CHEMBL2095227,PROTEIN FAMILY,ENSG00000102755,FLT1,INHIBITOR,inhibit,unknown,unknown,0,0.03355574308318303,0.0067111486166366065,0.0067111486166366065,"{""expression_atlas"": 0.03355574308318303}"
CHEMBL1946170,REGORAFENIB,CHEMBL2095189,PROTEIN COMPLEX,ENSG00000113721,PDGFRB,INHIBITOR,inhibit,unknown,unknown,0,0.03892155883564756,0.007784311767129512,0.007784311767129512,"{""expression_atlas"": 0.03892155883564756}"
CHEMBL1946170,REGORAFENIB,CHEMBL4128,SINGLE PROTEIN,ENSG00000120156,TEK,INHIBITOR,inhibit,unknown,unknown,0,0.019349376004753276,0.0038698752009506555,0.0038698752009506555,"{""expression_atlas"": 0.019349376004753276}"
CHEMBL1946170,REGORAFENIB,CHEMBL2095227,PROTEIN FAMILY,ENSG00000128052,KDR,INHIBITOR,inhibit,unknown,unknown,0,0.03594573209302677,0.007189146418605354,0.007189146418605354,"{""expression_atlas"": 0.03594573209302677}"
CHEMBL1946170,REGORAFENIB,CHEMBL1906,SINGLE PROTEIN,ENSG00000132155,RAF1,INHIBITOR,inhibit,unknown,unknown,0,0,0.0,0.0,{}
CHEMBL1946170,REGORAFENIB,CHEMBL2095189,PROTEIN COMPLEX,ENSG00000134853,PDGFRA,INHIBITOR,inhibit,unknown,unknown,0,0,0.0,0.0,{}
CHEMBL1946170,REGORAFENIB,CHEMBL1936,SINGLE PROTEIN,ENSG00000157404,KIT,INHIBITOR,inhibit,unknown,unknown,0,0,0.0,0.0,{}
CHEMBL1946170,REGORAFENIB,CHEMBL5145,SINGLE PROTEIN,ENSG00000157764,BRAF,INHIBITOR,inhibit,unknown,unknown,0,0,0.0,0.0,{}
CHEMBL1946170,REGORAFENIB,CHEMBL5122,SINGLE PROTEIN,ENSG00000162733,DDR2,INHIBITOR,inhibit,unknown,unknown,0,0.016968577615606863,0.003393715523121373,0.003393715523121373,"{""expression_atlas"": 0.016968577615606863}"
CHEMBL1946170,REGORAFENIB,CHEMBL2815,SINGLE PROTEIN,ENSG00000198400,NTRK1,INHIBITOR,inhibit,unknown,unknown,0,0.12704082083182408,0.025408164166364818,0.025408164166364818,"{""expression_atlas"": 0.12704082083182408}"
CHEMBL1983268,ENTRECTINIB,CHEMBL3559684,PROTEIN FAMILY,ENSG00000140538,NTRK3,INHIBITOR,inhibit,unknown,unknown,0,0.011153578433341074,0.0022307156866682148,0.0022307156866682148,"{""expression_atlas"": 0.011153578433341074}"
CHEMBL1983268,ENTRECTINIB,CHEMBL3559684,PROTEIN FAMILY,ENSG00000148053,NTRK2,INHIBITOR,inhibit,unknown,unknown,0,0.11308420824023263,0.02261684164804653,0.02261684164804653,"{""expression_atlas"": 0.11308420824023263}"
CHEMBL1983268,ENTRECTINIB,CHEMBL4247,SINGLE PROTEIN,ENSG00000171094,ALK,INHIBITOR,inhibit,unknown,unknown,0,0,0.0,0.0,{}
CHEMBL1983268,ENTRECTINIB,CHEMBL3559684,PROTEIN FAMILY,ENSG00000198400,NTRK1,INHIBITOR,inhibit,unknown,unknown,0,0.12704082083182408,0.025408164166364818,0.025408164166364818,"{""expression_atlas"": 0.12704082083182408}"
CHEMBL198362,RIVAROXABAN,CHEMBL244,SINGLE PROTEIN,ENSG00000126218,F10,INHIBITOR,inhibit,unknown,unknown,0,0,0.0,0.0,{}
CHEMBL2,PRAZOSIN,CHEMBL2094251,PROTEIN FAMILY,ENSG00000170214,ADRA1B,ANTAGONIST,inhibit,unknown,unknown,0,0.09759134661327273,0.019518269322654547,0.019518269322654547,"{""expression_atlas"": 0.09759134661327273}"
CHEMBL2,PRAZOSIN,CHEMBL2094251,PROTEIN FAMILY,ENSG00000171873,ADRA1D,ANTAGONIST,inhibit,unknown,unknown,0,0.025814812794334265,0.005162962558866853,0.005162962558866853,"{""expression_atlas"": 0.025814812794334265}"
CHEMBL20,ACETAZOLAMIDE,CHEMBL3242,SINGLE PROTEIN,ENSG00000074410,CA12,INHIBITOR,inhibit,unknown,unknown,0,0.19218888580836518,0.03843777716167304,0.03843777716167304,"{""expression_atlas"": 0.19218888580836518}"
CHEMBL20,ACETAZOLAMIDE,CHEMBL205,SINGLE PROTEIN,ENSG00000104267,CA2,INHIBITOR,inhibit,unknown,unknown,0,0.400706905108295,0.080141381021659,0.080141381021659,"{""expression_atlas"": 0.400706905108295}"
CHEMBL20,ACETAZOLAMIDE,CHEMBL261,SINGLE PROTEIN,ENSG00000133742,CA1,INHIBITOR,inhibit,unknown,unknown,0,0.2546964728832424,0.050939294576648475,0.050939294576648475,"{""expression_atlas"": 0.2546964728832424}"
CHEMBL20,ACETAZOLAMIDE,CHEMBL3729,SINGLE PROTEIN,ENSG00000167434,CA4,INHIBITOR,inhibit,unknown,unknown,0,0.35468641598343154,0.07093728319668631,0.07093728319668631,"{""expression_atlas"": 0.35468641598343154}"
CHEMBL2005186,BELUMOSUDIL,CHEMBL2111459,PROTEIN FAMILY,ENSG00000067900,ROCK1,INHIBITOR,inhibit,unknown,unknown,0,0,0.0,0.0,{}
CHEMBL2007641,PERTUZUMAB,CHEMBL1824,SINGLE PROTEIN,ENSG00000141736,ERBB2,INHIBITOR,inhibit,unknown,unknown,0,0,0.0,0.0,{}
CHEMBL2010601,IVACAFTOR,CHEMBL4051,SINGLE PROTEIN,ENSG00000001626,CFTR,ACTIVATOR,activate,unknown,unknown,0,0,0.0,0.0,{}
CHEMBL2010601,IVACAFTOR,CHEMBL4051,SINGLE PROTEIN,ENSG00000001626,CFTR,POSITIVE MODULATOR,unknown,unknown,unknown,0,0,0.0,0.0,{}
CHEMBL2018096,IPRAGLIFLOZIN,CHEMBL3884,SINGLE PROTEIN,ENSG00000140675,SLC5A2,INHIBITOR,inhibit,unknown,unknown,0,0.09242272380199619,0.01848454476039924,0.01848454476039924,"{""expression_atlas"": 0.09242272380199619}"
CHEMBL2028019,CARIPRAZINE,CHEMBL217,SINGLE PROTEIN,ENSG00000149295,DRD2,MODULATOR,unknown,unknown,unknown,0,0,0.0,0.0,{}
CHEMBL2028661,AZILSARTAN MEDOXOMIL,CHEMBL227,SINGLE PROTEIN,ENSG00000144891,AGTR1,ANTAGONIST,inhibit,unknown,unknown,0,0,0.0,0.0,{}
CHEMBL2028663,DABRAFENIB,CHEMBL5145,SINGLE PROTEIN,ENSG00000157764,BRAF,INHIBITOR,inhibit,unknown,unknown,0,0,0.0,0.0,{}
CHEMBL2028850,ICATIBANT,CHEMBL3157,SINGLE PROTEIN,ENSG00000168398,BDKRB2,ANTAGONIST,inhibit,unknown,unknown,0,0,0.0,0.0,{}
CHEMBL2035187,PACRITINIB,CHEMBL2971,SINGLE PROTEIN,ENSG00000096968,JAK2,INHIBITOR,inhibit,unknown,unknown,0.8162692203864558,0,0.6530153763091646,0.6530153763091646,"{""gwas_credible_sets"": 0.8162692203864558}"
CHEMBL2035187,PACRITINIB,CHEMBL3357,SINGLE PROTEIN,ENSG00000184216,IRAK1,INHIBITOR,inhibit,unknown,unknown,0,0,0.0,0.0,{}
CHEMBL2040682,CICLESONIDE,CHEMBL2034,SINGLE PROTEIN,ENSG00000113580,NR3C1,AGONIST,activate,unknown,unknown,0,0,0.0,0.0,{}
CHEMBL2048028,LIFITEGRAST,CHEMBL2364172,PROTEIN COMPLEX,ENSG00000005844,ITGAL,ANTAGONIST,inhibit,unknown,unknown,0,0.01961607813325299,0.0039232156266505985,0.0039232156266505985,"{""expression_atlas"": 0.01961607813325299}"
CHEMBL2048028,LIFITEGRAST,CHEMBL2364172,PROTEIN COMPLEX,ENSG00000160255,ITGB2,ANTAGONIST,inhibit,unknown,unknown,0,0.07668286859982681,0.015336573719965364,0.015336573719965364,"{""expression_atlas"": 0.07668286859982681}"
CHEMBL2048484,CANAGLIFLOZIN ANHYDROUS,CHEMBL3884,SINGLE PROTEIN,ENSG00000140675,SLC5A2,INHIBITOR,inhibit,unknown,unknown,0,0.09242272380199619,0.01848454476039924,0.01848454476039924,"{""expression_atlas"": 0.09242272380199619}"
CHEMBL206253,NETUPITANT,CHEMBL249,SINGLE PROTEIN,ENSG00000115353,TACR1,ANTAGONIST,inhibit,unknown,unknown,0,0,0.0,0.0,{}
CHEMBL2070241,BREMELANOTIDE,CHEMBL259,SINGLE PROTEIN,ENSG00000166603,MC4R,AGONIST,activate,unknown,unknown,0,0.015154765073814414,0.003030953014762883,0.003030953014762883,"{""expression_atlas"": 0.015154765073814414}"
CHEMBL207538,BREXANOLONE,CHEMBL2093872,PROTEIN COMPLEX GROUP,ENSG00000094755,GABRP,POSITIVE ALLOSTERIC MODULATOR,activate,unknown,unknown,0,0.07106524621438697,0.014213049242877394,0.014213049242877394,"{""expression_atlas"": 0.07106524621438697}"
CHEMBL207538,BREXANOLONE,CHEMBL2093872,PROTEIN COMPLEX GROUP,ENSG00000102287,GABRE,POSITIVE ALLOSTERIC MODULATOR,activate,unknown,unknown,0,0.01300725293757502,0.002601450587515004,0.002601450587515004,"{""expression_atlas"": 0.01300725293757502}"
CHEMBL207538,BREXANOLONE,CHEMBL2093872,PROTEIN COMPLEX GROUP,ENSG00000109158,GABRA4,POSITIVE ALLOSTERIC MODULATOR,activate,unknown,unknown,0,0.040567960282186954,0.00811359205643739,0.00811359205643739,"{""expression_atlas"": 0.040567960282186954}"
CHEMBL207538,BREXANOLONE,CHEMBL2093872,PROTEIN COMPLEX GROUP,ENSG00000145864,GABRB2,POSITIVE ALLOSTERIC MODULATOR,activate,unknown,unknown,0,0.014994345937037634,0.002998869187407527,0.002998869187407527,"{""expression_atlas"": 0.014994345937037634}"
CHEMBL207538,BREXANOLONE,CHEMBL2093872,PROTEIN COMPLEX GROUP,ENSG00000151834,GABRA2,POSITIVE ALLOSTERIC MODULATOR,activate,unknown,unknown,0,0.0646883705632426,0.01293767411264852,0.01293767411264852,"{""expression_atlas"": 0.0646883705632426}"
CHEMBL207538,BREXANOLONE,CHEMBL2093872,PROTEIN COMPLEX GROUP,ENSG00000163285,GABRG1,POSITIVE ALLOSTERIC MODULATOR,activate,unknown,unknown,0,0.06503253540618377,0.013006507081236754,0.013006507081236754,"{""expression_atlas"": 0.06503253540618377}"
CHEMBL207538,BREXANOLONE,CHEMBL2093872,PROTEIN COMPLEX GROUP,ENSG00000186297,GABRA5,POSITIVE ALLOSTERIC MODULATOR,activate,unknown,unknown,0,0.04015022406741467,0.008030044813482934,0.008030044813482934,"{""expression_atlas"": 0.04015022406741467}"
CHEMBL2079130,VONOPRAZAN,CHEMBL2095173,PROTEIN COMPLEX,ENSG00000105675,ATP4A,INHIBITOR,inhibit,unknown,unknown,0,0,0.0,0.0,{}
CHEMBL2079130,VONOPRAZAN,CHEMBL2095173,PROTEIN COMPLEX,ENSG00000186009,ATP4B,INHIBITOR,inhibit,unknown,unknown,0,0,0.0,0.0,{}
CHEMBL2079587,STANOZOLOL,CHEMBL1871,SINGLE PROTEIN,ENSG00000169083,AR,AGONIST,activate,unknown,unknown,0,0,0.0,0.0,{}
CHEMBL20883,TEGAFUR,CHEMBL1952,SINGLE PROTEIN,ENSG00000176890,TYMS,INHIBITOR,inhibit,unknown,unknown,0,0,0.0,0.0,{}
CHEMBL2095208,COBICISTAT,CHEMBL2364675,PROTEIN FAMILY,ENSG00000106258,CYP3A5,INHIBITOR,inhibit,unknown,unknown,0,0.13712907245482495,0.02742581449096499,0.02742581449096499,"{""expression_atlas"": 0.13712907245482495}"
CHEMBL2095208,COBICISTAT,CHEMBL2364675,PROTEIN FAMILY,ENSG00000160868,CYP3A4,INHIBITOR,inhibit,unknown,unknown,0,0.5562894875790528,0.11125789751581057,0.11125789751581057,"{""expression_atlas"": 0.5562894875790528}"
CHEMBL2095208,COBICISTAT,CHEMBL2364675,PROTEIN FAMILY,ENSG00000160870,CYP3A7,INHIBITOR,inhibit,unknown,unknown,0,0.21835678526938476,0.04367135705387695,0.04367135705387695,"{""expression_atlas"": 0.21835678526938476}"
CHEMBL2095222,OCRIPLASMIN,CHEMBL2364187,PROTEIN COMPLEX GROUP,ENSG00000050555,LAMC3,HYDROLYTIC ENZYME,unknown,unknown,unknown,0,0.37901682744468823,0.07580336548893765,0.07580336548893765,"{""expression_atlas"": 0.37901682744468823}"
CHEMBL2095222,OCRIPLASMIN,CHEMBL2364187,PROTEIN COMPLEX GROUP,ENSG00000053747,LAMA3,HYDROLYTIC ENZYME,unknown,unknown,unknown,0,0,0.0,0.0,{}
CHEMBL2095222,OCRIPLASMIN,CHEMBL2364188,PROTEIN COMPLEX GROUP,ENSG00000060718,COL11A1,HYDROLYTIC ENZYME,unknown,unknown,unknown,0,0,0.0,0.0,{}
CHEMBL2095222,OCRIPLASMIN,CHEMBL2364187,PROTEIN COMPLEX GROUP,ENSG00000091128,LAMB4,HYDROLYTIC ENZYME,unknown,unknown,unknown,0,0.03838491049625186,0.007676982099250372,0.007676982099250372,"{""expression_atlas"": 0.03838491049625186}"
CHEMBL2095222,OCRIPLASMIN,CHEMBL2364187,PROTEIN COMPLEX GROUP,ENSG00000091136,LAMB1,HYDROLYTIC ENZYME,unknown,unknown,unknown,0,0.02308127040738916,0.0046162540814778325,0.0046162540814778325,"{""expression_atlas"": 0.02308127040738916}"
CHEMBL2095222,OCRIPLASMIN,CHEMBL2364187,PROTEIN COMPLEX GROUP,ENSG00000101680,LAMA1,HYDROLYTIC ENZYME,unknown,unknown,unknown,0,0.0898391435087259,0.01796782870174518,0.01796782870174518,"{""expression_atlas"": 0.0898391435087259}"
CHEMBL2095222,OCRIPLASMIN,CHEMBL2364188,PROTEIN COMPLEX GROUP,ENSG00000108821,COL1A1,HYDROLYTIC ENZYME,unknown,unknown,unknown,0,0.23753720015022722,0.04750744003004545,0.04750744003004545,"{""expression_atlas"": 0.23753720015022722}"
CHEMBL2095222,OCRIPLASMIN,CHEMBL2364187,PROTEIN COMPLEX GROUP,ENSG00000112769,LAMA4,HYDROLYTIC ENZYME,unknown,unknown,unknown,0,0.018141992171699654,0.003628398434339931,0.003628398434339931,"{""expression_atlas"": 0.018141992171699654}"
CHEMBL2095222,OCRIPLASMIN,CHEMBL3810,SINGLE PROTEIN,ENSG00000115414,FN1,PROTEOLYTIC ENZYME,unknown,unknown,unknown,0,0.02419249750327104,0.004838499500654209,0.004838499500654209,"{""expression_atlas"": 0.02419249750327104}"
CHEMBL2095222,OCRIPLASMIN,CHEMBL2364187,PROTEIN COMPLEX GROUP,ENSG00000130702,LAMA5,HYDROLYTIC ENZYME,unknown,unknown,unknown,0,0.00877391485680647,0.0017547829713612942,0.0017547829713612942,"{""expression_atlas"": 0.00877391485680647}"
CHEMBL2095222,OCRIPLASMIN,CHEMBL2364188,PROTEIN COMPLEX GROUP,ENSG00000134871,COL4A2,HYDROLYTIC ENZYME,unknown,unknown,unknown,0,0.04057751465440039,0.008115502930880078,0.008115502930880078,"{""expression_atlas"": 0.04057751465440039}"
CHEMBL2095222,OCRIPLASMIN,CHEMBL2364187,PROTEIN COMPLEX GROUP,ENSG00000135862,LAMC1,HYDROLYTIC ENZYME,unknown,unknown,unknown,0,0.02539203170907374,0.005078406341814748,0.005078406341814748,"{""expression_atlas"": 0.02539203170907374}"
CHEMBL2095222,OCRIPLASMIN,CHEMBL2364188,PROTEIN COMPLEX GROUP,ENSG00000139219,COL2A1,HYDROLYTIC ENZYME,unknown,unknown,unknown,0,0.15557041189684034,0.03111408237936807,0.03111408237936807,"{""expression_atlas"": 0.15557041189684034}"
CHEMBL2095222,OCRIPLASMIN,CHEMBL2364188,PROTEIN COMPLEX GROUP,ENSG00000142156,COL6A1,HYDROLYTIC ENZYME,unknown,unknown,unknown,0,0.02249374896634733,0.004498749793269466,0.004498749793269466,"{""expression_atlas"": 0.02249374896634733}"
CHEMBL2095222,OCRIPLASMIN,CHEMBL2364188,PROTEIN COMPLEX GROUP,ENSG00000142173,COL6A2,HYDROLYTIC ENZYME,unknown,unknown,unknown,0,0.009749848626934171,0.0019499697253868343,0.0019499697253868343,"{""expression_atlas"": 0.009749848626934171}"
CHEMBL2095222,OCRIPLASMIN,CHEMBL2364188,PROTEIN COMPLEX GROUP,ENSG00000163359,COL6A3,HYDROLYTIC ENZYME,unknown,unknown,unknown,0,0.045971323676102606,0.009194264735220522,0.009194264735220522,"{""expression_atlas"": 0.045971323676102606}"
CHEMBL2095222,OCRIPLASMIN,CHEMBL2364188,PROTEIN COMPLEX GROUP,ENSG00000164692,COL1A2,HYDROLYTIC ENZYME,unknown,unknown,unknown,0,0.10080892053042859,0.02016178410608572,0.02016178410608572,"{""expression_atlas"": 0.10080892053042859}"
CHEMBL2095222,OCRIPLASMIN,CHEMBL2364188,PROTEIN COMPLEX GROUP,ENSG00000168542,COL3A1,HYDROLYTIC ENZYME,unknown,unknown,unknown,0,0.21578232926692045,0.04315646585338409,0.04315646585338409,"{""expression_atlas"": 0.21578232926692045}"
CHEMBL2095222,OCRIPLASMIN,CHEMBL2364187,PROTEIN COMPLEX GROUP,ENSG00000172037,LAMB2,HYDROLYTIC ENZYME,unknown,unknown,unknown,0,0,0.0,0.0,{}
CHEMBL2095222,OCRIPLASMIN,CHEMBL2364188,PROTEIN COMPLEX GROUP,ENSG00000172752,COL6A5,HYDROLYTIC ENZYME,unknown,unknown,unknown,0,0.009661530924684672,0.0019323061849369346,0.0019323061849369346,"{""expression_atlas"": 0.009661530924684672}"
CHEMBL2095222,OCRIPLASMIN,CHEMBL2364188,PROTEIN COMPLEX GROUP,ENSG00000182871,COL18A1,HYDROLYTIC ENZYME,unknown,unknown,unknown,0,0.10473568307468566,0.020947136614937134,0.020947136614937134,"{""expression_atlas"": 0.10473568307468566}"
CHEMBL2095222,OCRIPLASMIN,CHEMBL2364188,PROTEIN COMPLEX GROUP,ENSG00000187498,COL4A1,HYDROLYTIC ENZYME,unknown,unknown,unknown,0,0.19903880132719082,0.03980776026543817,0.03980776026543817,"{""expression_atlas"": 0.19903880132719082}"
CHEMBL2095222,OCRIPLASMIN,CHEMBL2364188,PROTEIN COMPLEX GROUP,ENSG00000188153,COL4A5,HYDROLYTIC ENZYME,unknown,unknown,unknown,0,0.013788102878868119,0.0027576205757736238,0.0027576205757736238,"{""expression_atlas"": 0.013788102878868119}"
CHEMBL2095222,OCRIPLASMIN,CHEMBL2364187,PROTEIN COMPLEX GROUP,ENSG00000196878,LAMB3,HYDROLYTIC ENZYME,unknown,unknown,unknown,0,0,0.0,0.0,{}
CHEMBL2095222,OCRIPLASMIN,CHEMBL2364188,PROTEIN COMPLEX GROUP,ENSG00000204262,COL5A2,HYDROLYTIC ENZYME,unknown,unknown,unknown,0,0.18564937259448624,0.03712987451889725,0.03712987451889725,"{""expression_atlas"": 0.18564937259448624}"
CHEMBL2095222,OCRIPLASMIN,CHEMBL2364188,PROTEIN COMPLEX GROUP,ENSG00000204291,COL15A1,HYDROLYTIC ENZYME,unknown,unknown,unknown,0,0.09329884263716016,0.018659768527432032,0.018659768527432032,"{""expression_atlas"": 0.09329884263716016}"
CHEMBL2095222,OCRIPLASMIN,CHEMBL2364188,PROTEIN COMPLEX GROUP,ENSG00000206384,COL6A6,HYDROLYTIC ENZYME,unknown,unknown,unknown,0,0.18915695069042124,0.03783139013808425,0.03783139013808425,"{""expression_atlas"": 0.18915695069042124}"
CHEMBL2097081,NITROPRUSSIDE,CHEMBL2111348,PROTEIN COMPLEX GROUP,ENSG00000061918,GUCY1B1,ACTIVATOR,activate,unknown,unknown,0,0.02378710715980335,0.00475742143196067,0.00475742143196067,"{""expression_atlas"": 0.02378710715980335}"
CHEMBL2097081,NITROPRUSSIDE,CHEMBL2111348,PROTEIN COMPLEX GROUP,ENSG00000164116,GUCY1A1,ACTIVATOR,activate,unknown,unknown,0,0.026830306920734504,0.005366061384146901,0.005366061384146901,"{""expression_atlas"": 0.026830306920734504}"
CHEMBL2103758,PRAMLINTIDE,CHEMBL2111189,PROTEIN COMPLEX,ENSG00000132329,RAMP1,AGONIST,activate,unknown,unknown,0,0.052923062894388376,0.010584612578877675,0.010584612578877675,"{""expression_atlas"": 0.052923062894388376}"
CHEMBL2103772,RACECADOTRIL,CHEMBL1944,SINGLE PROTEIN,ENSG00000196549,MME,INHIBITOR,inhibit,unknown,unknown,0,0.2150164029477238,0.043003280589544765,0.043003280589544765,"{""expression_atlas"": 0.2150164029477238}"
CHEMBL2103822,TASIMELTEON,CHEMBL2094268,PROTEIN FAMILY,ENSG00000168412,MTNR1A,AGONIST,activate,unknown,unknown,0,0.03278226895675638,0.0065564537913512765,0.0065564537913512765,"{""expression_atlas"": 0.03278226895675638}"
CHEMBL2103827,DROXIDOPA,CHEMBL2331074,PROTEIN FAMILY,ENSG00000043591,ADRB1,AGONIST,activate,unknown,unknown,0,0.11496556182539755,0.02299311236507951,0.02299311236507951,"{""expression_atlas"": 0.11496556182539755}"
CHEMBL2103827,DROXIDOPA,CHEMBL2331074,PROTEIN FAMILY,ENSG00000150594,ADRA2A,AGONIST,activate,unknown,unknown,0.21032116470427323,0,0.1682569317634186,0.1682569317634186,"{""gwas_credible_sets"": 0.21032116470427323}"
CHEMBL2103827,DROXIDOPA,CHEMBL2331074,PROTEIN FAMILY,ENSG00000169252,ADRB2,AGONIST,activate,unknown,unknown,0,0,0.0,0.0,{}
CHEMBL2103827,DROXIDOPA,CHEMBL2331074,PROTEIN FAMILY,ENSG00000170214,ADRA1B,AGONIST,activate,unknown,unknown,0,0.09759134661327273,0.019518269322654547,0.019518269322654547,"{""expression_atlas"": 0.09759134661327273}"
CHEMBL2103827,DROXIDOPA,CHEMBL2331074,PROTEIN FAMILY,ENSG00000171873,ADRA1D,AGONIST,activate,unknown,unknown,0,0.025814812794334265,0.005162962558866853,0.005162962558866853,"{""expression_atlas"": 0.025814812794334265}"
CHEMBL2103827,DROXIDOPA,CHEMBL2331074,PROTEIN FAMILY,ENSG00000184160,ADRA2C,AGONIST,activate,unknown,unknown,0,0.010920894429482362,0.0021841788858964722,0.0021841788858964722,"{""expression_atlas"": 0.010920894429482362}"
CHEMBL2103830,FOSTAMATINIB,CHEMBL2599,SINGLE PROTEIN,ENSG00000165025,SYK,INHIBITOR,inhibit,unknown,unknown,0,0,0.0,0.0,{}
CHEMBL2103837,TAFAMIDIS,CHEMBL3194,SINGLE PROTEIN,ENSG00000118271,TTR,STABILISER,unknown,unknown,unknown,0,0,0.0,0.0,{}
CHEMBL2103846,ULIPRISTAL,CHEMBL208,SINGLE PROTEIN,ENSG00000082175,PGR,MODULATOR,unknown,unknown,unknown,0,0.01501474225374393,0.003002948450748786,0.003002948450748786,"{""expression_atlas"": 0.01501474225374393}"
CHEMBL2103855,TELOTRISTAT,CHEMBL3831287,PROTEIN FAMILY,ENSG00000129167,TPH1,INHIBITOR,inhibit,unknown,unknown,0,0.011517880907127076,0.0023035761814254154,0.0023035761814254154,"{""expression_atlas"": 0.011517880907127076}"
CHEMBL2103867,PLECANATIDE,CHEMBL1795197,SINGLE PROTEIN,ENSG00000070019,GUCY2C,AGONIST,activate,unknown,unknown,0,0,0.0,0.0,{}
CHEMBL2103870,LUMACAFTOR,CHEMBL4051,SINGLE PROTEIN,ENSG00000001626,CFTR,STABILISER,unknown,unknown,unknown,0,0,0.0,0.0,{}
CHEMBL2103873,MACITENTAN,CHEMBL2096678,PROTEIN FAMILY,ENSG00000136160,EDNRB,ANTAGONIST,inhibit,unknown,unknown,0,0,0.0,0.0,{}
CHEMBL2103873,MACITENTAN,CHEMBL2096678,PROTEIN FAMILY,ENSG00000151617,EDNRA,ANTAGONIST,inhibit,unknown,unknown,0,0.14070996616165257,0.028141993232330517,0.028141993232330517,"{""expression_atlas"": 0.14070996616165257}"
CHEMBL2103875,TRAMETINIB,CHEMBL2111289,PROTEIN FAMILY,ENSG00000169032,MAP2K1,INHIBITOR,inhibit,unknown,unknown,0,0,0.0,0.0,{}
CHEMBL2103875,TRAMETINIB,CHEMBL3587,SINGLE PROTEIN,ENSG00000169032,MAP2K1,INHIBITOR,inhibit,unknown,unknown,0,0,0.0,0.0,{}
CHEMBL2103883,AVATROMBOPAG,CHEMBL1864,SINGLE PROTEIN,ENSG00000117400,MPL,AGONIST,activate,unknown,unknown,0,0,0.0,0.0,{}
CHEMBL2104987,TEDUGLUTIDE,CHEMBL5844,SINGLE PROTEIN,ENSG00000065325,GLP2R,AGONIST,activate,unknown,unknown,0,0,0.0,0.0,{}
CHEMBL2104993,VORTIOXETINE,CHEMBL228,SINGLE PROTEIN,ENSG00000108576,SLC6A4,INHIBITOR,inhibit,unknown,unknown,0,0.4642014225773055,0.09284028451546111,0.09284028451546111,"{""expression_atlas"": 0.4642014225773055}"
CHEMBL2104993,VORTIOXETINE,CHEMBL1899,SINGLE PROTEIN,ENSG00000166736,HTR3A,ANTAGONIST,inhibit,unknown,unknown,0,0.04201014873138331,0.008402029746276662,0.008402029746276662,"{""expression_atlas"": 0.04201014873138331}"
CHEMBL2105395,OSPEMIFENE,CHEMBL2093866,PROTEIN FAMILY,ENSG00000091831,ESR1,MODULATOR,unknown,unknown,unknown,0,0.013323775689022817,0.0026647551378045638,0.0026647551378045638,"{""expression_atlas"": 0.013323775689022817}"
CHEMBL2105395,OSPEMIFENE,CHEMBL2093866,PROTEIN FAMILY,ENSG00000140009,ESR2,MODULATOR,unknown,unknown,unknown,0,0,0.0,0.0,{}
CHEMBL2105695,TELOTRISTAT ETHYL,CHEMBL3831287,PROTEIN FAMILY,ENSG00000129167,TPH1,INHIBITOR,inhibit,unknown,unknown,0,0.011517880907127076,0.0023035761814254154,0.0023035761814254154,"{""expression_atlas"": 0.011517880907127076}"
CHEMBL2105717,CABOZANTINIB,CHEMBL279,SINGLE PROTEIN,ENSG00000128052,KDR,INHIBITOR,inhibit,unknown,unknown,0,0.03594573209302677,0.007189146418605354,0.007189146418605354,"{""expression_atlas"": 0.03594573209302677}"
CHEMBL2105755,NALDEMEDINE,CHEMBL233,SINGLE PROTEIN,ENSG00000112038,OPRM1,ANTAGONIST,inhibit,unknown,unknown,0,0,0.0,0.0,{}
CHEMBL2105759,BARICITINIB,CHEMBL2971,SINGLE PROTEIN,ENSG00000096968,JAK2,INHIBITOR,inhibit,unknown,unknown,0.8162692203864558,0,0.6530153763091646,0.6530153763091646,"{""gwas_credible_sets"": 0.8162692203864558}"
CHEMBL2105759,BARICITINIB,CHEMBL2835,SINGLE PROTEIN,ENSG00000162434,JAK1,INHIBITOR,inhibit,unknown,unknown,0,0,0.0,0.0,{}
CHEMBL2105760,BREXPIPRAZOLE,CHEMBL217,SINGLE PROTEIN,ENSG00000149295,DRD2,PARTIAL AGONIST,activate,unknown,unknown,0,0,0.0,0.0,{}
CHEMBL2105762,OMARIGLIPTIN,CHEMBL284,SINGLE PROTEIN,ENSG00000197635,DPP4,INHIBITOR,inhibit,unknown,unknown,0,0.22977806640123927,0.04595561328024786,0.04595561328024786,"{""expression_atlas"": 0.22977806640123927}"
CHEMBL2105842,CORTIVAZOL,CHEMBL2034,SINGLE PROTEIN,ENSG00000113580,NR3C1,AGONIST,activate,unknown,unknown,0,0,0.0,0.0,{}
CHEMBL2107067,TESTOSTERONE UNDECANOATE,CHEMBL1871,SINGLE PROTEIN,ENSG00000169083,AR,AGONIST,activate,unknown,unknown,0,0,0.0,0.0,{}
CHEMBL2107360,PALIPERIDONE PALMITATE,CHEMBL217,SINGLE PROTEIN,ENSG00000149295,DRD2,ANTAGONIST,inhibit,unknown,unknown,0,0,0.0,0.0,{}
CHEMBL2107797,NORGESTREL,CHEMBL208,SINGLE PROTEIN,ENSG00000082175,PGR,AGONIST,activate,unknown,unknown,0,0.01501474225374393,0.003002948450748786,0.003002948450748786,"{""expression_atlas"": 0.01501474225374393}"
CHEMBL2107830,EMPAGLIFLOZIN,CHEMBL3884,SINGLE PROTEIN,ENSG00000140675,SLC5A2,INHIBITOR,inhibit,unknown,unknown,0,0.09242272380199619,0.01848454476039924,0.01848454476039924,"{""expression_atlas"": 0.09242272380199619}"
CHEMBL2107831,LUSUTROMBOPAG,CHEMBL1864,SINGLE PROTEIN,ENSG00000117400,MPL,AGONIST,activate,unknown,unknown,0,0,0.0,0.0,{}
CHEMBL2107834,RIOCIGUAT,CHEMBL2111348,PROTEIN COMPLEX GROUP,ENSG00000061918,GUCY1B1,POSITIVE ALLOSTERIC MODULATOR,activate,unknown,unknown,0,0.02378710715980335,0.00475742143196067,0.00475742143196067,"{""expression_atlas"": 0.02378710715980335}"
CHEMBL2107834,RIOCIGUAT,CHEMBL2111348,PROTEIN COMPLEX GROUP,ENSG00000164116,GUCY1A1,POSITIVE ALLOSTERIC MODULATOR,activate,unknown,unknown,0,0.026830306920734504,0.005366061384146901,0.005366061384146901,"{""expression_atlas"": 0.026830306920734504}"
CHEMBL2107841,ALBIGLUTIDE,CHEMBL1784,SINGLE PROTEIN,ENSG00000112164,GLP1R,AGONIST,activate,unknown,unknown,0,0,0.0,0.0,{}
CHEMBL2107857,METRELEPTIN,CHEMBL5913,SINGLE PROTEIN,ENSG00000116678,LEPR,AGONIST,activate,unknown,unknown,0,0,0.0,0.0,{}
CHEMBL2107873,VONICOG ALFA,CHEMBL2021748,SINGLE PROTEIN,ENSG00000110799,VWF,EXOGENOUS PROTEIN,unknown,unknown,unknown,0.33195960480490044,0.21207382378926448,0.30798244860177326,0.30798244860177326,"{""gwas_credible_sets"": 0.33195960480490044, ""expression_atlas"": 0.21207382378926448}"
CHEMBL2107874,ROMOSOZUMAB,CHEMBL3580487,SINGLE PROTEIN,ENSG00000167941,SOST,INHIBITOR,inhibit,unknown,unknown,0,0,0.0,0.0,{}
CHEMBL2107884,RESLIZUMAB,CHEMBL1169600,SINGLE PROTEIN,ENSG00000113525,IL5,INHIBITOR,inhibit,unknown,unknown,0.2021214821554497,0,0.16169718572435976,0.16169718572435976,"{""gwas_credible_sets"": 0.2021214821554497}"
CHEMBL2107885,RETEPLASE,CHEMBL1873,SINGLE PROTEIN,ENSG00000104368,PLAT,EXOGENOUS PROTEIN,unknown,unknown,unknown,0,0,0.0,0.0,{}
CHEMBL2108027,DULAGLUTIDE,CHEMBL1784,SINGLE PROTEIN,ENSG00000112164,GLP1R,AGONIST,activate,unknown,unknown,0,0,0.0,0.0,{}
CHEMBL2108041,OCRELIZUMAB,CHEMBL2058,SINGLE PROTEIN,ENSG00000156738,MS4A1,BINDING AGENT,unknown,unknown,unknown,0,0,0.0,0.0,{}
CHEMBL2108081,TRAFERMIN,CHEMBL4142,SINGLE PROTEIN,ENSG00000066468,FGFR2,AGONIST,activate,unknown,unknown,0,0.02240476975705044,0.004480953951410088,0.004480953951410088,"{""expression_atlas"": 0.02240476975705044}"
CHEMBL2108147,STREPTOKINASE,CHEMBL1801,SINGLE PROTEIN,ENSG00000122194,PLG,ACTIVATOR,activate,unknown,unknown,0,0,0.0,0.0,{}
CHEMBL2108175,HUMAN COAGULATION FACTOR VIII,CHEMBL3143,SINGLE PROTEIN,ENSG00000185010,F8,EXOGENOUS PROTEIN,unknown,unknown,unknown,0,0,0.0,0.0,{}
CHEMBL2108184,CROFELEMER,CHEMBL4051,SINGLE PROTEIN,ENSG00000001626,CFTR,INHIBITOR,inhibit,unknown,unknown,0,0,0.0,0.0,{}
CHEMBL2108185,CORIFOLLITROPIN ALFA,CHEMBL2024,SINGLE PROTEIN,ENSG00000170820,FSHR,AGONIST,activate,unknown,unknown,0.2501426920084372,0,0.20011415360674978,0.20011415360674978,"{""gwas_credible_sets"": 0.2501426920084372}"
CHEMBL2108250,ANISTREPLASE,CHEMBL1801,SINGLE PROTEIN,ENSG00000122194,PLG,ACTIVATOR,activate,unknown,unknown,0,0,0.0,0.0,{}
CHEMBL2108253,ARCITUMOMAB,CHEMBL3712881,SINGLE PROTEIN,ENSG00000105388,CEACAM5,BINDING AGENT,unknown,unknown,unknown,0,0.33671150267427025,0.06734230053485406,0.06734230053485406,"{""expression_atlas"": 0.33671150267427025}"
CHEMBL2108282,CATRIDECACOG,CHEMBL4530,SINGLE PROTEIN,ENSG00000124491,F13A1,EXOGENOUS PROTEIN,unknown,unknown,unknown,0,0,0.0,0.0,{}
CHEMBL2108286,TUROCTOCOG ALFA,CHEMBL3143,SINGLE PROTEIN,ENSG00000185010,F8,EXOGENOUS PROTEIN,unknown,unknown,unknown,0,0,0.0,0.0,{}
CHEMBL2108319,SIMOCTOCOG ALFA,CHEMBL3143,SINGLE PROTEIN,ENSG00000185010,F8,EXOGENOUS PROTEIN,unknown,unknown,unknown,0,0,0.0,0.0,{}
CHEMBL2108334,EPTACOG ALFA (ACTIVATED),CHEMBL3991,SINGLE PROTEIN,ENSG00000057593,F7,EXOGENOUS PROTEIN,unknown,unknown,unknown,0,0.1122400315111551,0.02244800630223102,0.02244800630223102,"{""expression_atlas"": 0.1122400315111551}"
CHEMBL2108336,LIXISENATIDE,CHEMBL1784,SINGLE PROTEIN,ENSG00000112164,GLP1R,AGONIST,activate,unknown,unknown,0,0,0.0,0.0,{}
CHEMBL2108350,CONESTAT ALFA,CHEMBL5305024,SINGLE PROTEIN,ENSG00000149131,SERPING1,EXOGENOUS PROTEIN,unknown,unknown,unknown,0,0.05362471514050852,0.010724943028101704,0.010724943028101704,"{""expression_atlas"": 0.05362471514050852}"
CHEMBL2108354,UBLITUXIMAB,CHEMBL2058,SINGLE PROTEIN,ENSG00000156738,MS4A1,BINDING AGENT,unknown,unknown,unknown,0,0,0.0,0.0,{}
CHEMBL2108427,MENOTROPINS,CHEMBL2024,SINGLE PROTEIN,ENSG00000170820,FSHR,AGONIST,activate,unknown,unknown,0.2501426920084372,0,0.20011415360674978,0.20011415360674978,"{""gwas_credible_sets"": 0.2501426920084372}"
CHEMBL2108429,MEPOLIZUMAB,CHEMBL1169600,SINGLE PROTEIN,ENSG00000113525,IL5,INHIBITOR,inhibit,unknown,unknown,0.2021214821554497,0,0.16169718572435976,0.16169718572435976,"{""gwas_credible_sets"": 0.2021214821554497}"
CHEMBL2108508,INTERFERON ALFA-2A,CHEMBL2364170,PROTEIN COMPLEX,ENSG00000142166,IFNAR1,AGONIST,activate,unknown,unknown,0,0,0.0,0.0,{}
CHEMBL2108508,INTERFERON ALFA-2A,CHEMBL2364170,PROTEIN COMPLEX,ENSG00000159110,IFNAR2,AGONIST,activate,unknown,unknown,0,0,0.0,0.0,{}
CHEMBL2108581,CATUMAXOMAB,CHEMBL3580493,SINGLE PROTEIN,ENSG00000119888,EPCAM,CROSS-LINKING AGENT,unknown,unknown,unknown,0,0,0.0,0.0,{}
CHEMBL2108581,CATUMAXOMAB,CHEMBL2364168,PROTEIN COMPLEX,ENSG00000160654,CD3G,CROSS-LINKING AGENT,unknown,unknown,unknown,0,0.015863723054047433,0.0031727446108094867,0.0031727446108094867,"{""expression_atlas"": 0.015863723054047433}"
CHEMBL2108581,CATUMAXOMAB,CHEMBL2364168,PROTEIN COMPLEX,ENSG00000167286,CD3D,CROSS-LINKING AGENT,unknown,unknown,unknown,0,0.015154885479866145,0.003030977095973229,0.003030977095973229,"{""expression_atlas"": 0.015154885479866145}"
CHEMBL2108581,CATUMAXOMAB,CHEMBL2364168,PROTEIN COMPLEX,ENSG00000198851,CD3E,CROSS-LINKING AGENT,unknown,unknown,unknown,0,0.011344203228688893,0.0022688406457377786,0.0022688406457377786,"{""expression_atlas"": 0.011344203228688893}"
CHEMBL2108594,EPTOTERMIN ALFA,CHEMBL5476,SINGLE PROTEIN,ENSG00000138696,BMPR1B,AGONIST,activate,unknown,unknown,0,0.024692411577541335,0.004938482315508267,0.004938482315508267,"{""expression_atlas"": 0.024692411577541335}"
CHEMBL2108611,INOTUZUMAB OZOGAMICIN,CHEMBL3218,SINGLE PROTEIN,ENSG00000012124,CD22,BINDING AGENT,unknown,unknown,unknown,0,0,0.0,0.0,{}
CHEMBL2108658,TREMELIMUMAB,CHEMBL2364164,SINGLE PROTEIN,ENSG00000163599,CTLA4,INHIBITOR,inhibit,unknown,unknown,0.10998115161101653,0.0592072039801044,0.09982636208483411,0.09982636208483411,"{""gwas_credible_sets"": 0.10998115161101653, ""expression_atlas"": 0.0592072039801044}"
CHEMBL2108667,YTTRIUM Y 90 IBRITUMOMAB TIUXETAN,CHEMBL2058,SINGLE PROTEIN,ENSG00000156738,MS4A1,BINDING AGENT,unknown,unknown,unknown,0,0,0.0,0.0,{}
CHEMBL2108675,DUPILUMAB,CHEMBL3580490,SINGLE PROTEIN,ENSG00000077238,IL4R,ANTAGONIST,inhibit,unknown,unknown,0.04057336408957546,0.0665555017198821,0.04576979161563679,0.04576979161563679,"{""gwas_credible_sets"": 0.04057336408957546, ""expression_atlas"": 0.0665555017198821}"
CHEMBL2108677,PEGINTERFERON BETA-1A,CHEMBL2364170,PROTEIN COMPLEX,ENSG00000142166,IFNAR1,AGONIST,activate,unknown,unknown,0,0,0.0,0.0,{}
CHEMBL2108677,PEGINTERFERON BETA-1A,CHEMBL2364170,PROTEIN COMPLEX,ENSG00000159110,IFNAR2,AGONIST,activate,unknown,unknown,0,0,0.0,0.0,{}
CHEMBL2108681,TILDRAKIZUMAB,CHEMBL2364154,PROTEIN COMPLEX,ENSG00000110944,IL23A,INHIBITOR,inhibit,unknown,unknown,0,0.04346988110355612,0.008693976220711224,0.008693976220711224,"{""expression_atlas"": 0.04346988110355612}"
CHEMBL2108681,TILDRAKIZUMAB,CHEMBL2364154,PROTEIN COMPLEX,ENSG00000113302,IL12B,INHIBITOR,inhibit,unknown,unknown,0.9248409926037888,0,0.7398727940830311,0.7398727940830311,"{""gwas_credible_sets"": 0.9248409926037888}"
CHEMBL2108702,IMETELSTAT SODIUM,CHEMBL2916,SINGLE PROTEIN,ENSG00000164362,TERT,INHIBITOR,inhibit,unknown,unknown,0,0,0.0,0.0,{}
CHEMBL2108709,COLLAGENASE CLOSTRIDIUM HISTOLYTICUM,CHEMBL2364188,PROTEIN COMPLEX GROUP,ENSG00000060718,COL11A1,HYDROLYTIC ENZYME,unknown,unknown,unknown,0,0,0.0,0.0,{}
CHEMBL2108709,COLLAGENASE CLOSTRIDIUM HISTOLYTICUM,CHEMBL2364188,PROTEIN COMPLEX GROUP,ENSG00000108821,COL1A1,HYDROLYTIC ENZYME,unknown,unknown,unknown,0,0.23753720015022722,0.04750744003004545,0.04750744003004545,"{""expression_atlas"": 0.23753720015022722}"
CHEMBL2108709,COLLAGENASE CLOSTRIDIUM HISTOLYTICUM,CHEMBL2364188,PROTEIN COMPLEX GROUP,ENSG00000134871,COL4A2,HYDROLYTIC ENZYME,unknown,unknown,unknown,0,0.04057751465440039,0.008115502930880078,0.008115502930880078,"{""expression_atlas"": 0.04057751465440039}"
CHEMBL2108709,COLLAGENASE CLOSTRIDIUM HISTOLYTICUM,CHEMBL2364188,PROTEIN COMPLEX GROUP,ENSG00000139219,COL2A1,HYDROLYTIC ENZYME,unknown,unknown,unknown,0,0.15557041189684034,0.03111408237936807,0.03111408237936807,"{""expression_atlas"": 0.15557041189684034}"
CHEMBL2108709,COLLAGENASE CLOSTRIDIUM HISTOLYTICUM,CHEMBL2364188,PROTEIN COMPLEX GROUP,ENSG00000142156,COL6A1,HYDROLYTIC ENZYME,unknown,unknown,unknown,0,0.02249374896634733,0.004498749793269466,0.004498749793269466,"{""expression_atlas"": 0.02249374896634733}"
CHEMBL2108709,COLLAGENASE CLOSTRIDIUM HISTOLYTICUM,CHEMBL2364188,PROTEIN COMPLEX GROUP,ENSG00000142173,COL6A2,HYDROLYTIC ENZYME,unknown,unknown,unknown,0,0.009749848626934171,0.0019499697253868343,0.0019499697253868343,"{""expression_atlas"": 0.009749848626934171}"
CHEMBL2108709,COLLAGENASE CLOSTRIDIUM HISTOLYTICUM,CHEMBL2364188,PROTEIN COMPLEX GROUP,ENSG00000163359,COL6A3,HYDROLYTIC ENZYME,unknown,unknown,unknown,0,0.045971323676102606,0.009194264735220522,0.009194264735220522,"{""expression_atlas"": 0.045971323676102606}"
CHEMBL2108709,COLLAGENASE CLOSTRIDIUM HISTOLYTICUM,CHEMBL2364188,PROTEIN COMPLEX GROUP,ENSG00000164692,COL1A2,HYDROLYTIC ENZYME,unknown,unknown,unknown,0,0.10080892053042859,0.02016178410608572,0.02016178410608572,"{""expression_atlas"": 0.10080892053042859}"
CHEMBL2108709,COLLAGENASE CLOSTRIDIUM HISTOLYTICUM,CHEMBL2364188,PROTEIN COMPLEX GROUP,ENSG00000168542,COL3A1,HYDROLYTIC ENZYME,unknown,unknown,unknown,0,0.21578232926692045,0.04315646585338409,0.04315646585338409,"{""expression_atlas"": 0.21578232926692045}"
CHEMBL2108709,COLLAGENASE CLOSTRIDIUM HISTOLYTICUM,CHEMBL2364188,PROTEIN COMPLEX GROUP,ENSG00000172752,COL6A5,HYDROLYTIC ENZYME,unknown,unknown,unknown,0,0.009661530924684672,0.0019323061849369346,0.0019323061849369346,"{""expression_atlas"": 0.009661530924684672}"
CHEMBL2108709,COLLAGENASE CLOSTRIDIUM HISTOLYTICUM,CHEMBL2364188,PROTEIN COMPLEX GROUP,ENSG00000182871,COL18A1,HYDROLYTIC ENZYME,unknown,unknown,unknown,0,0.10473568307468566,0.020947136614937134,0.020947136614937134,"{""expression_atlas"": 0.10473568307468566}"
CHEMBL2108709,COLLAGENASE CLOSTRIDIUM HISTOLYTICUM,CHEMBL2364188,PROTEIN COMPLEX GROUP,ENSG00000187498,COL4A1,HYDROLYTIC ENZYME,unknown,unknown,unknown,0,0.19903880132719082,0.03980776026543817,0.03980776026543817,"{""expression_atlas"": 0.19903880132719082}"
CHEMBL2108709,COLLAGENASE CLOSTRIDIUM HISTOLYTICUM,CHEMBL2364188,PROTEIN COMPLEX GROUP,ENSG00000188153,COL4A5,HYDROLYTIC ENZYME,unknown,unknown,unknown,0,0.013788102878868119,0.0027576205757736238,0.0027576205757736238,"{""expression_atlas"": 0.013788102878868119}"
CHEMBL2108709,COLLAGENASE CLOSTRIDIUM HISTOLYTICUM,CHEMBL2364188,PROTEIN COMPLEX GROUP,ENSG00000204262,COL5A2,HYDROLYTIC ENZYME,unknown,unknown,unknown,0,0.18564937259448624,0.03712987451889725,0.03712987451889725,"{""expression_atlas"": 0.18564937259448624}"
CHEMBL2108709,COLLAGENASE CLOSTRIDIUM HISTOLYTICUM,CHEMBL2364188,PROTEIN COMPLEX GROUP,ENSG00000204291,COL15A1,HYDROLYTIC ENZYME,unknown,unknown,unknown,0,0.09329884263716016,0.018659768527432032,0.018659768527432032,"{""expression_atlas"": 0.09329884263716016}"
CHEMBL2108709,COLLAGENASE CLOSTRIDIUM HISTOLYTICUM,CHEMBL2364188,PROTEIN COMPLEX GROUP,ENSG00000206384,COL6A6,HYDROLYTIC ENZYME,unknown,unknown,unknown,0,0.18915695069042124,0.03783139013808425,0.03783139013808425,"{""expression_atlas"": 0.18915695069042124}"
CHEMBL2108724,SEMAGLUTIDE,CHEMBL1784,SINGLE PROTEIN,ENSG00000112164,GLP1R,AGONIST,activate,unknown,unknown,0,0,0.0,0.0,{}
CHEMBL2108730,SARILUMAB,CHEMBL2364155,SINGLE PROTEIN,ENSG00000160712,IL6R,ANTAGONIST,inhibit,unknown,unknown,0.6001553841847747,0,0.48012430734781975,0.48012430734781975,"{""gwas_credible_sets"": 0.6001553841847747}"
CHEMBL2108738,NIVOLUMAB,CHEMBL3307223,SINGLE PROTEIN,ENSG00000188389,PDCD1,INHIBITOR,inhibit,unknown,unknown,0,0,0.0,0.0,{}
CHEMBL2108791,TENECTEPLASE,CHEMBL1873,SINGLE PROTEIN,ENSG00000104368,PLAT,EXOGENOUS PROTEIN,unknown,unknown,unknown,0,0,0.0,0.0,{}
CHEMBL2109036,IGOVOMAB,CHEMBL3580482,SINGLE PROTEIN,ENSG00000181143,MUC16,BINDING AGENT,unknown,unknown,unknown,0,0.20669647118795115,0.04133929423759023,0.04133929423759023,"{""expression_atlas"": 0.20669647118795115}"
CHEMBL2109047,INTERFERON ALFA-N3,CHEMBL2364170,PROTEIN COMPLEX,ENSG00000142166,IFNAR1,AGONIST,activate,unknown,unknown,0,0,0.0,0.0,{}
CHEMBL2109047,INTERFERON ALFA-N3,CHEMBL2364170,PROTEIN COMPLEX,ENSG00000159110,IFNAR2,AGONIST,activate,unknown,unknown,0,0,0.0,0.0,{}
CHEMBL2109128,LENOGRASTIM,CHEMBL1996,SINGLE PROTEIN,ENSG00000119535,CSF3R,AGONIST,activate,unknown,unknown,0,0.3580517355813792,0.07161034711627584,0.07161034711627584,"{""expression_atlas"": 0.3580517355813792}"
CHEMBL2109137,MOROCTOCOG ALFA,CHEMBL3143,SINGLE PROTEIN,ENSG00000185010,F8,EXOGENOUS PROTEIN,unknown,unknown,unknown,0,0,0.0,0.0,{}
CHEMBL2109171,DIBOTERMIN ALFA,CHEMBL5476,SINGLE PROTEIN,ENSG00000138696,BMPR1B,AGONIST,activate,unknown,unknown,0,0.024692411577541335,0.004938482315508267,0.004938482315508267,"{""expression_atlas"": 0.024692411577541335}"
CHEMBL2109204,NADROPARIN CALCIUM,CHEMBL1950,SINGLE PROTEIN,ENSG00000117601,SERPINC1,ACTIVATOR,activate,unknown,unknown,0,0,0.0,0.0,{}
CHEMBL2109334,INEBILIZUMAB,CHEMBL3390821,SINGLE PROTEIN,ENSG00000177455,CD19,BINDING AGENT,unknown,unknown,unknown,0,0,0.0,0.0,{}
CHEMBL2109427,ZOLBETUXIMAB,CHEMBL3712859,SINGLE PROTEIN,ENSG00000066405,CLDN18,BINDING AGENT,unknown,unknown,unknown,0,0.15860500653808535,0.03172100130761707,0.03172100130761707,"{""expression_atlas"": 0.15860500653808535}"
CHEMBL2109540,ALIROCUMAB,CHEMBL2929,SINGLE PROTEIN,ENSG00000169174,PCSK9,INHIBITOR,inhibit,unknown,unknown,0,0.13820302614777585,0.027640605229555172,0.027640605229555172,"{""expression_atlas"": 0.13820302614777585}"
CHEMBL2109624,CAPLACIZUMAB,CHEMBL2021748,SINGLE PROTEIN,ENSG00000110799,VWF,INHIBITOR,inhibit,unknown,unknown,0.33195960480490044,0.21207382378926448,0.30798244860177326,0.30798244860177326,"{""gwas_credible_sets"": 0.33195960480490044, ""expression_atlas"": 0.21207382378926448}"
CHEMBL2110572,TECHNETIUM SUCCIMER,CHEMBL4295690,SINGLE PROTEIN,ENSG00000175899,A2M,BINDING AGENT,unknown,unknown,unknown,0,0.010003136614613224,0.002000627322922645,0.002000627322922645,"{""expression_atlas"": 0.010003136614613224}"
CHEMBL2110725,VINFLUNINE,CHEMBL2095182,PROTEIN COMPLEX GROUP,ENSG00000137285,TUBB2B,INHIBITOR,inhibit,unknown,unknown,0,0.015263210426171842,0.0030526420852343686,0.0030526420852343686,"{""expression_atlas"": 0.015263210426171842}"
CHEMBL2110725,VINFLUNINE,CHEMBL2095182,PROTEIN COMPLEX GROUP,ENSG00000176014,TUBB6,INHIBITOR,inhibit,unknown,unknown,0,0.009412066797331744,0.001882413359466349,0.001882413359466349,"{""expression_atlas"": 0.009412066797331744}"
CHEMBL2110725,VINFLUNINE,CHEMBL2095182,PROTEIN COMPLEX GROUP,ENSG00000258947,TUBB3,INHIBITOR,inhibit,unknown,unknown,0,0,0.0,0.0,{}
CHEMBL2110731,TOFOGLIFLOZIN ANHYDROUS,CHEMBL3884,SINGLE PROTEIN,ENSG00000140675,SLC5A2,INHIBITOR,inhibit,unknown,unknown,0,0.09242272380199619,0.01848454476039924,0.01848454476039924,"{""expression_atlas"": 0.09242272380199619}"
CHEMBL2110732,DACOMITINIB ANHYDROUS,CHEMBL1824,SINGLE PROTEIN,ENSG00000141736,ERBB2,INHIBITOR,inhibit,unknown,unknown,0,0,0.0,0.0,{}
CHEMBL2110732,DACOMITINIB ANHYDROUS,CHEMBL203,SINGLE PROTEIN,ENSG00000146648,EGFR,INHIBITOR,inhibit,unknown,unknown,0,0,0.0,0.0,{}
CHEMBL2110732,DACOMITINIB ANHYDROUS,CHEMBL3009,SINGLE PROTEIN,ENSG00000178568,ERBB4,INHIBITOR,inhibit,unknown,unknown,0,0,0.0,0.0,{}
CHEMBL2110774,CHLORPHENOXAMINE,CHEMBL231,SINGLE PROTEIN,ENSG00000196639,HRH1,ANTAGONIST,inhibit,unknown,unknown,0,0,0.0,0.0,{}
CHEMBL2111097,LEVAMLODIPINE,CHEMBL2095229,PROTEIN FAMILY,ENSG00000151067,CACNA1C,BLOCKER,inhibit,unknown,unknown,0,0.011880973060645644,0.002376194612129129,0.002376194612129129,"{""expression_atlas"": 0.011880973060645644}"
CHEMBL2111100,MIFAMURTIDE ACID,CHEMBL1293266,SINGLE PROTEIN,ENSG00000167207,NOD2,OTHER,unknown,activate,unknown,0.9432615475464939,0.13755176419601767,0.7821195908763987,0.7821195908763987,"{""gwas_credible_sets"": 0.9432615475464939, ""eva"": 0.8950134356765839, ""gene_burden"": 0.8283875242775275, ""expression_atlas"": 0.13755176419601767}"
CHEMBL2111112,VERNAKALANT,CHEMBL240,SINGLE PROTEIN,ENSG00000055118,KCNH2,BLOCKER,inhibit,unknown,unknown,0,0.015594533276521935,0.003118906655304387,0.003118906655304387,"{""expression_atlas"": 0.015594533276521935}"
CHEMBL2111112,VERNAKALANT,CHEMBL4306,SINGLE PROTEIN,ENSG00000130037,KCNA5,BLOCKER,inhibit,unknown,unknown,0,0.02962478407296534,0.005924956814593069,0.005924956814593069,"{""expression_atlas"": 0.02962478407296534}"
CHEMBL2111112,VERNAKALANT,CHEMBL3038488,PROTEIN COMPLEX,ENSG00000162989,KCNJ3,BLOCKER,inhibit,unknown,unknown,0,0.24675911075055698,0.0493518221501114,0.0493518221501114,"{""expression_atlas"": 0.24675911075055698}"
CHEMBL2111112,VERNAKALANT,CHEMBL1964,SINGLE PROTEIN,ENSG00000171385,KCND3,BLOCKER,inhibit,unknown,unknown,0,0.13525129515281267,0.027050259030562535,0.027050259030562535,"{""expression_atlas"": 0.13525129515281267}"
CHEMBL2111112,VERNAKALANT,CHEMBL1980,SINGLE PROTEIN,ENSG00000183873,SCN5A,BLOCKER,inhibit,unknown,unknown,0,0,0.0,0.0,{}
CHEMBL211456,EPHEDRINE,CHEMBL2331074,PROTEIN FAMILY,ENSG00000043591,ADRB1,AGONIST,activate,unknown,unknown,0,0.11496556182539755,0.02299311236507951,0.02299311236507951,"{""expression_atlas"": 0.11496556182539755}"
CHEMBL211456,EPHEDRINE,CHEMBL2331074,PROTEIN FAMILY,ENSG00000150594,ADRA2A,AGONIST,activate,unknown,unknown,0.21032116470427323,0,0.1682569317634186,0.1682569317634186,"{""gwas_credible_sets"": 0.21032116470427323}"
CHEMBL211456,EPHEDRINE,CHEMBL2331074,PROTEIN FAMILY,ENSG00000169252,ADRB2,AGONIST,activate,unknown,unknown,0,0,0.0,0.0,{}
CHEMBL211456,EPHEDRINE,CHEMBL2331074,PROTEIN FAMILY,ENSG00000170214,ADRA1B,AGONIST,activate,unknown,unknown,0,0.09759134661327273,0.019518269322654547,0.019518269322654547,"{""expression_atlas"": 0.09759134661327273}"
CHEMBL211456,EPHEDRINE,CHEMBL2331074,PROTEIN FAMILY,ENSG00000171873,ADRA1D,AGONIST,activate,unknown,unknown,0,0.025814812794334265,0.005162962558866853,0.005162962558866853,"{""expression_atlas"": 0.025814812794334265}"
CHEMBL211456,EPHEDRINE,CHEMBL2331074,PROTEIN FAMILY,ENSG00000184160,ADRA2C,AGONIST,activate,unknown,unknown,0,0.010920894429482362,0.0021841788858964722,0.0021841788858964722,"{""expression_atlas"": 0.010920894429482362}"
CHEMBL2135460,TERLIPRESSIN,CHEMBL2111456,PROTEIN FAMILY,ENSG00000166148,AVPR1A,BINDING AGENT,unknown,unknown,unknown,0,0.07537526408687396,0.015075052817374793,0.015075052817374793,"{""expression_atlas"": 0.07537526408687396}"
CHEMBL2146883,COBIMETINIB,CHEMBL3587,SINGLE PROTEIN,ENSG00000169032,MAP2K1,INHIBITOR,inhibit,unknown,unknown,0,0,0.0,0.0,{}
CHEMBL2147777,TENELIGLIPTIN,CHEMBL284,SINGLE PROTEIN,ENSG00000197635,DPP4,INHIBITOR,inhibit,unknown,unknown,0,0.22977806640123927,0.04595561328024786,0.04595561328024786,"{""expression_atlas"": 0.22977806640123927}"
CHEMBL21536,XANOMELINE,CHEMBL1821,SINGLE PROTEIN,ENSG00000180720,CHRM4,AGONIST,activate,unknown,unknown,0,0.12779333357606606,0.025558666715213216,0.025558666715213216,"{""expression_atlas"": 0.12779333357606606}"
CHEMBL2159122,ELUXADOLINE,CHEMBL233,SINGLE PROTEIN,ENSG00000112038,OPRM1,AGONIST,activate,unknown,unknown,0,0,0.0,0.0,{}
CHEMBL2165326,APROCITENTAN,CHEMBL2096678,PROTEIN FAMILY,ENSG00000136160,EDNRB,ANTAGONIST,inhibit,unknown,unknown,0,0,0.0,0.0,{}
CHEMBL2165326,APROCITENTAN,CHEMBL2096678,PROTEIN FAMILY,ENSG00000151617,EDNRA,ANTAGONIST,inhibit,unknown,unknown,0,0.14070996616165257,0.028141993232330517,0.028141993232330517,"{""expression_atlas"": 0.14070996616165257}"
CHEMBL21731,MAPROTILINE,CHEMBL222,SINGLE PROTEIN,ENSG00000103546,SLC6A2,INHIBITOR,inhibit,unknown,unknown,0,0,0.0,0.0,{}
CHEMBL2178422,RIMEGEPANT,CHEMBL3798,SINGLE PROTEIN,ENSG00000064989,CALCRL,ANTAGONIST,inhibit,unknown,unknown,0,0.024908950243651362,0.004981790048730273,0.004981790048730273,"{""expression_atlas"": 0.024908950243651362}"
CHEMBL218291,FORODESINE,CHEMBL4338,SINGLE PROTEIN,ENSG00000198805,PNP,INHIBITOR,inhibit,unknown,unknown,0,0,0.0,0.0,{}
CHEMBL218490,DORZOLAMIDE,CHEMBL205,SINGLE PROTEIN,ENSG00000104267,CA2,INHIBITOR,inhibit,unknown,unknown,0,0.400706905108295,0.080141381021659,0.080141381021659,"{""expression_atlas"": 0.400706905108295}"
CHEMBL219916,DOMPERIDONE,CHEMBL217,SINGLE PROTEIN,ENSG00000149295,DRD2,ANTAGONIST,inhibit,unknown,unknown,0,0,0.0,0.0,{}
CHEMBL220491,BRINZOLAMIDE,CHEMBL205,SINGLE PROTEIN,ENSG00000104267,CA2,INHIBITOR,inhibit,unknown,unknown,0,0.400706905108295,0.080141381021659,0.080141381021659,"{""expression_atlas"": 0.400706905108295}"
CHEMBL220492,TOPIRAMATE,CHEMBL2331043,PROTEIN FAMILY,ENSG00000007314,SCN4A,BLOCKER,inhibit,unknown,unknown,0,0.01623682440230527,0.003247364880461054,0.003247364880461054,"{""expression_atlas"": 0.01623682440230527}"
CHEMBL220492,TOPIRAMATE,CHEMBL2093872,PROTEIN COMPLEX GROUP,ENSG00000094755,GABRP,POSITIVE MODULATOR,unknown,unknown,unknown,0,0.07106524621438697,0.014213049242877394,0.014213049242877394,"{""expression_atlas"": 0.07106524621438697}"
CHEMBL220492,TOPIRAMATE,CHEMBL2093872,PROTEIN COMPLEX GROUP,ENSG00000102287,GABRE,POSITIVE MODULATOR,unknown,unknown,unknown,0,0.01300725293757502,0.002601450587515004,0.002601450587515004,"{""expression_atlas"": 0.01300725293757502}"
CHEMBL220492,TOPIRAMATE,CHEMBL205,SINGLE PROTEIN,ENSG00000104267,CA2,INHIBITOR,inhibit,unknown,unknown,0,0.400706905108295,0.080141381021659,0.080141381021659,"{""expression_atlas"": 0.400706905108295}"
CHEMBL220492,TOPIRAMATE,CHEMBL2093872,PROTEIN COMPLEX GROUP,ENSG00000109158,GABRA4,POSITIVE MODULATOR,unknown,unknown,unknown,0,0.040567960282186954,0.00811359205643739,0.00811359205643739,"{""expression_atlas"": 0.040567960282186954}"
CHEMBL220492,TOPIRAMATE,CHEMBL2096670,PROTEIN COMPLEX GROUP,ENSG00000120251,GRIA2,ANTAGONIST,inhibit,unknown,unknown,0,0.06207856186040334,0.012415712372080669,0.012415712372080669,"{""expression_atlas"": 0.06207856186040334}"
CHEMBL220492,TOPIRAMATE,CHEMBL2331043,PROTEIN FAMILY,ENSG00000136546,SCN7A,BLOCKER,inhibit,unknown,unknown,0,0.01258407039414361,0.0025168140788287222,0.0025168140788287222,"{""expression_atlas"": 0.01258407039414361}"
CHEMBL220492,TOPIRAMATE,CHEMBL2331043,PROTEIN FAMILY,ENSG00000144285,SCN1A,BLOCKER,inhibit,unknown,unknown,0,0,0.0,0.0,{}
CHEMBL220492,TOPIRAMATE,CHEMBL2093872,PROTEIN COMPLEX GROUP,ENSG00000145864,GABRB2,POSITIVE MODULATOR,unknown,unknown,unknown,0,0.014994345937037634,0.002998869187407527,0.002998869187407527,"{""expression_atlas"": 0.014994345937037634}"
CHEMBL220492,TOPIRAMATE,CHEMBL2109241,PROTEIN COMPLEX GROUP,ENSG00000149403,GRIK4,ANTAGONIST,inhibit,unknown,unknown,0,0.014767539370273901,0.0029535078740547806,0.0029535078740547806,"{""expression_atlas"": 0.014767539370273901}"
CHEMBL220492,TOPIRAMATE,CHEMBL2093872,PROTEIN COMPLEX GROUP,ENSG00000151834,GABRA2,POSITIVE MODULATOR,unknown,unknown,unknown,0,0.0646883705632426,0.01293767411264852,0.01293767411264852,"{""expression_atlas"": 0.0646883705632426}"
CHEMBL220492,TOPIRAMATE,CHEMBL2096670,PROTEIN COMPLEX GROUP,ENSG00000152578,GRIA4,ANTAGONIST,inhibit,unknown,unknown,0,0.14894304541484715,0.02978860908296943,0.02978860908296943,"{""expression_atlas"": 0.14894304541484715}"
CHEMBL220492,TOPIRAMATE,CHEMBL2096670,PROTEIN COMPLEX GROUP,ENSG00000155511,GRIA1,ANTAGONIST,inhibit,unknown,unknown,0,0.044716921267472974,0.008943384253494596,0.008943384253494596,"{""expression_atlas"": 0.044716921267472974}"
CHEMBL220492,TOPIRAMATE,CHEMBL2093872,PROTEIN COMPLEX GROUP,ENSG00000163285,GABRG1,POSITIVE MODULATOR,unknown,unknown,unknown,0,0.06503253540618377,0.013006507081236754,0.013006507081236754,"{""expression_atlas"": 0.06503253540618377}"
CHEMBL220492,TOPIRAMATE,CHEMBL2109241,PROTEIN COMPLEX GROUP,ENSG00000163873,GRIK3,ANTAGONIST,inhibit,unknown,unknown,0,0.01227609222408013,0.0024552184448160264,0.0024552184448160264,"{""expression_atlas"": 0.01227609222408013}"
CHEMBL220492,TOPIRAMATE,CHEMBL2109241,PROTEIN COMPLEX GROUP,ENSG00000164418,GRIK2,ANTAGONIST,inhibit,unknown,unknown,0,0.031918728319409756,0.006383745663881952,0.006383745663881952,"{""expression_atlas"": 0.031918728319409756}"
CHEMBL220492,TOPIRAMATE,CHEMBL3729,SINGLE PROTEIN,ENSG00000167434,CA4,INHIBITOR,inhibit,unknown,unknown,0,0.35468641598343154,0.07093728319668631,0.07093728319668631,"{""expression_atlas"": 0.35468641598343154}"
CHEMBL220492,TOPIRAMATE,CHEMBL2331043,PROTEIN FAMILY,ENSG00000169432,SCN9A,BLOCKER,inhibit,unknown,unknown,0,0,0.0,0.0,{}
CHEMBL220492,TOPIRAMATE,CHEMBL2331043,PROTEIN FAMILY,ENSG00000183873,SCN5A,BLOCKER,inhibit,unknown,unknown,0,0,0.0,0.0,{}
CHEMBL220492,TOPIRAMATE,CHEMBL2331043,PROTEIN FAMILY,ENSG00000185313,SCN10A,BLOCKER,inhibit,unknown,unknown,0,0,0.0,0.0,{}
CHEMBL220492,TOPIRAMATE,CHEMBL2093872,PROTEIN COMPLEX GROUP,ENSG00000186297,GABRA5,POSITIVE MODULATOR,unknown,unknown,unknown,0,0.04015022406741467,0.008030044813482934,0.008030044813482934,"{""expression_atlas"": 0.04015022406741467}"
CHEMBL221326,DIQUAFOSOL,CHEMBL4315,SINGLE PROTEIN,ENSG00000169860,P2RY1,AGONIST,activate,unknown,unknown,0,0,0.0,0.0,{}
CHEMBL221326,DIQUAFOSOL,CHEMBL4714,SINGLE PROTEIN,ENSG00000171631,P2RY6,AGONIST,activate,unknown,unknown,0,0,0.0,0.0,{}
CHEMBL221326,DIQUAFOSOL,CHEMBL4398,SINGLE PROTEIN,ENSG00000175591,P2RY2,AGONIST,activate,unknown,unknown,0,0,0.0,0.0,{}
CHEMBL221326,DIQUAFOSOL,CHEMBL2123,SINGLE PROTEIN,ENSG00000186912,P2RY4,AGONIST,activate,unknown,unknown,0,0.06553799281939315,0.013107598563878631,0.013107598563878631,"{""expression_atlas"": 0.06553799281939315}"
CHEMBL2216870,IDELALISIB,CHEMBL3130,SINGLE PROTEIN,ENSG00000171608,PIK3CD,INHIBITOR,inhibit,unknown,unknown,0,0.00899834621345842,0.001799669242691684,0.001799669242691684,"{""expression_atlas"": 0.00899834621345842}"
CHEMBL2218861,QUINAGOLIDE,CHEMBL217,SINGLE PROTEIN,ENSG00000149295,DRD2,AGONIST,activate,unknown,unknown,0,0,0.0,0.0,{}
CHEMBL2218896,NABILONE,CHEMBL218,SINGLE PROTEIN,ENSG00000118432,CNR1,AGONIST,activate,unknown,unknown,0,0.017346254648973446,0.0034692509297946893,0.0034692509297946893,"{""expression_atlas"": 0.017346254648973446}"
CHEMBL2219418,NALOXEGOL,CHEMBL233,SINGLE PROTEIN,ENSG00000112038,OPRM1,ANTAGONIST,inhibit,unknown,unknown,0,0,0.0,0.0,{}
CHEMBL2219425,ARIPIPRAZOLE LAUROXIL,CHEMBL217,SINGLE PROTEIN,ENSG00000149295,DRD2,PARTIAL AGONIST,activate,unknown,unknown,0,0,0.0,0.0,{}
CHEMBL221959,TOFACITINIB,CHEMBL2363062,PROTEIN FAMILY,ENSG00000096968,JAK2,INHIBITOR,inhibit,unknown,unknown,0.8162692203864558,0,0.6530153763091646,0.6530153763091646,"{""gwas_credible_sets"": 0.8162692203864558}"
CHEMBL221959,TOFACITINIB,CHEMBL2363062,PROTEIN FAMILY,ENSG00000105397,TYK2,INHIBITOR,inhibit,unknown,unknown,0.8618771110824588,0,0.6895016888659671,0.6895016888659671,"{""gwas_credible_sets"": 0.8618771110824588}"
CHEMBL221959,TOFACITINIB,CHEMBL2363062,PROTEIN FAMILY,ENSG00000105639,JAK3,INHIBITOR,inhibit,unknown,unknown,0,0.03446987100163198,0.006893974200326396,0.006893974200326396,"{""expression_atlas"": 0.03446987100163198}"
CHEMBL221959,TOFACITINIB,CHEMBL2363062,PROTEIN FAMILY,ENSG00000162434,JAK1,INHIBITOR,inhibit,unknown,unknown,0,0,0.0,0.0,{}
CHEMBL2220442,FLUVASTATIN,CHEMBL402,SINGLE PROTEIN,ENSG00000113161,HMGCR,INHIBITOR,inhibit,unknown,unknown,0,0,0.0,0.0,{}
CHEMBL225071,RALTITREXED,CHEMBL1952,SINGLE PROTEIN,ENSG00000176890,TYMS,INHIBITOR,inhibit,unknown,unknown,0,0,0.0,0.0,{}
CHEMBL225072,PEMETREXED,CHEMBL3972,SINGLE PROTEIN,ENSG00000159131,GART,INHIBITOR,inhibit,unknown,unknown,0.31882365656253564,0,0.25505892525002855,0.25505892525002855,"{""gwas_credible_sets"": 0.31882365656253564}"
CHEMBL225072,PEMETREXED,CHEMBL1952,SINGLE PROTEIN,ENSG00000176890,TYMS,INHIBITOR,inhibit,unknown,unknown,0,0,0.0,0.0,{}
CHEMBL225072,PEMETREXED,CHEMBL202,SINGLE PROTEIN,ENSG00000228716,DHFR,INHIBITOR,inhibit,unknown,unknown,0,0,0.0,0.0,{}
CHEMBL23,DILTIAZEM,CHEMBL2095229,PROTEIN FAMILY,ENSG00000151067,CACNA1C,BLOCKER,inhibit,unknown,unknown,0,0.011880973060645644,0.002376194612129129,0.002376194612129129,"{""expression_atlas"": 0.011880973060645644}"
CHEMBL230158,SELADELPAR,CHEMBL3979,SINGLE PROTEIN,ENSG00000112033,PPARD,AGONIST,activate,unknown,unknown,0,0,0.0,0.0,{}
CHEMBL231779,APIXABAN,CHEMBL244,SINGLE PROTEIN,ENSG00000126218,F10,INHIBITOR,inhibit,unknown,unknown,0,0,0.0,0.0,{}
CHEMBL2325741,CAPIVASERTIB,CHEMBL2111353,PROTEIN FAMILY,ENSG00000105221,AKT2,INHIBITOR,inhibit,unknown,unknown,0,0,0.0,0.0,{}
CHEMBL2325741,CAPIVASERTIB,CHEMBL2111353,PROTEIN FAMILY,ENSG00000142208,AKT1,INHIBITOR,inhibit,unknown,unknown,0,0,0.0,0.0,{}
CHEMBL2336071,SIPONIMOD,CHEMBL4333,SINGLE PROTEIN,ENSG00000170989,S1PR1,AGONIST,activate,unknown,unknown,0,0,0.0,0.0,{}
CHEMBL2338329,ROXADUSTAT,CHEMBL3831261,PROTEIN FAMILY,ENSG00000129521,EGLN3,INHIBITOR,inhibit,unknown,unknown,0,0,0.0,0.0,{}
CHEMBL2338329,ROXADUSTAT,CHEMBL3831261,PROTEIN FAMILY,ENSG00000269858,EGLN2,INHIBITOR,inhibit,unknown,unknown,0,0,0.0,0.0,{}
CHEMBL2348780,VAMOROLONE,CHEMBL2034,SINGLE PROTEIN,ENSG00000113580,NR3C1,AGONIST,activate,unknown,unknown,0,0,0.0,0.0,{}
CHEMBL2355051,CLOMIPHENE,CHEMBL206,SINGLE PROTEIN,ENSG00000091831,ESR1,MODULATOR,unknown,unknown,unknown,0,0.013323775689022817,0.0026647551378045638,0.0026647551378045638,"{""expression_atlas"": 0.013323775689022817}"
CHEMBL2356023,DIHYDROTACHYSTEROL,CHEMBL1977,SINGLE PROTEIN,ENSG00000111424,VDR,AGONIST,activate,unknown,unknown,0,0,0.0,0.0,{}
CHEMBL235668,TIPIRACIL,CHEMBL3106,SINGLE PROTEIN,ENSG00000025708,TYMP,INHIBITOR,inhibit,unknown,unknown,0,0.090673322928904,0.0181346645857808,0.0181346645857808,"{""expression_atlas"": 0.090673322928904}"
CHEMBL2364638,UBROGEPANT,CHEMBL3798,SINGLE PROTEIN,ENSG00000064989,CALCRL,ANTAGONIST,inhibit,unknown,unknown,0,0.024908950243651362,0.004981790048730273,0.004981790048730273,"{""expression_atlas"": 0.024908950243651362}"
CHEMBL2364648,GUSELKUMAB,CHEMBL2364154,PROTEIN COMPLEX,ENSG00000110944,IL23A,INHIBITOR,inhibit,unknown,unknown,0,0.04346988110355612,0.008693976220711224,0.008693976220711224,"{""expression_atlas"": 0.04346988110355612}"
CHEMBL2364648,GUSELKUMAB,CHEMBL2364154,PROTEIN COMPLEX,ENSG00000113302,IL12B,INHIBITOR,inhibit,unknown,unknown,0.9248409926037888,0,0.7398727940830311,0.7398727940830311,"{""gwas_credible_sets"": 0.9248409926037888}"
CHEMBL2364649,MARGETUXIMAB,CHEMBL1824,SINGLE PROTEIN,ENSG00000141736,ERBB2,INHIBITOR,inhibit,unknown,unknown,0,0,0.0,0.0,{}
CHEMBL2364653,ANIFROLUMAB,CHEMBL1887,SINGLE PROTEIN,ENSG00000142166,IFNAR1,ANTAGONIST,inhibit,unknown,unknown,0,0,0.0,0.0,{}
CHEMBL2364655,EVOLOCUMAB,CHEMBL2929,SINGLE PROTEIN,ENSG00000169174,PCSK9,INHIBITOR,inhibit,unknown,unknown,0,0.13820302614777585,0.027640605229555172,0.027640605229555172,"{""expression_atlas"": 0.13820302614777585}"
CHEMBL2364968,ERGOLOID,CHEMBL1898,SINGLE PROTEIN,ENSG00000135312,HTR1B,AGONIST,activate,unknown,unknown,0,0.0715539711095912,0.014310794221918242,0.014310794221918242,"{""expression_atlas"": 0.0715539711095912}"
CHEMBL2364968,ERGOLOID,CHEMBL2096905,PROTEIN FAMILY,ENSG00000149295,DRD2,AGONIST,activate,unknown,unknown,0,0,0.0,0.0,{}
CHEMBL2364968,ERGOLOID,CHEMBL2095203,PROTEIN FAMILY,ENSG00000150594,ADRA2A,ANTAGONIST,inhibit,unknown,unknown,0.21032116470427323,0,0.1682569317634186,0.1682569317634186,"{""gwas_credible_sets"": 0.21032116470427323}"
CHEMBL2364968,ERGOLOID,CHEMBL2096905,PROTEIN FAMILY,ENSG00000169676,DRD5,AGONIST,activate,unknown,unknown,0,0.19895092359172029,0.03979018471834406,0.03979018471834406,"{""expression_atlas"": 0.19895092359172029}"
CHEMBL2364968,ERGOLOID,CHEMBL2095203,PROTEIN FAMILY,ENSG00000170214,ADRA1B,ANTAGONIST,inhibit,unknown,unknown,0,0.09759134661327273,0.019518269322654547,0.019518269322654547,"{""expression_atlas"": 0.09759134661327273}"
CHEMBL2364968,ERGOLOID,CHEMBL2095203,PROTEIN FAMILY,ENSG00000171873,ADRA1D,ANTAGONIST,inhibit,unknown,unknown,0,0.025814812794334265,0.005162962558866853,0.005162962558866853,"{""expression_atlas"": 0.025814812794334265}"
CHEMBL2364968,ERGOLOID,CHEMBL2095203,PROTEIN FAMILY,ENSG00000184160,ADRA2C,ANTAGONIST,inhibit,unknown,unknown,0,0.010920894429482362,0.0021841788858964722,0.0021841788858964722,"{""expression_atlas"": 0.010920894429482362}"
CHEMBL2364968,ERGOLOID,CHEMBL2096905,PROTEIN FAMILY,ENSG00000184845,DRD1,AGONIST,activate,unknown,unknown,0,0,0.0,0.0,{}
CHEMBL2368925,DOLASETRON,CHEMBL1899,SINGLE PROTEIN,ENSG00000166736,HTR3A,ANTAGONIST,inhibit,unknown,unknown,0,0.04201014873138331,0.008402029746276662,0.008402029746276662,"{""expression_atlas"": 0.04201014873138331}"
CHEMBL237500,LINAGLIPTIN,CHEMBL284,SINGLE PROTEIN,ENSG00000197635,DPP4,INHIBITOR,inhibit,unknown,unknown,0,0.22977806640123927,0.04595561328024786,0.04595561328024786,"{""expression_atlas"": 0.22977806640123927}"
CHEMBL238804,SELEXIPAG,CHEMBL1995,SINGLE PROTEIN,ENSG00000160013,PTGIR,AGONIST,activate,unknown,unknown,0,0.009052169950968112,0.0018104339901936226,0.0018104339901936226,"{""expression_atlas"": 0.009052169950968112}"
CHEMBL2396661,ALPELISIB,CHEMBL4005,SINGLE PROTEIN,ENSG00000121879,PIK3CA,INHIBITOR,inhibit,unknown,unknown,0,0,0.0,0.0,{}
CHEMBL2397415,ZAVEGEPANT,CHEMBL2107838,PROTEIN COMPLEX,ENSG00000064989,CALCRL,ANTAGONIST,inhibit,unknown,unknown,0,0.024908950243651362,0.004981790048730273,0.004981790048730273,"{""expression_atlas"": 0.024908950243651362}"
CHEMBL2397415,ZAVEGEPANT,CHEMBL3798,SINGLE PROTEIN,ENSG00000064989,CALCRL,ANTAGONIST,inhibit,unknown,unknown,0,0.024908950243651362,0.004981790048730273,0.004981790048730273,"{""expression_atlas"": 0.024908950243651362}"
CHEMBL2397415,ZAVEGEPANT,CHEMBL2107838,PROTEIN COMPLEX,ENSG00000132329,RAMP1,ANTAGONIST,inhibit,unknown,unknown,0,0.052923062894388376,0.010584612578877675,0.010584612578877675,"{""expression_atlas"": 0.052923062894388376}"
CHEMBL24,ATENOLOL,CHEMBL213,SINGLE PROTEIN,ENSG00000043591,ADRB1,ANTAGONIST,inhibit,unknown,unknown,0,0.11496556182539755,0.02299311236507951,0.02299311236507951,"{""expression_atlas"": 0.11496556182539755}"
CHEMBL2403108,CERITINIB,CHEMBL2111387,CHIMERIC PROTEIN,ENSG00000171094,ALK,INHIBITOR,inhibit,unknown,unknown,0,0,0.0,0.0,{}
CHEMBL2403108,CERITINIB,CHEMBL3883330,CHIMERIC PROTEIN,ENSG00000171094,ALK,INHIBITOR,inhibit,unknown,unknown,0,0,0.0,0.0,{}
CHEMBL2403108,CERITINIB,CHEMBL4247,SINGLE PROTEIN,ENSG00000171094,ALK,INHIBITOR,inhibit,unknown,unknown,0,0,0.0,0.0,{}
CHEMBL240597,CHENODIOL,CHEMBL2047,SINGLE PROTEIN,ENSG00000012504,NR1H4,AGONIST,activate,unknown,unknown,0,0.18828029739431545,0.037656059478863094,0.037656059478863094,"{""expression_atlas"": 0.18828029739431545}"
CHEMBL243712,AMISULPRIDE,CHEMBL2096904,PROTEIN FAMILY,ENSG00000135312,HTR1B,ANTAGONIST,inhibit,unknown,unknown,0,0.0715539711095912,0.014310794221918242,0.014310794221918242,"{""expression_atlas"": 0.0715539711095912}"
CHEMBL243712,AMISULPRIDE,CHEMBL2096904,PROTEIN FAMILY,ENSG00000148680,HTR7,ANTAGONIST,inhibit,unknown,unknown,0,0,0.0,0.0,{}
CHEMBL243712,AMISULPRIDE,CHEMBL2095169,SELECTIVITY GROUP,ENSG00000149295,DRD2,ANTAGONIST,inhibit,unknown,unknown,0,0,0.0,0.0,{}
CHEMBL243712,AMISULPRIDE,CHEMBL2096904,PROTEIN FAMILY,ENSG00000158748,HTR6,ANTAGONIST,inhibit,unknown,unknown,0,0,0.0,0.0,{}
CHEMBL243712,AMISULPRIDE,CHEMBL2096904,PROTEIN FAMILY,ENSG00000164270,HTR4,ANTAGONIST,inhibit,unknown,unknown,0,0.06548481832691538,0.013096963665383078,0.013096963665383078,"{""expression_atlas"": 0.06548481832691538}"
CHEMBL243712,AMISULPRIDE,CHEMBL2096904,PROTEIN FAMILY,ENSG00000166736,HTR3A,ANTAGONIST,inhibit,unknown,unknown,0,0.04201014873138331,0.008402029746276662,0.008402029746276662,"{""expression_atlas"": 0.04201014873138331}"
CHEMBL243712,AMISULPRIDE,CHEMBL2096904,PROTEIN FAMILY,ENSG00000178084,HTR3C,ANTAGONIST,inhibit,unknown,unknown,0,0.07486589495451974,0.01497317899090395,0.01497317899090395,"{""expression_atlas"": 0.07486589495451974}"
CHEMBL243712,AMISULPRIDE,CHEMBL2096904,PROTEIN FAMILY,ENSG00000179546,HTR1D,ANTAGONIST,inhibit,unknown,unknown,0,0.27833393839812215,0.055666787679624435,0.055666787679624435,"{""expression_atlas"": 0.27833393839812215}"
CHEMBL2443262,OLICERIDINE,CHEMBL233,SINGLE PROTEIN,ENSG00000112038,OPRM1,AGONIST,activate,unknown,unknown,0,0,0.0,0.0,{}
CHEMBL24441,BETAHISTINE,CHEMBL231,SINGLE PROTEIN,ENSG00000196639,HRH1,AGONIST,activate,unknown,unknown,0,0,0.0,0.0,{}
CHEMBL247951,PEMAFIBRATE,CHEMBL239,SINGLE PROTEIN,ENSG00000186951,PPARA,AGONIST,activate,unknown,unknown,0,0,0.0,0.0,{}
CHEMBL24828,VANDETANIB,CHEMBL2363049,PROTEIN FAMILY,ENSG00000065361,ERBB3,INHIBITOR,inhibit,unknown,unknown,0.10647772463174865,0,0.08518217970539893,0.08518217970539893,"{""gwas_credible_sets"": 0.10647772463174865}"
CHEMBL24828,VANDETANIB,CHEMBL2363043,PROTEIN FAMILY,ENSG00000080224,EPHA6,INHIBITOR,inhibit,unknown,unknown,0,0.012282406246543979,0.0024564812493087958,0.0024564812493087958,"{""expression_atlas"": 0.012282406246543979}"
CHEMBL24828,VANDETANIB,CHEMBL4601,SINGLE PROTEIN,ENSG00000101213,PTK6,INHIBITOR,inhibit,unknown,unknown,0,0.07615227442204209,0.015230454884408419,0.015230454884408419,"{""expression_atlas"": 0.07615227442204209}"
CHEMBL24828,VANDETANIB,CHEMBL2095227,PROTEIN FAMILY,ENSG00000102755,FLT1,INHIBITOR,inhibit,unknown,unknown,0,0.03355574308318303,0.0067111486166366065,0.0067111486166366065,"{""expression_atlas"": 0.03355574308318303}"
CHEMBL24828,VANDETANIB,CHEMBL2363043,PROTEIN FAMILY,ENSG00000116106,EPHA4,INHIBITOR,inhibit,unknown,unknown,0,0.01442641296603853,0.0028852825932077063,0.0028852825932077063,"{""expression_atlas"": 0.01442641296603853}"
CHEMBL24828,VANDETANIB,CHEMBL4128,SINGLE PROTEIN,ENSG00000120156,TEK,INHIBITOR,inhibit,unknown,unknown,0,0.019349376004753276,0.0038698752009506555,0.0038698752009506555,"{""expression_atlas"": 0.019349376004753276}"
CHEMBL24828,VANDETANIB,CHEMBL2095227,PROTEIN FAMILY,ENSG00000128052,KDR,INHIBITOR,inhibit,unknown,unknown,0,0.03594573209302677,0.007189146418605354,0.007189146418605354,"{""expression_atlas"": 0.03594573209302677}"
CHEMBL24828,VANDETANIB,CHEMBL2363043,PROTEIN FAMILY,ENSG00000133216,EPHB2,INHIBITOR,inhibit,unknown,unknown,0,0,0.0,0.0,{}
CHEMBL24828,VANDETANIB,CHEMBL2363043,PROTEIN FAMILY,ENSG00000135333,EPHA7,INHIBITOR,inhibit,unknown,unknown,0,0.03853520283197471,0.007707040566394942,0.007707040566394942,"{""expression_atlas"": 0.03853520283197471}"
CHEMBL24828,VANDETANIB,CHEMBL2363049,PROTEIN FAMILY,ENSG00000141736,ERBB2,INHIBITOR,inhibit,unknown,unknown,0,0,0.0,0.0,{}
CHEMBL24828,VANDETANIB,CHEMBL2363043,PROTEIN FAMILY,ENSG00000145242,EPHA5,INHIBITOR,inhibit,unknown,unknown,0,0.013696271905056701,0.0027392543810113405,0.0027392543810113405,"{""expression_atlas"": 0.013696271905056701}"
CHEMBL24828,VANDETANIB,CHEMBL2363049,PROTEIN FAMILY,ENSG00000146648,EGFR,INHIBITOR,inhibit,unknown,unknown,0,0,0.0,0.0,{}
CHEMBL24828,VANDETANIB,CHEMBL2363049,PROTEIN FAMILY,ENSG00000178568,ERBB4,INHIBITOR,inhibit,unknown,unknown,0,0,0.0,0.0,{}
CHEMBL24828,VANDETANIB,CHEMBL2363043,PROTEIN FAMILY,ENSG00000196411,EPHB4,INHIBITOR,inhibit,unknown,unknown,0,0,0.0,0.0,{}
CHEMBL24828,VANDETANIB,CHEMBL267,SINGLE PROTEIN,ENSG00000197122,SRC,INHIBITOR,inhibit,unknown,unknown,0,0,0.0,0.0,{}
CHEMBL25,ASPIRIN,CHEMBL2094253,PROTEIN FAMILY,ENSG00000073756,PTGS2,INHIBITOR,inhibit,unknown,unknown,0,0.400648993476229,0.08012979869524581,0.08012979869524581,"{""expression_atlas"": 0.400648993476229}"
CHEMBL25,ASPIRIN,CHEMBL2094253,PROTEIN FAMILY,ENSG00000095303,PTGS1,INHIBITOR,inhibit,unknown,unknown,0,0,0.0,0.0,{}
CHEMBL25202,TAMIBAROTENE,CHEMBL2008,SINGLE PROTEIN,ENSG00000077092,RARB,AGONIST,activate,unknown,unknown,0,0,0.0,0.0,{}
CHEMBL25202,TAMIBAROTENE,CHEMBL2055,SINGLE PROTEIN,ENSG00000131759,RARA,AGONIST,activate,unknown,unknown,0,0,0.0,0.0,{}
CHEMBL254219,DIGITOXIN,CHEMBL2095186,PROTEIN COMPLEX GROUP,ENSG00000018625,ATP1A2,INHIBITOR,inhibit,unknown,unknown,0,0.013958389825520631,0.002791677965104126,0.002791677965104126,"{""expression_atlas"": 0.013958389825520631}"
CHEMBL254328,ABIRATERONE,CHEMBL1871,SINGLE PROTEIN,ENSG00000169083,AR,ANTAGONIST,inhibit,unknown,unknown,0,0,0.0,0.0,{}
CHEMBL255863,NILOTINIB,CHEMBL2096618,CHIMERIC PROTEIN,ENSG00000186716,BCR,INHIBITOR,inhibit,unknown,unknown,0,0,0.0,0.0,{}
CHEMBL256087,MENTHOL,CHEMBL6007,SINGLE PROTEIN,ENSG00000104321,TRPA1,OPENER,unknown,unknown,unknown,0,0,0.0,0.0,{}
CHEMBL256087,MENTHOL,CHEMBL1075319,SINGLE PROTEIN,ENSG00000144481,TRPM8,OPENER,unknown,unknown,unknown,0,0,0.0,0.0,{}
CHEMBL256907,MARAVIROC,CHEMBL274,SINGLE PROTEIN,ENSG00000160791,CCR5,ANTAGONIST,inhibit,unknown,unknown,0,0.018058440519617604,0.003611688103923521,0.003611688103923521,"{""expression_atlas"": 0.018058440519617604}"
CHEMBL256997,ATALUREN,CHEMBL3987582,PROTEIN NUCLEIC-ACID COMPLEX,ENSG00000100316,RPL3,MODULATOR,unknown,unknown,unknown,0.053023682333077006,0,0.04241894586646161,0.04241894586646161,"{""gwas_credible_sets"": 0.053023682333077006}"
CHEMBL256997,ATALUREN,CHEMBL3987582,PROTEIN NUCLEIC-ACID COMPLEX,ENSG00000105372,RPS19,MODULATOR,unknown,unknown,unknown,0,0,0.0,0.0,{}
CHEMBL256997,ATALUREN,CHEMBL3987582,PROTEIN NUCLEIC-ACID COMPLEX,ENSG00000122026,RPL21,MODULATOR,unknown,unknown,unknown,0.03575862874607312,0,0.0286069029968585,0.0286069029968585,"{""gwas_credible_sets"": 0.03575862874607312}"
CHEMBL256997,ATALUREN,CHEMBL3987582,PROTEIN NUCLEIC-ACID COMPLEX,ENSG00000145592,RPL37,MODULATOR,unknown,unknown,unknown,0.20026512109936817,0,0.16021209687949456,0.16021209687949456,"{""gwas_credible_sets"": 0.20026512109936817}"
CHEMBL256997,ATALUREN,CHEMBL3987582,PROTEIN NUCLEIC-ACID COMPLEX,ENSG00000161016,RPL8,MODULATOR,unknown,unknown,unknown,0,0,0.0,0.0,{}
CHEMBL256997,ATALUREN,CHEMBL3987582,PROTEIN NUCLEIC-ACID COMPLEX,ENSG00000170889,RPS9,MODULATOR,unknown,unknown,unknown,0.4446314648965719,0,0.35570517191725753,0.35570517191725753,"{""gwas_credible_sets"": 0.4446314648965719}"
CHEMBL256997,ATALUREN,CHEMBL3987582,PROTEIN NUCLEIC-ACID COMPLEX,ENSG00000197728,RPS26,MODULATOR,unknown,unknown,unknown,0.1443268721824246,0,0.11546149774593968,0.11546149774593968,"{""gwas_credible_sets"": 0.1443268721824246}"
CHEMBL259209,MILNACIPRAN,CHEMBL222,SINGLE PROTEIN,ENSG00000103546,SLC6A2,INHIBITOR,inhibit,unknown,unknown,0,0,0.0,0.0,{}
CHEMBL259209,MILNACIPRAN,CHEMBL228,SINGLE PROTEIN,ENSG00000108576,SLC6A4,INHIBITOR,inhibit,unknown,unknown,0,0.4642014225773055,0.09284028451546111,0.09284028451546111,"{""expression_atlas"": 0.4642014225773055}"
CHEMBL259571,TAPINAROF,CHEMBL3201,SINGLE PROTEIN,ENSG00000106546,AHR,AGONIST,activate,unknown,unknown,0.22006664787153107,0,0.17605331829722487,0.17605331829722487,"{""gwas_credible_sets"": 0.22006664787153107}"
CHEMBL259972,MOFEZOLAC,CHEMBL221,SINGLE PROTEIN,ENSG00000095303,PTGS1,INHIBITOR,inhibit,unknown,unknown,0,0,0.0,0.0,{}
CHEMBL26,SULPIRIDE,CHEMBL217,SINGLE PROTEIN,ENSG00000149295,DRD2,ANTAGONIST,inhibit,unknown,unknown,0,0,0.0,0.0,{}
CHEMBL267495,NALFURAFINE,CHEMBL237,SINGLE PROTEIN,ENSG00000082556,OPRK1,AGONIST,activate,unknown,unknown,0,0,0.0,0.0,{}
CHEMBL267936,MECAMYLAMINE,CHEMBL1907594,PROTEIN COMPLEX,ENSG00000080644,CHRNA3,NEGATIVE ALLOSTERIC MODULATOR,inhibit,unknown,unknown,0,0.03474557524047131,0.006949115048094263,0.006949115048094263,"{""expression_atlas"": 0.03474557524047131}"
CHEMBL269732,TACROLIMUS ANHYDROUS,CHEMBL1902,SINGLE PROTEIN,ENSG00000088832,FKBP1A,INHIBITOR,inhibit,unknown,unknown,0,0,0.0,0.0,{}
CHEMBL27,PROPRANOLOL,CHEMBL213,SINGLE PROTEIN,ENSG00000043591,ADRB1,ANTAGONIST,inhibit,unknown,unknown,0,0.11496556182539755,0.02299311236507951,0.02299311236507951,"{""expression_atlas"": 0.11496556182539755}"
CHEMBL27,PROPRANOLOL,CHEMBL210,SINGLE PROTEIN,ENSG00000169252,ADRB2,ANTAGONIST,inhibit,unknown,unknown,0,0,0.0,0.0,{}
CHEMBL270190,ALVIMOPAN,CHEMBL233,SINGLE PROTEIN,ENSG00000112038,OPRM1,ANTAGONIST,inhibit,unknown,unknown,0,0,0.0,0.0,{}
CHEMBL277062,BROMAZEPAM,CHEMBL4956,SINGLE PROTEIN,ENSG00000151834,GABRA2,POSITIVE ALLOSTERIC MODULATOR,activate,unknown,unknown,0,0.0646883705632426,0.01293767411264852,0.01293767411264852,"{""expression_atlas"": 0.0646883705632426}"
CHEMBL278020,NEOSTIGMINE,CHEMBL220,SINGLE PROTEIN,ENSG00000087085,ACHE,INHIBITOR,inhibit,unknown,unknown,0,0.018881721104742892,0.0037763442209485785,0.0037763442209485785,"{""expression_atlas"": 0.018881721104742892}"
CHEMBL27810,CELIPROLOL,CHEMBL213,SINGLE PROTEIN,ENSG00000043591,ADRB1,ANTAGONIST,inhibit,unknown,unknown,0,0.11496556182539755,0.02299311236507951,0.02299311236507951,"{""expression_atlas"": 0.11496556182539755}"
CHEMBL27810,CELIPROLOL,CHEMBL2095158,PROTEIN FAMILY,ENSG00000150594,ADRA2A,ANTAGONIST,inhibit,unknown,unknown,0.21032116470427323,0,0.1682569317634186,0.1682569317634186,"{""gwas_credible_sets"": 0.21032116470427323}"
CHEMBL27810,CELIPROLOL,CHEMBL210,SINGLE PROTEIN,ENSG00000169252,ADRB2,PARTIAL AGONIST,activate,unknown,unknown,0,0,0.0,0.0,{}
CHEMBL27810,CELIPROLOL,CHEMBL2095158,PROTEIN FAMILY,ENSG00000184160,ADRA2C,ANTAGONIST,inhibit,unknown,unknown,0,0.010920894429482362,0.0021841788858964722,0.0021841788858964722,"{""expression_atlas"": 0.010920894429482362}"
CHEMBL278623,MACIMORELIN,CHEMBL4616,SINGLE PROTEIN,ENSG00000121853,GHSR,AGONIST,activate,unknown,unknown,0,0,0.0,0.0,{}
CHEMBL28218,BROMPERIDOL,CHEMBL217,SINGLE PROTEIN,ENSG00000149295,DRD2,ANTAGONIST,inhibit,unknown,unknown,0,0,0.0,0.0,{}
CHEMBL284348,DALFAMPRIDINE,CHEMBL2362996,PROTEIN FAMILY,ENSG00000026559,KCNG1,BLOCKER,inhibit,unknown,unknown,0,0.017522828085875297,0.0035045656171750596,0.0035045656171750596,"{""expression_atlas"": 0.017522828085875297}"
CHEMBL284348,DALFAMPRIDINE,CHEMBL2362996,PROTEIN FAMILY,ENSG00000053918,KCNQ1,BLOCKER,inhibit,unknown,unknown,0,0,0.0,0.0,{}
CHEMBL284348,DALFAMPRIDINE,CHEMBL2362996,PROTEIN FAMILY,ENSG00000055118,KCNH2,BLOCKER,inhibit,unknown,unknown,0,0.015594533276521935,0.003118906655304387,0.003118906655304387,"{""expression_atlas"": 0.015594533276521935}"
CHEMBL284348,DALFAMPRIDINE,CHEMBL2362996,PROTEIN FAMILY,ENSG00000075043,KCNQ2,BLOCKER,inhibit,unknown,unknown,0,0.013758427023746538,0.0027516854047493077,0.0027516854047493077,"{""expression_atlas"": 0.013758427023746538}"
CHEMBL284348,DALFAMPRIDINE,CHEMBL2362996,PROTEIN FAMILY,ENSG00000111262,KCNA1,BLOCKER,inhibit,unknown,unknown,0,0.03817849238977843,0.007635698477955687,0.007635698477955687,"{""expression_atlas"": 0.03817849238977843}"
CHEMBL284348,DALFAMPRIDINE,CHEMBL2362996,PROTEIN FAMILY,ENSG00000130037,KCNA5,BLOCKER,inhibit,unknown,unknown,0,0.02962478407296534,0.005924956814593069,0.005924956814593069,"{""expression_atlas"": 0.02962478407296534}"
CHEMBL284348,DALFAMPRIDINE,CHEMBL2362996,PROTEIN FAMILY,ENSG00000140015,KCNH5,BLOCKER,inhibit,unknown,unknown,0,0.01717523527887343,0.0034350470557746858,0.0034350470557746858,"{""expression_atlas"": 0.01717523527887343}"
CHEMBL284348,DALFAMPRIDINE,CHEMBL2362996,PROTEIN FAMILY,ENSG00000158445,KCNB1,BLOCKER,inhibit,unknown,unknown,0,0.014474002085345572,0.002894800417069115,0.002894800417069115,"{""expression_atlas"": 0.014474002085345572}"
CHEMBL284348,DALFAMPRIDINE,CHEMBL2362996,PROTEIN FAMILY,ENSG00000171126,KCNG3,BLOCKER,inhibit,unknown,unknown,0,0.1047278216821682,0.02094556433643364,0.02094556433643364,"{""expression_atlas"": 0.1047278216821682}"
CHEMBL284348,DALFAMPRIDINE,CHEMBL2362996,PROTEIN FAMILY,ENSG00000171385,KCND3,BLOCKER,inhibit,unknown,unknown,0,0.13525129515281267,0.027050259030562535,0.027050259030562535,"{""expression_atlas"": 0.13525129515281267}"
CHEMBL284348,DALFAMPRIDINE,CHEMBL2362996,PROTEIN FAMILY,ENSG00000173826,KCNH6,BLOCKER,inhibit,unknown,unknown,0,0.31817882817453275,0.06363576563490655,0.06363576563490655,"{""expression_atlas"": 0.31817882817453275}"
CHEMBL284348,DALFAMPRIDINE,CHEMBL2362996,PROTEIN FAMILY,ENSG00000177272,KCNA3,BLOCKER,inhibit,unknown,unknown,0,0,0.0,0.0,{}
CHEMBL284348,DALFAMPRIDINE,CHEMBL2362996,PROTEIN FAMILY,ENSG00000178342,KCNG2,BLOCKER,inhibit,unknown,unknown,0.032902173017417165,0,0.026321738413933732,0.026321738413933732,"{""gwas_credible_sets"": 0.032902173017417165}"
CHEMBL284348,DALFAMPRIDINE,CHEMBL2362996,PROTEIN FAMILY,ENSG00000183960,KCNH8,BLOCKER,inhibit,unknown,unknown,0.5963435315821193,0,0.47707482526569545,0.47707482526569545,"{""gwas_credible_sets"": 0.5963435315821193}"
CHEMBL284348,DALFAMPRIDINE,CHEMBL2362996,PROTEIN FAMILY,ENSG00000184611,KCNH7,BLOCKER,inhibit,unknown,unknown,0,0.070296702226346,0.0140593404452692,0.0140593404452692,"{""expression_atlas"": 0.070296702226346}"
CHEMBL285674,ESTAZOLAM,CHEMBL2093872,PROTEIN COMPLEX GROUP,ENSG00000094755,GABRP,POSITIVE ALLOSTERIC MODULATOR,activate,unknown,unknown,0,0.07106524621438697,0.014213049242877394,0.014213049242877394,"{""expression_atlas"": 0.07106524621438697}"
CHEMBL285674,ESTAZOLAM,CHEMBL2093872,PROTEIN COMPLEX GROUP,ENSG00000102287,GABRE,POSITIVE ALLOSTERIC MODULATOR,activate,unknown,unknown,0,0.01300725293757502,0.002601450587515004,0.002601450587515004,"{""expression_atlas"": 0.01300725293757502}"
CHEMBL285674,ESTAZOLAM,CHEMBL2093872,PROTEIN COMPLEX GROUP,ENSG00000109158,GABRA4,POSITIVE ALLOSTERIC MODULATOR,activate,unknown,unknown,0,0.040567960282186954,0.00811359205643739,0.00811359205643739,"{""expression_atlas"": 0.040567960282186954}"
CHEMBL285674,ESTAZOLAM,CHEMBL2093872,PROTEIN COMPLEX GROUP,ENSG00000145864,GABRB2,POSITIVE ALLOSTERIC MODULATOR,activate,unknown,unknown,0,0.014994345937037634,0.002998869187407527,0.002998869187407527,"{""expression_atlas"": 0.014994345937037634}"
CHEMBL285674,ESTAZOLAM,CHEMBL2093872,PROTEIN COMPLEX GROUP,ENSG00000151834,GABRA2,POSITIVE ALLOSTERIC MODULATOR,activate,unknown,unknown,0,0.0646883705632426,0.01293767411264852,0.01293767411264852,"{""expression_atlas"": 0.0646883705632426}"
CHEMBL285674,ESTAZOLAM,CHEMBL2093872,PROTEIN COMPLEX GROUP,ENSG00000163285,GABRG1,POSITIVE ALLOSTERIC MODULATOR,activate,unknown,unknown,0,0.06503253540618377,0.013006507081236754,0.013006507081236754,"{""expression_atlas"": 0.06503253540618377}"
CHEMBL285674,ESTAZOLAM,CHEMBL2093872,PROTEIN COMPLEX GROUP,ENSG00000186297,GABRA5,POSITIVE ALLOSTERIC MODULATOR,activate,unknown,unknown,0,0.04015022406741467,0.008030044813482934,0.008030044813482934,"{""expression_atlas"": 0.04015022406741467}"
CHEMBL288441,BOSUTINIB,CHEMBL3234,SINGLE PROTEIN,ENSG00000101336,HCK,INHIBITOR,inhibit,unknown,unknown,0,0.026764462491785015,0.005352892498357003,0.005352892498357003,"{""expression_atlas"": 0.026764462491785015}"
CHEMBL288441,BOSUTINIB,CHEMBL2096618,CHIMERIC PROTEIN,ENSG00000186716,BCR,INHIBITOR,inhibit,unknown,unknown,0,0,0.0,0.0,{}
CHEMBL288441,BOSUTINIB,CHEMBL267,SINGLE PROTEIN,ENSG00000197122,SRC,INHIBITOR,inhibit,unknown,unknown,0,0,0.0,0.0,{}
CHEMBL288441,BOSUTINIB,CHEMBL3905,SINGLE PROTEIN,ENSG00000254087,LYN,INHIBITOR,inhibit,unknown,unknown,0,0.029863183201050535,0.005972636640210107,0.005972636640210107,"{""expression_atlas"": 0.029863183201050535}"
CHEMBL289469,GRANISETRON,CHEMBL1899,SINGLE PROTEIN,ENSG00000166736,HTR3A,ANTAGONIST,inhibit,unknown,unknown,0,0.04201014873138331,0.008402029746276662,0.008402029746276662,"{""expression_atlas"": 0.04201014873138331}"
CHEMBL291657,CRINECERFONT,CHEMBL1800,SINGLE PROTEIN,ENSG00000120088,CRHR1,ANTAGONIST,inhibit,unknown,unknown,0,0.04812276778295107,0.009624553556590214,0.009624553556590214,"{""expression_atlas"": 0.04812276778295107}"
CHEMBL294199,CAPSAICIN,CHEMBL4794,SINGLE PROTEIN,ENSG00000196689,TRPV1,OPENER,unknown,unknown,unknown,0,0,0.0,0.0,{}
CHEMBL297302,BENPERIDOL,CHEMBL217,SINGLE PROTEIN,ENSG00000149295,DRD2,ANTAGONIST,inhibit,unknown,unknown,0,0,0.0,0.0,{}
CHEMBL3,NICOTINE,CHEMBL1907589,PROTEIN COMPLEX,ENSG00000101204,CHRNA4,AGONIST,activate,unknown,unknown,0,0,0.0,0.0,{}
CHEMBL30,CIMETIDINE,CHEMBL1941,SINGLE PROTEIN,ENSG00000113749,HRH2,ANTAGONIST,inhibit,unknown,unknown,0,0.024422109132747515,0.004884421826549503,0.004884421826549503,"{""expression_atlas"": 0.024422109132747515}"
CHEMBL301265,PRAMIPEXOLE,CHEMBL2331075,PROTEIN FAMILY,ENSG00000149295,DRD2,AGONIST,activate,unknown,unknown,0,0,0.0,0.0,{}
CHEMBL3039502,DUVELISIB,CHEMBL3267,SINGLE PROTEIN,ENSG00000105851,PIK3CG,INHIBITOR,inhibit,unknown,unknown,0,0,0.0,0.0,{}
CHEMBL3039502,DUVELISIB,CHEMBL3130,SINGLE PROTEIN,ENSG00000171608,PIK3CD,INHIBITOR,inhibit,unknown,unknown,0,0.00899834621345842,0.001799669242691684,0.001799669242691684,"{""expression_atlas"": 0.00899834621345842}"
CHEMBL3039507,SOTAGLIFLOZIN,CHEMBL4979,SINGLE PROTEIN,ENSG00000100170,SLC5A1,INHIBITOR,inhibit,unknown,unknown,0,0.243904594436853,0.0487809188873706,0.0487809188873706,"{""expression_atlas"": 0.243904594436853}"
CHEMBL3039507,SOTAGLIFLOZIN,CHEMBL3884,SINGLE PROTEIN,ENSG00000140675,SLC5A2,INHIBITOR,inhibit,unknown,unknown,0,0.09242272380199619,0.01848454476039924,0.01848454476039924,"{""expression_atlas"": 0.09242272380199619}"
CHEMBL3039540,ADUCANUMAB,CHEMBL2487,SINGLE PROTEIN,ENSG00000142192,APP,BINDING AGENT,unknown,unknown,unknown,0,0,0.0,0.0,{}
CHEMBL3039545,LUSPATERCEPT,CHEMBL3988637,PROTEIN FAMILY,ENSG00000092969,TGFB2,INHIBITOR,inhibit,unknown,unknown,0,0,0.0,0.0,{}
CHEMBL3039545,LUSPATERCEPT,CHEMBL3988637,PROTEIN FAMILY,ENSG00000105329,TGFB1,INHIBITOR,inhibit,unknown,unknown,0,0.020408869172697793,0.0040817738345395585,0.0040817738345395585,"{""expression_atlas"": 0.020408869172697793}"
CHEMBL3039545,LUSPATERCEPT,CHEMBL3988637,PROTEIN FAMILY,ENSG00000119699,TGFB3,INHIBITOR,inhibit,unknown,unknown,0,0,0.0,0.0,{}
CHEMBL3039598,FOSINOPRIL,CHEMBL1808,SINGLE PROTEIN,ENSG00000159640,ACE,INHIBITOR,inhibit,unknown,unknown,0,0.23801930305604319,0.04760386061120864,0.04760386061120864,"{""expression_atlas"": 0.23801930305604319}"
CHEMBL305660,EBASTINE,CHEMBL231,SINGLE PROTEIN,ENSG00000196639,HRH1,INVERSE AGONIST,inhibit,unknown,unknown,0,0,0.0,0.0,{}
CHEMBL306700,VILOXAZINE,CHEMBL222,SINGLE PROTEIN,ENSG00000103546,SLC6A2,INHIBITOR,inhibit,unknown,unknown,0,0,0.0,0.0,{}
CHEMBL312448,XYLOMETAZOLINE,CHEMBL2095203,PROTEIN FAMILY,ENSG00000150594,ADRA2A,AGONIST,activate,unknown,unknown,0.21032116470427323,0,0.1682569317634186,0.1682569317634186,"{""gwas_credible_sets"": 0.21032116470427323}"
CHEMBL312448,XYLOMETAZOLINE,CHEMBL2095203,PROTEIN FAMILY,ENSG00000170214,ADRA1B,AGONIST,activate,unknown,unknown,0,0.09759134661327273,0.019518269322654547,0.019518269322654547,"{""expression_atlas"": 0.09759134661327273}"
CHEMBL312448,XYLOMETAZOLINE,CHEMBL2095203,PROTEIN FAMILY,ENSG00000171873,ADRA1D,AGONIST,activate,unknown,unknown,0,0.025814812794334265,0.005162962558866853,0.005162962558866853,"{""expression_atlas"": 0.025814812794334265}"
CHEMBL312448,XYLOMETAZOLINE,CHEMBL2095203,PROTEIN FAMILY,ENSG00000184160,ADRA2C,AGONIST,activate,unknown,unknown,0,0.010920894429482362,0.0021841788858964722,0.0021841788858964722,"{""expression_atlas"": 0.010920894429482362}"
CHEMBL3137301,SACUBITRIL,CHEMBL1944,SINGLE PROTEIN,ENSG00000196549,MME,INHIBITOR,inhibit,unknown,unknown,0,0.2150164029477238,0.043003280589544765,0.043003280589544765,"{""expression_atlas"": 0.2150164029477238}"
CHEMBL3137308,PEFICITINIB,CHEMBL2363062,PROTEIN FAMILY,ENSG00000096968,JAK2,INHIBITOR,inhibit,unknown,unknown,0.8162692203864558,0,0.6530153763091646,0.6530153763091646,"{""gwas_credible_sets"": 0.8162692203864558}"
CHEMBL3137308,PEFICITINIB,CHEMBL2363062,PROTEIN FAMILY,ENSG00000105397,TYK2,INHIBITOR,inhibit,unknown,unknown,0.8618771110824588,0,0.6895016888659671,0.6895016888659671,"{""gwas_credible_sets"": 0.8618771110824588}"
CHEMBL3137308,PEFICITINIB,CHEMBL2363062,PROTEIN FAMILY,ENSG00000105639,JAK3,INHIBITOR,inhibit,unknown,unknown,0,0.03446987100163198,0.006893974200326396,0.006893974200326396,"{""expression_atlas"": 0.03446987100163198}"
CHEMBL3137308,PEFICITINIB,CHEMBL2363062,PROTEIN FAMILY,ENSG00000162434,JAK1,INHIBITOR,inhibit,unknown,unknown,0,0,0.0,0.0,{}
CHEMBL3137309,VENETOCLAX,CHEMBL4860,SINGLE PROTEIN,ENSG00000171791,BCL2,INHIBITOR,inhibit,unknown,unknown,0,0,0.0,0.0,{}
CHEMBL3137320,TALAZOPARIB,CHEMBL3105,SINGLE PROTEIN,ENSG00000143799,PARP1,INHIBITOR,inhibit,unknown,unknown,0,0,0.0,0.0,{}
CHEMBL3137321,BENZHYDROCODONE,CHEMBL2095181,PROTEIN FAMILY,ENSG00000082556,OPRK1,AGONIST,activate,unknown,unknown,0,0,0.0,0.0,{}
CHEMBL3137321,BENZHYDROCODONE,CHEMBL2095181,PROTEIN FAMILY,ENSG00000112038,OPRM1,AGONIST,activate,unknown,unknown,0,0,0.0,0.0,{}
CHEMBL3137321,BENZHYDROCODONE,CHEMBL2095181,PROTEIN FAMILY,ENSG00000116329,OPRD1,AGONIST,activate,unknown,unknown,0,0,0.0,0.0,{}
CHEMBL3137343,PEMBROLIZUMAB,CHEMBL3307223,SINGLE PROTEIN,ENSG00000188389,PDCD1,INHIBITOR,inhibit,unknown,unknown,0,0,0.0,0.0,{}
CHEMBL313972,MASOPROCOL,CHEMBL1957,SINGLE PROTEIN,ENSG00000140443,IGF1R,INHIBITOR,inhibit,unknown,unknown,0,0,0.0,0.0,{}
CHEMBL313972,MASOPROCOL,CHEMBL1824,SINGLE PROTEIN,ENSG00000141736,ERBB2,INHIBITOR,inhibit,unknown,unknown,0,0,0.0,0.0,{}
CHEMBL314437,MEPTAZINOL,CHEMBL233,SINGLE PROTEIN,ENSG00000112038,OPRM1,PARTIAL AGONIST,activate,unknown,unknown,0,0,0.0,0.0,{}
CHEMBL314854,FINGOLIMOD,CHEMBL2363041,PROTEIN FAMILY,ENSG00000125910,S1PR4,AGONIST,activate,unknown,unknown,0,0.012651122749987267,0.0025302245499974536,0.0025302245499974536,"{""expression_atlas"": 0.012651122749987267}"
CHEMBL314854,FINGOLIMOD,CHEMBL2363041,PROTEIN FAMILY,ENSG00000125910,S1PR4,BINDING AGENT,unknown,unknown,unknown,0,0.012651122749987267,0.0025302245499974536,0.0025302245499974536,"{""expression_atlas"": 0.012651122749987267}"
CHEMBL314854,FINGOLIMOD,CHEMBL2363041,PROTEIN FAMILY,ENSG00000170989,S1PR1,AGONIST,activate,unknown,unknown,0,0,0.0,0.0,{}
CHEMBL314854,FINGOLIMOD,CHEMBL2363041,PROTEIN FAMILY,ENSG00000170989,S1PR1,BINDING AGENT,unknown,unknown,unknown,0,0,0.0,0.0,{}
CHEMBL314854,FINGOLIMOD,CHEMBL2363041,PROTEIN FAMILY,ENSG00000180739,S1PR5,AGONIST,activate,unknown,unknown,0,0.009421695635511951,0.0018843391271023903,0.0018843391271023903,"{""expression_atlas"": 0.009421695635511951}"
CHEMBL314854,FINGOLIMOD,CHEMBL2363041,PROTEIN FAMILY,ENSG00000180739,S1PR5,BINDING AGENT,unknown,unknown,unknown,0,0.009421695635511951,0.0018843391271023903,0.0018843391271023903,"{""expression_atlas"": 0.009421695635511951}"
CHEMBL314854,FINGOLIMOD,CHEMBL2363041,PROTEIN FAMILY,ENSG00000213694,S1PR3,AGONIST,activate,unknown,unknown,0,0.014580946972443685,0.0029161893944887373,0.0029161893944887373,"{""expression_atlas"": 0.014580946972443685}"
CHEMBL314854,FINGOLIMOD,CHEMBL2363041,PROTEIN FAMILY,ENSG00000213694,S1PR3,BINDING AGENT,unknown,unknown,unknown,0,0.014580946972443685,0.0029161893944887373,0.0029161893944887373,"{""expression_atlas"": 0.014580946972443685}"
CHEMBL314854,FINGOLIMOD,CHEMBL2363041,PROTEIN FAMILY,ENSG00000267534,S1PR2,AGONIST,activate,unknown,unknown,0,0,0.0,0.0,{}
CHEMBL314854,FINGOLIMOD,CHEMBL2363041,PROTEIN FAMILY,ENSG00000267534,S1PR2,BINDING AGENT,unknown,unknown,unknown,0,0,0.0,0.0,{}
CHEMBL315795,CLOMETHIAZOLE,CHEMBL2093872,PROTEIN COMPLEX GROUP,ENSG00000094755,GABRP,POSITIVE ALLOSTERIC MODULATOR,activate,unknown,unknown,0,0.07106524621438697,0.014213049242877394,0.014213049242877394,"{""expression_atlas"": 0.07106524621438697}"
CHEMBL315795,CLOMETHIAZOLE,CHEMBL2093872,PROTEIN COMPLEX GROUP,ENSG00000102287,GABRE,POSITIVE ALLOSTERIC MODULATOR,activate,unknown,unknown,0,0.01300725293757502,0.002601450587515004,0.002601450587515004,"{""expression_atlas"": 0.01300725293757502}"
CHEMBL315795,CLOMETHIAZOLE,CHEMBL2093872,PROTEIN COMPLEX GROUP,ENSG00000109158,GABRA4,POSITIVE ALLOSTERIC MODULATOR,activate,unknown,unknown,0,0.040567960282186954,0.00811359205643739,0.00811359205643739,"{""expression_atlas"": 0.040567960282186954}"
CHEMBL315795,CLOMETHIAZOLE,CHEMBL2093872,PROTEIN COMPLEX GROUP,ENSG00000145864,GABRB2,POSITIVE ALLOSTERIC MODULATOR,activate,unknown,unknown,0,0.014994345937037634,0.002998869187407527,0.002998869187407527,"{""expression_atlas"": 0.014994345937037634}"
CHEMBL315795,CLOMETHIAZOLE,CHEMBL2093872,PROTEIN COMPLEX GROUP,ENSG00000151834,GABRA2,POSITIVE ALLOSTERIC MODULATOR,activate,unknown,unknown,0,0.0646883705632426,0.01293767411264852,0.01293767411264852,"{""expression_atlas"": 0.0646883705632426}"
CHEMBL315795,CLOMETHIAZOLE,CHEMBL2093872,PROTEIN COMPLEX GROUP,ENSG00000163285,GABRG1,POSITIVE ALLOSTERIC MODULATOR,activate,unknown,unknown,0,0.06503253540618377,0.013006507081236754,0.013006507081236754,"{""expression_atlas"": 0.06503253540618377}"
CHEMBL315795,CLOMETHIAZOLE,CHEMBL2093872,PROTEIN COMPLEX GROUP,ENSG00000186297,GABRA5,POSITIVE ALLOSTERIC MODULATOR,activate,unknown,unknown,0,0.04015022406741467,0.008030044813482934,0.008030044813482934,"{""expression_atlas"": 0.04015022406741467}"
CHEMBL315985,ESLICARBAZEPINE,CHEMBL2331043,PROTEIN FAMILY,ENSG00000007314,SCN4A,BLOCKER,inhibit,unknown,unknown,0,0.01623682440230527,0.003247364880461054,0.003247364880461054,"{""expression_atlas"": 0.01623682440230527}"
CHEMBL315985,ESLICARBAZEPINE,CHEMBL2331043,PROTEIN FAMILY,ENSG00000136546,SCN7A,BLOCKER,inhibit,unknown,unknown,0,0.01258407039414361,0.0025168140788287222,0.0025168140788287222,"{""expression_atlas"": 0.01258407039414361}"
CHEMBL315985,ESLICARBAZEPINE,CHEMBL2331043,PROTEIN FAMILY,ENSG00000144285,SCN1A,BLOCKER,inhibit,unknown,unknown,0,0,0.0,0.0,{}
CHEMBL315985,ESLICARBAZEPINE,CHEMBL2331043,PROTEIN FAMILY,ENSG00000169432,SCN9A,BLOCKER,inhibit,unknown,unknown,0,0,0.0,0.0,{}
CHEMBL315985,ESLICARBAZEPINE,CHEMBL2331043,PROTEIN FAMILY,ENSG00000183873,SCN5A,BLOCKER,inhibit,unknown,unknown,0,0,0.0,0.0,{}
CHEMBL315985,ESLICARBAZEPINE,CHEMBL2331043,PROTEIN FAMILY,ENSG00000185313,SCN10A,BLOCKER,inhibit,unknown,unknown,0,0,0.0,0.0,{}
CHEMBL317052,REGADENOSON ANHYDROUS,CHEMBL251,SINGLE PROTEIN,ENSG00000128271,ADORA2A,AGONIST,activate,unknown,unknown,0,0,0.0,0.0,{}
CHEMBL317094,IMIDAPRIL,CHEMBL1808,SINGLE PROTEIN,ENSG00000159640,ACE,INHIBITOR,inhibit,unknown,unknown,0,0.23801930305604319,0.04760386061120864,0.04760386061120864,"{""expression_atlas"": 0.23801930305604319}"
CHEMBL3183075,NIZATIDINE,CHEMBL1941,SINGLE PROTEIN,ENSG00000113749,HRH2,ANTAGONIST,inhibit,unknown,unknown,0,0.024422109132747515,0.004884421826549503,0.004884421826549503,"{""expression_atlas"": 0.024422109132747515}"
CHEMBL3183409,APALUTAMIDE,CHEMBL1871,SINGLE PROTEIN,ENSG00000169083,AR,ANTAGONIST,inhibit,unknown,unknown,0,0,0.0,0.0,{}
CHEMBL3187365,ASENAPINE,CHEMBL217,SINGLE PROTEIN,ENSG00000149295,DRD2,ANTAGONIST,inhibit,unknown,unknown,0,0,0.0,0.0,{}
CHEMBL3187723,BINIMETINIB,CHEMBL3587,SINGLE PROTEIN,ENSG00000169032,MAP2K1,INHIBITOR,inhibit,unknown,unknown,0,0,0.0,0.0,{}
CHEMBL319144,MINODRONIC ACID,CHEMBL1782,SINGLE PROTEIN,ENSG00000160752,FDPS,INHIBITOR,inhibit,unknown,unknown,0.09220896409440398,0,0.07376717127552318,0.07376717127552318,"{""gwas_credible_sets"": 0.09220896409440398}"
CHEMBL3218576,COPANLISIB,CHEMBL4005,SINGLE PROTEIN,ENSG00000121879,PIK3CA,INHIBITOR,inhibit,unknown,unknown,0,0,0.0,0.0,{}
CHEMBL3218576,COPANLISIB,CHEMBL3130,SINGLE PROTEIN,ENSG00000171608,PIK3CD,INHIBITOR,inhibit,unknown,unknown,0,0.00899834621345842,0.001799669242691684,0.001799669242691684,"{""expression_atlas"": 0.00899834621345842}"
CHEMBL325041,BORTEZOMIB,CHEMBL2364701,PROTEIN COMPLEX,ENSG00000100804,PSMB5,INHIBITOR,inhibit,unknown,unknown,0,0,0.0,0.0,{}
CHEMBL325041,BORTEZOMIB,CHEMBL2364701,PROTEIN COMPLEX,ENSG00000100902,PSMA6,INHIBITOR,inhibit,unknown,unknown,0.5367027789988335,0,0.4293622231990668,0.4293622231990668,"{""gwas_credible_sets"": 0.5367027789988335}"
CHEMBL325041,BORTEZOMIB,CHEMBL2364701,PROTEIN COMPLEX,ENSG00000106588,PSMA2,INHIBITOR,inhibit,unknown,unknown,0,0,0.0,0.0,{}
CHEMBL325041,BORTEZOMIB,CHEMBL2364701,PROTEIN COMPLEX,ENSG00000136930,PSMB7,INHIBITOR,inhibit,unknown,unknown,0,0,0.0,0.0,{}
CHEMBL325041,BORTEZOMIB,CHEMBL2364701,PROTEIN COMPLEX,ENSG00000142507,PSMB6,INHIBITOR,inhibit,unknown,unknown,0,0,0.0,0.0,{}
CHEMBL325041,BORTEZOMIB,CHEMBL2364701,PROTEIN COMPLEX,ENSG00000159377,PSMB4,INHIBITOR,inhibit,unknown,unknown,0,0,0.0,0.0,{}
CHEMBL325041,BORTEZOMIB,CHEMBL2364701,PROTEIN COMPLEX,ENSG00000173692,PSMD1,INHIBITOR,inhibit,unknown,unknown,0,0,0.0,0.0,{}
CHEMBL325041,BORTEZOMIB,CHEMBL2364701,PROTEIN COMPLEX,ENSG00000204264,PSMB8,INHIBITOR,inhibit,unknown,unknown,0,0.02210695478854765,0.00442139095770953,0.00442139095770953,"{""expression_atlas"": 0.02210695478854765}"
CHEMBL325041,BORTEZOMIB,CHEMBL2364701,PROTEIN COMPLEX,ENSG00000205220,PSMB10,INHIBITOR,inhibit,unknown,unknown,0,0,0.0,0.0,{}
CHEMBL325041,BORTEZOMIB,CHEMBL2364701,PROTEIN COMPLEX,ENSG00000240065,PSMB9,INHIBITOR,inhibit,unknown,unknown,0,0.1357121194548542,0.02714242389097084,0.02714242389097084,"{""expression_atlas"": 0.1357121194548542}"
CHEMBL3261331,RESMETIROM,CHEMBL1947,SINGLE PROTEIN,ENSG00000151090,THRB,AGONIST,activate,unknown,unknown,0,0.028822518577502402,0.005764503715500481,0.005764503715500481,"{""expression_atlas"": 0.028822518577502402}"
CHEMBL328190,LASOFOXIFENE,CHEMBL2093866,PROTEIN FAMILY,ENSG00000091831,ESR1,MODULATOR,unknown,unknown,unknown,0,0.013323775689022817,0.0026647551378045638,0.0026647551378045638,"{""expression_atlas"": 0.013323775689022817}"
CHEMBL328190,LASOFOXIFENE,CHEMBL2093866,PROTEIN FAMILY,ENSG00000140009,ESR2,MODULATOR,unknown,unknown,unknown,0,0,0.0,0.0,{}
CHEMBL328560,SULTHIAME,CHEMBL2095180,PROTEIN FAMILY,ENSG00000074410,CA12,INHIBITOR,inhibit,unknown,unknown,0,0.19218888580836518,0.03843777716167304,0.03843777716167304,"{""expression_atlas"": 0.19218888580836518}"
CHEMBL328560,SULTHIAME,CHEMBL2095180,PROTEIN FAMILY,ENSG00000104267,CA2,INHIBITOR,inhibit,unknown,unknown,0,0.400706905108295,0.080141381021659,0.080141381021659,"{""expression_atlas"": 0.400706905108295}"
CHEMBL328560,SULTHIAME,CHEMBL2095180,PROTEIN FAMILY,ENSG00000107159,CA9,INHIBITOR,inhibit,unknown,unknown,0,0.16029213937184986,0.03205842787436997,0.03205842787436997,"{""expression_atlas"": 0.16029213937184986}"
CHEMBL328560,SULTHIAME,CHEMBL2095180,PROTEIN FAMILY,ENSG00000133742,CA1,INHIBITOR,inhibit,unknown,unknown,0,0.2546964728832424,0.050939294576648475,0.050939294576648475,"{""expression_atlas"": 0.2546964728832424}"
CHEMBL328560,SULTHIAME,CHEMBL2095180,PROTEIN FAMILY,ENSG00000164879,CA3,INHIBITOR,inhibit,unknown,unknown,0,0.16368363138085312,0.03273672627617063,0.03273672627617063,"{""expression_atlas"": 0.16368363138085312}"
CHEMBL328560,SULTHIAME,CHEMBL2095180,PROTEIN FAMILY,ENSG00000167434,CA4,INHIBITOR,inhibit,unknown,unknown,0,0.35468641598343154,0.07093728319668631,0.07093728319668631,"{""expression_atlas"": 0.35468641598343154}"
CHEMBL328560,SULTHIAME,CHEMBL2095180,PROTEIN FAMILY,ENSG00000168748,CA7,INHIBITOR,inhibit,unknown,unknown,0,0.13869973749644193,0.02773994749928839,0.02773994749928839,"{""expression_atlas"": 0.13869973749644193}"
CHEMBL328560,SULTHIAME,CHEMBL2095180,PROTEIN FAMILY,ENSG00000185015,CA13,INHIBITOR,inhibit,unknown,unknown,0,0.0394892146687646,0.007897842933752921,0.007897842933752921,"{""expression_atlas"": 0.0394892146687646}"
CHEMBL3286830,LORLATINIB,CHEMBL3883330,CHIMERIC PROTEIN,ENSG00000171094,ALK,INHIBITOR,inhibit,unknown,unknown,0,0,0.0,0.0,{}
CHEMBL3286830,LORLATINIB,CHEMBL4247,SINGLE PROTEIN,ENSG00000171094,ALK,INHIBITOR,inhibit,unknown,unknown,0,0,0.0,0.0,{}
CHEMBL3301574,TISAGENLECLEUCEL,CHEMBL3390821,SINGLE PROTEIN,ENSG00000177455,CD19,BINDING AGENT,unknown,unknown,unknown,0,0,0.0,0.0,{}
CHEMBL3301582,POLATUZUMAB VEDOTIN,CHEMBL2095182,PROTEIN COMPLEX GROUP,ENSG00000137285,TUBB2B,INHIBITOR,inhibit,unknown,unknown,0,0.015263210426171842,0.0030526420852343686,0.0030526420852343686,"{""expression_atlas"": 0.015263210426171842}"
CHEMBL3301582,POLATUZUMAB VEDOTIN,CHEMBL2095182,PROTEIN COMPLEX GROUP,ENSG00000176014,TUBB6,INHIBITOR,inhibit,unknown,unknown,0,0.009412066797331744,0.001882413359466349,0.001882413359466349,"{""expression_atlas"": 0.009412066797331744}"
CHEMBL3301582,POLATUZUMAB VEDOTIN,CHEMBL2095182,PROTEIN COMPLEX GROUP,ENSG00000258947,TUBB3,INHIBITOR,inhibit,unknown,unknown,0,0,0.0,0.0,{}
CHEMBL3301583,ANDEXANET ALFA,CHEMBL3713062,SINGLE PROTEIN,ENSG00000003436,TFPI,INHIBITOR,inhibit,unknown,unknown,0,0.016571764219905385,0.0033143528439810773,0.0033143528439810773,"{""expression_atlas"": 0.016571764219905385}"
CHEMBL3301587,DURVALUMAB,CHEMBL3580522,SINGLE PROTEIN,ENSG00000120217,CD274,INHIBITOR,inhibit,unknown,unknown,0,0.22421352352464427,0.044842704704928855,0.044842704704928855,"{""expression_atlas"": 0.22421352352464427}"
CHEMBL3301589,ENFORTUMAB VEDOTIN,CHEMBL2095182,PROTEIN COMPLEX GROUP,ENSG00000137285,TUBB2B,INHIBITOR,inhibit,unknown,unknown,0,0.015263210426171842,0.0030526420852343686,0.0030526420852343686,"{""expression_atlas"": 0.015263210426171842}"
CHEMBL3301589,ENFORTUMAB VEDOTIN,CHEMBL2095182,PROTEIN COMPLEX GROUP,ENSG00000176014,TUBB6,INHIBITOR,inhibit,unknown,unknown,0,0.009412066797331744,0.001882413359466349,0.001882413359466349,"{""expression_atlas"": 0.009412066797331744}"
CHEMBL3301589,ENFORTUMAB VEDOTIN,CHEMBL2095182,PROTEIN COMPLEX GROUP,ENSG00000258947,TUBB3,INHIBITOR,inhibit,unknown,unknown,0,0,0.0,0.0,{}
CHEMBL3301607,FILGOTINIB,CHEMBL2971,SINGLE PROTEIN,ENSG00000096968,JAK2,INHIBITOR,inhibit,unknown,unknown,0.8162692203864558,0,0.6530153763091646,0.6530153763091646,"{""gwas_credible_sets"": 0.8162692203864558}"
CHEMBL3301607,FILGOTINIB,CHEMBL3553,SINGLE PROTEIN,ENSG00000105397,TYK2,INHIBITOR,inhibit,unknown,unknown,0.8618771110824588,0,0.6895016888659671,0.6895016888659671,"{""gwas_credible_sets"": 0.8618771110824588}"
CHEMBL3301607,FILGOTINIB,CHEMBL2148,SINGLE PROTEIN,ENSG00000105639,JAK3,INHIBITOR,inhibit,unknown,unknown,0,0.03446987100163198,0.006893974200326396,0.006893974200326396,"{""expression_atlas"": 0.03446987100163198}"
CHEMBL3301607,FILGOTINIB,CHEMBL2835,SINGLE PROTEIN,ENSG00000162434,JAK1,INHIBITOR,inhibit,unknown,unknown,0,0,0.0,0.0,{}
CHEMBL3301610,ABEMACICLIB,CHEMBL2508,SINGLE PROTEIN,ENSG00000105810,CDK6,INHIBITOR,inhibit,unknown,unknown,0,0,0.0,0.0,{}
CHEMBL3301612,ENCORAFENIB,CHEMBL5145,SINGLE PROTEIN,ENSG00000157764,BRAF,INHIBITOR,inhibit,unknown,unknown,0,0,0.0,0.0,{}
CHEMBL3301622,GILTERITINIB,CHEMBL4895,SINGLE PROTEIN,ENSG00000167601,AXL,INHIBITOR,inhibit,unknown,unknown,0,0,0.0,0.0,{}
CHEMBL3301624,SETMELANOTIDE,CHEMBL259,SINGLE PROTEIN,ENSG00000166603,MC4R,AGONIST,activate,unknown,unknown,0,0.015154765073814414,0.003030953014762883,0.003030953014762883,"{""expression_atlas"": 0.015154765073814414}"
CHEMBL3301675,LINACLOTIDE,CHEMBL1795197,SINGLE PROTEIN,ENSG00000070019,GUCY2C,AGONIST,activate,unknown,unknown,0,0,0.0,0.0,{}
CHEMBL3304485,TENAPANOR,CHEMBL3273,SINGLE PROTEIN,ENSG00000066230,SLC9A3,INHIBITOR,inhibit,unknown,unknown,0,0.025226781492556145,0.00504535629851123,0.00504535629851123,"{""expression_atlas"": 0.025226781492556145}"
CHEMBL3306803,LUMATEPERONE,CHEMBL228,SINGLE PROTEIN,ENSG00000108576,SLC6A4,INHIBITOR,inhibit,unknown,unknown,0,0.4642014225773055,0.09284028451546111,0.09284028451546111,"{""expression_atlas"": 0.4642014225773055}"
CHEMBL3306803,LUMATEPERONE,CHEMBL217,SINGLE PROTEIN,ENSG00000149295,DRD2,ANTAGONIST,inhibit,unknown,unknown,0,0,0.0,0.0,{}
CHEMBL3348923,TOVORAFENIB,CHEMBL3559685,PROTEIN FAMILY,ENSG00000078061,ARAF,INHIBITOR,inhibit,unknown,unknown,0,0,0.0,0.0,{}
CHEMBL3348923,TOVORAFENIB,CHEMBL3559685,PROTEIN FAMILY,ENSG00000132155,RAF1,INHIBITOR,inhibit,unknown,unknown,0,0,0.0,0.0,{}
CHEMBL3348923,TOVORAFENIB,CHEMBL3559685,PROTEIN FAMILY,ENSG00000157764,BRAF,INHIBITOR,inhibit,unknown,unknown,0,0,0.0,0.0,{}
CHEMBL3349607,PASIREOTIDE,CHEMBL1792,SINGLE PROTEIN,ENSG00000162009,SSTR5,AGONIST,activate,unknown,unknown,0,0,0.0,0.0,{}
CHEMBL3349607,PASIREOTIDE,CHEMBL1804,SINGLE PROTEIN,ENSG00000180616,SSTR2,AGONIST,activate,unknown,unknown,0,0,0.0,0.0,{}
CHEMBL3353410,OSIMERTINIB,CHEMBL203,SINGLE PROTEIN,ENSG00000146648,EGFR,INHIBITOR,inhibit,unknown,unknown,0,0,0.0,0.0,{}
CHEMBL3358920,ETRASIMOD,CHEMBL3230,SINGLE PROTEIN,ENSG00000125910,S1PR4,MODULATOR,unknown,unknown,unknown,0,0.012651122749987267,0.0025302245499974536,0.0025302245499974536,"{""expression_atlas"": 0.012651122749987267}"
CHEMBL3358920,ETRASIMOD,CHEMBL4333,SINGLE PROTEIN,ENSG00000170989,S1PR1,AGONIST,activate,unknown,unknown,0,0,0.0,0.0,{}
CHEMBL3358920,ETRASIMOD,CHEMBL4333,SINGLE PROTEIN,ENSG00000170989,S1PR1,MODULATOR,unknown,unknown,unknown,0,0,0.0,0.0,{}
CHEMBL3358920,ETRASIMOD,CHEMBL2274,SINGLE PROTEIN,ENSG00000180739,S1PR5,MODULATOR,unknown,unknown,unknown,0,0.009421695635511951,0.0018843391271023903,0.0018843391271023903,"{""expression_atlas"": 0.009421695635511951}"
CHEMBL339427,TUBOCURARINE,CHEMBL2362997,PROTEIN COMPLEX GROUP,ENSG00000138435,CHRNA1,ANTAGONIST,inhibit,unknown,unknown,0,0.09508718100227412,0.019017436200454825,0.019017436200454825,"{""expression_atlas"": 0.09508718100227412}"
CHEMBL33986,BUTORPHANOL,CHEMBL237,SINGLE PROTEIN,ENSG00000082556,OPRK1,PARTIAL AGONIST,activate,unknown,unknown,0,0,0.0,0.0,{}
CHEMBL33986,BUTORPHANOL,CHEMBL233,SINGLE PROTEIN,ENSG00000112038,OPRM1,PARTIAL AGONIST,activate,unknown,unknown,0,0,0.0,0.0,{}
CHEMBL3414621,TAZEMETOSTAT,CHEMBL2189110,SINGLE PROTEIN,ENSG00000106462,EZH2,INHIBITOR,inhibit,unknown,unknown,0,0,0.0,0.0,{}
CHEMBL34259,METHOTREXATE,CHEMBL202,SINGLE PROTEIN,ENSG00000228716,DHFR,INHIBITOR,inhibit,unknown,unknown,0,0,0.0,0.0,{}
CHEMBL343448,ROMIDEPSIN,CHEMBL2093865,PROTEIN FAMILY,ENSG00000048052,HDAC9,INHIBITOR,inhibit,unknown,unknown,0,0,0.0,0.0,{}
CHEMBL343448,ROMIDEPSIN,CHEMBL2093865,PROTEIN FAMILY,ENSG00000061273,HDAC7,INHIBITOR,inhibit,unknown,unknown,0.4839866926943743,0,0.38718935415549943,0.38718935415549943,"{""gwas_credible_sets"": 0.4839866926943743}"
CHEMBL343448,ROMIDEPSIN,CHEMBL2093865,PROTEIN FAMILY,ENSG00000068024,HDAC4,INHIBITOR,inhibit,unknown,unknown,0,0,0.0,0.0,{}
CHEMBL343448,ROMIDEPSIN,CHEMBL2093865,PROTEIN FAMILY,ENSG00000094631,HDAC6,INHIBITOR,inhibit,unknown,unknown,0,0,0.0,0.0,{}
CHEMBL343448,ROMIDEPSIN,CHEMBL2093865,PROTEIN FAMILY,ENSG00000100429,HDAC10,INHIBITOR,inhibit,unknown,unknown,0,0,0.0,0.0,{}
CHEMBL343448,ROMIDEPSIN,CHEMBL2093865,PROTEIN FAMILY,ENSG00000108840,HDAC5,INHIBITOR,inhibit,unknown,unknown,0,0,0.0,0.0,{}
CHEMBL343448,ROMIDEPSIN,CHEMBL2093865,PROTEIN FAMILY,ENSG00000116478,HDAC1,INHIBITOR,inhibit,unknown,unknown,0,0,0.0,0.0,{}
CHEMBL343448,ROMIDEPSIN,CHEMBL2093865,PROTEIN FAMILY,ENSG00000147099,HDAC8,INHIBITOR,inhibit,unknown,unknown,0,0,0.0,0.0,{}
CHEMBL343448,ROMIDEPSIN,CHEMBL2093865,PROTEIN FAMILY,ENSG00000163517,HDAC11,INHIBITOR,inhibit,unknown,unknown,0,0,0.0,0.0,{}
CHEMBL343448,ROMIDEPSIN,CHEMBL2093865,PROTEIN FAMILY,ENSG00000171720,HDAC3,INHIBITOR,inhibit,unknown,unknown,0,0,0.0,0.0,{}
CHEMBL343448,ROMIDEPSIN,CHEMBL2093865,PROTEIN FAMILY,ENSG00000196591,HDAC2,INHIBITOR,inhibit,unknown,unknown,0,0,0.0,0.0,{}
CHEMBL354077,AMIFAMPRIDINE,CHEMBL2362996,PROTEIN FAMILY,ENSG00000026559,KCNG1,BLOCKER,inhibit,unknown,unknown,0,0.017522828085875297,0.0035045656171750596,0.0035045656171750596,"{""expression_atlas"": 0.017522828085875297}"
CHEMBL354077,AMIFAMPRIDINE,CHEMBL2362996,PROTEIN FAMILY,ENSG00000053918,KCNQ1,BLOCKER,inhibit,unknown,unknown,0,0,0.0,0.0,{}
CHEMBL354077,AMIFAMPRIDINE,CHEMBL2362996,PROTEIN FAMILY,ENSG00000055118,KCNH2,BLOCKER,inhibit,unknown,unknown,0,0.015594533276521935,0.003118906655304387,0.003118906655304387,"{""expression_atlas"": 0.015594533276521935}"
CHEMBL354077,AMIFAMPRIDINE,CHEMBL2362996,PROTEIN FAMILY,ENSG00000075043,KCNQ2,BLOCKER,inhibit,unknown,unknown,0,0.013758427023746538,0.0027516854047493077,0.0027516854047493077,"{""expression_atlas"": 0.013758427023746538}"
CHEMBL354077,AMIFAMPRIDINE,CHEMBL2362996,PROTEIN FAMILY,ENSG00000111262,KCNA1,BLOCKER,inhibit,unknown,unknown,0,0.03817849238977843,0.007635698477955687,0.007635698477955687,"{""expression_atlas"": 0.03817849238977843}"
CHEMBL354077,AMIFAMPRIDINE,CHEMBL2362996,PROTEIN FAMILY,ENSG00000130037,KCNA5,BLOCKER,inhibit,unknown,unknown,0,0.02962478407296534,0.005924956814593069,0.005924956814593069,"{""expression_atlas"": 0.02962478407296534}"
CHEMBL354077,AMIFAMPRIDINE,CHEMBL2362996,PROTEIN FAMILY,ENSG00000140015,KCNH5,BLOCKER,inhibit,unknown,unknown,0,0.01717523527887343,0.0034350470557746858,0.0034350470557746858,"{""expression_atlas"": 0.01717523527887343}"
CHEMBL354077,AMIFAMPRIDINE,CHEMBL2362996,PROTEIN FAMILY,ENSG00000158445,KCNB1,BLOCKER,inhibit,unknown,unknown,0,0.014474002085345572,0.002894800417069115,0.002894800417069115,"{""expression_atlas"": 0.014474002085345572}"
CHEMBL354077,AMIFAMPRIDINE,CHEMBL2362996,PROTEIN FAMILY,ENSG00000171126,KCNG3,BLOCKER,inhibit,unknown,unknown,0,0.1047278216821682,0.02094556433643364,0.02094556433643364,"{""expression_atlas"": 0.1047278216821682}"
CHEMBL354077,AMIFAMPRIDINE,CHEMBL2362996,PROTEIN FAMILY,ENSG00000171385,KCND3,BLOCKER,inhibit,unknown,unknown,0,0.13525129515281267,0.027050259030562535,0.027050259030562535,"{""expression_atlas"": 0.13525129515281267}"
CHEMBL354077,AMIFAMPRIDINE,CHEMBL2362996,PROTEIN FAMILY,ENSG00000173826,KCNH6,BLOCKER,inhibit,unknown,unknown,0,0.31817882817453275,0.06363576563490655,0.06363576563490655,"{""expression_atlas"": 0.31817882817453275}"
CHEMBL354077,AMIFAMPRIDINE,CHEMBL2362996,PROTEIN FAMILY,ENSG00000177272,KCNA3,BLOCKER,inhibit,unknown,unknown,0,0,0.0,0.0,{}
CHEMBL354077,AMIFAMPRIDINE,CHEMBL2362996,PROTEIN FAMILY,ENSG00000178342,KCNG2,BLOCKER,inhibit,unknown,unknown,0.032902173017417165,0,0.026321738413933732,0.026321738413933732,"{""gwas_credible_sets"": 0.032902173017417165}"
CHEMBL354077,AMIFAMPRIDINE,CHEMBL2362996,PROTEIN FAMILY,ENSG00000183960,KCNH8,BLOCKER,inhibit,unknown,unknown,0.5963435315821193,0,0.47707482526569545,0.47707482526569545,"{""gwas_credible_sets"": 0.5963435315821193}"
CHEMBL354077,AMIFAMPRIDINE,CHEMBL2362996,PROTEIN FAMILY,ENSG00000184611,KCNH7,BLOCKER,inhibit,unknown,unknown,0,0.070296702226346,0.0140593404452692,0.0140593404452692,"{""expression_atlas"": 0.070296702226346}"
CHEMBL3544914,TEZACAFTOR,CHEMBL4051,SINGLE PROTEIN,ENSG00000001626,CFTR,POSITIVE MODULATOR,unknown,unknown,unknown,0,0,0.0,0.0,{}
CHEMBL3544988,DAPRODUSTAT,CHEMBL3831261,PROTEIN FAMILY,ENSG00000129521,EGLN3,INHIBITOR,inhibit,unknown,unknown,0,0,0.0,0.0,{}
CHEMBL3544988,DAPRODUSTAT,CHEMBL3831261,PROTEIN FAMILY,ENSG00000269858,EGLN2,INHIBITOR,inhibit,unknown,unknown,0,0,0.0,0.0,{}
CHEMBL3545057,ACETYLDIGITOXIN,CHEMBL2095186,PROTEIN COMPLEX GROUP,ENSG00000018625,ATP1A2,INHIBITOR,inhibit,unknown,unknown,0,0.013958389825520631,0.002791677965104126,0.002791677965104126,"{""expression_atlas"": 0.013958389825520631}"
CHEMBL3545110,RIBOCICLIB,CHEMBL2508,SINGLE PROTEIN,ENSG00000105810,CDK6,INHIBITOR,inhibit,unknown,unknown,0,0,0.0,0.0,{}
CHEMBL3545131,ISATUXIMAB,CHEMBL4660,SINGLE PROTEIN,ENSG00000004468,CD38,INHIBITOR,inhibit,unknown,unknown,0,0.0426630114817985,0.0085326022963597,0.0085326022963597,"{""expression_atlas"": 0.0426630114817985}"
CHEMBL3545132,MIRVETUXIMAB SORAVTANSINE,CHEMBL2095182,PROTEIN COMPLEX GROUP,ENSG00000137285,TUBB2B,INHIBITOR,inhibit,unknown,unknown,0,0.015263210426171842,0.0030526420852343686,0.0030526420852343686,"{""expression_atlas"": 0.015263210426171842}"
CHEMBL3545132,MIRVETUXIMAB SORAVTANSINE,CHEMBL2095182,PROTEIN COMPLEX GROUP,ENSG00000176014,TUBB6,INHIBITOR,inhibit,unknown,unknown,0,0.009412066797331744,0.001882413359466349,0.001882413359466349,"{""expression_atlas"": 0.009412066797331744}"
CHEMBL3545132,MIRVETUXIMAB SORAVTANSINE,CHEMBL2095182,PROTEIN COMPLEX GROUP,ENSG00000258947,TUBB3,INHIBITOR,inhibit,unknown,unknown,0,0,0.0,0.0,{}
CHEMBL3545185,SELINEXOR,CHEMBL5661,SINGLE PROTEIN,ENSG00000082898,XPO1,INHIBITOR,inhibit,unknown,unknown,0.05968953193478378,0,0.047751625547827026,0.047751625547827026,"{""gwas_credible_sets"": 0.05968953193478378}"
CHEMBL3545189,LANADELUMAB,CHEMBL2000,SINGLE PROTEIN,ENSG00000164344,KLKB1,INHIBITOR,inhibit,unknown,unknown,0,0.07848067063000848,0.015696134126001696,0.015696134126001696,"{""expression_atlas"": 0.07848067063000848}"
CHEMBL3545191,EVINACUMAB,CHEMBL3710485,SINGLE PROTEIN,ENSG00000132855,ANGPTL3,INHIBITOR,inhibit,unknown,unknown,0.10756875739610522,0,0.08605500591688418,0.08605500591688418,"{""gwas_credible_sets"": 0.10756875739610522}"
CHEMBL3545262,SACITUZUMAB GOVITECAN,CHEMBL3856163,SINGLE PROTEIN,ENSG00000184292,TACSTD2,BINDING AGENT,unknown,unknown,unknown,0,0.022122460683775068,0.004424492136755014,0.004424492136755014,"{""expression_atlas"": 0.022122460683775068}"
CHEMBL3545311,BRIGATINIB,CHEMBL203,SINGLE PROTEIN,ENSG00000146648,EGFR,INHIBITOR,inhibit,unknown,unknown,0,0,0.0,0.0,{}
CHEMBL3545311,BRIGATINIB,CHEMBL4247,SINGLE PROTEIN,ENSG00000171094,ALK,INHIBITOR,inhibit,unknown,unknown,0,0,0.0,0.0,{}
CHEMBL3545313,BEMPEDOIC ACID,CHEMBL3720,SINGLE PROTEIN,ENSG00000131473,ACLY,INHIBITOR,inhibit,unknown,unknown,0,0,0.0,0.0,{}
CHEMBL3545367,LEMBOREXANT,CHEMBL5113,SINGLE PROTEIN,ENSG00000121764,HCRTR1,ANTAGONIST,inhibit,unknown,unknown,0,0,0.0,0.0,{}
CHEMBL3545376,ERDAFITINIB,CHEMBL2095217,PROTEIN FAMILY,ENSG00000066468,FGFR2,INHIBITOR,inhibit,unknown,unknown,0,0.02240476975705044,0.004480953951410088,0.004480953951410088,"{""expression_atlas"": 0.02240476975705044}"
CHEMBL3545376,ERDAFITINIB,CHEMBL2095217,PROTEIN FAMILY,ENSG00000068078,FGFR3,INHIBITOR,inhibit,unknown,unknown,0,0.008518873000102881,0.0017037746000205763,0.0017037746000205763,"{""expression_atlas"": 0.008518873000102881}"
CHEMBL3545376,ERDAFITINIB,CHEMBL2095217,PROTEIN FAMILY,ENSG00000077782,FGFR1,INHIBITOR,inhibit,unknown,unknown,0,0.01504934646658357,0.0030098692933167143,0.0030098692933167143,"{""expression_atlas"": 0.01504934646658357}"
CHEMBL354541,LOMITAPIDE,CHEMBL2364681,PROTEIN COMPLEX,ENSG00000138823,MTTP,INHIBITOR,inhibit,unknown,unknown,0,0.4762208899557575,0.09524417799115151,0.09524417799115151,"{""expression_atlas"": 0.4762208899557575}"
CHEMBL3545432,IXAZOMIB CITRATE,CHEMBL2364701,PROTEIN COMPLEX,ENSG00000100804,PSMB5,INHIBITOR,inhibit,unknown,unknown,0,0,0.0,0.0,{}
CHEMBL3545432,IXAZOMIB CITRATE,CHEMBL2364701,PROTEIN COMPLEX,ENSG00000100902,PSMA6,INHIBITOR,inhibit,unknown,unknown,0.5367027789988335,0,0.4293622231990668,0.4293622231990668,"{""gwas_credible_sets"": 0.5367027789988335}"
CHEMBL3545432,IXAZOMIB CITRATE,CHEMBL2364701,PROTEIN COMPLEX,ENSG00000106588,PSMA2,INHIBITOR,inhibit,unknown,unknown,0,0,0.0,0.0,{}
CHEMBL3545432,IXAZOMIB CITRATE,CHEMBL2364701,PROTEIN COMPLEX,ENSG00000136930,PSMB7,INHIBITOR,inhibit,unknown,unknown,0,0,0.0,0.0,{}
CHEMBL3545432,IXAZOMIB CITRATE,CHEMBL2364701,PROTEIN COMPLEX,ENSG00000142507,PSMB6,INHIBITOR,inhibit,unknown,unknown,0,0,0.0,0.0,{}
CHEMBL3545432,IXAZOMIB CITRATE,CHEMBL2364701,PROTEIN COMPLEX,ENSG00000159377,PSMB4,INHIBITOR,inhibit,unknown,unknown,0,0,0.0,0.0,{}
CHEMBL3545432,IXAZOMIB CITRATE,CHEMBL2364701,PROTEIN COMPLEX,ENSG00000173692,PSMD1,INHIBITOR,inhibit,unknown,unknown,0,0,0.0,0.0,{}
CHEMBL3545432,IXAZOMIB CITRATE,CHEMBL2364701,PROTEIN COMPLEX,ENSG00000204264,PSMB8,INHIBITOR,inhibit,unknown,unknown,0,0.02210695478854765,0.00442139095770953,0.00442139095770953,"{""expression_atlas"": 0.02210695478854765}"
CHEMBL3545432,IXAZOMIB CITRATE,CHEMBL2364701,PROTEIN COMPLEX,ENSG00000205220,PSMB10,INHIBITOR,inhibit,unknown,unknown,0,0,0.0,0.0,{}
CHEMBL3545432,IXAZOMIB CITRATE,CHEMBL2364701,PROTEIN COMPLEX,ENSG00000240065,PSMB9,INHIBITOR,inhibit,unknown,unknown,0,0.1357121194548542,0.02714242389097084,0.02714242389097084,"{""expression_atlas"": 0.1357121194548542}"
CHEMBL3545985,BENZPHETAMINE,CHEMBL222,SINGLE PROTEIN,ENSG00000103546,SLC6A2,RELEASING AGENT,unknown,unknown,unknown,0,0,0.0,0.0,{}
CHEMBL3559672,RAUWOLFIA SERPENTINA,CHEMBL2095203,PROTEIN FAMILY,ENSG00000150594,ADRA2A,ANTAGONIST,inhibit,unknown,unknown,0.21032116470427323,0,0.1682569317634186,0.1682569317634186,"{""gwas_credible_sets"": 0.21032116470427323}"
CHEMBL3559672,RAUWOLFIA SERPENTINA,CHEMBL2095203,PROTEIN FAMILY,ENSG00000170214,ADRA1B,ANTAGONIST,inhibit,unknown,unknown,0,0.09759134661327273,0.019518269322654547,0.019518269322654547,"{""expression_atlas"": 0.09759134661327273}"
CHEMBL3559672,RAUWOLFIA SERPENTINA,CHEMBL2095203,PROTEIN FAMILY,ENSG00000171873,ADRA1D,ANTAGONIST,inhibit,unknown,unknown,0,0.025814812794334265,0.005162962558866853,0.005162962558866853,"{""expression_atlas"": 0.025814812794334265}"
CHEMBL3559672,RAUWOLFIA SERPENTINA,CHEMBL2095203,PROTEIN FAMILY,ENSG00000184160,ADRA2C,ANTAGONIST,inhibit,unknown,unknown,0,0.010920894429482362,0.0021841788858964722,0.0021841788858964722,"{""expression_atlas"": 0.010920894429482362}"
CHEMBL3590187,CLASCOTERONE,CHEMBL1871,SINGLE PROTEIN,ENSG00000169083,AR,ANTAGONIST,inhibit,unknown,unknown,0,0,0.0,0.0,{}
CHEMBL360055,GALLAMINE,CHEMBL2362997,PROTEIN COMPLEX GROUP,ENSG00000138435,CHRNA1,ANTAGONIST,inhibit,unknown,unknown,0,0.09508718100227412,0.019017436200454825,0.019017436200454825,"{""expression_atlas"": 0.09508718100227412}"
CHEMBL361812,RAMATROBAN,CHEMBL5071,SINGLE PROTEIN,ENSG00000183134,PTGDR2,ANTAGONIST,inhibit,unknown,unknown,0,0,0.0,0.0,{}
CHEMBL3622821,UPADACITINIB,CHEMBL2971,SINGLE PROTEIN,ENSG00000096968,JAK2,INHIBITOR,inhibit,unknown,unknown,0.8162692203864558,0,0.6530153763091646,0.6530153763091646,"{""gwas_credible_sets"": 0.8162692203864558}"
CHEMBL3622821,UPADACITINIB,CHEMBL3553,SINGLE PROTEIN,ENSG00000105397,TYK2,INHIBITOR,inhibit,unknown,unknown,0.8618771110824588,0,0.6895016888659671,0.6895016888659671,"{""gwas_credible_sets"": 0.8618771110824588}"
CHEMBL3622821,UPADACITINIB,CHEMBL2148,SINGLE PROTEIN,ENSG00000105639,JAK3,INHIBITOR,inhibit,unknown,unknown,0,0.03446987100163198,0.006893974200326396,0.006893974200326396,"{""expression_atlas"": 0.03446987100163198}"
CHEMBL3622821,UPADACITINIB,CHEMBL2835,SINGLE PROTEIN,ENSG00000162434,JAK1,INHIBITOR,inhibit,unknown,unknown,0,0,0.0,0.0,{}
CHEMBL363392,MARALIXIBAT,CHEMBL2778,SINGLE PROTEIN,ENSG00000125255,SLC10A2,INHIBITOR,inhibit,unknown,unknown,0,0.519693585758888,0.1039387171517776,0.1039387171517776,"{""expression_atlas"": 0.519693585758888}"
CHEMBL3643413,LENIOLISIB,CHEMBL3130,SINGLE PROTEIN,ENSG00000171608,PIK3CD,INHIBITOR,inhibit,unknown,unknown,0,0.00899834621345842,0.001799669242691684,0.001799669242691684,"{""expression_atlas"": 0.00899834621345842}"
CHEMBL3646221,VADADUSTAT,CHEMBL5705,SINGLE PROTEIN,ENSG00000129521,EGLN3,INHIBITOR,inhibit,unknown,unknown,0,0,0.0,0.0,{}
CHEMBL3646221,VADADUSTAT,CHEMBL3028,SINGLE PROTEIN,ENSG00000269858,EGLN2,INHIBITOR,inhibit,unknown,unknown,0,0,0.0,0.0,{}
CHEMBL3655081,ABROCITINIB,CHEMBL2835,SINGLE PROTEIN,ENSG00000162434,JAK1,INHIBITOR,inhibit,unknown,unknown,0,0,0.0,0.0,{}
CHEMBL3701238,FUTIBATINIB,CHEMBL2095217,PROTEIN FAMILY,ENSG00000066468,FGFR2,INHIBITOR,inhibit,unknown,unknown,0,0.02240476975705044,0.004480953951410088,0.004480953951410088,"{""expression_atlas"": 0.02240476975705044}"
CHEMBL3701238,FUTIBATINIB,CHEMBL2095217,PROTEIN FAMILY,ENSG00000068078,FGFR3,INHIBITOR,inhibit,unknown,unknown,0,0.008518873000102881,0.0017037746000205763,0.0017037746000205763,"{""expression_atlas"": 0.008518873000102881}"
CHEMBL3701238,FUTIBATINIB,CHEMBL2095217,PROTEIN FAMILY,ENSG00000077782,FGFR1,INHIBITOR,inhibit,unknown,unknown,0,0.01504934646658357,0.0030098692933167143,0.0030098692933167143,"{""expression_atlas"": 0.01504934646658357}"
CHEMBL3707224,SOFPIRONIUM,CHEMBL2094109,PROTEIN FAMILY,ENSG00000133019,CHRM3,INHIBITOR,inhibit,unknown,unknown,0,0.04444900036943321,0.008889800073886641,0.008889800073886641,"{""expression_atlas"": 0.04444900036943321}"
CHEMBL3707224,SOFPIRONIUM,CHEMBL2094109,PROTEIN FAMILY,ENSG00000180720,CHRM4,INHIBITOR,inhibit,unknown,unknown,0,0.12779333357606606,0.025558666715213216,0.025558666715213216,"{""expression_atlas"": 0.12779333357606606}"
CHEMBL3707224,SOFPIRONIUM,CHEMBL2094109,PROTEIN FAMILY,ENSG00000181072,CHRM2,INHIBITOR,inhibit,unknown,unknown,0,0.015360851261897956,0.0030721702523795916,0.0030721702523795916,"{""expression_atlas"": 0.015360851261897956}"
CHEMBL3707226,DEFIBROTIDE SODIUM,CHEMBL1801,SINGLE PROTEIN,ENSG00000122194,PLG,ACTIVATOR,activate,unknown,unknown,0,0,0.0,0.0,{}
CHEMBL3707227,ATEZOLIZUMAB,CHEMBL3580522,SINGLE PROTEIN,ENSG00000120217,CD274,INHIBITOR,inhibit,unknown,unknown,0,0.22421352352464427,0.044842704704928855,0.044842704704928855,"{""expression_atlas"": 0.22421352352464427}"
CHEMBL3707229,TEZEPELUMAB,CHEMBL3712931,SINGLE PROTEIN,ENSG00000145777,TSLP,INHIBITOR,inhibit,unknown,unknown,0.1097122321181281,0,0.08776978569450249,0.08776978569450249,"{""gwas_credible_sets"": 0.1097122321181281}"
CHEMBL3707247,OZANIMOD,CHEMBL4333,SINGLE PROTEIN,ENSG00000170989,S1PR1,MODULATOR,unknown,unknown,unknown,0,0,0.0,0.0,{}
CHEMBL3707247,OZANIMOD,CHEMBL2274,SINGLE PROTEIN,ENSG00000180739,S1PR5,MODULATOR,unknown,unknown,unknown,0,0.009421695635511951,0.0018843391271023903,0.0018843391271023903,"{""expression_atlas"": 0.009421695635511951}"
CHEMBL3707275,VORETIGENE NEPARVOVEC,CHEMBL3831182,SINGLE PROTEIN,ENSG00000116745,RPE65,EXOGENOUS GENE,unknown,unknown,unknown,0,0,0.0,0.0,{}
CHEMBL3707290,SOMAPACITAN,CHEMBL1976,SINGLE PROTEIN,ENSG00000112964,GHR,AGONIST,activate,unknown,unknown,0,0.023483312321574815,0.004696662464314963,0.004696662464314963,"{""expression_atlas"": 0.023483312321574815}"
CHEMBL3707326,BUROSUMAB,CHEMBL3713913,SINGLE PROTEIN,ENSG00000118972,FGF23,INHIBITOR,inhibit,unknown,unknown,0,0,0.0,0.0,{}
CHEMBL3707328,GALCANEZUMAB,CHEMBL3832947,PROTEIN FAMILY,ENSG00000110680,CALCA,INHIBITOR,inhibit,unknown,unknown,0,0,0.0,0.0,{}
CHEMBL3707328,GALCANEZUMAB,CHEMBL3832947,PROTEIN FAMILY,ENSG00000175868,CALCB,INHIBITOR,inhibit,unknown,unknown,0,0,0.0,0.0,{}
CHEMBL3707331,ROLAPITANT,CHEMBL249,SINGLE PROTEIN,ENSG00000115353,TACR1,ANTAGONIST,inhibit,unknown,unknown,0,0,0.0,0.0,{}
CHEMBL3707348,ACALABRUTINIB,CHEMBL5251,SINGLE PROTEIN,ENSG00000010671,BTK,INHIBITOR,inhibit,unknown,unknown,0,0,0.0,0.0,{}
CHEMBL3707357,BROLUCIZUMAB,CHEMBL1783,SINGLE PROTEIN,ENSG00000112715,VEGFA,INHIBITOR,inhibit,unknown,unknown,0,0,0.0,0.0,{}
CHEMBL3707377,SEGESTERONE ACETATE,CHEMBL208,SINGLE PROTEIN,ENSG00000082175,PGR,AGONIST,activate,unknown,unknown,0,0.01501474225374393,0.003002948450748786,0.003002948450748786,"{""expression_atlas"": 0.01501474225374393}"
CHEMBL3707395,ELAFIBRANOR,CHEMBL3979,SINGLE PROTEIN,ENSG00000112033,PPARD,AGONIST,activate,unknown,unknown,0,0,0.0,0.0,{}
CHEMBL3707395,ELAFIBRANOR,CHEMBL239,SINGLE PROTEIN,ENSG00000186951,PPARA,AGONIST,activate,unknown,unknown,0,0,0.0,0.0,{}
CHEMBL370805,COCAINE,CHEMBL2331043,PROTEIN FAMILY,ENSG00000007314,SCN4A,BLOCKER,inhibit,unknown,unknown,0,0.01623682440230527,0.003247364880461054,0.003247364880461054,"{""expression_atlas"": 0.01623682440230527}"
CHEMBL370805,COCAINE,CHEMBL2331043,PROTEIN FAMILY,ENSG00000136546,SCN7A,BLOCKER,inhibit,unknown,unknown,0,0.01258407039414361,0.0025168140788287222,0.0025168140788287222,"{""expression_atlas"": 0.01258407039414361}"
CHEMBL370805,COCAINE,CHEMBL2331043,PROTEIN FAMILY,ENSG00000144285,SCN1A,BLOCKER,inhibit,unknown,unknown,0,0,0.0,0.0,{}
CHEMBL370805,COCAINE,CHEMBL2331043,PROTEIN FAMILY,ENSG00000169432,SCN9A,BLOCKER,inhibit,unknown,unknown,0,0,0.0,0.0,{}
CHEMBL370805,COCAINE,CHEMBL2331043,PROTEIN FAMILY,ENSG00000183873,SCN5A,BLOCKER,inhibit,unknown,unknown,0,0,0.0,0.0,{}
CHEMBL370805,COCAINE,CHEMBL2331043,PROTEIN FAMILY,ENSG00000185313,SCN10A,BLOCKER,inhibit,unknown,unknown,0,0,0.0,0.0,{}
CHEMBL3716057,GEFAPIXANT,CHEMBL2998,SINGLE PROTEIN,ENSG00000109991,P2RX3,ANTAGONIST,inhibit,unknown,unknown,0,0,0.0,0.0,{}
CHEMBL373742,VASOPRESSIN,CHEMBL2363078,PROTEIN FAMILY,ENSG00000166148,AVPR1A,AGONIST,activate,unknown,unknown,0,0.07537526408687396,0.015075052817374793,0.015075052817374793,"{""expression_atlas"": 0.07537526408687396}"
CHEMBL376359,ALOGLIPTIN,CHEMBL284,SINGLE PROTEIN,ENSG00000197635,DPP4,INHIBITOR,inhibit,unknown,unknown,0,0.22977806640123927,0.04595561328024786,0.04595561328024786,"{""expression_atlas"": 0.22977806640123927}"
CHEMBL376897,METHSCOPOLAMINE,CHEMBL245,SINGLE PROTEIN,ENSG00000133019,CHRM3,ANTAGONIST,inhibit,unknown,unknown,0,0.04444900036943321,0.008889800073886641,0.008889800073886641,"{""expression_atlas"": 0.04444900036943321}"
CHEMBL3786343,OLMUTINIB,CHEMBL203,SINGLE PROTEIN,ENSG00000146648,EGFR,INHIBITOR,inhibit,unknown,unknown,0,0,0.0,0.0,{}
CHEMBL38,TRETINOIN,CHEMBL2363069,PROTEIN FAMILY,ENSG00000077092,RARB,AGONIST,activate,unknown,unknown,0,0,0.0,0.0,{}
CHEMBL38,TRETINOIN,CHEMBL2363069,PROTEIN FAMILY,ENSG00000131759,RARA,AGONIST,activate,unknown,unknown,0,0,0.0,0.0,{}
CHEMBL3813873,PEXIDARTINIB,CHEMBL1936,SINGLE PROTEIN,ENSG00000157404,KIT,INHIBITOR,inhibit,unknown,unknown,0,0,0.0,0.0,{}
CHEMBL3813873,PEXIDARTINIB,CHEMBL1844,SINGLE PROTEIN,ENSG00000182578,CSF1R,INHIBITOR,inhibit,unknown,unknown,0,0.023292788374765037,0.004658557674953007,0.004658557674953007,"{""expression_atlas"": 0.023292788374765037}"
CHEMBL3833307,SATRALIZUMAB,CHEMBL3137266,PROTEIN-PROTEIN INTERACTION,ENSG00000134352,IL6ST,ANTAGONIST,inhibit,unknown,unknown,0.11670912156600836,0.014329735007657735,0.09623324425433824,0.09623324425433824,"{""gwas_credible_sets"": 0.11670912156600836, ""expression_atlas"": 0.014329735007657735}"
CHEMBL3833307,SATRALIZUMAB,CHEMBL3137266,PROTEIN-PROTEIN INTERACTION,ENSG00000160712,IL6R,ANTAGONIST,inhibit,unknown,unknown,0.6001553841847747,0,0.48012430734781975,0.48012430734781975,"{""gwas_credible_sets"": 0.6001553841847747}"
CHEMBL3833319,REVEFENACIN,CHEMBL245,SINGLE PROTEIN,ENSG00000133019,CHRM3,ANTAGONIST,inhibit,unknown,unknown,0,0.04444900036943321,0.008889800073886641,0.008889800073886641,"{""expression_atlas"": 0.04444900036943321}"
CHEMBL3833320,EPTINEZUMAB,CHEMBL3832947,PROTEIN FAMILY,ENSG00000110680,CALCA,INHIBITOR,inhibit,unknown,unknown,0,0,0.0,0.0,{}
CHEMBL3833320,EPTINEZUMAB,CHEMBL3832947,PROTEIN FAMILY,ENSG00000175868,CALCB,INHIBITOR,inhibit,unknown,unknown,0,0,0.0,0.0,{}
CHEMBL3833321,LECANEMAB,CHEMBL2487,SINGLE PROTEIN,ENSG00000142192,APP,INHIBITOR,inhibit,unknown,unknown,0,0,0.0,0.0,{}
CHEMBL3833329,ERENUMAB,CHEMBL3798,SINGLE PROTEIN,ENSG00000064989,CALCRL,ANTAGONIST,inhibit,unknown,unknown,0,0.024908950243651362,0.004981790048730273,0.004981790048730273,"{""expression_atlas"": 0.024908950243651362}"
CHEMBL3833373,AVELUMAB,CHEMBL3580522,SINGLE PROTEIN,ENSG00000120217,CD274,OTHER,unknown,unknown,unknown,0,0.22421352352464427,0.044842704704928855,0.044842704704928855,"{""expression_atlas"": 0.22421352352464427}"
CHEMBL3833384,EFLAPEGRASTIM,CHEMBL1996,SINGLE PROTEIN,ENSG00000119535,CSF3R,AGONIST,activate,unknown,unknown,0,0.3580517355813792,0.07161034711627584,0.07161034711627584,"{""expression_atlas"": 0.3580517355813792}"
CHEMBL3833389,DEXTROMORAMIDE,CHEMBL2095181,PROTEIN FAMILY,ENSG00000082556,OPRK1,AGONIST,activate,unknown,unknown,0,0,0.0,0.0,{}
CHEMBL3833389,DEXTROMORAMIDE,CHEMBL2095181,PROTEIN FAMILY,ENSG00000112038,OPRM1,AGONIST,activate,unknown,unknown,0,0,0.0,0.0,{}
CHEMBL3833389,DEXTROMORAMIDE,CHEMBL2095181,PROTEIN FAMILY,ENSG00000116329,OPRD1,AGONIST,activate,unknown,unknown,0,0,0.0,0.0,{}
CHEMBL3833393,EMICIZUMAB,CHEMBL2111424,SELECTIVITY GROUP,ENSG00000126218,F10,OTHER,unknown,unknown,unknown,0,0,0.0,0.0,{}
CHEMBL384467,DEXAMETHASONE,CHEMBL2034,SINGLE PROTEIN,ENSG00000113580,NR3C1,AGONIST,activate,unknown,unknown,0,0,0.0,0.0,{}
CHEMBL385517,SAXAGLIPTIN ANHYDROUS,CHEMBL284,SINGLE PROTEIN,ENSG00000197635,DPP4,INHIBITOR,inhibit,unknown,unknown,0,0.22977806640123927,0.04595561328024786,0.04595561328024786,"{""expression_atlas"": 0.22977806640123927}"
CHEMBL386630,TESTOSTERONE,CHEMBL1871,SINGLE PROTEIN,ENSG00000169083,AR,AGONIST,activate,unknown,unknown,0,0,0.0,0.0,{}
CHEMBL3889654,LAROTRECTINIB,CHEMBL3559684,PROTEIN FAMILY,ENSG00000140538,NTRK3,INHIBITOR,inhibit,unknown,unknown,0,0.011153578433341074,0.0022307156866682148,0.0022307156866682148,"{""expression_atlas"": 0.011153578433341074}"
CHEMBL3889654,LAROTRECTINIB,CHEMBL3559684,PROTEIN FAMILY,ENSG00000148053,NTRK2,INHIBITOR,inhibit,unknown,unknown,0,0.11308420824023263,0.02261684164804653,0.02261684164804653,"{""expression_atlas"": 0.11308420824023263}"
CHEMBL3889654,LAROTRECTINIB,CHEMBL3559684,PROTEIN FAMILY,ENSG00000198400,NTRK1,INHIBITOR,inhibit,unknown,unknown,0,0.12704082083182408,0.025408164166364818,0.025408164166364818,"{""expression_atlas"": 0.12704082083182408}"
CHEMBL3894860,TRILACICLIB,CHEMBL2508,SINGLE PROTEIN,ENSG00000105810,CDK6,INHIBITOR,inhibit,unknown,unknown,0,0,0.0,0.0,{}
CHEMBL389621,HYDROCORTISONE,CHEMBL2034,SINGLE PROTEIN,ENSG00000113580,NR3C1,AGONIST,activate,unknown,unknown,0,0,0.0,0.0,{}
CHEMBL3936761,ZANUBRUTINIB,CHEMBL5251,SINGLE PROTEIN,ENSG00000010671,BTK,INHIBITOR,inhibit,unknown,unknown,0,0,0.0,0.0,{}
CHEMBL3940890,ACORAMIDIS,CHEMBL3194,SINGLE PROTEIN,ENSG00000118271,TTR,STABILISER,unknown,unknown,unknown,0,0,0.0,0.0,{}
CHEMBL3948730,UMBRALISIB,CHEMBL3130,SINGLE PROTEIN,ENSG00000171608,PIK3CD,INHIBITOR,inhibit,unknown,unknown,0,0.00899834621345842,0.001799669242691684,0.001799669242691684,"{""expression_atlas"": 0.00899834621345842}"
CHEMBL395091,ESKETAMINE,CHEMBL2094124,PROTEIN COMPLEX GROUP,ENSG00000105464,GRIN2D,NEGATIVE ALLOSTERIC MODULATOR,inhibit,unknown,unknown,0,0.015691053476461433,0.0031382106952922866,0.0031382106952922866,"{""expression_atlas"": 0.015691053476461433}"
CHEMBL395091,ESKETAMINE,CHEMBL2094124,PROTEIN COMPLEX GROUP,ENSG00000183454,GRIN2A,NEGATIVE ALLOSTERIC MODULATOR,inhibit,unknown,unknown,0,0,0.0,0.0,{}
CHEMBL395091,ESKETAMINE,CHEMBL2094124,PROTEIN COMPLEX GROUP,ENSG00000198785,GRIN3A,NEGATIVE ALLOSTERIC MODULATOR,inhibit,unknown,unknown,0,0.14858657226381564,0.029717314452763127,0.029717314452763127,"{""expression_atlas"": 0.14858657226381564}"
CHEMBL396778,SAFINAMIDE,CHEMBL2039,SINGLE PROTEIN,ENSG00000069535,MAOB,INHIBITOR,inhibit,unknown,unknown,0,0.28078552500326326,0.05615710500065266,0.05615710500065266,"{""expression_atlas"": 0.28078552500326326}"
CHEMBL398707,HYDROMORPHONE,CHEMBL233,SINGLE PROTEIN,ENSG00000112038,OPRM1,AGONIST,activate,unknown,unknown,0,0,0.0,0.0,{}
CHEMBL3989843,TRANYLCYPROMINE,CHEMBL2095205,PROTEIN FAMILY,ENSG00000069535,MAOB,INHIBITOR,inhibit,unknown,unknown,0,0.28078552500326326,0.05615710500065266,0.05615710500065266,"{""expression_atlas"": 0.28078552500326326}"
CHEMBL3989843,TRANYLCYPROMINE,CHEMBL2095205,PROTEIN FAMILY,ENSG00000189221,MAOA,INHIBITOR,inhibit,unknown,unknown,0,0.012838890830001837,0.0025677781660003677,0.0025677781660003677,"{""expression_atlas"": 0.012838890830001837}"
CHEMBL3989868,TUCATINIB,CHEMBL1824,SINGLE PROTEIN,ENSG00000141736,ERBB2,INHIBITOR,inhibit,unknown,unknown,0,0,0.0,0.0,{}
CHEMBL3989871,AVACOPAN,CHEMBL2373,SINGLE PROTEIN,ENSG00000197405,C5AR1,ANTAGONIST,inhibit,unknown,unknown,0,0.2364108177667836,0.047282163553356724,0.047282163553356724,"{""expression_atlas"": 0.2364108177667836}"
CHEMBL3989915,DIFELIKEFALIN,CHEMBL237,SINGLE PROTEIN,ENSG00000082556,OPRK1,AGONIST,activate,unknown,unknown,0,0,0.0,0.0,{}
CHEMBL3989917,FOSNETUPITANT,CHEMBL249,SINGLE PROTEIN,ENSG00000115353,TACR1,ANTAGONIST,inhibit,unknown,unknown,0,0,0.0,0.0,{}
CHEMBL3989949,CENOBAMATE,CHEMBL2331043,PROTEIN FAMILY,ENSG00000007314,SCN4A,INHIBITOR,inhibit,unknown,unknown,0,0.01623682440230527,0.003247364880461054,0.003247364880461054,"{""expression_atlas"": 0.01623682440230527}"
CHEMBL3989949,CENOBAMATE,CHEMBL2093872,PROTEIN COMPLEX GROUP,ENSG00000094755,GABRP,POSITIVE ALLOSTERIC MODULATOR,activate,unknown,unknown,0,0.07106524621438697,0.014213049242877394,0.014213049242877394,"{""expression_atlas"": 0.07106524621438697}"
CHEMBL3989949,CENOBAMATE,CHEMBL2093872,PROTEIN COMPLEX GROUP,ENSG00000102287,GABRE,POSITIVE ALLOSTERIC MODULATOR,activate,unknown,unknown,0,0.01300725293757502,0.002601450587515004,0.002601450587515004,"{""expression_atlas"": 0.01300725293757502}"
CHEMBL3989949,CENOBAMATE,CHEMBL2093872,PROTEIN COMPLEX GROUP,ENSG00000109158,GABRA4,POSITIVE ALLOSTERIC MODULATOR,activate,unknown,unknown,0,0.040567960282186954,0.00811359205643739,0.00811359205643739,"{""expression_atlas"": 0.040567960282186954}"
CHEMBL3989949,CENOBAMATE,CHEMBL2331043,PROTEIN FAMILY,ENSG00000136546,SCN7A,INHIBITOR,inhibit,unknown,unknown,0,0.01258407039414361,0.0025168140788287222,0.0025168140788287222,"{""expression_atlas"": 0.01258407039414361}"
CHEMBL3989949,CENOBAMATE,CHEMBL2331043,PROTEIN FAMILY,ENSG00000144285,SCN1A,INHIBITOR,inhibit,unknown,unknown,0,0,0.0,0.0,{}
CHEMBL3989949,CENOBAMATE,CHEMBL2093872,PROTEIN COMPLEX GROUP,ENSG00000145864,GABRB2,POSITIVE ALLOSTERIC MODULATOR,activate,unknown,unknown,0,0.014994345937037634,0.002998869187407527,0.002998869187407527,"{""expression_atlas"": 0.014994345937037634}"
CHEMBL3989949,CENOBAMATE,CHEMBL2093872,PROTEIN COMPLEX GROUP,ENSG00000151834,GABRA2,POSITIVE ALLOSTERIC MODULATOR,activate,unknown,unknown,0,0.0646883705632426,0.01293767411264852,0.01293767411264852,"{""expression_atlas"": 0.0646883705632426}"
CHEMBL3989949,CENOBAMATE,CHEMBL2093872,PROTEIN COMPLEX GROUP,ENSG00000163285,GABRG1,POSITIVE ALLOSTERIC MODULATOR,activate,unknown,unknown,0,0.06503253540618377,0.013006507081236754,0.013006507081236754,"{""expression_atlas"": 0.06503253540618377}"
CHEMBL3989949,CENOBAMATE,CHEMBL2331043,PROTEIN FAMILY,ENSG00000169432,SCN9A,INHIBITOR,inhibit,unknown,unknown,0,0,0.0,0.0,{}
CHEMBL3989949,CENOBAMATE,CHEMBL2331043,PROTEIN FAMILY,ENSG00000183873,SCN5A,INHIBITOR,inhibit,unknown,unknown,0,0,0.0,0.0,{}
CHEMBL3989949,CENOBAMATE,CHEMBL2331043,PROTEIN FAMILY,ENSG00000185313,SCN10A,INHIBITOR,inhibit,unknown,unknown,0,0,0.0,0.0,{}
CHEMBL3989949,CENOBAMATE,CHEMBL2093872,PROTEIN COMPLEX GROUP,ENSG00000186297,GABRA5,POSITIVE ALLOSTERIC MODULATOR,activate,unknown,unknown,0,0.04015022406741467,0.008030044813482934,0.008030044813482934,"{""expression_atlas"": 0.04015022406741467}"
CHEMBL3989958,IVOSIDENIB,CHEMBL2007625,SINGLE PROTEIN,ENSG00000138413,IDH1,INHIBITOR,inhibit,unknown,unknown,0,0,0.0,0.0,{}
CHEMBL3989977,EMAPALUMAB,CHEMBL3286073,SINGLE PROTEIN,ENSG00000111537,IFNG,INHIBITOR,inhibit,unknown,unknown,0.06118563341862505,0.22393435130614653,0.09373537699612935,0.09373537699612935,"{""gwas_credible_sets"": 0.06118563341862505, ""expression_atlas"": 0.22393435130614653}"
CHEMBL3989986,RAVULIZUMAB,CHEMBL2364163,SINGLE PROTEIN,ENSG00000106804,C5,INHIBITOR,inhibit,unknown,unknown,0,0,0.0,0.0,{}
CHEMBL3989989,AXICABTAGENE CILOLEUCEL,CHEMBL3390821,SINGLE PROTEIN,ENSG00000177455,CD19,BINDING AGENT,unknown,unknown,unknown,0,0,0.0,0.0,{}
CHEMBL3990014,MIRIKIZUMAB,CHEMBL2364154,PROTEIN COMPLEX,ENSG00000110944,IL23A,INHIBITOR,inhibit,unknown,unknown,0,0.04346988110355612,0.008693976220711224,0.008693976220711224,"{""expression_atlas"": 0.04346988110355612}"
CHEMBL3990014,MIRIKIZUMAB,CHEMBL2364154,PROTEIN COMPLEX,ENSG00000113302,IL12B,INHIBITOR,inhibit,unknown,unknown,0.9248409926037888,0,0.7398727940830311,0.7398727940830311,"{""gwas_credible_sets"": 0.9248409926037888}"
CHEMBL3990029,RISANKIZUMAB,CHEMBL2364154,PROTEIN COMPLEX,ENSG00000110944,IL23A,INHIBITOR,inhibit,unknown,unknown,0,0.04346988110355612,0.008693976220711224,0.008693976220711224,"{""expression_atlas"": 0.04346988110355612}"
CHEMBL3990029,RISANKIZUMAB,CHEMBL2364154,PROTEIN COMPLEX,ENSG00000113302,IL12B,INHIBITOR,inhibit,unknown,unknown,0.9248409926037888,0,0.7398727940830311,0.7398727940830311,"{""gwas_credible_sets"": 0.9248409926037888}"
CHEMBL3990039,MARSTACIMAB,CHEMBL3713062,SINGLE PROTEIN,ENSG00000003436,TFPI,INHIBITOR,inhibit,unknown,unknown,0,0.016571764219905385,0.0033143528439810773,0.0033143528439810773,"{""expression_atlas"": 0.016571764219905385}"
CHEMBL3990044,RELATLIMAB,CHEMBL4630881,SINGLE PROTEIN,ENSG00000089692,LAG3,INHIBITOR,inhibit,unknown,unknown,0,0,0.0,0.0,{}
CHEMBL3991065,ATOGEPANT,CHEMBL3798,SINGLE PROTEIN,ENSG00000064989,CALCRL,ANTAGONIST,inhibit,unknown,unknown,0,0.024908950243651362,0.004981790048730273,0.004981790048730273,"{""expression_atlas"": 0.024908950243651362}"
CHEMBL404271,ACARBOSE,CHEMBL2074,SINGLE PROTEIN,ENSG00000257335,MGAM,INHIBITOR,inhibit,unknown,unknown,0,0.39456438381529785,0.07891287676305958,0.07891287676305958,"{""expression_atlas"": 0.39456438381529785}"
CHEMBL405,AMPHETAMINE,CHEMBL222,SINGLE PROTEIN,ENSG00000103546,SLC6A2,RELEASING AGENT,unknown,unknown,unknown,0,0,0.0,0.0,{}
CHEMBL405,AMPHETAMINE,CHEMBL238,SINGLE PROTEIN,ENSG00000142319,SLC6A3,RELEASING AGENT,unknown,unknown,unknown,0,0,0.0,0.0,{}
CHEMBL406,INDAPAMIDE,CHEMBL1876,SINGLE PROTEIN,ENSG00000070915,SLC12A3,INHIBITOR,inhibit,unknown,unknown,0,0,0.0,0.0,{}
CHEMBL4066936,VERICIGUAT,CHEMBL2111348,PROTEIN COMPLEX GROUP,ENSG00000061918,GUCY1B1,ACTIVATOR,activate,unknown,unknown,0,0.02378710715980335,0.00475742143196067,0.00475742143196067,"{""expression_atlas"": 0.02378710715980335}"
CHEMBL4066936,VERICIGUAT,CHEMBL2111348,PROTEIN COMPLEX GROUP,ENSG00000164116,GUCY1A1,ACTIVATOR,activate,unknown,unknown,0,0.026830306920734504,0.005366061384146901,0.005366061384146901,"{""expression_atlas"": 0.026830306920734504}"
CHEMBL407,FLUMAZENIL,CHEMBL2093872,PROTEIN COMPLEX GROUP,ENSG00000094755,GABRP,ALLOSTERIC ANTAGONIST,unknown,unknown,unknown,0,0.07106524621438697,0.014213049242877394,0.014213049242877394,"{""expression_atlas"": 0.07106524621438697}"
CHEMBL407,FLUMAZENIL,CHEMBL2093872,PROTEIN COMPLEX GROUP,ENSG00000102287,GABRE,ALLOSTERIC ANTAGONIST,unknown,unknown,unknown,0,0.01300725293757502,0.002601450587515004,0.002601450587515004,"{""expression_atlas"": 0.01300725293757502}"
CHEMBL407,FLUMAZENIL,CHEMBL2093872,PROTEIN COMPLEX GROUP,ENSG00000109158,GABRA4,ALLOSTERIC ANTAGONIST,unknown,unknown,unknown,0,0.040567960282186954,0.00811359205643739,0.00811359205643739,"{""expression_atlas"": 0.040567960282186954}"
CHEMBL407,FLUMAZENIL,CHEMBL2093872,PROTEIN COMPLEX GROUP,ENSG00000145864,GABRB2,ALLOSTERIC ANTAGONIST,unknown,unknown,unknown,0,0.014994345937037634,0.002998869187407527,0.002998869187407527,"{""expression_atlas"": 0.014994345937037634}"
CHEMBL407,FLUMAZENIL,CHEMBL2093872,PROTEIN COMPLEX GROUP,ENSG00000151834,GABRA2,ALLOSTERIC ANTAGONIST,unknown,unknown,unknown,0,0.0646883705632426,0.01293767411264852,0.01293767411264852,"{""expression_atlas"": 0.0646883705632426}"
CHEMBL407,FLUMAZENIL,CHEMBL2093872,PROTEIN COMPLEX GROUP,ENSG00000163285,GABRG1,ALLOSTERIC ANTAGONIST,unknown,unknown,unknown,0,0.06503253540618377,0.013006507081236754,0.013006507081236754,"{""expression_atlas"": 0.06503253540618377}"
CHEMBL407,FLUMAZENIL,CHEMBL2093872,PROTEIN COMPLEX GROUP,ENSG00000186297,GABRA5,ALLOSTERIC ANTAGONIST,unknown,unknown,unknown,0,0.04015022406741467,0.008030044813482934,0.008030044813482934,"{""expression_atlas"": 0.04015022406741467}"
CHEMBL4071161,TIRABRUTINIB,CHEMBL5251,SINGLE PROTEIN,ENSG00000010671,BTK,INHIBITOR,inhibit,unknown,unknown,0,0,0.0,0.0,{}
CHEMBL408403,ANGIOTENSIN II,CHEMBL227,SINGLE PROTEIN,ENSG00000144891,AGTR1,AGONIST,activate,unknown,unknown,0,0,0.0,0.0,{}
CHEMBL4084119,LIRAGLUTIDE,CHEMBL1784,SINGLE PROTEIN,ENSG00000112164,GLP1R,AGONIST,activate,unknown,unknown,0,0,0.0,0.0,{}
CHEMBL408513,BELINOSTAT,CHEMBL2093865,PROTEIN FAMILY,ENSG00000048052,HDAC9,INHIBITOR,inhibit,unknown,unknown,0,0,0.0,0.0,{}
CHEMBL408513,BELINOSTAT,CHEMBL2093865,PROTEIN FAMILY,ENSG00000061273,HDAC7,INHIBITOR,inhibit,unknown,unknown,0.4839866926943743,0,0.38718935415549943,0.38718935415549943,"{""gwas_credible_sets"": 0.4839866926943743}"
CHEMBL408513,BELINOSTAT,CHEMBL2093865,PROTEIN FAMILY,ENSG00000068024,HDAC4,INHIBITOR,inhibit,unknown,unknown,0,0,0.0,0.0,{}
CHEMBL408513,BELINOSTAT,CHEMBL2093865,PROTEIN FAMILY,ENSG00000094631,HDAC6,INHIBITOR,inhibit,unknown,unknown,0,0,0.0,0.0,{}
CHEMBL408513,BELINOSTAT,CHEMBL2093865,PROTEIN FAMILY,ENSG00000100429,HDAC10,INHIBITOR,inhibit,unknown,unknown,0,0,0.0,0.0,{}
CHEMBL408513,BELINOSTAT,CHEMBL2093865,PROTEIN FAMILY,ENSG00000108840,HDAC5,INHIBITOR,inhibit,unknown,unknown,0,0,0.0,0.0,{}
CHEMBL408513,BELINOSTAT,CHEMBL2093865,PROTEIN FAMILY,ENSG00000116478,HDAC1,INHIBITOR,inhibit,unknown,unknown,0,0,0.0,0.0,{}
CHEMBL408513,BELINOSTAT,CHEMBL2093865,PROTEIN FAMILY,ENSG00000147099,HDAC8,INHIBITOR,inhibit,unknown,unknown,0,0,0.0,0.0,{}
CHEMBL408513,BELINOSTAT,CHEMBL2093865,PROTEIN FAMILY,ENSG00000163517,HDAC11,INHIBITOR,inhibit,unknown,unknown,0,0,0.0,0.0,{}
CHEMBL408513,BELINOSTAT,CHEMBL2093865,PROTEIN FAMILY,ENSG00000171720,HDAC3,INHIBITOR,inhibit,unknown,unknown,0,0,0.0,0.0,{}
CHEMBL408513,BELINOSTAT,CHEMBL2093865,PROTEIN FAMILY,ENSG00000196591,HDAC2,INHIBITOR,inhibit,unknown,unknown,0,0,0.0,0.0,{}
CHEMBL4085457,RITLECITINIB,CHEMBL4296642,PROTEIN FAMILY,ENSG00000010671,BTK,INHIBITOR,inhibit,unknown,unknown,0,0,0.0,0.0,{}
CHEMBL4085457,RITLECITINIB,CHEMBL4296642,PROTEIN FAMILY,ENSG00000074966,TXK,INHIBITOR,inhibit,unknown,unknown,0,0,0.0,0.0,{}
CHEMBL4085457,RITLECITINIB,CHEMBL4296642,PROTEIN FAMILY,ENSG00000102010,BMX,INHIBITOR,inhibit,unknown,unknown,0,0.0221690340289899,0.004433806805797981,0.004433806805797981,"{""expression_atlas"": 0.0221690340289899}"
CHEMBL4085457,RITLECITINIB,CHEMBL2148,SINGLE PROTEIN,ENSG00000105639,JAK3,INHIBITOR,inhibit,unknown,unknown,0,0.03446987100163198,0.006893974200326396,0.006893974200326396,"{""expression_atlas"": 0.03446987100163198}"
CHEMBL4085457,RITLECITINIB,CHEMBL4296642,PROTEIN FAMILY,ENSG00000113263,ITK,INHIBITOR,inhibit,unknown,unknown,0,0.051705765004698714,0.010341153000939744,0.010341153000939744,"{""expression_atlas"": 0.051705765004698714}"
CHEMBL4085457,RITLECITINIB,CHEMBL4296642,PROTEIN FAMILY,ENSG00000135605,TEC,INHIBITOR,inhibit,unknown,unknown,0,0,0.0,0.0,{}
CHEMBL409,BICALUTAMIDE,CHEMBL1871,SINGLE PROTEIN,ENSG00000169083,AR,ANTAGONIST,inhibit,unknown,unknown,0,0,0.0,0.0,{}
CHEMBL41,FLUOXETINE,CHEMBL228,SINGLE PROTEIN,ENSG00000108576,SLC6A4,INHIBITOR,inhibit,unknown,unknown,0,0.4642014225773055,0.09284028451546111,0.09284028451546111,"{""expression_atlas"": 0.4642014225773055}"
CHEMBL4105630,ZURANOLONE,CHEMBL2093872,PROTEIN COMPLEX GROUP,ENSG00000094755,GABRP,POSITIVE ALLOSTERIC MODULATOR,activate,unknown,unknown,0,0.07106524621438697,0.014213049242877394,0.014213049242877394,"{""expression_atlas"": 0.07106524621438697}"
CHEMBL4105630,ZURANOLONE,CHEMBL2093872,PROTEIN COMPLEX GROUP,ENSG00000102287,GABRE,POSITIVE ALLOSTERIC MODULATOR,activate,unknown,unknown,0,0.01300725293757502,0.002601450587515004,0.002601450587515004,"{""expression_atlas"": 0.01300725293757502}"
CHEMBL4105630,ZURANOLONE,CHEMBL2093872,PROTEIN COMPLEX GROUP,ENSG00000109158,GABRA4,POSITIVE ALLOSTERIC MODULATOR,activate,unknown,unknown,0,0.040567960282186954,0.00811359205643739,0.00811359205643739,"{""expression_atlas"": 0.040567960282186954}"
CHEMBL4105630,ZURANOLONE,CHEMBL2093872,PROTEIN COMPLEX GROUP,ENSG00000145864,GABRB2,POSITIVE ALLOSTERIC MODULATOR,activate,unknown,unknown,0,0.014994345937037634,0.002998869187407527,0.002998869187407527,"{""expression_atlas"": 0.014994345937037634}"
CHEMBL4105630,ZURANOLONE,CHEMBL2093872,PROTEIN COMPLEX GROUP,ENSG00000151834,GABRA2,POSITIVE ALLOSTERIC MODULATOR,activate,unknown,unknown,0,0.0646883705632426,0.01293767411264852,0.01293767411264852,"{""expression_atlas"": 0.0646883705632426}"
CHEMBL4105630,ZURANOLONE,CHEMBL2093872,PROTEIN COMPLEX GROUP,ENSG00000163285,GABRG1,POSITIVE ALLOSTERIC MODULATOR,activate,unknown,unknown,0,0.06503253540618377,0.013006507081236754,0.013006507081236754,"{""expression_atlas"": 0.06503253540618377}"
CHEMBL4105630,ZURANOLONE,CHEMBL2093872,PROTEIN COMPLEX GROUP,ENSG00000186297,GABRA5,POSITIVE ALLOSTERIC MODULATOR,activate,unknown,unknown,0,0.04015022406741467,0.008030044813482934,0.008030044813482934,"{""expression_atlas"": 0.04015022406741467}"
CHEMBL411,DIETHYLSTILBESTROL,CHEMBL206,SINGLE PROTEIN,ENSG00000091831,ESR1,AGONIST,activate,unknown,unknown,0,0.013323775689022817,0.0026647551378045638,0.0026647551378045638,"{""expression_atlas"": 0.013323775689022817}"
CHEMBL4113131,ENSARTINIB,CHEMBL4247,SINGLE PROTEIN,ENSG00000171094,ALK,INHIBITOR,inhibit,unknown,unknown,0,0,0.0,0.0,{}
CHEMBL413,SIROLIMUS,CHEMBL1902,SINGLE PROTEIN,ENSG00000088832,FKBP1A,INHIBITOR,inhibit,unknown,unknown,0,0,0.0,0.0,{}
CHEMBL41355,EZOGABINE,CHEMBL2363063,PROTEIN FAMILY,ENSG00000053918,KCNQ1,OPENER,unknown,unknown,unknown,0,0,0.0,0.0,{}
CHEMBL41355,EZOGABINE,CHEMBL2363063,PROTEIN FAMILY,ENSG00000075043,KCNQ2,OPENER,unknown,unknown,unknown,0,0.013758427023746538,0.0027516854047493077,0.0027516854047493077,"{""expression_atlas"": 0.013758427023746538}"
CHEMBL414357,EXENATIDE,CHEMBL1784,SINGLE PROTEIN,ENSG00000112164,GLP1R,AGONIST,activate,unknown,unknown,0,0,0.0,0.0,{}
CHEMBL415,CLOMIPRAMINE,CHEMBL228,SINGLE PROTEIN,ENSG00000108576,SLC6A4,INHIBITOR,inhibit,unknown,unknown,0,0.4642014225773055,0.09284028451546111,0.09284028451546111,"{""expression_atlas"": 0.4642014225773055}"
CHEMBL416146,ETORICOXIB,CHEMBL230,SINGLE PROTEIN,ENSG00000073756,PTGS2,INHIBITOR,inhibit,unknown,unknown,0,0.400648993476229,0.08012979869524581,0.08012979869524581,"{""expression_atlas"": 0.400648993476229}"
CHEMBL42,CLOZAPINE,CHEMBL217,SINGLE PROTEIN,ENSG00000149295,DRD2,ANTAGONIST,inhibit,unknown,unknown,0,0,0.0,0.0,{}
CHEMBL420,GUANABENZ,CHEMBL2095158,PROTEIN FAMILY,ENSG00000150594,ADRA2A,AGONIST,activate,unknown,unknown,0.21032116470427323,0,0.1682569317634186,0.1682569317634186,"{""gwas_credible_sets"": 0.21032116470427323}"
CHEMBL420,GUANABENZ,CHEMBL2095158,PROTEIN FAMILY,ENSG00000184160,ADRA2C,AGONIST,activate,unknown,unknown,0,0.010920894429482362,0.0021841788858964722,0.0021841788858964722,"{""expression_atlas"": 0.010920894429482362}"
CHEMBL4204794,AVAPRITINIB,CHEMBL2007,SINGLE PROTEIN,ENSG00000134853,PDGFRA,INHIBITOR,inhibit,unknown,unknown,0,0,0.0,0.0,{}
CHEMBL4204794,AVAPRITINIB,CHEMBL1936,SINGLE PROTEIN,ENSG00000157404,KIT,INHIBITOR,inhibit,unknown,unknown,0,0,0.0,0.0,{}
CHEMBL4208229,ASCIMINIB,CHEMBL2096618,CHIMERIC PROTEIN,ENSG00000186716,BCR,INHIBITOR,inhibit,unknown,unknown,0,0,0.0,0.0,{}
CHEMBL421,SULFASALAZINE,CHEMBL215,SINGLE PROTEIN,ENSG00000012779,ALOX5,INHIBITOR,inhibit,unknown,unknown,0,0,0.0,0.0,{}
CHEMBL421,SULFASALAZINE,CHEMBL2094253,PROTEIN FAMILY,ENSG00000073756,PTGS2,INHIBITOR,inhibit,unknown,unknown,0,0.400648993476229,0.08012979869524581,0.08012979869524581,"{""expression_atlas"": 0.400648993476229}"
CHEMBL421,SULFASALAZINE,CHEMBL2094253,PROTEIN FAMILY,ENSG00000095303,PTGS1,INHIBITOR,inhibit,unknown,unknown,0,0,0.0,0.0,{}
CHEMBL4216467,RIPRETINIB,CHEMBL2007,SINGLE PROTEIN,ENSG00000134853,PDGFRA,INHIBITOR,inhibit,unknown,unknown,0,0,0.0,0.0,{}
CHEMBL4216467,RIPRETINIB,CHEMBL1936,SINGLE PROTEIN,ENSG00000157404,KIT,INHIBITOR,inhibit,unknown,unknown,0,0,0.0,0.0,{}
CHEMBL422,TRIFLUOPERAZINE,CHEMBL2331075,PROTEIN FAMILY,ENSG00000149295,DRD2,ANTAGONIST,inhibit,unknown,unknown,0,0,0.0,0.0,{}
CHEMBL423,BETAXOLOL,CHEMBL213,SINGLE PROTEIN,ENSG00000043591,ADRB1,ANTAGONIST,inhibit,unknown,unknown,0,0.11496556182539755,0.02299311236507951,0.02299311236507951,"{""expression_atlas"": 0.11496556182539755}"
CHEMBL425,OLSALAZINE,CHEMBL215,SINGLE PROTEIN,ENSG00000012779,ALOX5,INHIBITOR,inhibit,unknown,unknown,0,0,0.0,0.0,{}
CHEMBL425,OLSALAZINE,CHEMBL2094253,PROTEIN FAMILY,ENSG00000073756,PTGS2,INHIBITOR,inhibit,unknown,unknown,0,0.400648993476229,0.08012979869524581,0.08012979869524581,"{""expression_atlas"": 0.400648993476229}"
CHEMBL425,OLSALAZINE,CHEMBL2094253,PROTEIN FAMILY,ENSG00000095303,PTGS1,INHIBITOR,inhibit,unknown,unknown,0,0,0.0,0.0,{}
CHEMBL425,OLSALAZINE,CHEMBL235,SINGLE PROTEIN,ENSG00000132170,PPARG,AGONIST,activate,unknown,unknown,0,0.0717690068411359,0.014353801368227179,0.014353801368227179,"{""expression_atlas"": 0.0717690068411359}"
CHEMBL4250860,DANICOPAN,CHEMBL2176771,SINGLE PROTEIN,ENSG00000197766,CFD,INHIBITOR,inhibit,unknown,unknown,0,0.015849316602842285,0.0031698633205684574,0.0031698633205684574,"{""expression_atlas"": 0.015849316602842285}"
CHEMBL426084,SAMIDORPHAN,CHEMBL237,SINGLE PROTEIN,ENSG00000082556,OPRK1,PARTIAL AGONIST,activate,unknown,unknown,0,0,0.0,0.0,{}
CHEMBL426084,SAMIDORPHAN,CHEMBL233,SINGLE PROTEIN,ENSG00000112038,OPRM1,ANTAGONIST,inhibit,unknown,unknown,0,0,0.0,0.0,{}
CHEMBL426084,SAMIDORPHAN,CHEMBL236,SINGLE PROTEIN,ENSG00000116329,OPRD1,PARTIAL AGONIST,activate,unknown,unknown,0,0,0.0,0.0,{}
CHEMBL4279047,VORASIDENIB,CHEMBL2007625,SINGLE PROTEIN,ENSG00000138413,IDH1,INHIBITOR,inhibit,unknown,unknown,0,0,0.0,0.0,{}
CHEMBL4279047,VORASIDENIB,CHEMBL4523659,PROTEIN FAMILY,ENSG00000138413,IDH1,INHIBITOR,inhibit,unknown,unknown,0,0,0.0,0.0,{}
CHEMBL428647,PACLITAXEL,CHEMBL2095182,PROTEIN COMPLEX GROUP,ENSG00000137285,TUBB2B,INHIBITOR,inhibit,unknown,unknown,0,0.015263210426171842,0.0030526420852343686,0.0030526420852343686,"{""expression_atlas"": 0.015263210426171842}"
CHEMBL428647,PACLITAXEL,CHEMBL2095182,PROTEIN COMPLEX GROUP,ENSG00000176014,TUBB6,INHIBITOR,inhibit,unknown,unknown,0,0.009412066797331744,0.001882413359466349,0.001882413359466349,"{""expression_atlas"": 0.009412066797331744}"
CHEMBL428647,PACLITAXEL,CHEMBL2095182,PROTEIN COMPLEX GROUP,ENSG00000258947,TUBB3,INHIBITOR,inhibit,unknown,unknown,0,0,0.0,0.0,{}
CHEMBL429,LABETALOL,CHEMBL2331074,PROTEIN FAMILY,ENSG00000043591,ADRB1,ANTAGONIST,inhibit,unknown,unknown,0,0.11496556182539755,0.02299311236507951,0.02299311236507951,"{""expression_atlas"": 0.11496556182539755}"
CHEMBL429,LABETALOL,CHEMBL2331074,PROTEIN FAMILY,ENSG00000150594,ADRA2A,ANTAGONIST,inhibit,unknown,unknown,0.21032116470427323,0,0.1682569317634186,0.1682569317634186,"{""gwas_credible_sets"": 0.21032116470427323}"
CHEMBL429,LABETALOL,CHEMBL2331074,PROTEIN FAMILY,ENSG00000169252,ADRB2,ANTAGONIST,inhibit,unknown,unknown,0,0,0.0,0.0,{}
CHEMBL429,LABETALOL,CHEMBL2331074,PROTEIN FAMILY,ENSG00000170214,ADRA1B,ANTAGONIST,inhibit,unknown,unknown,0,0.09759134661327273,0.019518269322654547,0.019518269322654547,"{""expression_atlas"": 0.09759134661327273}"
CHEMBL429,LABETALOL,CHEMBL2331074,PROTEIN FAMILY,ENSG00000171873,ADRA1D,ANTAGONIST,inhibit,unknown,unknown,0,0.025814812794334265,0.005162962558866853,0.005162962558866853,"{""expression_atlas"": 0.025814812794334265}"
CHEMBL429,LABETALOL,CHEMBL2331074,PROTEIN FAMILY,ENSG00000184160,ADRA2C,ANTAGONIST,inhibit,unknown,unknown,0,0.010920894429482362,0.0021841788858964722,0.0021841788858964722,"{""expression_atlas"": 0.010920894429482362}"
CHEMBL4297185,DAROLUTAMIDE,CHEMBL1871,SINGLE PROTEIN,ENSG00000169083,AR,ANTAGONIST,inhibit,unknown,unknown,0,0,0.0,0.0,{}
CHEMBL4297240,ONASEMNOGENE ABEPARVOVEC,CHEMBL1293232,SINGLE PROTEIN,ENSG00000172062,SMN1,EXOGENOUS GENE,unknown,unknown,unknown,0,0,0.0,0.0,{}
CHEMBL4297245,DONANEMAB,CHEMBL2487,SINGLE PROTEIN,ENSG00000142192,APP,DISRUPTING AGENT,unknown,unknown,unknown,0,0,0.0,0.0,{}
CHEMBL4297509,ELACESTRANT,CHEMBL206,SINGLE PROTEIN,ENSG00000091831,ESR1,DEGRADER,unknown,unknown,unknown,0,0.013323775689022817,0.0026647551378045638,0.0026647551378045638,"{""expression_atlas"": 0.013323775689022817}"
CHEMBL4297517,MAVACAMTEN,CHEMBL3831286,PROTEIN COMPLEX,ENSG00000111245,MYL2,INHIBITOR,inhibit,unknown,unknown,0.5170942213448574,0,0.4136753770758859,0.4136753770758859,"{""gwas_credible_sets"": 0.5170942213448574}"
CHEMBL4297522,PEMIGATINIB,CHEMBL4142,SINGLE PROTEIN,ENSG00000066468,FGFR2,INHIBITOR,inhibit,unknown,unknown,0,0.02240476975705044,0.004480953951410088,0.004480953951410088,"{""expression_atlas"": 0.02240476975705044}"
CHEMBL4297522,PEMIGATINIB,CHEMBL2742,SINGLE PROTEIN,ENSG00000068078,FGFR3,INHIBITOR,inhibit,unknown,unknown,0,0.008518873000102881,0.0017037746000205763,0.0017037746000205763,"{""expression_atlas"": 0.008518873000102881}"
CHEMBL4297522,PEMIGATINIB,CHEMBL3650,SINGLE PROTEIN,ENSG00000077782,FGFR1,INHIBITOR,inhibit,unknown,unknown,0,0.01504934646658357,0.0030098692933167143,0.0030098692933167143,"{""expression_atlas"": 0.01504934646658357}"
CHEMBL4297526,REMIMAZOLAM,CHEMBL2093872,PROTEIN COMPLEX GROUP,ENSG00000094755,GABRP,POSITIVE ALLOSTERIC MODULATOR,activate,unknown,unknown,0,0.07106524621438697,0.014213049242877394,0.014213049242877394,"{""expression_atlas"": 0.07106524621438697}"
CHEMBL4297526,REMIMAZOLAM,CHEMBL2093872,PROTEIN COMPLEX GROUP,ENSG00000102287,GABRE,POSITIVE ALLOSTERIC MODULATOR,activate,unknown,unknown,0,0.01300725293757502,0.002601450587515004,0.002601450587515004,"{""expression_atlas"": 0.01300725293757502}"
CHEMBL4297526,REMIMAZOLAM,CHEMBL2093872,PROTEIN COMPLEX GROUP,ENSG00000109158,GABRA4,POSITIVE ALLOSTERIC MODULATOR,activate,unknown,unknown,0,0.040567960282186954,0.00811359205643739,0.00811359205643739,"{""expression_atlas"": 0.040567960282186954}"
CHEMBL4297526,REMIMAZOLAM,CHEMBL2093872,PROTEIN COMPLEX GROUP,ENSG00000145864,GABRB2,POSITIVE ALLOSTERIC MODULATOR,activate,unknown,unknown,0,0.014994345937037634,0.002998869187407527,0.002998869187407527,"{""expression_atlas"": 0.014994345937037634}"
CHEMBL4297526,REMIMAZOLAM,CHEMBL2093872,PROTEIN COMPLEX GROUP,ENSG00000151834,GABRA2,POSITIVE ALLOSTERIC MODULATOR,activate,unknown,unknown,0,0.0646883705632426,0.01293767411264852,0.01293767411264852,"{""expression_atlas"": 0.0646883705632426}"
CHEMBL4297526,REMIMAZOLAM,CHEMBL2093872,PROTEIN COMPLEX GROUP,ENSG00000163285,GABRG1,POSITIVE ALLOSTERIC MODULATOR,activate,unknown,unknown,0,0.06503253540618377,0.013006507081236754,0.013006507081236754,"{""expression_atlas"": 0.06503253540618377}"
CHEMBL4297526,REMIMAZOLAM,CHEMBL2093872,PROTEIN COMPLEX GROUP,ENSG00000186297,GABRA5,POSITIVE ALLOSTERIC MODULATOR,activate,unknown,unknown,0,0.04015022406741467,0.008030044813482934,0.008030044813482934,"{""expression_atlas"": 0.04015022406741467}"
CHEMBL4297549,HUMAN C1-ESTERASE INHIBITOR,CHEMBL2820,SINGLE PROTEIN,ENSG00000088926,F11,INHIBITOR,inhibit,unknown,unknown,0,0.18593546522084076,0.03718709304416815,0.03718709304416815,"{""expression_atlas"": 0.18593546522084076}"
CHEMBL4297549,HUMAN C1-ESTERASE INHIBITOR,CHEMBL2000,SINGLE PROTEIN,ENSG00000164344,KLKB1,INHIBITOR,inhibit,unknown,unknown,0,0.07848067063000848,0.015696134126001696,0.015696134126001696,"{""expression_atlas"": 0.07848067063000848}"
CHEMBL4297549,HUMAN C1-ESTERASE INHIBITOR,CHEMBL3913,SINGLE PROTEIN,ENSG00000182326,C1S,INHIBITOR,inhibit,unknown,unknown,0,0.03805086767404828,0.007610173534809656,0.007610173534809656,"{""expression_atlas"": 0.03805086767404828}"
CHEMBL4297551,EFGARTIGIMOD ALFA,CHEMBL5966,SINGLE PROTEIN,ENSG00000104870,FCGRT,ANTAGONIST,inhibit,unknown,unknown,0,0.015408943266376573,0.0030817886532753147,0.0030817886532753147,"{""expression_atlas"": 0.015408943266376573}"
CHEMBL4297588,ODEVIXIBAT,CHEMBL2778,SINGLE PROTEIN,ENSG00000125255,SLC10A2,INHIBITOR,inhibit,unknown,unknown,0,0.519693585758888,0.1039387171517776,0.1039387171517776,"{""expression_atlas"": 0.519693585758888}"
CHEMBL4297590,DARIDOREXANT,CHEMBL3307226,PROTEIN FAMILY,ENSG00000121764,HCRTR1,ANTAGONIST,inhibit,unknown,unknown,0,0,0.0,0.0,{}
CHEMBL4297590,DARIDOREXANT,CHEMBL5113,SINGLE PROTEIN,ENSG00000121764,HCRTR1,ANTAGONIST,inhibit,unknown,unknown,0,0,0.0,0.0,{}
CHEMBL4297610,OLUTASIDENIB,CHEMBL2007625,SINGLE PROTEIN,ENSG00000138413,IDH1,INHIBITOR,inhibit,unknown,unknown,0,0,0.0,0.0,{}
CHEMBL4297700,BIMEKIZUMAB,CHEMBL3390822,SINGLE PROTEIN,ENSG00000112115,IL17A,INHIBITOR,inhibit,unknown,unknown,0,0.12613103538288142,0.025226207076576287,0.025226207076576287,"{""expression_atlas"": 0.12613103538288142}"
CHEMBL4297700,BIMEKIZUMAB,CHEMBL4630880,SINGLE PROTEIN,ENSG00000112116,IL17F,INHIBITOR,inhibit,unknown,unknown,0,0.13945768811223225,0.02789153762244645,0.02789153762244645,"{""expression_atlas"": 0.13945768811223225}"
CHEMBL4297723,CEMIPLIMAB,CHEMBL3307223,SINGLE PROTEIN,ENSG00000188389,PDCD1,INHIBITOR,inhibit,unknown,unknown,0,0,0.0,0.0,{}
CHEMBL4297729,COSIBELIMAB,CHEMBL3580522,SINGLE PROTEIN,ENSG00000120217,CD274,INHIBITOR,inhibit,unknown,unknown,0,0.22421352352464427,0.044842704704928855,0.044842704704928855,"{""expression_atlas"": 0.22421352352464427}"
CHEMBL4297730,CONCIZUMAB,CHEMBL3713062,SINGLE PROTEIN,ENSG00000003436,TFPI,INHIBITOR,inhibit,unknown,unknown,0,0.016571764219905385,0.0033143528439810773,0.0033143528439810773,"{""expression_atlas"": 0.016571764219905385}"
CHEMBL4297750,FARICIMAB,CHEMBL3580489,SINGLE PROTEIN,ENSG00000091879,ANGPT2,INHIBITOR,inhibit,unknown,unknown,0,0.021049871191689513,0.004209974238337902,0.004209974238337902,"{""expression_atlas"": 0.021049871191689513}"
CHEMBL4297750,FARICIMAB,CHEMBL1783,SINGLE PROTEIN,ENSG00000112715,VEGFA,INHIBITOR,inhibit,unknown,unknown,0,0,0.0,0.0,{}
CHEMBL4297756,FREMANEZUMAB,CHEMBL3832947,PROTEIN FAMILY,ENSG00000110680,CALCA,ANTAGONIST,inhibit,unknown,unknown,0,0,0.0,0.0,{}
CHEMBL4297756,FREMANEZUMAB,CHEMBL3832947,PROTEIN FAMILY,ENSG00000175868,CALCB,ANTAGONIST,inhibit,unknown,unknown,0,0,0.0,0.0,{}
CHEMBL4297774,AMIVANTAMAB,CHEMBL203,SINGLE PROTEIN,ENSG00000146648,EGFR,INHIBITOR,inhibit,unknown,unknown,0,0,0.0,0.0,{}
CHEMBL4297778,LONCASTUXIMAB TESIRINE,CHEMBL3390821,SINGLE PROTEIN,ENSG00000177455,CD19,BINDING AGENT,unknown,unknown,unknown,0,0,0.0,0.0,{}
CHEMBL4297788,MOSUNETUZUMAB,CHEMBL2058,SINGLE PROTEIN,ENSG00000156738,MS4A1,BINDING AGENT,unknown,unknown,unknown,0,0,0.0,0.0,{}
CHEMBL4297788,MOSUNETUZUMAB,CHEMBL2364168,PROTEIN COMPLEX,ENSG00000160654,CD3G,BINDING AGENT,unknown,unknown,unknown,0,0.015863723054047433,0.0031727446108094867,0.0031727446108094867,"{""expression_atlas"": 0.015863723054047433}"
CHEMBL4297788,MOSUNETUZUMAB,CHEMBL2364168,PROTEIN COMPLEX,ENSG00000167286,CD3D,BINDING AGENT,unknown,unknown,unknown,0,0.015154885479866145,0.003030977095973229,0.003030977095973229,"{""expression_atlas"": 0.015154885479866145}"
CHEMBL4297788,MOSUNETUZUMAB,CHEMBL2364168,PROTEIN COMPLEX,ENSG00000198851,CD3E,BINDING AGENT,unknown,unknown,unknown,0,0.011344203228688893,0.0022688406457377786,0.0022688406457377786,"{""expression_atlas"": 0.011344203228688893}"
CHEMBL4297794,NEMOLIZUMAB,CHEMBL4630894,SINGLE PROTEIN,ENSG00000164509,IL31RA,INHIBITOR,inhibit,unknown,unknown,0,0.16211007718197948,0.0324220154363959,0.0324220154363959,"{""expression_atlas"": 0.16211007718197948}"
CHEMBL4297809,ELRANATAMAB,CHEMBL4523587,SINGLE PROTEIN,ENSG00000048462,TNFRSF17,BINDING AGENT,unknown,unknown,unknown,0,0,0.0,0.0,{}
CHEMBL4297809,ELRANATAMAB,CHEMBL2364168,PROTEIN COMPLEX,ENSG00000160654,CD3G,BINDING AGENT,unknown,unknown,unknown,0,0.015863723054047433,0.0031727446108094867,0.0031727446108094867,"{""expression_atlas"": 0.015863723054047433}"
CHEMBL4297809,ELRANATAMAB,CHEMBL2364168,PROTEIN COMPLEX,ENSG00000167286,CD3D,BINDING AGENT,unknown,unknown,unknown,0,0.015154885479866145,0.003030977095973229,0.003030977095973229,"{""expression_atlas"": 0.015154885479866145}"
CHEMBL4297809,ELRANATAMAB,CHEMBL2364168,PROTEIN COMPLEX,ENSG00000198851,CD3E,BINDING AGENT,unknown,unknown,unknown,0,0.011344203228688893,0.0022688406457377786,0.0022688406457377786,"{""expression_atlas"": 0.011344203228688893}"
CHEMBL4297819,ROPEGINTERFERON ALFA-2B,CHEMBL2364170,PROTEIN COMPLEX,ENSG00000142166,IFNAR1,POSITIVE MODULATOR,unknown,unknown,unknown,0,0,0.0,0.0,{}
CHEMBL4297819,ROPEGINTERFERON ALFA-2B,CHEMBL2364170,PROTEIN COMPLEX,ENSG00000159110,IFNAR2,POSITIVE MODULATOR,unknown,unknown,unknown,0,0,0.0,0.0,{}
CHEMBL4297820,ROZANOLIXIZUMAB,CHEMBL5966,SINGLE PROTEIN,ENSG00000104870,FCGRT,INHIBITOR,inhibit,unknown,unknown,0,0.015408943266376573,0.0030817886532753147,0.0030817886532753147,"{""expression_atlas"": 0.015408943266376573}"
CHEMBL4297830,SOMATROGON,CHEMBL1976,SINGLE PROTEIN,ENSG00000112964,GHR,AGONIST,activate,unknown,unknown,0,0.023483312321574815,0.004696662464314963,0.004696662464314963,"{""expression_atlas"": 0.023483312321574815}"
CHEMBL4297832,SUTIMLIMAB,CHEMBL3913,SINGLE PROTEIN,ENSG00000182326,C1S,INHIBITOR,inhibit,unknown,unknown,0,0.03805086767404828,0.007610173534809656,0.007610173534809656,"{""expression_atlas"": 0.03805086767404828}"
CHEMBL4297839,TIRZEPATIDE,CHEMBL4383,SINGLE PROTEIN,ENSG00000010310,GIPR,AGONIST,activate,unknown,unknown,0,0,0.0,0.0,{}
CHEMBL4297839,TIRZEPATIDE,CHEMBL1784,SINGLE PROTEIN,ENSG00000112164,GLP1R,AGONIST,activate,unknown,unknown,0,0,0.0,0.0,{}
CHEMBL4297840,TISLELIZUMAB,CHEMBL3307223,SINGLE PROTEIN,ENSG00000188389,PDCD1,INHIBITOR,inhibit,unknown,unknown,0,0,0.0,0.0,{}
CHEMBL4297841,TISOTUMAB VEDOTIN,CHEMBL4081,SINGLE PROTEIN,ENSG00000117525,F3,BINDING AGENT,unknown,unknown,unknown,0,0.017101251504937097,0.0034202503009874196,0.0034202503009874196,"{""expression_atlas"": 0.017101251504937097}"
CHEMBL4297841,TISOTUMAB VEDOTIN,CHEMBL2095182,PROTEIN COMPLEX GROUP,ENSG00000137285,TUBB2B,INHIBITOR,inhibit,unknown,unknown,0,0.015263210426171842,0.0030526420852343686,0.0030526420852343686,"{""expression_atlas"": 0.015263210426171842}"
CHEMBL4297841,TISOTUMAB VEDOTIN,CHEMBL2095182,PROTEIN COMPLEX GROUP,ENSG00000176014,TUBB6,INHIBITOR,inhibit,unknown,unknown,0,0.009412066797331744,0.001882413359466349,0.001882413359466349,"{""expression_atlas"": 0.009412066797331744}"
CHEMBL4297841,TISOTUMAB VEDOTIN,CHEMBL2095182,PROTEIN COMPLEX GROUP,ENSG00000258947,TUBB3,INHIBITOR,inhibit,unknown,unknown,0,0,0.0,0.0,{}
CHEMBL4297843,TORIPALIMAB,CHEMBL3307223,SINGLE PROTEIN,ENSG00000188389,PDCD1,ANTAGONIST,inhibit,unknown,unknown,0,0,0.0,0.0,{}
CHEMBL4297844,TRASTUZUMAB DERUXTECAN,CHEMBL1824,SINGLE PROTEIN,ENSG00000141736,ERBB2,BINDING AGENT,unknown,unknown,unknown,0,0,0.0,0.0,{}
CHEMBL4297852,CENEGERMIN,CHEMBL3559684,PROTEIN FAMILY,ENSG00000140538,NTRK3,AGONIST,activate,unknown,unknown,0,0.011153578433341074,0.0022307156866682148,0.0022307156866682148,"{""expression_atlas"": 0.011153578433341074}"
CHEMBL4297852,CENEGERMIN,CHEMBL3559684,PROTEIN FAMILY,ENSG00000148053,NTRK2,AGONIST,activate,unknown,unknown,0,0.11308420824023263,0.02261684164804653,0.02261684164804653,"{""expression_atlas"": 0.11308420824023263}"
CHEMBL4297852,CENEGERMIN,CHEMBL3559684,PROTEIN FAMILY,ENSG00000198400,NTRK1,AGONIST,activate,unknown,unknown,0,0.12704082083182408,0.025408164166364818,0.025408164166364818,"{""expression_atlas"": 0.12704082083182408}"
CHEMBL4297873,OCTOCOG ALFA,CHEMBL3143,SINGLE PROTEIN,ENSG00000185010,F8,EXOGENOUS PROTEIN,unknown,unknown,unknown,0,0,0.0,0.0,{}
CHEMBL4297879,.ALPHA.1-PROTEINASE INHIBITOR HUMAN,CHEMBL248,SINGLE PROTEIN,ENSG00000197561,ELANE,INHIBITOR,inhibit,unknown,unknown,0,0,0.0,0.0,{}
CHEMBL4297889,AVACINCAPTAD PEGOL SODIUM,CHEMBL2364163,SINGLE PROTEIN,ENSG00000106804,C5,INHIBITOR,inhibit,unknown,unknown,0,0,0.0,0.0,{}
CHEMBL4297911,SPESOLIMAB,CHEMBL4665591,PROTEIN COMPLEX,ENSG00000115598,IL36R,ANTAGONIST,inhibit,unknown,unknown,0,0.06690992384264499,0.013381984768528999,0.013381984768528999,"{""expression_atlas"": 0.06690992384264499}"
CHEMBL4297911,SPESOLIMAB,CHEMBL4665591,PROTEIN COMPLEX,ENSG00000196083,IL1RAP,ANTAGONIST,inhibit,unknown,unknown,0,0,0.0,0.0,{}
CHEMBL4297945,EFMOROCTOCOG ALFA,CHEMBL3143,SINGLE PROTEIN,ENSG00000185010,F8,EXOGENOUS PROTEIN,unknown,unknown,unknown,0,0,0.0,0.0,{}
CHEMBL4297950,EFBEMALENOGRASTIM ALFA,CHEMBL1996,SINGLE PROTEIN,ENSG00000119535,CSF3R,AGONIST,activate,unknown,unknown,0,0.3580517355813792,0.07161034711627584,0.07161034711627584,"{""expression_atlas"": 0.3580517355813792}"
CHEMBL4297951,COAGULATION FACTOR X HUMAN,CHEMBL244,SINGLE PROTEIN,ENSG00000126218,F10,EXOGENOUS PROTEIN,unknown,unknown,unknown,0,0,0.0,0.0,{}
CHEMBL4297955,FOLLITROPIN,CHEMBL2024,SINGLE PROTEIN,ENSG00000170820,FSHR,AGONIST,activate,unknown,unknown,0.2501426920084372,0,0.20011415360674978,0.20011415360674978,"{""gwas_credible_sets"": 0.2501426920084372}"
CHEMBL4298025,ZENOCUTUZUMAB,CHEMBL4630723,PROTEIN COMPLEX,ENSG00000065361,ERBB3,INHIBITOR,inhibit,unknown,unknown,0.10647772463174865,0,0.08518217970539893,0.08518217970539893,"{""gwas_credible_sets"": 0.10647772463174865}"
CHEMBL4298025,ZENOCUTUZUMAB,CHEMBL4630723,PROTEIN COMPLEX,ENSG00000141736,ERBB2,INHIBITOR,inhibit,unknown,unknown,0,0,0.0,0.0,{}
CHEMBL4298037,RETIFANLIMAB,CHEMBL3307223,SINGLE PROTEIN,ENSG00000188389,PDCD1,ANTAGONIST,inhibit,unknown,unknown,0,0,0.0,0.0,{}
CHEMBL4298047,TAFASITAMAB,CHEMBL3390821,SINGLE PROTEIN,ENSG00000177455,CD19,BINDING AGENT,unknown,unknown,unknown,0,0,0.0,0.0,{}
CHEMBL4298086,POZELIMAB,CHEMBL2364163,SINGLE PROTEIN,ENSG00000106804,C5,INHIBITOR,inhibit,unknown,unknown,0,0,0.0,0.0,{}
CHEMBL4298092,GLOFITAMAB,CHEMBL2058,SINGLE PROTEIN,ENSG00000156738,MS4A1,BINDING AGENT,unknown,unknown,unknown,0,0,0.0,0.0,{}
CHEMBL4298092,GLOFITAMAB,CHEMBL2364168,PROTEIN COMPLEX,ENSG00000160654,CD3G,BINDING AGENT,unknown,unknown,unknown,0,0.015863723054047433,0.0031727446108094867,0.0031727446108094867,"{""expression_atlas"": 0.015863723054047433}"
CHEMBL4298092,GLOFITAMAB,CHEMBL2364168,PROTEIN COMPLEX,ENSG00000167286,CD3D,BINDING AGENT,unknown,unknown,unknown,0,0.015154885479866145,0.003030977095973229,0.003030977095973229,"{""expression_atlas"": 0.015154885479866145}"
CHEMBL4298092,GLOFITAMAB,CHEMBL2364168,PROTEIN COMPLEX,ENSG00000198851,CD3E,BINDING AGENT,unknown,unknown,unknown,0,0.011344203228688893,0.0022688406457377786,0.0022688406457377786,"{""expression_atlas"": 0.011344203228688893}"
CHEMBL4298124,DOSTARLIMAB,CHEMBL3307223,SINGLE PROTEIN,ENSG00000188389,PDCD1,ANTAGONIST,inhibit,unknown,unknown,0,0,0.0,0.0,{}
CHEMBL4298126,VON WILLEBRAND FACTOR HUMAN,CHEMBL2021748,SINGLE PROTEIN,ENSG00000110799,VWF,EXOGENOUS PROTEIN,unknown,unknown,unknown,0.33195960480490044,0.21207382378926448,0.30798244860177326,0.30798244860177326,"{""gwas_credible_sets"": 0.33195960480490044, ""expression_atlas"": 0.21207382378926448}"
CHEMBL4298128,ELEXACAFTOR,CHEMBL4051,SINGLE PROTEIN,ENSG00000001626,CFTR,POSITIVE MODULATOR,unknown,unknown,unknown,0,0,0.0,0.0,{}
CHEMBL4298138,REPOTRECTINIB,CHEMBL4680046,CHIMERIC PROTEIN,ENSG00000019582,CD74,INHIBITOR,inhibit,unknown,unknown,0,0.1279916565780159,0.02559833131560318,0.02559833131560318,"{""expression_atlas"": 0.1279916565780159}"
CHEMBL4298138,REPOTRECTINIB,CHEMBL5303568,CHIMERIC PROTEIN,ENSG00000124145,SDC4,INHIBITOR,inhibit,unknown,unknown,0,0.07511361873227576,0.015022723746455153,0.015022723746455153,"{""expression_atlas"": 0.07511361873227576}"
CHEMBL4298138,REPOTRECTINIB,CHEMBL5608,SINGLE PROTEIN,ENSG00000140538,NTRK3,INHIBITOR,inhibit,unknown,unknown,0,0.011153578433341074,0.0022307156866682148,0.0022307156866682148,"{""expression_atlas"": 0.011153578433341074}"
CHEMBL4298138,REPOTRECTINIB,CHEMBL4898,SINGLE PROTEIN,ENSG00000148053,NTRK2,INHIBITOR,inhibit,unknown,unknown,0,0.11308420824023263,0.02261684164804653,0.02261684164804653,"{""expression_atlas"": 0.11308420824023263}"
CHEMBL4298138,REPOTRECTINIB,CHEMBL2815,SINGLE PROTEIN,ENSG00000198400,NTRK1,INHIBITOR,inhibit,unknown,unknown,0,0.12704082083182408,0.025408164166364818,0.025408164166364818,"{""expression_atlas"": 0.12704082083182408}"
CHEMBL4298185,LONAPEGSOMATROPIN,CHEMBL1976,SINGLE PROTEIN,ENSG00000112964,GHR,AGONIST,activate,unknown,unknown,0,0.023483312321574815,0.004696662464314963,0.004696662464314963,"{""expression_atlas"": 0.023483312321574815}"
CHEMBL4298199,IDECABTAGENE VICLEUCEL,CHEMBL4523587,SINGLE PROTEIN,ENSG00000048462,TNFRSF17,BINDING AGENT,unknown,unknown,unknown,0,0,0.0,0.0,{}
CHEMBL4298211,PEGCETACOPLAN,CHEMBL4917,SINGLE PROTEIN,ENSG00000125730,C3,INHIBITOR,inhibit,unknown,unknown,0,0.03649614310185424,0.007299228620370849,0.007299228620370849,"{""expression_atlas"": 0.03649614310185424}"
CHEMBL429910,DAPAGLIFLOZIN,CHEMBL3884,SINGLE PROTEIN,ENSG00000140675,SLC5A2,INHIBITOR,inhibit,unknown,unknown,0,0.09242272380199619,0.01848454476039924,0.01848454476039924,"{""expression_atlas"": 0.09242272380199619}"
CHEMBL4299940,MITAPIVAT,CHEMBL1075126,SINGLE PROTEIN,ENSG00000143627,PKLR,ACTIVATOR,activate,unknown,unknown,0.03168964941826613,0.4222769116163756,0.10980710185788803,0.10980710185788803,"{""expression_atlas"": 0.4222769116163756, ""gwas_credible_sets"": 0.03168964941826613}"
CHEMBL43,AMSACRINE,CHEMBL2094255,PROTEIN FAMILY,ENSG00000131747,TOP2A,INHIBITOR,inhibit,unknown,unknown,0,0,0.0,0.0,{}
CHEMBL4301162,SERDEXMETHYLPHENIDATE,CHEMBL222,SINGLE PROTEIN,ENSG00000103546,SLC6A2,INHIBITOR,inhibit,unknown,unknown,0,0,0.0,0.0,{}
CHEMBL4301162,SERDEXMETHYLPHENIDATE,CHEMBL238,SINGLE PROTEIN,ENSG00000142319,SLC6A3,INHIBITOR,inhibit,unknown,unknown,0,0,0.0,0.0,{}
CHEMBL4302409,LUTETIUM OXODOTREOTIDE,CHEMBL2111436,PROTEIN FAMILY,ENSG00000162009,SSTR5,BINDING AGENT,unknown,unknown,unknown,0,0,0.0,0.0,{}
CHEMBL4302409,LUTETIUM OXODOTREOTIDE,CHEMBL2111436,PROTEIN FAMILY,ENSG00000180616,SSTR2,BINDING AGENT,unknown,unknown,unknown,0,0,0.0,0.0,{}
CHEMBL4303214,FRUQUINTINIB,CHEMBL2095227,PROTEIN FAMILY,ENSG00000102755,FLT1,INHIBITOR,inhibit,unknown,unknown,0,0.03355574308318303,0.0067111486166366065,0.0067111486166366065,"{""expression_atlas"": 0.03355574308318303}"
CHEMBL4303214,FRUQUINTINIB,CHEMBL2095227,PROTEIN FAMILY,ENSG00000128052,KDR,INHIBITOR,inhibit,unknown,unknown,0,0.03594573209302677,0.007189146418605354,0.007189146418605354,"{""expression_atlas"": 0.03594573209302677}"
CHEMBL4303525,OMAVELOXOLONE,CHEMBL1075094,SINGLE PROTEIN,ENSG00000116044,NFE2L2,ACTIVATOR,activate,unknown,unknown,0,0,0.0,0.0,{}
CHEMBL43064,CINNARIZINE,CHEMBL2095229,PROTEIN FAMILY,ENSG00000151067,CACNA1C,BLOCKER,inhibit,unknown,unknown,0,0.011880973060645644,0.002376194612129129,0.002376194612129129,"{""expression_atlas"": 0.011880973060645644}"
CHEMBL43064,CINNARIZINE,CHEMBL231,SINGLE PROTEIN,ENSG00000196639,HRH1,ANTAGONIST,inhibit,unknown,unknown,0,0,0.0,0.0,{}
CHEMBL431,SPIRAPRIL,CHEMBL1808,SINGLE PROTEIN,ENSG00000159640,ACE,INHIBITOR,inhibit,unknown,unknown,0,0.23801930305604319,0.04760386061120864,0.04760386061120864,"{""expression_atlas"": 0.23801930305604319}"
CHEMBL431770,ISTRADEFYLLINE,CHEMBL251,SINGLE PROTEIN,ENSG00000128271,ADORA2A,ANTAGONIST,inhibit,unknown,unknown,0,0,0.0,0.0,{}
CHEMBL434,ISOPROTERENOL,CHEMBL2094118,PROTEIN FAMILY,ENSG00000043591,ADRB1,AGONIST,activate,unknown,unknown,0,0.11496556182539755,0.02299311236507951,0.02299311236507951,"{""expression_atlas"": 0.11496556182539755}"
CHEMBL434,ISOPROTERENOL,CHEMBL2094118,PROTEIN FAMILY,ENSG00000169252,ADRB2,AGONIST,activate,unknown,unknown,0,0,0.0,0.0,{}
CHEMBL434394,NEBIVOLOL,CHEMBL213,SINGLE PROTEIN,ENSG00000043591,ADRB1,ANTAGONIST,inhibit,unknown,unknown,0,0.11496556182539755,0.02299311236507951,0.02299311236507951,"{""expression_atlas"": 0.11496556182539755}"
CHEMBL434394,NEBIVOLOL,CHEMBL210,SINGLE PROTEIN,ENSG00000169252,ADRB2,ANTAGONIST,inhibit,unknown,unknown,0,0,0.0,0.0,{}
CHEMBL43452,POMALIDOMIDE,CHEMBL3833061,PROTEIN COMPLEX,ENSG00000100387,RBX1,INHIBITOR,inhibit,unknown,unknown,0,0,0.0,0.0,{}
CHEMBL43452,POMALIDOMIDE,CHEMBL3833061,PROTEIN COMPLEX,ENSG00000113851,CRBN,INHIBITOR,inhibit,unknown,unknown,0,0,0.0,0.0,{}
CHEMBL43452,POMALIDOMIDE,CHEMBL3833061,PROTEIN COMPLEX,ENSG00000139842,CUL4A,INHIBITOR,inhibit,unknown,unknown,0,0,0.0,0.0,{}
CHEMBL43452,POMALIDOMIDE,CHEMBL3833061,PROTEIN COMPLEX,ENSG00000167986,DDB1,INHIBITOR,inhibit,unknown,unknown,0,0,0.0,0.0,{}
CHEMBL435,HYDROCHLOROTHIAZIDE,CHEMBL1876,SINGLE PROTEIN,ENSG00000070915,SLC12A3,INHIBITOR,inhibit,unknown,unknown,0,0,0.0,0.0,{}
CHEMBL435298,ESFLURBIPROFEN,CHEMBL2094253,PROTEIN FAMILY,ENSG00000073756,PTGS2,INHIBITOR,inhibit,unknown,unknown,0,0.400648993476229,0.08012979869524581,0.08012979869524581,"{""expression_atlas"": 0.400648993476229}"
CHEMBL435298,ESFLURBIPROFEN,CHEMBL2094253,PROTEIN FAMILY,ENSG00000095303,PTGS1,INHIBITOR,inhibit,unknown,unknown,0,0,0.0,0.0,{}
CHEMBL439849,VILAZODONE,CHEMBL228,SINGLE PROTEIN,ENSG00000108576,SLC6A4,INHIBITOR,inhibit,unknown,unknown,0,0.4642014225773055,0.09284028451546111,0.09284028451546111,"{""expression_atlas"": 0.4642014225773055}"
CHEMBL440,THIAMYLAL,CHEMBL2093872,PROTEIN COMPLEX GROUP,ENSG00000094755,GABRP,POSITIVE ALLOSTERIC MODULATOR,activate,unknown,unknown,0,0.07106524621438697,0.014213049242877394,0.014213049242877394,"{""expression_atlas"": 0.07106524621438697}"
CHEMBL440,THIAMYLAL,CHEMBL2093872,PROTEIN COMPLEX GROUP,ENSG00000102287,GABRE,POSITIVE ALLOSTERIC MODULATOR,activate,unknown,unknown,0,0.01300725293757502,0.002601450587515004,0.002601450587515004,"{""expression_atlas"": 0.01300725293757502}"
CHEMBL440,THIAMYLAL,CHEMBL2093872,PROTEIN COMPLEX GROUP,ENSG00000109158,GABRA4,POSITIVE ALLOSTERIC MODULATOR,activate,unknown,unknown,0,0.040567960282186954,0.00811359205643739,0.00811359205643739,"{""expression_atlas"": 0.040567960282186954}"
CHEMBL440,THIAMYLAL,CHEMBL2093872,PROTEIN COMPLEX GROUP,ENSG00000145864,GABRB2,POSITIVE ALLOSTERIC MODULATOR,activate,unknown,unknown,0,0.014994345937037634,0.002998869187407527,0.002998869187407527,"{""expression_atlas"": 0.014994345937037634}"
CHEMBL440,THIAMYLAL,CHEMBL2093872,PROTEIN COMPLEX GROUP,ENSG00000151834,GABRA2,POSITIVE ALLOSTERIC MODULATOR,activate,unknown,unknown,0,0.0646883705632426,0.01293767411264852,0.01293767411264852,"{""expression_atlas"": 0.0646883705632426}"
CHEMBL440,THIAMYLAL,CHEMBL2093872,PROTEIN COMPLEX GROUP,ENSG00000163285,GABRG1,POSITIVE ALLOSTERIC MODULATOR,activate,unknown,unknown,0,0.06503253540618377,0.013006507081236754,0.013006507081236754,"{""expression_atlas"": 0.06503253540618377}"
CHEMBL440,THIAMYLAL,CHEMBL2093872,PROTEIN COMPLEX GROUP,ENSG00000186297,GABRA5,POSITIVE ALLOSTERIC MODULATOR,activate,unknown,unknown,0,0.04015022406741467,0.008030044813482934,0.008030044813482934,"{""expression_atlas"": 0.04015022406741467}"
CHEMBL441,THIOPENTAL,CHEMBL2093872,PROTEIN COMPLEX GROUP,ENSG00000094755,GABRP,POSITIVE ALLOSTERIC MODULATOR,activate,unknown,unknown,0,0.07106524621438697,0.014213049242877394,0.014213049242877394,"{""expression_atlas"": 0.07106524621438697}"
CHEMBL441,THIOPENTAL,CHEMBL2093872,PROTEIN COMPLEX GROUP,ENSG00000102287,GABRE,POSITIVE ALLOSTERIC MODULATOR,activate,unknown,unknown,0,0.01300725293757502,0.002601450587515004,0.002601450587515004,"{""expression_atlas"": 0.01300725293757502}"
CHEMBL441,THIOPENTAL,CHEMBL2093872,PROTEIN COMPLEX GROUP,ENSG00000109158,GABRA4,POSITIVE ALLOSTERIC MODULATOR,activate,unknown,unknown,0,0.040567960282186954,0.00811359205643739,0.00811359205643739,"{""expression_atlas"": 0.040567960282186954}"
CHEMBL441,THIOPENTAL,CHEMBL2093872,PROTEIN COMPLEX GROUP,ENSG00000145864,GABRB2,POSITIVE ALLOSTERIC MODULATOR,activate,unknown,unknown,0,0.014994345937037634,0.002998869187407527,0.002998869187407527,"{""expression_atlas"": 0.014994345937037634}"
CHEMBL441,THIOPENTAL,CHEMBL2093872,PROTEIN COMPLEX GROUP,ENSG00000151834,GABRA2,POSITIVE ALLOSTERIC MODULATOR,activate,unknown,unknown,0,0.0646883705632426,0.01293767411264852,0.01293767411264852,"{""expression_atlas"": 0.0646883705632426}"
CHEMBL441,THIOPENTAL,CHEMBL2093872,PROTEIN COMPLEX GROUP,ENSG00000163285,GABRG1,POSITIVE ALLOSTERIC MODULATOR,activate,unknown,unknown,0,0.06503253540618377,0.013006507081236754,0.013006507081236754,"{""expression_atlas"": 0.06503253540618377}"
CHEMBL441,THIOPENTAL,CHEMBL2093872,PROTEIN COMPLEX GROUP,ENSG00000186297,GABRA5,POSITIVE ALLOSTERIC MODULATOR,activate,unknown,unknown,0,0.04015022406741467,0.008030044813482934,0.008030044813482934,"{""expression_atlas"": 0.04015022406741467}"
CHEMBL441738,AFAMELANOTIDE,CHEMBL3795,SINGLE PROTEIN,ENSG00000258839,MC1R,AGONIST,activate,unknown,unknown,0,0,0.0,0.0,{}
CHEMBL445,NORTRIPTYLINE,CHEMBL222,SINGLE PROTEIN,ENSG00000103546,SLC6A2,INHIBITOR,inhibit,unknown,unknown,0,0,0.0,0.0,{}
CHEMBL445,NORTRIPTYLINE,CHEMBL228,SINGLE PROTEIN,ENSG00000108576,SLC6A4,INHIBITOR,inhibit,unknown,unknown,0,0.4642014225773055,0.09284028451546111,0.09284028451546111,"{""expression_atlas"": 0.4642014225773055}"
CHEMBL44657,ETOPOSIDE,CHEMBL2094255,PROTEIN FAMILY,ENSG00000131747,TOP2A,INHIBITOR,inhibit,unknown,unknown,0,0,0.0,0.0,{}
CHEMBL449,BUTABARBITAL,CHEMBL2093872,PROTEIN COMPLEX GROUP,ENSG00000094755,GABRP,POSITIVE ALLOSTERIC MODULATOR,activate,unknown,unknown,0,0.07106524621438697,0.014213049242877394,0.014213049242877394,"{""expression_atlas"": 0.07106524621438697}"
CHEMBL449,BUTABARBITAL,CHEMBL2093872,PROTEIN COMPLEX GROUP,ENSG00000102287,GABRE,POSITIVE ALLOSTERIC MODULATOR,activate,unknown,unknown,0,0.01300725293757502,0.002601450587515004,0.002601450587515004,"{""expression_atlas"": 0.01300725293757502}"
CHEMBL449,BUTABARBITAL,CHEMBL2093872,PROTEIN COMPLEX GROUP,ENSG00000109158,GABRA4,POSITIVE ALLOSTERIC MODULATOR,activate,unknown,unknown,0,0.040567960282186954,0.00811359205643739,0.00811359205643739,"{""expression_atlas"": 0.040567960282186954}"
CHEMBL449,BUTABARBITAL,CHEMBL2093872,PROTEIN COMPLEX GROUP,ENSG00000145864,GABRB2,POSITIVE ALLOSTERIC MODULATOR,activate,unknown,unknown,0,0.014994345937037634,0.002998869187407527,0.002998869187407527,"{""expression_atlas"": 0.014994345937037634}"
CHEMBL449,BUTABARBITAL,CHEMBL2093872,PROTEIN COMPLEX GROUP,ENSG00000151834,GABRA2,POSITIVE ALLOSTERIC MODULATOR,activate,unknown,unknown,0,0.0646883705632426,0.01293767411264852,0.01293767411264852,"{""expression_atlas"": 0.0646883705632426}"
CHEMBL449,BUTABARBITAL,CHEMBL2093872,PROTEIN COMPLEX GROUP,ENSG00000163285,GABRG1,POSITIVE ALLOSTERIC MODULATOR,activate,unknown,unknown,0,0.06503253540618377,0.013006507081236754,0.013006507081236754,"{""expression_atlas"": 0.06503253540618377}"
CHEMBL449,BUTABARBITAL,CHEMBL2093872,PROTEIN COMPLEX GROUP,ENSG00000186297,GABRA5,POSITIVE ALLOSTERIC MODULATOR,activate,unknown,unknown,0,0.04015022406741467,0.008030044813482934,0.008030044813482934,"{""expression_atlas"": 0.04015022406741467}"
CHEMBL45,MELATONIN,CHEMBL2094268,PROTEIN FAMILY,ENSG00000168412,MTNR1A,AGONIST,activate,unknown,unknown,0,0.03278226895675638,0.0065564537913512765,0.0065564537913512765,"{""expression_atlas"": 0.03278226895675638}"
CHEMBL450,METHARBITAL,CHEMBL2093872,PROTEIN COMPLEX GROUP,ENSG00000094755,GABRP,POSITIVE ALLOSTERIC MODULATOR,activate,unknown,unknown,0,0.07106524621438697,0.014213049242877394,0.014213049242877394,"{""expression_atlas"": 0.07106524621438697}"
CHEMBL450,METHARBITAL,CHEMBL2093872,PROTEIN COMPLEX GROUP,ENSG00000102287,GABRE,POSITIVE ALLOSTERIC MODULATOR,activate,unknown,unknown,0,0.01300725293757502,0.002601450587515004,0.002601450587515004,"{""expression_atlas"": 0.01300725293757502}"
CHEMBL450,METHARBITAL,CHEMBL2093872,PROTEIN COMPLEX GROUP,ENSG00000109158,GABRA4,POSITIVE ALLOSTERIC MODULATOR,activate,unknown,unknown,0,0.040567960282186954,0.00811359205643739,0.00811359205643739,"{""expression_atlas"": 0.040567960282186954}"
CHEMBL450,METHARBITAL,CHEMBL2093872,PROTEIN COMPLEX GROUP,ENSG00000145864,GABRB2,POSITIVE ALLOSTERIC MODULATOR,activate,unknown,unknown,0,0.014994345937037634,0.002998869187407527,0.002998869187407527,"{""expression_atlas"": 0.014994345937037634}"
CHEMBL450,METHARBITAL,CHEMBL2093872,PROTEIN COMPLEX GROUP,ENSG00000151834,GABRA2,POSITIVE ALLOSTERIC MODULATOR,activate,unknown,unknown,0,0.0646883705632426,0.01293767411264852,0.01293767411264852,"{""expression_atlas"": 0.0646883705632426}"
CHEMBL450,METHARBITAL,CHEMBL2093872,PROTEIN COMPLEX GROUP,ENSG00000163285,GABRG1,POSITIVE ALLOSTERIC MODULATOR,activate,unknown,unknown,0,0.06503253540618377,0.013006507081236754,0.013006507081236754,"{""expression_atlas"": 0.06503253540618377}"
CHEMBL450,METHARBITAL,CHEMBL2093872,PROTEIN COMPLEX GROUP,ENSG00000186297,GABRA5,POSITIVE ALLOSTERIC MODULATOR,activate,unknown,unknown,0,0.04015022406741467,0.008030044813482934,0.008030044813482934,"{""expression_atlas"": 0.04015022406741467}"
CHEMBL451,CHLORDIAZEPOXIDE,CHEMBL2093872,PROTEIN COMPLEX GROUP,ENSG00000094755,GABRP,POSITIVE ALLOSTERIC MODULATOR,activate,unknown,unknown,0,0.07106524621438697,0.014213049242877394,0.014213049242877394,"{""expression_atlas"": 0.07106524621438697}"
CHEMBL451,CHLORDIAZEPOXIDE,CHEMBL2093872,PROTEIN COMPLEX GROUP,ENSG00000102287,GABRE,POSITIVE ALLOSTERIC MODULATOR,activate,unknown,unknown,0,0.01300725293757502,0.002601450587515004,0.002601450587515004,"{""expression_atlas"": 0.01300725293757502}"
CHEMBL451,CHLORDIAZEPOXIDE,CHEMBL2093872,PROTEIN COMPLEX GROUP,ENSG00000109158,GABRA4,POSITIVE ALLOSTERIC MODULATOR,activate,unknown,unknown,0,0.040567960282186954,0.00811359205643739,0.00811359205643739,"{""expression_atlas"": 0.040567960282186954}"
CHEMBL451,CHLORDIAZEPOXIDE,CHEMBL2093872,PROTEIN COMPLEX GROUP,ENSG00000145864,GABRB2,POSITIVE ALLOSTERIC MODULATOR,activate,unknown,unknown,0,0.014994345937037634,0.002998869187407527,0.002998869187407527,"{""expression_atlas"": 0.014994345937037634}"
CHEMBL451,CHLORDIAZEPOXIDE,CHEMBL2093872,PROTEIN COMPLEX GROUP,ENSG00000151834,GABRA2,POSITIVE ALLOSTERIC MODULATOR,activate,unknown,unknown,0,0.0646883705632426,0.01293767411264852,0.01293767411264852,"{""expression_atlas"": 0.0646883705632426}"
CHEMBL451,CHLORDIAZEPOXIDE,CHEMBL2093872,PROTEIN COMPLEX GROUP,ENSG00000163285,GABRG1,POSITIVE ALLOSTERIC MODULATOR,activate,unknown,unknown,0,0.06503253540618377,0.013006507081236754,0.013006507081236754,"{""expression_atlas"": 0.06503253540618377}"
CHEMBL451,CHLORDIAZEPOXIDE,CHEMBL2093872,PROTEIN COMPLEX GROUP,ENSG00000186297,GABRA5,POSITIVE ALLOSTERIC MODULATOR,activate,unknown,unknown,0,0.04015022406741467,0.008030044813482934,0.008030044813482934,"{""expression_atlas"": 0.04015022406741467}"
CHEMBL451887,CARFILZOMIB,CHEMBL2364701,PROTEIN COMPLEX,ENSG00000100804,PSMB5,INHIBITOR,inhibit,unknown,unknown,0,0,0.0,0.0,{}
CHEMBL451887,CARFILZOMIB,CHEMBL2364701,PROTEIN COMPLEX,ENSG00000100902,PSMA6,INHIBITOR,inhibit,unknown,unknown,0.5367027789988335,0,0.4293622231990668,0.4293622231990668,"{""gwas_credible_sets"": 0.5367027789988335}"
CHEMBL451887,CARFILZOMIB,CHEMBL2364701,PROTEIN COMPLEX,ENSG00000106588,PSMA2,INHIBITOR,inhibit,unknown,unknown,0,0,0.0,0.0,{}
CHEMBL451887,CARFILZOMIB,CHEMBL2364701,PROTEIN COMPLEX,ENSG00000136930,PSMB7,INHIBITOR,inhibit,unknown,unknown,0,0,0.0,0.0,{}
CHEMBL451887,CARFILZOMIB,CHEMBL2364701,PROTEIN COMPLEX,ENSG00000142507,PSMB6,INHIBITOR,inhibit,unknown,unknown,0,0,0.0,0.0,{}
CHEMBL451887,CARFILZOMIB,CHEMBL2364701,PROTEIN COMPLEX,ENSG00000159377,PSMB4,INHIBITOR,inhibit,unknown,unknown,0,0,0.0,0.0,{}
CHEMBL451887,CARFILZOMIB,CHEMBL2364701,PROTEIN COMPLEX,ENSG00000173692,PSMD1,INHIBITOR,inhibit,unknown,unknown,0,0,0.0,0.0,{}
CHEMBL451887,CARFILZOMIB,CHEMBL2364701,PROTEIN COMPLEX,ENSG00000204264,PSMB8,INHIBITOR,inhibit,unknown,unknown,0,0.02210695478854765,0.00442139095770953,0.00442139095770953,"{""expression_atlas"": 0.02210695478854765}"
CHEMBL451887,CARFILZOMIB,CHEMBL2364701,PROTEIN COMPLEX,ENSG00000205220,PSMB10,INHIBITOR,inhibit,unknown,unknown,0,0,0.0,0.0,{}
CHEMBL451887,CARFILZOMIB,CHEMBL2364701,PROTEIN COMPLEX,ENSG00000240065,PSMB9,INHIBITOR,inhibit,unknown,unknown,0,0.1357121194548542,0.02714242389097084,0.02714242389097084,"{""expression_atlas"": 0.1357121194548542}"
CHEMBL451930,PLITIDEPSIN,CHEMBL1795122,SINGLE PROTEIN,ENSG00000101210,EEF1A2,INHIBITOR,inhibit,unknown,unknown,0,0.021481959733744553,0.004296391946748911,0.004296391946748911,"{""expression_atlas"": 0.021481959733744553}"
CHEMBL452,CLONAZEPAM,CHEMBL2093872,PROTEIN COMPLEX GROUP,ENSG00000094755,GABRP,POSITIVE ALLOSTERIC MODULATOR,activate,unknown,unknown,0,0.07106524621438697,0.014213049242877394,0.014213049242877394,"{""expression_atlas"": 0.07106524621438697}"
CHEMBL452,CLONAZEPAM,CHEMBL2093872,PROTEIN COMPLEX GROUP,ENSG00000102287,GABRE,POSITIVE ALLOSTERIC MODULATOR,activate,unknown,unknown,0,0.01300725293757502,0.002601450587515004,0.002601450587515004,"{""expression_atlas"": 0.01300725293757502}"
CHEMBL452,CLONAZEPAM,CHEMBL2093872,PROTEIN COMPLEX GROUP,ENSG00000109158,GABRA4,POSITIVE ALLOSTERIC MODULATOR,activate,unknown,unknown,0,0.040567960282186954,0.00811359205643739,0.00811359205643739,"{""expression_atlas"": 0.040567960282186954}"
CHEMBL452,CLONAZEPAM,CHEMBL2093872,PROTEIN COMPLEX GROUP,ENSG00000145864,GABRB2,POSITIVE ALLOSTERIC MODULATOR,activate,unknown,unknown,0,0.014994345937037634,0.002998869187407527,0.002998869187407527,"{""expression_atlas"": 0.014994345937037634}"
CHEMBL452,CLONAZEPAM,CHEMBL2093872,PROTEIN COMPLEX GROUP,ENSG00000151834,GABRA2,POSITIVE ALLOSTERIC MODULATOR,activate,unknown,unknown,0,0.0646883705632426,0.01293767411264852,0.01293767411264852,"{""expression_atlas"": 0.0646883705632426}"
CHEMBL452,CLONAZEPAM,CHEMBL2093872,PROTEIN COMPLEX GROUP,ENSG00000163285,GABRG1,POSITIVE ALLOSTERIC MODULATOR,activate,unknown,unknown,0,0.06503253540618377,0.013006507081236754,0.013006507081236754,"{""expression_atlas"": 0.06503253540618377}"
CHEMBL452,CLONAZEPAM,CHEMBL2093872,PROTEIN COMPLEX GROUP,ENSG00000186297,GABRA5,POSITIVE ALLOSTERIC MODULATOR,activate,unknown,unknown,0,0.04015022406741467,0.008030044813482934,0.008030044813482934,"{""expression_atlas"": 0.04015022406741467}"
CHEMBL452231,TENIPOSIDE,CHEMBL2094255,PROTEIN FAMILY,ENSG00000131747,TOP2A,INHIBITOR,inhibit,unknown,unknown,0,0,0.0,0.0,{}
CHEMBL4535757,SOTORASIB,CHEMBL2189121,SINGLE PROTEIN,ENSG00000133703,KRAS,INHIBITOR,inhibit,unknown,unknown,0,0,0.0,0.0,{}
CHEMBL454,BUTALBITAL,CHEMBL2093872,PROTEIN COMPLEX GROUP,ENSG00000094755,GABRP,POSITIVE ALLOSTERIC MODULATOR,activate,unknown,unknown,0,0.07106524621438697,0.014213049242877394,0.014213049242877394,"{""expression_atlas"": 0.07106524621438697}"
CHEMBL454,BUTALBITAL,CHEMBL2093872,PROTEIN COMPLEX GROUP,ENSG00000102287,GABRE,POSITIVE ALLOSTERIC MODULATOR,activate,unknown,unknown,0,0.01300725293757502,0.002601450587515004,0.002601450587515004,"{""expression_atlas"": 0.01300725293757502}"
CHEMBL454,BUTALBITAL,CHEMBL2093872,PROTEIN COMPLEX GROUP,ENSG00000109158,GABRA4,POSITIVE ALLOSTERIC MODULATOR,activate,unknown,unknown,0,0.040567960282186954,0.00811359205643739,0.00811359205643739,"{""expression_atlas"": 0.040567960282186954}"
CHEMBL454,BUTALBITAL,CHEMBL2093872,PROTEIN COMPLEX GROUP,ENSG00000145864,GABRB2,POSITIVE ALLOSTERIC MODULATOR,activate,unknown,unknown,0,0.014994345937037634,0.002998869187407527,0.002998869187407527,"{""expression_atlas"": 0.014994345937037634}"
CHEMBL454,BUTALBITAL,CHEMBL2093872,PROTEIN COMPLEX GROUP,ENSG00000151834,GABRA2,POSITIVE ALLOSTERIC MODULATOR,activate,unknown,unknown,0,0.0646883705632426,0.01293767411264852,0.01293767411264852,"{""expression_atlas"": 0.0646883705632426}"
CHEMBL454,BUTALBITAL,CHEMBL2093872,PROTEIN COMPLEX GROUP,ENSG00000163285,GABRG1,POSITIVE ALLOSTERIC MODULATOR,activate,unknown,unknown,0,0.06503253540618377,0.013006507081236754,0.013006507081236754,"{""expression_atlas"": 0.06503253540618377}"
CHEMBL454,BUTALBITAL,CHEMBL2093872,PROTEIN COMPLEX GROUP,ENSG00000186297,GABRA5,POSITIVE ALLOSTERIC MODULATOR,activate,unknown,unknown,0,0.04015022406741467,0.008030044813482934,0.008030044813482934,"{""expression_atlas"": 0.04015022406741467}"
CHEMBL4558324,LAZERTINIB,CHEMBL203,SINGLE PROTEIN,ENSG00000146648,EGFR,INHIBITOR,inhibit,unknown,unknown,0,0,0.0,0.0,{}
CHEMBL457,GEMFIBROZIL,CHEMBL239,SINGLE PROTEIN,ENSG00000186951,PPARA,AGONIST,activate,unknown,unknown,0,0,0.0,0.0,{}
CHEMBL4585668,BELZUTIFAN,CHEMBL1744522,SINGLE PROTEIN,ENSG00000116016,EPAS1,INHIBITOR,inhibit,unknown,unknown,0,0,0.0,0.0,{}
CHEMBL459,METHYLDOPA,CHEMBL2095158,PROTEIN FAMILY,ENSG00000150594,ADRA2A,AGONIST,activate,unknown,unknown,0.21032116470427323,0,0.1682569317634186,0.1682569317634186,"{""gwas_credible_sets"": 0.21032116470427323}"
CHEMBL459,METHYLDOPA,CHEMBL2095158,PROTEIN FAMILY,ENSG00000184160,ADRA2C,AGONIST,activate,unknown,unknown,0,0.010920894429482362,0.0021841788858964722,0.0021841788858964722,"{""expression_atlas"": 0.010920894429482362}"
CHEMBL4594214,ZICONOTIDE,CHEMBL4478,SINGLE PROTEIN,ENSG00000148408,CACNA1B,BLOCKER,inhibit,unknown,unknown,0,0,0.0,0.0,{}
CHEMBL4594230,LIPEGFILGRASTIM,CHEMBL1996,SINGLE PROTEIN,ENSG00000119535,CSF3R,AGONIST,activate,unknown,unknown,0,0.3580517355813792,0.07161034711627584,0.07161034711627584,"{""expression_atlas"": 0.3580517355813792}"
CHEMBL4594250,NETARSUDIL,CHEMBL2111459,PROTEIN FAMILY,ENSG00000067900,ROCK1,INHIBITOR,inhibit,unknown,unknown,0,0,0.0,0.0,{}
CHEMBL4594287,ENSIFENTRINE,CHEMBL2093863,PROTEIN FAMILY,ENSG00000065989,PDE4A,INHIBITOR,inhibit,unknown,unknown,0.23243057389068916,0,0.18594445911255134,0.18594445911255134,"{""gwas_credible_sets"": 0.23243057389068916}"
CHEMBL4594287,ENSIFENTRINE,CHEMBL2093863,PROTEIN FAMILY,ENSG00000105650,PDE4C,INHIBITOR,inhibit,unknown,unknown,0,0,0.0,0.0,{}
CHEMBL4594287,ENSIFENTRINE,CHEMBL2093863,PROTEIN FAMILY,ENSG00000113448,PDE4D,INHIBITOR,inhibit,unknown,unknown,0.03502364826196417,0.01635098289812564,0.03128911518919646,0.03128911518919646,"{""gwas_credible_sets"": 0.03502364826196417, ""expression_atlas"": 0.01635098289812564}"
CHEMBL4594287,ENSIFENTRINE,CHEMBL2093863,PROTEIN FAMILY,ENSG00000184588,PDE4B,INHIBITOR,inhibit,unknown,unknown,0,0.11705336896939017,0.023410673793878036,0.023410673793878036,"{""expression_atlas"": 0.11705336896939017}"
CHEMBL4594311,BETIBEGLOGENE AUTOTEMCEL,CHEMBL4331,SINGLE PROTEIN,ENSG00000244734,HBB,EXOGENOUS GENE,unknown,unknown,unknown,0,0.050252585956317236,0.010050517191263448,0.010050517191263448,"{""expression_atlas"": 0.050252585956317236}"
CHEMBL4594316,CROVALIMAB,CHEMBL2364163,SINGLE PROTEIN,ENSG00000106804,C5,INHIBITOR,inhibit,unknown,unknown,0,0,0.0,0.0,{}
CHEMBL4594328,BEREMAGENE GEPERPAVEC,CHEMBL5498505,SINGLE PROTEIN,ENSG00000114270,COL7A1,EXOGENOUS GENE,unknown,unknown,unknown,0,0.3361606084076825,0.06723212168153651,0.06723212168153651,"{""expression_atlas"": 0.3361606084076825}"
CHEMBL4594350,ADAGRASIB,CHEMBL2189121,SINGLE PROTEIN,ENSG00000133703,KRAS,INHIBITOR,inhibit,unknown,unknown,0,0,0.0,0.0,{}
CHEMBL4594379,FOSLEVODOPA,CHEMBL213,SINGLE PROTEIN,ENSG00000043591,ADRB1,AGONIST,activate,unknown,unknown,0,0.11496556182539755,0.02299311236507951,0.02299311236507951,"{""expression_atlas"": 0.11496556182539755}"
CHEMBL4594448,IPTACOPAN,CHEMBL5731,SINGLE PROTEIN,ENSG00000243649,CFB,INHIBITOR,inhibit,unknown,unknown,0,0.09794204975090676,0.01958840995018135,0.01958840995018135,"{""expression_atlas"": 0.09794204975090676}"
CHEMBL4594503,TALQUETAMAB,CHEMBL2364168,PROTEIN COMPLEX,ENSG00000160654,CD3G,BINDING AGENT,unknown,unknown,unknown,0,0.015863723054047433,0.0031727446108094867,0.0031727446108094867,"{""expression_atlas"": 0.015863723054047433}"
CHEMBL4594503,TALQUETAMAB,CHEMBL2364168,PROTEIN COMPLEX,ENSG00000167286,CD3D,BINDING AGENT,unknown,unknown,unknown,0,0.015154885479866145,0.003030977095973229,0.003030977095973229,"{""expression_atlas"": 0.015154885479866145}"
CHEMBL4594503,TALQUETAMAB,CHEMBL2364168,PROTEIN COMPLEX,ENSG00000198851,CD3E,BINDING AGENT,unknown,unknown,unknown,0,0.011344203228688893,0.0022688406457377786,0.0022688406457377786,"{""expression_atlas"": 0.011344203228688893}"
CHEMBL4594505,TECLISTAMAB,CHEMBL4523587,SINGLE PROTEIN,ENSG00000048462,TNFRSF17,BINDING AGENT,unknown,unknown,unknown,0,0,0.0,0.0,{}
CHEMBL4594505,TECLISTAMAB,CHEMBL2364168,PROTEIN COMPLEX,ENSG00000160654,CD3G,BINDING AGENT,unknown,unknown,unknown,0,0.015863723054047433,0.0031727446108094867,0.0031727446108094867,"{""expression_atlas"": 0.015863723054047433}"
CHEMBL4594505,TECLISTAMAB,CHEMBL2364168,PROTEIN COMPLEX,ENSG00000167286,CD3D,BINDING AGENT,unknown,unknown,unknown,0,0.015154885479866145,0.003030977095973229,0.003030977095973229,"{""expression_atlas"": 0.015154885479866145}"
CHEMBL4594505,TECLISTAMAB,CHEMBL2364168,PROTEIN COMPLEX,ENSG00000198851,CD3E,BINDING AGENT,unknown,unknown,unknown,0,0.011344203228688893,0.0022688406457377786,0.0022688406457377786,"{""expression_atlas"": 0.011344203228688893}"
CHEMBL4594535,SUGEMALIMAB,CHEMBL3580522,SINGLE PROTEIN,ENSG00000120217,CD274,BINDING AGENT,unknown,unknown,unknown,0,0.22421352352464427,0.044842704704928855,0.044842704704928855,"{""expression_atlas"": 0.22421352352464427}"
CHEMBL4594584,"ANTIHEMOPHILIC FACTOR, PEGYLATED (MW 20000) HUMAN SEQUENCE RECOMBINANT",CHEMBL3143,SINGLE PROTEIN,ENSG00000185010,F8,EXOGENOUS PROTEIN,unknown,unknown,unknown,0,0,0.0,0.0,{}
CHEMBL4594603,LONOCTOCOG ALFA,CHEMBL3143,SINGLE PROTEIN,ENSG00000185010,F8,EXOGENOUS PROTEIN,unknown,unknown,unknown,0,0,0.0,0.0,{}
CHEMBL4594607,APADAMTASE ALFA,CHEMBL2346492,SINGLE PROTEIN,ENSG00000160323,ADAMTS13,EXOGENOUS PROTEIN,unknown,unknown,unknown,0,0,0.0,0.0,{}
CHEMBL4594608,AXATILIMAB,CHEMBL1844,SINGLE PROTEIN,ENSG00000182578,CSF1R,INHIBITOR,inhibit,unknown,unknown,0,0.023292788374765037,0.004658557674953007,0.004658557674953007,"{""expression_atlas"": 0.023292788374765037}"
CHEMBL4594618,BREXUCABTAGENE AUTOLEUCEL,CHEMBL3390821,SINGLE PROTEIN,ENSG00000177455,CD19,BINDING AGENT,unknown,unknown,unknown,0,0,0.0,0.0,{}
CHEMBL4594730,VIPIVOTIDE TETRAXETAN LUTETIUM,CHEMBL1892,SINGLE PROTEIN,ENSG00000086205,FOLH1,BINDING AGENT,unknown,unknown,unknown,0,0.2431541271687853,0.04863082543375706,0.04863082543375706,"{""expression_atlas"": 0.2431541271687853}"
CHEMBL4596392,CRAVACITINIB,CHEMBL3553,SINGLE PROTEIN,ENSG00000105397,TYK2,NEGATIVE ALLOSTERIC MODULATOR,inhibit,unknown,unknown,0.8618771110824588,0,0.6895016888659671,0.6895016888659671,"{""gwas_credible_sets"": 0.8618771110824588}"
CHEMBL46,ONDANSETRON,CHEMBL1899,SINGLE PROTEIN,ENSG00000166736,HTR3A,ANTAGONIST,inhibit,unknown,unknown,0,0.04201014873138331,0.008402029746276662,0.008402029746276662,"{""expression_atlas"": 0.04201014873138331}"
CHEMBL460,MOLINDONE,CHEMBL217,SINGLE PROTEIN,ENSG00000149295,DRD2,ANTAGONIST,inhibit,unknown,unknown,0,0,0.0,0.0,{}
CHEMBL461101,ELTROMBOPAG,CHEMBL1864,SINGLE PROTEIN,ENSG00000117400,MPL,AGONIST,activate,unknown,unknown,0,0,0.0,0.0,{}
CHEMBL465,DRONABINOL,CHEMBL218,SINGLE PROTEIN,ENSG00000118432,CNR1,AGONIST,activate,unknown,unknown,0,0.017346254648973446,0.0034692509297946893,0.0034692509297946893,"{""expression_atlas"": 0.017346254648973446}"
CHEMBL4650215,INAVOLISIB,CHEMBL4005,SINGLE PROTEIN,ENSG00000121879,PIK3CA,INHIBITOR,inhibit,unknown,unknown,0,0,0.0,0.0,{}
CHEMBL4650256,ZANIDATAMAB,CHEMBL1824,SINGLE PROTEIN,ENSG00000141736,ERBB2,INHIBITOR,inhibit,unknown,unknown,0,0,0.0,0.0,{}
CHEMBL4650269,LOVOTIBEGLOGENE AUTOTEMCEL,CHEMBL4331,SINGLE PROTEIN,ENSG00000244734,HBB,EXOGENOUS GENE,unknown,unknown,unknown,0,0.050252585956317236,0.010050517191263448,0.010050517191263448,"{""expression_atlas"": 0.050252585956317236}"
CHEMBL4650274,DASIGLUCAGON HYDROCHLORIDE,CHEMBL1985,SINGLE PROTEIN,ENSG00000215644,GCGR,AGONIST,activate,unknown,unknown,0,0,0.0,0.0,{}
CHEMBL4650299,HEPARIN,CHEMBL1950,SINGLE PROTEIN,ENSG00000117601,SERPINC1,ACTIVATOR,activate,unknown,unknown,0,0,0.0,0.0,{}
CHEMBL4650319,MOBOCERTINIB,CHEMBL203,SINGLE PROTEIN,ENSG00000146648,EGFR,INHIBITOR,inhibit,unknown,unknown,0,0,0.0,0.0,{}
CHEMBL4650393,EPCORITAMAB,CHEMBL2058,SINGLE PROTEIN,ENSG00000156738,MS4A1,BINDING AGENT,unknown,unknown,unknown,0,0,0.0,0.0,{}
CHEMBL4650393,EPCORITAMAB,CHEMBL2364168,PROTEIN COMPLEX,ENSG00000160654,CD3G,BINDING AGENT,unknown,unknown,unknown,0,0.015863723054047433,0.0031727446108094867,0.0031727446108094867,"{""expression_atlas"": 0.015863723054047433}"
CHEMBL4650393,EPCORITAMAB,CHEMBL2364168,PROTEIN COMPLEX,ENSG00000167286,CD3D,BINDING AGENT,unknown,unknown,unknown,0,0.015154885479866145,0.003030977095973229,0.003030977095973229,"{""expression_atlas"": 0.015154885479866145}"
CHEMBL4650393,EPCORITAMAB,CHEMBL2364168,PROTEIN COMPLEX,ENSG00000198851,CD3E,BINDING AGENT,unknown,unknown,unknown,0,0.011344203228688893,0.0022688406457377786,0.0022688406457377786,"{""expression_atlas"": 0.011344203228688893}"
CHEMBL4650485,PIRTOBRUTINIB,CHEMBL5251,SINGLE PROTEIN,ENSG00000010671,BTK,INHIBITOR,inhibit,unknown,unknown,0,0,0.0,0.0,{}
CHEMBL46516,FLUSPIRILENE,CHEMBL217,SINGLE PROTEIN,ENSG00000149295,DRD2,INHIBITOR,inhibit,unknown,unknown,0,0,0.0,0.0,{}
CHEMBL467,HYDROXYUREA,CHEMBL2095215,PROTEIN COMPLEX GROUP,ENSG00000048392,RRM2B,INHIBITOR,inhibit,unknown,unknown,0,0,0.0,0.0,{}
CHEMBL467,HYDROXYUREA,CHEMBL2095215,PROTEIN COMPLEX GROUP,ENSG00000167325,RRM1,INHIBITOR,inhibit,unknown,unknown,0,0,0.0,0.0,{}
CHEMBL467,HYDROXYUREA,CHEMBL2095215,PROTEIN COMPLEX GROUP,ENSG00000171848,RRM2,INHIBITOR,inhibit,unknown,unknown,0,0.0232370895742308,0.004647417914846161,0.004647417914846161,"{""expression_atlas"": 0.0232370895742308}"
CHEMBL46740,BAZEDOXIFENE,CHEMBL2093866,PROTEIN FAMILY,ENSG00000091831,ESR1,MODULATOR,unknown,unknown,unknown,0,0.013323775689022817,0.0026647551378045638,0.0026647551378045638,"{""expression_atlas"": 0.013323775689022817}"
CHEMBL46740,BAZEDOXIFENE,CHEMBL2093866,PROTEIN FAMILY,ENSG00000140009,ESR2,MODULATOR,unknown,unknown,unknown,0,0,0.0,0.0,{}
CHEMBL469,KETOROLAC,CHEMBL2094253,PROTEIN FAMILY,ENSG00000073756,PTGS2,INHIBITOR,inhibit,unknown,unknown,0,0.400648993476229,0.08012979869524581,0.08012979869524581,"{""expression_atlas"": 0.400648993476229}"
CHEMBL469,KETOROLAC,CHEMBL2094253,PROTEIN FAMILY,ENSG00000095303,PTGS1,INHIBITOR,inhibit,unknown,unknown,0,0,0.0,0.0,{}
CHEMBL471,SOTALOL,CHEMBL213,SINGLE PROTEIN,ENSG00000043591,ADRB1,ANTAGONIST,inhibit,unknown,unknown,0,0.11496556182539755,0.02299311236507951,0.02299311236507951,"{""expression_atlas"": 0.11496556182539755}"
CHEMBL471,SOTALOL,CHEMBL240,SINGLE PROTEIN,ENSG00000055118,KCNH2,BLOCKER,inhibit,unknown,unknown,0,0.015594533276521935,0.003118906655304387,0.003118906655304387,"{""expression_atlas"": 0.015594533276521935}"
CHEMBL471,SOTALOL,CHEMBL210,SINGLE PROTEIN,ENSG00000169252,ADRB2,ANTAGONIST,inhibit,unknown,unknown,0,0,0.0,0.0,{}
CHEMBL473,DOFETILIDE,CHEMBL240,SINGLE PROTEIN,ENSG00000055118,KCNH2,BLOCKER,inhibit,unknown,unknown,0,0.015594533276521935,0.003118906655304387,0.003118906655304387,"{""expression_atlas"": 0.015594533276521935}"
CHEMBL476960,VOGLIBOSE,CHEMBL3833502,PROTEIN FAMILY,ENSG00000090402,SI,INHIBITOR,inhibit,unknown,unknown,0,0.3009257448177524,0.06018514896355048,0.06018514896355048,"{""expression_atlas"": 0.3009257448177524}"
CHEMBL476960,VOGLIBOSE,CHEMBL3833502,PROTEIN FAMILY,ENSG00000257335,MGAM,INHIBITOR,inhibit,unknown,unknown,0,0.39456438381529785,0.07891287676305958,0.07891287676305958,"{""expression_atlas"": 0.39456438381529785}"
CHEMBL476960,VOGLIBOSE,CHEMBL3833502,PROTEIN FAMILY,ENSG00000257743,MGAM2,INHIBITOR,inhibit,unknown,unknown,0,0.06237987689137963,0.012475975378275926,0.012475975378275926,"{""expression_atlas"": 0.06237987689137963}"
CHEMBL477,ADENOSINE,CHEMBL2111329,PROTEIN FAMILY,ENSG00000128271,ADORA2A,AGONIST,activate,unknown,unknown,0,0,0.0,0.0,{}
CHEMBL477,ADENOSINE,CHEMBL2111329,PROTEIN FAMILY,ENSG00000170425,ADORA2B,AGONIST,activate,unknown,unknown,0,0.19327657512943838,0.03865531502588768,0.03865531502588768,"{""expression_atlas"": 0.19327657512943838}"
CHEMBL477,ADENOSINE,CHEMBL2111329,PROTEIN FAMILY,ENSG00000282608,ADORA3,AGONIST,activate,unknown,unknown,0,0.01364113747894439,0.0027282274957888784,0.0027282274957888784,"{""expression_atlas"": 0.01364113747894439}"
CHEMBL477772,PAZOPANIB,CHEMBL2742,SINGLE PROTEIN,ENSG00000068078,FGFR3,INHIBITOR,inhibit,unknown,unknown,0,0.008518873000102881,0.0017037746000205763,0.0017037746000205763,"{""expression_atlas"": 0.008518873000102881}"
CHEMBL477772,PAZOPANIB,CHEMBL3650,SINGLE PROTEIN,ENSG00000077782,FGFR1,INHIBITOR,inhibit,unknown,unknown,0,0.01504934646658357,0.0030098692933167143,0.0030098692933167143,"{""expression_atlas"": 0.01504934646658357}"
CHEMBL477772,PAZOPANIB,CHEMBL2095227,PROTEIN FAMILY,ENSG00000102755,FLT1,INHIBITOR,inhibit,unknown,unknown,0,0.03355574308318303,0.0067111486166366065,0.0067111486166366065,"{""expression_atlas"": 0.03355574308318303}"
CHEMBL477772,PAZOPANIB,CHEMBL2959,SINGLE PROTEIN,ENSG00000113263,ITK,INHIBITOR,inhibit,unknown,unknown,0,0.051705765004698714,0.010341153000939744,0.010341153000939744,"{""expression_atlas"": 0.051705765004698714}"
CHEMBL477772,PAZOPANIB,CHEMBL2095189,PROTEIN COMPLEX,ENSG00000113721,PDGFRB,INHIBITOR,inhibit,unknown,unknown,0,0.03892155883564756,0.007784311767129512,0.007784311767129512,"{""expression_atlas"": 0.03892155883564756}"
CHEMBL477772,PAZOPANIB,CHEMBL2095227,PROTEIN FAMILY,ENSG00000128052,KDR,INHIBITOR,inhibit,unknown,unknown,0,0.03594573209302677,0.007189146418605354,0.007189146418605354,"{""expression_atlas"": 0.03594573209302677}"
CHEMBL477772,PAZOPANIB,CHEMBL2095189,PROTEIN COMPLEX,ENSG00000134853,PDGFRA,INHIBITOR,inhibit,unknown,unknown,0,0,0.0,0.0,{}
CHEMBL477772,PAZOPANIB,CHEMBL1936,SINGLE PROTEIN,ENSG00000157404,KIT,INHIBITOR,inhibit,unknown,unknown,0,0,0.0,0.0,{}
CHEMBL477772,PAZOPANIB,CHEMBL1844,SINGLE PROTEIN,ENSG00000182578,CSF1R,INHIBITOR,inhibit,unknown,unknown,0,0.023292788374765037,0.004658557674953007,0.004658557674953007,"{""expression_atlas"": 0.023292788374765037}"
CHEMBL477772,PAZOPANIB,CHEMBL258,SINGLE PROTEIN,ENSG00000182866,LCK,INHIBITOR,inhibit,unknown,unknown,0,0.015188808277484634,0.003037761655496927,0.003037761655496927,"{""expression_atlas"": 0.015188808277484634}"
CHEMBL480,LANSOPRAZOLE,CHEMBL2095173,PROTEIN COMPLEX,ENSG00000105675,ATP4A,INHIBITOR,inhibit,unknown,unknown,0,0,0.0,0.0,{}
CHEMBL480,LANSOPRAZOLE,CHEMBL2095173,PROTEIN COMPLEX,ENSG00000186009,ATP4B,INHIBITOR,inhibit,unknown,unknown,0,0,0.0,0.0,{}
CHEMBL4802240,FOSCARBIDOPA,CHEMBL1843,SINGLE PROTEIN,ENSG00000132437,DDC,INHIBITOR,inhibit,unknown,unknown,0,0.1615453132871577,0.032309062657431546,0.032309062657431546,"{""expression_atlas"": 0.1615453132871577}"
CHEMBL4802263,CILTACABTAGENE AUTOLEUCEL,CHEMBL4523587,SINGLE PROTEIN,ENSG00000048462,TNFRSF17,BINDING AGENT,unknown,unknown,unknown,0,0,0.0,0.0,{}
CHEMBL483254,PANOBINOSTAT,CHEMBL2093865,PROTEIN FAMILY,ENSG00000048052,HDAC9,INHIBITOR,inhibit,unknown,unknown,0,0,0.0,0.0,{}
CHEMBL483254,PANOBINOSTAT,CHEMBL2093865,PROTEIN FAMILY,ENSG00000061273,HDAC7,INHIBITOR,inhibit,unknown,unknown,0.4839866926943743,0,0.38718935415549943,0.38718935415549943,"{""gwas_credible_sets"": 0.4839866926943743}"
CHEMBL483254,PANOBINOSTAT,CHEMBL2093865,PROTEIN FAMILY,ENSG00000068024,HDAC4,INHIBITOR,inhibit,unknown,unknown,0,0,0.0,0.0,{}
CHEMBL483254,PANOBINOSTAT,CHEMBL2093865,PROTEIN FAMILY,ENSG00000094631,HDAC6,INHIBITOR,inhibit,unknown,unknown,0,0,0.0,0.0,{}
CHEMBL483254,PANOBINOSTAT,CHEMBL2093865,PROTEIN FAMILY,ENSG00000100429,HDAC10,INHIBITOR,inhibit,unknown,unknown,0,0,0.0,0.0,{}
CHEMBL483254,PANOBINOSTAT,CHEMBL2093865,PROTEIN FAMILY,ENSG00000108840,HDAC5,INHIBITOR,inhibit,unknown,unknown,0,0,0.0,0.0,{}
CHEMBL483254,PANOBINOSTAT,CHEMBL2093865,PROTEIN FAMILY,ENSG00000116478,HDAC1,INHIBITOR,inhibit,unknown,unknown,0,0,0.0,0.0,{}
CHEMBL483254,PANOBINOSTAT,CHEMBL2093865,PROTEIN FAMILY,ENSG00000147099,HDAC8,INHIBITOR,inhibit,unknown,unknown,0,0,0.0,0.0,{}
CHEMBL483254,PANOBINOSTAT,CHEMBL2093865,PROTEIN FAMILY,ENSG00000163517,HDAC11,INHIBITOR,inhibit,unknown,unknown,0,0,0.0,0.0,{}
CHEMBL483254,PANOBINOSTAT,CHEMBL2093865,PROTEIN FAMILY,ENSG00000171720,HDAC3,INHIBITOR,inhibit,unknown,unknown,0,0,0.0,0.0,{}
CHEMBL483254,PANOBINOSTAT,CHEMBL2093865,PROTEIN FAMILY,ENSG00000196591,HDAC2,INHIBITOR,inhibit,unknown,unknown,0,0,0.0,0.0,{}
CHEMBL484785,CRISABOROLE,CHEMBL2093863,PROTEIN FAMILY,ENSG00000065989,PDE4A,INHIBITOR,inhibit,unknown,unknown,0.23243057389068916,0,0.18594445911255134,0.18594445911255134,"{""gwas_credible_sets"": 0.23243057389068916}"
CHEMBL484785,CRISABOROLE,CHEMBL2093863,PROTEIN FAMILY,ENSG00000105650,PDE4C,INHIBITOR,inhibit,unknown,unknown,0,0,0.0,0.0,{}
CHEMBL484785,CRISABOROLE,CHEMBL2093863,PROTEIN FAMILY,ENSG00000113448,PDE4D,INHIBITOR,inhibit,unknown,unknown,0.03502364826196417,0.01635098289812564,0.03128911518919646,0.03128911518919646,"{""gwas_credible_sets"": 0.03502364826196417, ""expression_atlas"": 0.01635098289812564}"
CHEMBL484785,CRISABOROLE,CHEMBL2093863,PROTEIN FAMILY,ENSG00000184588,PDE4B,INHIBITOR,inhibit,unknown,unknown,0,0.11705336896939017,0.023410673793878036,0.023410673793878036,"{""expression_atlas"": 0.11705336896939017}"
CHEMBL485,CODEINE,CHEMBL2095181,PROTEIN FAMILY,ENSG00000082556,OPRK1,AGONIST,activate,unknown,unknown,0,0,0.0,0.0,{}
CHEMBL485,CODEINE,CHEMBL2095181,PROTEIN FAMILY,ENSG00000112038,OPRM1,AGONIST,activate,unknown,unknown,0,0,0.0,0.0,{}
CHEMBL485,CODEINE,CHEMBL2095181,PROTEIN FAMILY,ENSG00000116329,OPRD1,AGONIST,activate,unknown,unknown,0,0,0.0,0.0,{}
CHEMBL488,AMINOGLUTETHIMIDE,CHEMBL1978,SINGLE PROTEIN,ENSG00000137869,CYP19A1,INHIBITOR,inhibit,unknown,unknown,0,0.029973199527227764,0.005994639905445553,0.005994639905445553,"{""expression_atlas"": 0.029973199527227764}"
CHEMBL490,PAROXETINE,CHEMBL228,SINGLE PROTEIN,ENSG00000108576,SLC6A4,INHIBITOR,inhibit,unknown,unknown,0,0.4642014225773055,0.09284028451546111,0.09284028451546111,"{""expression_atlas"": 0.4642014225773055}"
CHEMBL492,ETIDOCAINE,CHEMBL2331043,PROTEIN FAMILY,ENSG00000007314,SCN4A,BLOCKER,inhibit,unknown,unknown,0,0.01623682440230527,0.003247364880461054,0.003247364880461054,"{""expression_atlas"": 0.01623682440230527}"
CHEMBL492,ETIDOCAINE,CHEMBL2331043,PROTEIN FAMILY,ENSG00000136546,SCN7A,BLOCKER,inhibit,unknown,unknown,0,0.01258407039414361,0.0025168140788287222,0.0025168140788287222,"{""expression_atlas"": 0.01258407039414361}"
CHEMBL492,ETIDOCAINE,CHEMBL2331043,PROTEIN FAMILY,ENSG00000144285,SCN1A,BLOCKER,inhibit,unknown,unknown,0,0,0.0,0.0,{}
CHEMBL492,ETIDOCAINE,CHEMBL2331043,PROTEIN FAMILY,ENSG00000169432,SCN9A,BLOCKER,inhibit,unknown,unknown,0,0,0.0,0.0,{}
CHEMBL492,ETIDOCAINE,CHEMBL2331043,PROTEIN FAMILY,ENSG00000183873,SCN5A,BLOCKER,inhibit,unknown,unknown,0,0,0.0,0.0,{}
CHEMBL492,ETIDOCAINE,CHEMBL2331043,PROTEIN FAMILY,ENSG00000185313,SCN10A,BLOCKER,inhibit,unknown,unknown,0,0,0.0,0.0,{}
CHEMBL493,BROMOCRIPTINE,CHEMBL2331075,PROTEIN FAMILY,ENSG00000149295,DRD2,AGONIST,activate,unknown,unknown,0,0,0.0,0.0,{}
CHEMBL493982,VORAPAXAR,CHEMBL3974,SINGLE PROTEIN,ENSG00000181104,F2R,ANTAGONIST,inhibit,unknown,unknown,0,0.019129647269792403,0.0038259294539584807,0.0038259294539584807,"{""expression_atlas"": 0.019129647269792403}"
CHEMBL494,ILOPROST,CHEMBL1995,SINGLE PROTEIN,ENSG00000160013,PTGIR,AGONIST,activate,unknown,unknown,0,0.009052169950968112,0.0018104339901936226,0.0018104339901936226,"{""expression_atlas"": 0.009052169950968112}"
CHEMBL494753,ESTRONE SULFURIC ACID,CHEMBL206,SINGLE PROTEIN,ENSG00000091831,ESR1,AGONIST,activate,unknown,unknown,0,0.013323775689022817,0.0026647551378045638,0.0026647551378045638,"{""expression_atlas"": 0.013323775689022817}"
CHEMBL495,ALPROSTADIL,CHEMBL1811,SINGLE PROTEIN,ENSG00000160951,PTGER1,AGONIST,activate,unknown,unknown,0,0.01504934646658357,0.0030098692933167143,0.0030098692933167143,"{""expression_atlas"": 0.01504934646658357}"
CHEMBL499,TIMOLOL,CHEMBL213,SINGLE PROTEIN,ENSG00000043591,ADRB1,ANTAGONIST,inhibit,unknown,unknown,0,0.11496556182539755,0.02299311236507951,0.02299311236507951,"{""expression_atlas"": 0.11496556182539755}"
CHEMBL499,TIMOLOL,CHEMBL210,SINGLE PROTEIN,ENSG00000169252,ADRB2,ANTAGONIST,inhibit,unknown,unknown,0,0,0.0,0.0,{}
CHEMBL499915,CARBENOXOLONE,CHEMBL3542430,PROTEIN FAMILY,ENSG00000117594,HSD11B1,INHIBITOR,inhibit,unknown,unknown,0,0.3803480291185684,0.07606960582371369,0.07606960582371369,"{""expression_atlas"": 0.3803480291185684}"
CHEMBL499915,CARBENOXOLONE,CHEMBL3542430,PROTEIN FAMILY,ENSG00000176387,HSD11B2,INHIBITOR,inhibit,unknown,unknown,0,0.10137464745689424,0.02027492949137885,0.02027492949137885,"{""expression_atlas"": 0.10137464745689424}"
CHEMBL500,PINDOLOL,CHEMBL213,SINGLE PROTEIN,ENSG00000043591,ADRB1,PARTIAL AGONIST,activate,unknown,unknown,0,0.11496556182539755,0.02299311236507951,0.02299311236507951,"{""expression_atlas"": 0.11496556182539755}"
CHEMBL500,PINDOLOL,CHEMBL210,SINGLE PROTEIN,ENSG00000169252,ADRB2,PARTIAL AGONIST,activate,unknown,unknown,0,0,0.0,0.0,{}
CHEMBL502,DONEPEZIL,CHEMBL220,SINGLE PROTEIN,ENSG00000087085,ACHE,INHIBITOR,inhibit,unknown,unknown,0,0.018881721104742892,0.0037763442209485785,0.0037763442209485785,"{""expression_atlas"": 0.018881721104742892}"
CHEMBL502835,NINTEDANIB,CHEMBL2095217,PROTEIN FAMILY,ENSG00000066468,FGFR2,INHIBITOR,inhibit,unknown,unknown,0,0.02240476975705044,0.004480953951410088,0.004480953951410088,"{""expression_atlas"": 0.02240476975705044}"
CHEMBL502835,NINTEDANIB,CHEMBL2095217,PROTEIN FAMILY,ENSG00000068078,FGFR3,INHIBITOR,inhibit,unknown,unknown,0,0.008518873000102881,0.0017037746000205763,0.0017037746000205763,"{""expression_atlas"": 0.008518873000102881}"
CHEMBL502835,NINTEDANIB,CHEMBL2095217,PROTEIN FAMILY,ENSG00000077782,FGFR1,INHIBITOR,inhibit,unknown,unknown,0,0.01504934646658357,0.0030098692933167143,0.0030098692933167143,"{""expression_atlas"": 0.01504934646658357}"
CHEMBL502835,NINTEDANIB,CHEMBL2095227,PROTEIN FAMILY,ENSG00000102755,FLT1,INHIBITOR,inhibit,unknown,unknown,0,0.03355574308318303,0.0067111486166366065,0.0067111486166366065,"{""expression_atlas"": 0.03355574308318303}"
CHEMBL502835,NINTEDANIB,CHEMBL2095189,PROTEIN COMPLEX,ENSG00000113721,PDGFRB,INHIBITOR,inhibit,unknown,unknown,0,0.03892155883564756,0.007784311767129512,0.007784311767129512,"{""expression_atlas"": 0.03892155883564756}"
CHEMBL502835,NINTEDANIB,CHEMBL2095227,PROTEIN FAMILY,ENSG00000128052,KDR,INHIBITOR,inhibit,unknown,unknown,0,0.03594573209302677,0.007189146418605354,0.007189146418605354,"{""expression_atlas"": 0.03594573209302677}"
CHEMBL502835,NINTEDANIB,CHEMBL2095189,PROTEIN COMPLEX,ENSG00000134853,PDGFRA,INHIBITOR,inhibit,unknown,unknown,0,0,0.0,0.0,{}
CHEMBL503,LOVASTATIN,CHEMBL402,SINGLE PROTEIN,ENSG00000113161,HMGCR,INHIBITOR,inhibit,unknown,unknown,0,0,0.0,0.0,{}
CHEMBL505,CHLORPHENIRAMINE,CHEMBL231,SINGLE PROTEIN,ENSG00000196639,HRH1,ANTAGONIST,inhibit,unknown,unknown,0,0,0.0,0.0,{}
CHEMBL508102,CARBIMAZOLE,CHEMBL1839,SINGLE PROTEIN,ENSG00000115705,TPO,INHIBITOR,inhibit,unknown,unknown,0,0,0.0,0.0,{}
CHEMBL509,MECLOFENAMIC ACID,CHEMBL215,SINGLE PROTEIN,ENSG00000012779,ALOX5,INHIBITOR,inhibit,unknown,unknown,0,0,0.0,0.0,{}
CHEMBL509,MECLOFENAMIC ACID,CHEMBL2094253,PROTEIN FAMILY,ENSG00000073756,PTGS2,INHIBITOR,inhibit,unknown,unknown,0,0.400648993476229,0.08012979869524581,0.08012979869524581,"{""expression_atlas"": 0.400648993476229}"
CHEMBL509,MECLOFENAMIC ACID,CHEMBL2094253,PROTEIN FAMILY,ENSG00000095303,PTGS1,INHIBITOR,inhibit,unknown,unknown,0,0,0.0,0.0,{}
CHEMBL5095056,BENZGALANTAMINE,CHEMBL220,SINGLE PROTEIN,ENSG00000087085,ACHE,INHIBITOR,inhibit,unknown,unknown,0,0.018881721104742892,0.0037763442209485785,0.0037763442209485785,"{""expression_atlas"": 0.018881721104742892}"
CHEMBL5095275,EFANESOCTOCOG ALFA,CHEMBL3143,SINGLE PROTEIN,ENSG00000185010,F8,EXOGENOUS PROTEIN,unknown,unknown,unknown,0,0,0.0,0.0,{}
CHEMBL5095292,TARLATAMAB,CHEMBL2364168,PROTEIN COMPLEX,ENSG00000160654,CD3G,BINDING AGENT,unknown,unknown,unknown,0,0.015863723054047433,0.0031727446108094867,0.0031727446108094867,"{""expression_atlas"": 0.015863723054047433}"
CHEMBL5095292,TARLATAMAB,CHEMBL2364168,PROTEIN COMPLEX,ENSG00000167286,CD3D,BINDING AGENT,unknown,unknown,unknown,0,0.015154885479866145,0.003030977095973229,0.003030977095973229,"{""expression_atlas"": 0.015154885479866145}"
CHEMBL5095292,TARLATAMAB,CHEMBL2364168,PROTEIN COMPLEX,ENSG00000198851,CD3E,BINDING AGENT,unknown,unknown,unknown,0,0.011344203228688893,0.0022688406457377786,0.0022688406457377786,"{""expression_atlas"": 0.011344203228688893}"
CHEMBL5095440,OBECABTAGENE AUTOLEUCEL,CHEMBL3390821,SINGLE PROTEIN,ENSG00000177455,CD19,BINDING AGENT,unknown,unknown,unknown,0,0,0.0,0.0,{}
CHEMBL511,PYRILAMINE,CHEMBL231,SINGLE PROTEIN,ENSG00000196639,HRH1,ANTAGONIST,inhibit,unknown,unknown,0,0,0.0,0.0,{}
CHEMBL511142,BUPRENORPHINE,CHEMBL237,SINGLE PROTEIN,ENSG00000082556,OPRK1,AGONIST,activate,unknown,unknown,0,0,0.0,0.0,{}
CHEMBL511142,BUPRENORPHINE,CHEMBL233,SINGLE PROTEIN,ENSG00000112038,OPRM1,AGONIST,activate,unknown,unknown,0,0,0.0,0.0,{}
CHEMBL512351,BETRIXABAN,CHEMBL244,SINGLE PROTEIN,ENSG00000126218,F10,INHIBITOR,inhibit,unknown,unknown,0,0,0.0,0.0,{}
CHEMBL514800,APREMILAST,CHEMBL2093863,PROTEIN FAMILY,ENSG00000065989,PDE4A,INHIBITOR,inhibit,unknown,unknown,0.23243057389068916,0,0.18594445911255134,0.18594445911255134,"{""gwas_credible_sets"": 0.23243057389068916}"
CHEMBL514800,APREMILAST,CHEMBL2093863,PROTEIN FAMILY,ENSG00000105650,PDE4C,INHIBITOR,inhibit,unknown,unknown,0,0,0.0,0.0,{}
CHEMBL514800,APREMILAST,CHEMBL2093863,PROTEIN FAMILY,ENSG00000113448,PDE4D,INHIBITOR,inhibit,unknown,unknown,0.03502364826196417,0.01635098289812564,0.03128911518919646,0.03128911518919646,"{""gwas_credible_sets"": 0.03502364826196417, ""expression_atlas"": 0.01635098289812564}"
CHEMBL514800,APREMILAST,CHEMBL2093863,PROTEIN FAMILY,ENSG00000184588,PDE4B,INHIBITOR,inhibit,unknown,unknown,0,0.11705336896939017,0.023410673793878036,0.023410673793878036,"{""expression_atlas"": 0.11705336896939017}"
CHEMBL515387,GOSOGLIPTIN,CHEMBL284,SINGLE PROTEIN,ENSG00000197635,DPP4,INHIBITOR,inhibit,unknown,unknown,0,0.22977806640123927,0.04595561328024786,0.04595561328024786,"{""expression_atlas"": 0.22977806640123927}"
CHEMBL515606,CILAZAPRIL,CHEMBL1808,SINGLE PROTEIN,ENSG00000159640,ACE,INHIBITOR,inhibit,unknown,unknown,0,0.23801930305604319,0.04760386061120864,0.04760386061120864,"{""expression_atlas"": 0.23801930305604319}"
CHEMBL516,CYPROHEPTADINE,CHEMBL231,SINGLE PROTEIN,ENSG00000196639,HRH1,ANTAGONIST,inhibit,unknown,unknown,0,0,0.0,0.0,{}
CHEMBL517,DISOPYRAMIDE,CHEMBL2331043,PROTEIN FAMILY,ENSG00000007314,SCN4A,BLOCKER,inhibit,unknown,unknown,0,0.01623682440230527,0.003247364880461054,0.003247364880461054,"{""expression_atlas"": 0.01623682440230527}"
CHEMBL517,DISOPYRAMIDE,CHEMBL2331043,PROTEIN FAMILY,ENSG00000136546,SCN7A,BLOCKER,inhibit,unknown,unknown,0,0.01258407039414361,0.0025168140788287222,0.0025168140788287222,"{""expression_atlas"": 0.01258407039414361}"
CHEMBL517,DISOPYRAMIDE,CHEMBL2331043,PROTEIN FAMILY,ENSG00000144285,SCN1A,BLOCKER,inhibit,unknown,unknown,0,0,0.0,0.0,{}
CHEMBL517,DISOPYRAMIDE,CHEMBL2331043,PROTEIN FAMILY,ENSG00000169432,SCN9A,BLOCKER,inhibit,unknown,unknown,0,0,0.0,0.0,{}
CHEMBL517,DISOPYRAMIDE,CHEMBL2331043,PROTEIN FAMILY,ENSG00000183873,SCN5A,BLOCKER,inhibit,unknown,unknown,0,0,0.0,0.0,{}
CHEMBL517,DISOPYRAMIDE,CHEMBL2331043,PROTEIN FAMILY,ENSG00000185313,SCN10A,BLOCKER,inhibit,unknown,unknown,0,0,0.0,0.0,{}
CHEMBL517712,ATROPINE,CHEMBL245,SINGLE PROTEIN,ENSG00000133019,CHRM3,ANTAGONIST,inhibit,unknown,unknown,0,0.04444900036943321,0.008889800073886641,0.008889800073886641,"{""expression_atlas"": 0.04444900036943321}"
CHEMBL517712,ATROPINE,CHEMBL211,SINGLE PROTEIN,ENSG00000181072,CHRM2,ANTAGONIST,inhibit,unknown,unknown,0,0.015360851261897956,0.0030721702523795916,0.0030721702523795916,"{""expression_atlas"": 0.015360851261897956}"
CHEMBL518924,MAVORIXAFOR,CHEMBL2107,SINGLE PROTEIN,ENSG00000121966,CXCR4,ANTAGONIST,inhibit,unknown,unknown,0,0.012506971839032812,0.0025013943678065627,0.0025013943678065627,"{""expression_atlas"": 0.012506971839032812}"
CHEMBL5189739,BEROTRALSTAT,CHEMBL2000,SINGLE PROTEIN,ENSG00000164344,KLKB1,INHIBITOR,inhibit,unknown,unknown,0,0.07848067063000848,0.015696134126001696,0.015696134126001696,"{""expression_atlas"": 0.07848067063000848}"
CHEMBL521,IBUPROFEN,CHEMBL2094253,PROTEIN FAMILY,ENSG00000073756,PTGS2,INHIBITOR,inhibit,unknown,unknown,0,0.400648993476229,0.08012979869524581,0.08012979869524581,"{""expression_atlas"": 0.400648993476229}"
CHEMBL521,IBUPROFEN,CHEMBL2094253,PROTEIN FAMILY,ENSG00000095303,PTGS1,INHIBITOR,inhibit,unknown,unknown,0,0,0.0,0.0,{}
CHEMBL521606,NADOLOL,CHEMBL213,SINGLE PROTEIN,ENSG00000043591,ADRB1,ANTAGONIST,inhibit,unknown,unknown,0,0.11496556182539755,0.02299311236507951,0.02299311236507951,"{""expression_atlas"": 0.11496556182539755}"
CHEMBL521606,NADOLOL,CHEMBL210,SINGLE PROTEIN,ENSG00000169252,ADRB2,ANTAGONIST,inhibit,unknown,unknown,0,0,0.0,0.0,{}
CHEMBL521686,OLAPARIB,CHEMBL3390820,PROTEIN FAMILY,ENSG00000143799,PARP1,INHIBITOR,inhibit,unknown,unknown,0,0,0.0,0.0,{}
CHEMBL524,METHOXAMINE,CHEMBL2094251,PROTEIN FAMILY,ENSG00000170214,ADRA1B,AGONIST,activate,unknown,unknown,0,0.09759134661327273,0.019518269322654547,0.019518269322654547,"{""expression_atlas"": 0.09759134661327273}"
CHEMBL524,METHOXAMINE,CHEMBL2094251,PROTEIN FAMILY,ENSG00000171873,ADRA1D,AGONIST,activate,unknown,unknown,0,0.025814812794334265,0.005162962558866853,0.005162962558866853,"{""expression_atlas"": 0.025814812794334265}"
CHEMBL524004,MEPENZOLATE,CHEMBL245,SINGLE PROTEIN,ENSG00000133019,CHRM3,ANTAGONIST,inhibit,unknown,unknown,0,0.04444900036943321,0.008889800073886641,0.008889800073886641,"{""expression_atlas"": 0.04444900036943321}"
CHEMBL52440,DEXTROMETHORPHAN,CHEMBL1972,SINGLE PROTEIN,ENSG00000183454,GRIN2A,ANTAGONIST,inhibit,unknown,unknown,0,0,0.0,0.0,{}
CHEMBL526,PROPOFOL,CHEMBL2093872,PROTEIN COMPLEX GROUP,ENSG00000094755,GABRP,POSITIVE ALLOSTERIC MODULATOR,activate,unknown,unknown,0,0.07106524621438697,0.014213049242877394,0.014213049242877394,"{""expression_atlas"": 0.07106524621438697}"
CHEMBL526,PROPOFOL,CHEMBL2093872,PROTEIN COMPLEX GROUP,ENSG00000102287,GABRE,POSITIVE ALLOSTERIC MODULATOR,activate,unknown,unknown,0,0.01300725293757502,0.002601450587515004,0.002601450587515004,"{""expression_atlas"": 0.01300725293757502}"
CHEMBL526,PROPOFOL,CHEMBL2093872,PROTEIN COMPLEX GROUP,ENSG00000109158,GABRA4,POSITIVE ALLOSTERIC MODULATOR,activate,unknown,unknown,0,0.040567960282186954,0.00811359205643739,0.00811359205643739,"{""expression_atlas"": 0.040567960282186954}"
CHEMBL526,PROPOFOL,CHEMBL2093872,PROTEIN COMPLEX GROUP,ENSG00000145864,GABRB2,POSITIVE ALLOSTERIC MODULATOR,activate,unknown,unknown,0,0.014994345937037634,0.002998869187407527,0.002998869187407527,"{""expression_atlas"": 0.014994345937037634}"
CHEMBL526,PROPOFOL,CHEMBL2093872,PROTEIN COMPLEX GROUP,ENSG00000151834,GABRA2,POSITIVE ALLOSTERIC MODULATOR,activate,unknown,unknown,0,0.0646883705632426,0.01293767411264852,0.01293767411264852,"{""expression_atlas"": 0.0646883705632426}"
CHEMBL526,PROPOFOL,CHEMBL2093872,PROTEIN COMPLEX GROUP,ENSG00000163285,GABRG1,POSITIVE ALLOSTERIC MODULATOR,activate,unknown,unknown,0,0.06503253540618377,0.013006507081236754,0.013006507081236754,"{""expression_atlas"": 0.06503253540618377}"
CHEMBL526,PROPOFOL,CHEMBL2093872,PROTEIN COMPLEX GROUP,ENSG00000186297,GABRA5,POSITIVE ALLOSTERIC MODULATOR,activate,unknown,unknown,0,0.04015022406741467,0.008030044813482934,0.008030044813482934,"{""expression_atlas"": 0.04015022406741467}"
CHEMBL527,PIROXICAM,CHEMBL2094253,PROTEIN FAMILY,ENSG00000073756,PTGS2,INHIBITOR,inhibit,unknown,unknown,0,0.400648993476229,0.08012979869524581,0.08012979869524581,"{""expression_atlas"": 0.400648993476229}"
CHEMBL527,PIROXICAM,CHEMBL2094253,PROTEIN FAMILY,ENSG00000095303,PTGS1,INHIBITOR,inhibit,unknown,unknown,0,0,0.0,0.0,{}
CHEMBL53,APOMORPHINE,CHEMBL2331075,PROTEIN FAMILY,ENSG00000149295,DRD2,AGONIST,activate,unknown,unknown,0,0,0.0,0.0,{}
CHEMBL5314341,GLUCAGON,CHEMBL1985,SINGLE PROTEIN,ENSG00000215644,GCGR,AGONIST,activate,unknown,unknown,0,0,0.0,0.0,{}
CHEMBL5314342,GLUCAGON HYDROCHLORIDE,CHEMBL1985,SINGLE PROTEIN,ENSG00000215644,GCGR,AGONIST,activate,unknown,unknown,0,0,0.0,0.0,{}
CHEMBL5314348,BIVALIRUDIN,CHEMBL204,SINGLE PROTEIN,ENSG00000180210,F2,INHIBITOR,inhibit,unknown,unknown,0,0,0.0,0.0,{}
CHEMBL5314379,VOCLOSPORIN,CHEMBL4445,SINGLE PROTEIN,ENSG00000138814,PPP3CA,INHIBITOR,inhibit,unknown,unknown,0,0,0.0,0.0,{}
CHEMBL5314727,BEVACIZUMAB GAMMA,CHEMBL1783,SINGLE PROTEIN,ENSG00000112715,VEGFA,BINDING AGENT,unknown,unknown,unknown,0,0,0.0,0.0,{}
CHEMBL5314934,VANZACAFTOR,CHEMBL4051,SINGLE PROTEIN,ENSG00000001626,CFTR,POSITIVE MODULATOR,unknown,unknown,unknown,0,0,0.0,0.0,{}
CHEMBL5315048,ZILUCOPLAN SODIUM,CHEMBL2364163,SINGLE PROTEIN,ENSG00000106804,C5,BINDING AGENT,unknown,unknown,unknown,0,0,0.0,0.0,{}
CHEMBL5315064,FOLLITROPIN DELTA,CHEMBL2024,SINGLE PROTEIN,ENSG00000170820,FSHR,AGONIST,activate,unknown,unknown,0.2501426920084372,0,0.20011415360674978,0.20011415360674978,"{""gwas_credible_sets"": 0.2501426920084372}"
CHEMBL5315069,DAMOCTOCOG ALFA PEGOL,CHEMBL3143,SINGLE PROTEIN,ENSG00000185010,F8,EXOGENOUS PROTEIN,unknown,unknown,unknown,0,0,0.0,0.0,{}
CHEMBL5315071,TUROCTOCOG ALFA PEGOL,CHEMBL3143,SINGLE PROTEIN,ENSG00000185010,F8,EXOGENOUS PROTEIN,unknown,unknown,unknown,0,0,0.0,0.0,{}
CHEMBL5315075,SUSOCTOCOG ALFA,CHEMBL3143,SINGLE PROTEIN,ENSG00000185010,F8,EXOGENOUS PROTEIN,unknown,unknown,unknown,0,0,0.0,0.0,{}
CHEMBL5315078,EPTACOG BETA (ACTIVATED),CHEMBL3991,SINGLE PROTEIN,ENSG00000057593,F7,EXOGENOUS PROTEIN,unknown,unknown,unknown,0,0.1122400315111551,0.02244800630223102,0.02244800630223102,"{""expression_atlas"": 0.1122400315111551}"
CHEMBL5315087,PROTEIN C CONCENTRATE (HUMAN),CHEMBL4444,SINGLE PROTEIN,ENSG00000115718,PROC,EXOGENOUS PROTEIN,unknown,unknown,unknown,0,0.03652417758596916,0.007304835517193832,0.007304835517193832,"{""expression_atlas"": 0.03652417758596916}"
CHEMBL5315126,FOLLITROPIN BETA,CHEMBL2024,SINGLE PROTEIN,ENSG00000170820,FSHR,AGONIST,activate,unknown,unknown,0.2501426920084372,0,0.20011415360674978,0.20011415360674978,"{""gwas_credible_sets"": 0.2501426920084372}"
CHEMBL533,IBUTILIDE,CHEMBL240,SINGLE PROTEIN,ENSG00000055118,KCNH2,BLOCKER,inhibit,unknown,unknown,0,0.015594533276521935,0.003118906655304387,0.003118906655304387,"{""expression_atlas"": 0.015594533276521935}"
CHEMBL534,KETOTIFEN,CHEMBL231,SINGLE PROTEIN,ENSG00000196639,HRH1,ANTAGONIST,inhibit,unknown,unknown,0,0,0.0,0.0,{}
CHEMBL53463,DOXORUBICIN,CHEMBL1806,SINGLE PROTEIN,ENSG00000131747,TOP2A,INHIBITOR,inhibit,unknown,unknown,0,0,0.0,0.0,{}
CHEMBL535,SUNITINIB,CHEMBL1868,SINGLE PROTEIN,ENSG00000102755,FLT1,INHIBITOR,inhibit,unknown,unknown,0,0.03355574308318303,0.0067111486166366065,0.0067111486166366065,"{""expression_atlas"": 0.03355574308318303}"
CHEMBL535,SUNITINIB,CHEMBL2095227,PROTEIN FAMILY,ENSG00000102755,FLT1,INHIBITOR,inhibit,unknown,unknown,0,0.03355574308318303,0.0067111486166366065,0.0067111486166366065,"{""expression_atlas"": 0.03355574308318303}"
CHEMBL535,SUNITINIB,CHEMBL1913,SINGLE PROTEIN,ENSG00000113721,PDGFRB,INHIBITOR,inhibit,unknown,unknown,0,0.03892155883564756,0.007784311767129512,0.007784311767129512,"{""expression_atlas"": 0.03892155883564756}"
CHEMBL535,SUNITINIB,CHEMBL2095189,PROTEIN COMPLEX,ENSG00000113721,PDGFRB,INHIBITOR,inhibit,unknown,unknown,0,0.03892155883564756,0.007784311767129512,0.007784311767129512,"{""expression_atlas"": 0.03892155883564756}"
CHEMBL535,SUNITINIB,CHEMBL2095227,PROTEIN FAMILY,ENSG00000128052,KDR,INHIBITOR,inhibit,unknown,unknown,0,0.03594573209302677,0.007189146418605354,0.007189146418605354,"{""expression_atlas"": 0.03594573209302677}"
CHEMBL535,SUNITINIB,CHEMBL279,SINGLE PROTEIN,ENSG00000128052,KDR,INHIBITOR,inhibit,unknown,unknown,0,0.03594573209302677,0.007189146418605354,0.007189146418605354,"{""expression_atlas"": 0.03594573209302677}"
CHEMBL535,SUNITINIB,CHEMBL2007,SINGLE PROTEIN,ENSG00000134853,PDGFRA,INHIBITOR,inhibit,unknown,unknown,0,0,0.0,0.0,{}
CHEMBL535,SUNITINIB,CHEMBL2095189,PROTEIN COMPLEX,ENSG00000134853,PDGFRA,INHIBITOR,inhibit,unknown,unknown,0,0,0.0,0.0,{}
CHEMBL535,SUNITINIB,CHEMBL1936,SINGLE PROTEIN,ENSG00000157404,KIT,INHIBITOR,inhibit,unknown,unknown,0,0,0.0,0.0,{}
CHEMBL535,SUNITINIB,CHEMBL1844,SINGLE PROTEIN,ENSG00000182578,CSF1R,INHIBITOR,inhibit,unknown,unknown,0,0.023292788374765037,0.004658557674953007,0.004658557674953007,"{""expression_atlas"": 0.023292788374765037}"
CHEMBL539423,SPARSENTAN,CHEMBL227,SINGLE PROTEIN,ENSG00000144891,AGTR1,ANTAGONIST,inhibit,unknown,unknown,0,0,0.0,0.0,{}
CHEMBL539423,SPARSENTAN,CHEMBL252,SINGLE PROTEIN,ENSG00000151617,EDNRA,ANTAGONIST,inhibit,unknown,unknown,0,0.14070996616165257,0.028141993232330517,0.028141993232330517,"{""expression_atlas"": 0.14070996616165257}"
CHEMBL539697,DABIGATRAN ETEXILATE,CHEMBL204,SINGLE PROTEIN,ENSG00000180210,F2,INHIBITOR,inhibit,unknown,unknown,0,0,0.0,0.0,{}
CHEMBL54,HALOPERIDOL,CHEMBL2331075,PROTEIN FAMILY,ENSG00000149295,DRD2,INVERSE AGONIST,inhibit,unknown,unknown,0,0,0.0,0.0,{}
CHEMBL544,MEQUINOL,CHEMBL1973,SINGLE PROTEIN,ENSG00000077498,TYR,INHIBITOR,inhibit,unknown,unknown,0,0,0.0,0.0,{}
CHEMBL546,OXPRENOLOL,CHEMBL213,SINGLE PROTEIN,ENSG00000043591,ADRB1,ANTAGONIST,inhibit,unknown,unknown,0,0.11496556182539755,0.02299311236507951,0.02299311236507951,"{""expression_atlas"": 0.11496556182539755}"
CHEMBL546,OXPRENOLOL,CHEMBL210,SINGLE PROTEIN,ENSG00000169252,ADRB2,ANTAGONIST,inhibit,unknown,unknown,0,0,0.0,0.0,{}
CHEMBL547,ISOTRETINOIN,CHEMBL2363069,PROTEIN FAMILY,ENSG00000077092,RARB,AGONIST,activate,unknown,unknown,0,0,0.0,0.0,{}
CHEMBL547,ISOTRETINOIN,CHEMBL2363069,PROTEIN FAMILY,ENSG00000131759,RARA,AGONIST,activate,unknown,unknown,0,0,0.0,0.0,{}
CHEMBL548,DINOPROSTONE,CHEMBL2363068,PROTEIN FAMILY,ENSG00000160951,PTGER1,AGONIST,activate,unknown,unknown,0,0.01504934646658357,0.0030098692933167143,0.0030098692933167143,"{""expression_atlas"": 0.01504934646658357}"
CHEMBL548,DINOPROSTONE,CHEMBL2363068,PROTEIN FAMILY,ENSG00000171522,PTGER4,AGONIST,activate,unknown,unknown,0.6965303542404712,0,0.557224283392377,0.557224283392377,"{""gwas_credible_sets"": 0.6965303542404712}"
CHEMBL549,CITALOPRAM,CHEMBL228,SINGLE PROTEIN,ENSG00000108576,SLC6A4,INHIBITOR,inhibit,unknown,unknown,0,0.4642014225773055,0.09284028451546111,0.09284028451546111,"{""expression_atlas"": 0.4642014225773055}"
CHEMBL550,PILOCARPINE,CHEMBL245,SINGLE PROTEIN,ENSG00000133019,CHRM3,AGONIST,activate,unknown,unknown,0,0.04444900036943321,0.008889800073886641,0.008889800073886641,"{""expression_atlas"": 0.04444900036943321}"
CHEMBL553,ERLOTINIB,CHEMBL203,SINGLE PROTEIN,ENSG00000146648,EGFR,INHIBITOR,inhibit,unknown,unknown,0,0,0.0,0.0,{}
CHEMBL553025,VINORELBINE,CHEMBL2095182,PROTEIN COMPLEX GROUP,ENSG00000137285,TUBB2B,INHIBITOR,inhibit,unknown,unknown,0,0.015263210426171842,0.0030526420852343686,0.0030526420852343686,"{""expression_atlas"": 0.015263210426171842}"
CHEMBL553025,VINORELBINE,CHEMBL2095182,PROTEIN COMPLEX GROUP,ENSG00000176014,TUBB6,INHIBITOR,inhibit,unknown,unknown,0,0.009412066797331744,0.001882413359466349,0.001882413359466349,"{""expression_atlas"": 0.009412066797331744}"
CHEMBL553025,VINORELBINE,CHEMBL2095182,PROTEIN COMPLEX GROUP,ENSG00000258947,TUBB3,INHIBITOR,inhibit,unknown,unknown,0,0,0.0,0.0,{}
CHEMBL554,LAPATINIB,CHEMBL1824,SINGLE PROTEIN,ENSG00000141736,ERBB2,INHIBITOR,inhibit,unknown,unknown,0,0,0.0,0.0,{}
CHEMBL554,LAPATINIB,CHEMBL203,SINGLE PROTEIN,ENSG00000146648,EGFR,INHIBITOR,inhibit,unknown,unknown,0,0,0.0,0.0,{}
CHEMBL557555,CIPROFIBRATE,CHEMBL239,SINGLE PROTEIN,ENSG00000186951,PPARA,AGONIST,activate,unknown,unknown,0,0,0.0,0.0,{}
CHEMBL558,MEXILETINE,CHEMBL2331043,PROTEIN FAMILY,ENSG00000007314,SCN4A,BLOCKER,inhibit,unknown,unknown,0,0.01623682440230527,0.003247364880461054,0.003247364880461054,"{""expression_atlas"": 0.01623682440230527}"
CHEMBL558,MEXILETINE,CHEMBL2331043,PROTEIN FAMILY,ENSG00000136546,SCN7A,BLOCKER,inhibit,unknown,unknown,0,0.01258407039414361,0.0025168140788287222,0.0025168140788287222,"{""expression_atlas"": 0.01258407039414361}"
CHEMBL558,MEXILETINE,CHEMBL2331043,PROTEIN FAMILY,ENSG00000144285,SCN1A,BLOCKER,inhibit,unknown,unknown,0,0,0.0,0.0,{}
CHEMBL558,MEXILETINE,CHEMBL2331043,PROTEIN FAMILY,ENSG00000169432,SCN9A,BLOCKER,inhibit,unknown,unknown,0,0,0.0,0.0,{}
CHEMBL558,MEXILETINE,CHEMBL2331043,PROTEIN FAMILY,ENSG00000183873,SCN5A,BLOCKER,inhibit,unknown,unknown,0,0,0.0,0.0,{}
CHEMBL558,MEXILETINE,CHEMBL2331043,PROTEIN FAMILY,ENSG00000185313,SCN10A,BLOCKER,inhibit,unknown,unknown,0,0,0.0,0.0,{}
CHEMBL559,DEXTROTHYROXINE,CHEMBL2111462,PROTEIN COMPLEX,ENSG00000151090,THRB,AGONIST,activate,unknown,unknown,0,0.028822518577502402,0.005764503715500481,0.005764503715500481,"{""expression_atlas"": 0.028822518577502402}"
CHEMBL563,FLURBIPROFEN,CHEMBL2094253,PROTEIN FAMILY,ENSG00000073756,PTGS2,INHIBITOR,inhibit,unknown,unknown,0,0.400648993476229,0.08012979869524581,0.08012979869524581,"{""expression_atlas"": 0.400648993476229}"
CHEMBL563,FLURBIPROFEN,CHEMBL2094253,PROTEIN FAMILY,ENSG00000095303,PTGS1,INHIBITOR,inhibit,unknown,unknown,0,0,0.0,0.0,{}
CHEMBL564,PROMAZINE,CHEMBL2331075,PROTEIN FAMILY,ENSG00000149295,DRD2,ANTAGONIST,inhibit,unknown,unknown,0,0,0.0,0.0,{}
CHEMBL56564,TROPISETRON,CHEMBL2094132,PROTEIN COMPLEX GROUP,ENSG00000166736,HTR3A,ANTAGONIST,inhibit,unknown,unknown,0,0.04201014873138331,0.008402029746276662,0.008402029746276662,"{""expression_atlas"": 0.04201014873138331}"
CHEMBL56564,TROPISETRON,CHEMBL2094132,PROTEIN COMPLEX GROUP,ENSG00000178084,HTR3C,ANTAGONIST,inhibit,unknown,unknown,0,0.07486589495451974,0.01497317899090395,0.01497317899090395,"{""expression_atlas"": 0.07486589495451974}"
CHEMBL567,PERPHENAZINE,CHEMBL217,SINGLE PROTEIN,ENSG00000149295,DRD2,ANTAGONIST,inhibit,unknown,unknown,0,0,0.0,0.0,{}
CHEMBL568,OXAZEPAM,CHEMBL2093872,PROTEIN COMPLEX GROUP,ENSG00000094755,GABRP,POSITIVE ALLOSTERIC MODULATOR,activate,unknown,unknown,0,0.07106524621438697,0.014213049242877394,0.014213049242877394,"{""expression_atlas"": 0.07106524621438697}"
CHEMBL568,OXAZEPAM,CHEMBL2093872,PROTEIN COMPLEX GROUP,ENSG00000102287,GABRE,POSITIVE ALLOSTERIC MODULATOR,activate,unknown,unknown,0,0.01300725293757502,0.002601450587515004,0.002601450587515004,"{""expression_atlas"": 0.01300725293757502}"
CHEMBL568,OXAZEPAM,CHEMBL2093872,PROTEIN COMPLEX GROUP,ENSG00000109158,GABRA4,POSITIVE ALLOSTERIC MODULATOR,activate,unknown,unknown,0,0.040567960282186954,0.00811359205643739,0.00811359205643739,"{""expression_atlas"": 0.040567960282186954}"
CHEMBL568,OXAZEPAM,CHEMBL2093872,PROTEIN COMPLEX GROUP,ENSG00000145864,GABRB2,POSITIVE ALLOSTERIC MODULATOR,activate,unknown,unknown,0,0.014994345937037634,0.002998869187407527,0.002998869187407527,"{""expression_atlas"": 0.014994345937037634}"
CHEMBL568,OXAZEPAM,CHEMBL2093872,PROTEIN COMPLEX GROUP,ENSG00000151834,GABRA2,POSITIVE ALLOSTERIC MODULATOR,activate,unknown,unknown,0,0.0646883705632426,0.01293767411264852,0.01293767411264852,"{""expression_atlas"": 0.0646883705632426}"
CHEMBL568,OXAZEPAM,CHEMBL2093872,PROTEIN COMPLEX GROUP,ENSG00000163285,GABRG1,POSITIVE ALLOSTERIC MODULATOR,activate,unknown,unknown,0,0.06503253540618377,0.013006507081236754,0.013006507081236754,"{""expression_atlas"": 0.06503253540618377}"
CHEMBL568,OXAZEPAM,CHEMBL2093872,PROTEIN COMPLEX GROUP,ENSG00000186297,GABRA5,POSITIVE ALLOSTERIC MODULATOR,activate,unknown,unknown,0,0.04015022406741467,0.008030044813482934,0.008030044813482934,"{""expression_atlas"": 0.04015022406741467}"
CHEMBL569,PROCAINE,CHEMBL2331043,PROTEIN FAMILY,ENSG00000007314,SCN4A,BLOCKER,inhibit,unknown,unknown,0,0.01623682440230527,0.003247364880461054,0.003247364880461054,"{""expression_atlas"": 0.01623682440230527}"
CHEMBL569,PROCAINE,CHEMBL2331043,PROTEIN FAMILY,ENSG00000136546,SCN7A,BLOCKER,inhibit,unknown,unknown,0,0.01258407039414361,0.0025168140788287222,0.0025168140788287222,"{""expression_atlas"": 0.01258407039414361}"
CHEMBL569,PROCAINE,CHEMBL2331043,PROTEIN FAMILY,ENSG00000144285,SCN1A,BLOCKER,inhibit,unknown,unknown,0,0,0.0,0.0,{}
CHEMBL569,PROCAINE,CHEMBL2331043,PROTEIN FAMILY,ENSG00000169432,SCN9A,BLOCKER,inhibit,unknown,unknown,0,0,0.0,0.0,{}
CHEMBL569,PROCAINE,CHEMBL2331043,PROTEIN FAMILY,ENSG00000183873,SCN5A,BLOCKER,inhibit,unknown,unknown,0,0,0.0,0.0,{}
CHEMBL569,PROCAINE,CHEMBL2331043,PROTEIN FAMILY,ENSG00000185313,SCN10A,BLOCKER,inhibit,unknown,unknown,0,0,0.0,0.0,{}
CHEMBL570,TRIFLUPROMAZINE,CHEMBL217,SINGLE PROTEIN,ENSG00000149295,DRD2,ANTAGONIST,inhibit,unknown,unknown,0,0,0.0,0.0,{}
CHEMBL571,KETOPROFEN,CHEMBL2094253,PROTEIN FAMILY,ENSG00000073756,PTGS2,INHIBITOR,inhibit,unknown,unknown,0,0.400648993476229,0.08012979869524581,0.08012979869524581,"{""expression_atlas"": 0.400648993476229}"
CHEMBL571,KETOPROFEN,CHEMBL2094253,PROTEIN FAMILY,ENSG00000095303,PTGS1,INHIBITOR,inhibit,unknown,unknown,0,0,0.0,0.0,{}
CHEMBL571546,TIRBANIBULIN,CHEMBL267,SINGLE PROTEIN,ENSG00000197122,SRC,INHIBITOR,inhibit,unknown,unknown,0,0,0.0,0.0,{}
CHEMBL576982,QUIZARTINIB,CHEMBL2095189,PROTEIN COMPLEX,ENSG00000113721,PDGFRB,INHIBITOR,inhibit,unknown,unknown,0,0.03892155883564756,0.007784311767129512,0.007784311767129512,"{""expression_atlas"": 0.03892155883564756}"
CHEMBL576982,QUIZARTINIB,CHEMBL2095189,PROTEIN COMPLEX,ENSG00000134853,PDGFRA,INHIBITOR,inhibit,unknown,unknown,0,0,0.0,0.0,{}
CHEMBL576982,QUIZARTINIB,CHEMBL1936,SINGLE PROTEIN,ENSG00000157404,KIT,INHIBITOR,inhibit,unknown,unknown,0,0,0.0,0.0,{}
CHEMBL576982,QUIZARTINIB,CHEMBL1844,SINGLE PROTEIN,ENSG00000182578,CSF1R,INHIBITOR,inhibit,unknown,unknown,0,0.023292788374765037,0.004658557674953007,0.004658557674953007,"{""expression_atlas"": 0.023292788374765037}"
CHEMBL577,ENALAPRILAT ANHYDROUS,CHEMBL1808,SINGLE PROTEIN,ENSG00000159640,ACE,INHIBITOR,inhibit,unknown,unknown,0,0.23801930305604319,0.04760386061120864,0.04760386061120864,"{""expression_atlas"": 0.23801930305604319}"
CHEMBL578,ENALAPRIL,CHEMBL1808,SINGLE PROTEIN,ENSG00000159640,ACE,INHIBITOR,inhibit,unknown,unknown,0,0.23801930305604319,0.04760386061120864,0.04760386061120864,"{""expression_atlas"": 0.23801930305604319}"
CHEMBL58,MITOXANTRONE,CHEMBL1806,SINGLE PROTEIN,ENSG00000131747,TOP2A,INHIBITOR,inhibit,unknown,unknown,0,0,0.0,0.0,{}
CHEMBL580,LORAZEPAM,CHEMBL2093872,PROTEIN COMPLEX GROUP,ENSG00000094755,GABRP,POSITIVE ALLOSTERIC MODULATOR,activate,unknown,unknown,0,0.07106524621438697,0.014213049242877394,0.014213049242877394,"{""expression_atlas"": 0.07106524621438697}"
CHEMBL580,LORAZEPAM,CHEMBL2093872,PROTEIN COMPLEX GROUP,ENSG00000102287,GABRE,POSITIVE ALLOSTERIC MODULATOR,activate,unknown,unknown,0,0.01300725293757502,0.002601450587515004,0.002601450587515004,"{""expression_atlas"": 0.01300725293757502}"
CHEMBL580,LORAZEPAM,CHEMBL2093872,PROTEIN COMPLEX GROUP,ENSG00000109158,GABRA4,POSITIVE ALLOSTERIC MODULATOR,activate,unknown,unknown,0,0.040567960282186954,0.00811359205643739,0.00811359205643739,"{""expression_atlas"": 0.040567960282186954}"
CHEMBL580,LORAZEPAM,CHEMBL2093872,PROTEIN COMPLEX GROUP,ENSG00000145864,GABRB2,POSITIVE ALLOSTERIC MODULATOR,activate,unknown,unknown,0,0.014994345937037634,0.002998869187407527,0.002998869187407527,"{""expression_atlas"": 0.014994345937037634}"
CHEMBL580,LORAZEPAM,CHEMBL2093872,PROTEIN COMPLEX GROUP,ENSG00000151834,GABRA2,POSITIVE ALLOSTERIC MODULATOR,activate,unknown,unknown,0,0.0646883705632426,0.01293767411264852,0.01293767411264852,"{""expression_atlas"": 0.0646883705632426}"
CHEMBL580,LORAZEPAM,CHEMBL2093872,PROTEIN COMPLEX GROUP,ENSG00000163285,GABRG1,POSITIVE ALLOSTERIC MODULATOR,activate,unknown,unknown,0,0.06503253540618377,0.013006507081236754,0.013006507081236754,"{""expression_atlas"": 0.06503253540618377}"
CHEMBL580,LORAZEPAM,CHEMBL2093872,PROTEIN COMPLEX GROUP,ENSG00000186297,GABRA5,POSITIVE ALLOSTERIC MODULATOR,activate,unknown,unknown,0,0.04015022406741467,0.008030044813482934,0.008030044813482934,"{""expression_atlas"": 0.04015022406741467}"
CHEMBL58323,LACOSAMIDE,CHEMBL2331043,PROTEIN FAMILY,ENSG00000007314,SCN4A,BLOCKER,inhibit,unknown,unknown,0,0.01623682440230527,0.003247364880461054,0.003247364880461054,"{""expression_atlas"": 0.01623682440230527}"
CHEMBL58323,LACOSAMIDE,CHEMBL2331043,PROTEIN FAMILY,ENSG00000136546,SCN7A,BLOCKER,inhibit,unknown,unknown,0,0.01258407039414361,0.0025168140788287222,0.0025168140788287222,"{""expression_atlas"": 0.01258407039414361}"
CHEMBL58323,LACOSAMIDE,CHEMBL2331043,PROTEIN FAMILY,ENSG00000144285,SCN1A,BLOCKER,inhibit,unknown,unknown,0,0,0.0,0.0,{}
CHEMBL58323,LACOSAMIDE,CHEMBL2331043,PROTEIN FAMILY,ENSG00000169432,SCN9A,BLOCKER,inhibit,unknown,unknown,0,0,0.0,0.0,{}
CHEMBL58323,LACOSAMIDE,CHEMBL2331043,PROTEIN FAMILY,ENSG00000183873,SCN5A,BLOCKER,inhibit,unknown,unknown,0,0,0.0,0.0,{}
CHEMBL58323,LACOSAMIDE,CHEMBL2331043,PROTEIN FAMILY,ENSG00000185313,SCN10A,BLOCKER,inhibit,unknown,unknown,0,0,0.0,0.0,{}
CHEMBL585,TRIAMTERENE,CHEMBL2107836,PROTEIN COMPLEX,ENSG00000111319,SCNN1A,BLOCKER,inhibit,unknown,unknown,0.13046159223057452,0.05868225136255876,0.11610572405697137,0.11610572405697137,"{""gwas_credible_sets"": 0.13046159223057452, ""expression_atlas"": 0.05868225136255876}"
CHEMBL585,TRIAMTERENE,CHEMBL2107836,PROTEIN COMPLEX,ENSG00000166828,SCNN1G,BLOCKER,inhibit,unknown,unknown,0,0.2736551993306968,0.054731039866139364,0.054731039866139364,"{""expression_atlas"": 0.2736551993306968}"
CHEMBL585,TRIAMTERENE,CHEMBL2107836,PROTEIN COMPLEX,ENSG00000168447,SCNN1B,BLOCKER,inhibit,unknown,unknown,0,0.34769856278720135,0.06953971255744028,0.06953971255744028,"{""expression_atlas"": 0.34769856278720135}"
CHEMBL588,FENOLDOPAM,CHEMBL2056,SINGLE PROTEIN,ENSG00000184845,DRD1,AGONIST,activate,unknown,unknown,0,0,0.0,0.0,{}
CHEMBL589,ROPINIROLE,CHEMBL2331075,PROTEIN FAMILY,ENSG00000149295,DRD2,AGONIST,activate,unknown,unknown,0,0,0.0,0.0,{}
CHEMBL59,DOPAMINE,CHEMBL213,SINGLE PROTEIN,ENSG00000043591,ADRB1,AGONIST,activate,unknown,unknown,0,0.11496556182539755,0.02299311236507951,0.02299311236507951,"{""expression_atlas"": 0.11496556182539755}"
CHEMBL591,ETHCHLORVYNOL,CHEMBL2093872,PROTEIN COMPLEX GROUP,ENSG00000094755,GABRP,POSITIVE MODULATOR,unknown,unknown,unknown,0,0.07106524621438697,0.014213049242877394,0.014213049242877394,"{""expression_atlas"": 0.07106524621438697}"
CHEMBL591,ETHCHLORVYNOL,CHEMBL2093872,PROTEIN COMPLEX GROUP,ENSG00000102287,GABRE,POSITIVE MODULATOR,unknown,unknown,unknown,0,0.01300725293757502,0.002601450587515004,0.002601450587515004,"{""expression_atlas"": 0.01300725293757502}"
CHEMBL591,ETHCHLORVYNOL,CHEMBL2093872,PROTEIN COMPLEX GROUP,ENSG00000109158,GABRA4,POSITIVE MODULATOR,unknown,unknown,unknown,0,0.040567960282186954,0.00811359205643739,0.00811359205643739,"{""expression_atlas"": 0.040567960282186954}"
CHEMBL591,ETHCHLORVYNOL,CHEMBL2093872,PROTEIN COMPLEX GROUP,ENSG00000145864,GABRB2,POSITIVE MODULATOR,unknown,unknown,unknown,0,0.014994345937037634,0.002998869187407527,0.002998869187407527,"{""expression_atlas"": 0.014994345937037634}"
CHEMBL591,ETHCHLORVYNOL,CHEMBL2093872,PROTEIN COMPLEX GROUP,ENSG00000151834,GABRA2,POSITIVE MODULATOR,unknown,unknown,unknown,0,0.0646883705632426,0.01293767411264852,0.01293767411264852,"{""expression_atlas"": 0.0646883705632426}"
CHEMBL591,ETHCHLORVYNOL,CHEMBL2093872,PROTEIN COMPLEX GROUP,ENSG00000163285,GABRG1,POSITIVE MODULATOR,unknown,unknown,unknown,0,0.06503253540618377,0.013006507081236754,0.013006507081236754,"{""expression_atlas"": 0.06503253540618377}"
CHEMBL591,ETHCHLORVYNOL,CHEMBL2093872,PROTEIN COMPLEX GROUP,ENSG00000186297,GABRA5,POSITIVE MODULATOR,unknown,unknown,unknown,0,0.04015022406741467,0.008030044813482934,0.008030044813482934,"{""expression_atlas"": 0.04015022406741467}"
CHEMBL592,LEVORPHANOL,CHEMBL233,SINGLE PROTEIN,ENSG00000112038,OPRM1,AGONIST,activate,unknown,unknown,0,0,0.0,0.0,{}
CHEMBL594,EMEDASTINE,CHEMBL231,SINGLE PROTEIN,ENSG00000196639,HRH1,ANTAGONIST,inhibit,unknown,unknown,0,0,0.0,0.0,{}
CHEMBL595,PIOGLITAZONE,CHEMBL235,SINGLE PROTEIN,ENSG00000132170,PPARG,AGONIST,activate,unknown,unknown,0,0.0717690068411359,0.014353801368227179,0.014353801368227179,"{""expression_atlas"": 0.0717690068411359}"
CHEMBL596,FENTANYL,CHEMBL233,SINGLE PROTEIN,ENSG00000112038,OPRM1,AGONIST,activate,unknown,unknown,0,0,0.0,0.0,{}
CHEMBL597,PHENTOLAMINE,CHEMBL2095203,PROTEIN FAMILY,ENSG00000150594,ADRA2A,ANTAGONIST,inhibit,unknown,unknown,0.21032116470427323,0,0.1682569317634186,0.1682569317634186,"{""gwas_credible_sets"": 0.21032116470427323}"
CHEMBL597,PHENTOLAMINE,CHEMBL2095203,PROTEIN FAMILY,ENSG00000170214,ADRA1B,ANTAGONIST,inhibit,unknown,unknown,0,0.09759134661327273,0.019518269322654547,0.019518269322654547,"{""expression_atlas"": 0.09759134661327273}"
CHEMBL597,PHENTOLAMINE,CHEMBL2095203,PROTEIN FAMILY,ENSG00000171873,ADRA1D,ANTAGONIST,inhibit,unknown,unknown,0,0.025814812794334265,0.005162962558866853,0.005162962558866853,"{""expression_atlas"": 0.025814812794334265}"
CHEMBL597,PHENTOLAMINE,CHEMBL2095203,PROTEIN FAMILY,ENSG00000184160,ADRA2C,ANTAGONIST,inhibit,unknown,unknown,0,0.010920894429482362,0.0021841788858964722,0.0021841788858964722,"{""expression_atlas"": 0.010920894429482362}"
CHEMBL599,MELOXICAM,CHEMBL230,SINGLE PROTEIN,ENSG00000073756,PTGS2,INHIBITOR,inhibit,unknown,unknown,0,0.400648993476229,0.08012979869524581,0.08012979869524581,"{""expression_atlas"": 0.400648993476229}"
CHEMBL6,INDOMETHACIN,CHEMBL2094253,PROTEIN FAMILY,ENSG00000073756,PTGS2,INHIBITOR,inhibit,unknown,unknown,0,0.400648993476229,0.08012979869524581,0.08012979869524581,"{""expression_atlas"": 0.400648993476229}"
CHEMBL6,INDOMETHACIN,CHEMBL2094253,PROTEIN FAMILY,ENSG00000095303,PTGS1,INHIBITOR,inhibit,unknown,unknown,0,0,0.0,0.0,{}
CHEMBL601719,CRIZOTINIB,CHEMBL2689,SINGLE PROTEIN,ENSG00000164078,MST1R,INHIBITOR,inhibit,unknown,unknown,0.07464890862666833,0,0.059719126901334664,0.059719126901334664,"{""gwas_credible_sets"": 0.07464890862666833}"
CHEMBL601719,CRIZOTINIB,CHEMBL2111387,CHIMERIC PROTEIN,ENSG00000171094,ALK,INHIBITOR,inhibit,unknown,unknown,0,0,0.0,0.0,{}
CHEMBL601719,CRIZOTINIB,CHEMBL3883330,CHIMERIC PROTEIN,ENSG00000171094,ALK,INHIBITOR,inhibit,unknown,unknown,0,0,0.0,0.0,{}
CHEMBL601719,CRIZOTINIB,CHEMBL4247,SINGLE PROTEIN,ENSG00000171094,ALK,INHIBITOR,inhibit,unknown,unknown,0,0,0.0,0.0,{}
CHEMBL605846,OLODATEROL,CHEMBL210,SINGLE PROTEIN,ENSG00000169252,ADRB2,AGONIST,activate,unknown,unknown,0,0,0.0,0.0,{}
CHEMBL6067494,SECRETIN,CHEMBL1925,SINGLE PROTEIN,ENSG00000080293,SCTR,AGONIST,activate,unknown,unknown,0,0.06875888013353433,0.013751776026706866,0.013751776026706866,"{""expression_atlas"": 0.06875888013353433}"
CHEMBL6068330,NOGAPENDEKIN ALFA INBAKICEPT,CHEMBL4665592,PROTEIN COMPLEX,ENSG00000100385,IL2RB,AGONIST,activate,unknown,unknown,0,0.02844239550005934,0.005688479100011868,0.005688479100011868,"{""expression_atlas"": 0.02844239550005934}"
CHEMBL6068330,NOGAPENDEKIN ALFA INBAKICEPT,CHEMBL4665592,PROTEIN COMPLEX,ENSG00000134470,IL15RA,AGONIST,activate,unknown,unknown,0.03782781616521729,0.027091542321940908,0.03568056139656202,0.03568056139656202,"{""gwas_credible_sets"": 0.03782781616521729, ""expression_atlas"": 0.027091542321940908}"
CHEMBL6068330,NOGAPENDEKIN ALFA INBAKICEPT,CHEMBL4665592,PROTEIN COMPLEX,ENSG00000147168,IL2RG,AGONIST,activate,unknown,unknown,0,0.018150242003272875,0.0036300484006545754,0.0036300484006545754,"{""expression_atlas"": 0.018150242003272875}"
CHEMBL6068490,COAGULATION FACTOR VII HUMAN,CHEMBL3991,SINGLE PROTEIN,ENSG00000057593,F7,EXOGENOUS PROTEIN,unknown,unknown,unknown,0,0.1122400315111551,0.02244800630223102,0.02244800630223102,"{""expression_atlas"": 0.1122400315111551}"
CHEMBL6068491,PROTEIN S HUMAN,CHEMBL5498501,SINGLE PROTEIN,ENSG00000184500,PROS1,EXOGENOUS PROTEIN,unknown,unknown,unknown,0,0.022406013078140184,0.004481202615628037,0.004481202615628037,"{""expression_atlas"": 0.022406013078140184}"
CHEMBL6068492,PROTHROMBIN,CHEMBL204,SINGLE PROTEIN,ENSG00000180210,F2,EXOGENOUS PROTEIN,unknown,unknown,unknown,0,0,0.0,0.0,{}
CHEMBL607,MEPERIDINE,CHEMBL233,SINGLE PROTEIN,ENSG00000112038,OPRM1,AGONIST,activate,unknown,unknown,0,0,0.0,0.0,{}
CHEMBL608533,MIDOSTAURIN,CHEMBL2093867,PROTEIN FAMILY,ENSG00000027075,PRKCH,INHIBITOR,inhibit,unknown,unknown,0,0,0.0,0.0,{}
CHEMBL608533,MIDOSTAURIN,CHEMBL2093867,PROTEIN FAMILY,ENSG00000065675,PRKCQ,INHIBITOR,inhibit,unknown,unknown,0,0,0.0,0.0,{}
CHEMBL608533,MIDOSTAURIN,CHEMBL2095189,PROTEIN COMPLEX,ENSG00000113721,PDGFRB,INHIBITOR,inhibit,unknown,unknown,0,0.03892155883564756,0.007784311767129512,0.007784311767129512,"{""expression_atlas"": 0.03892155883564756}"
CHEMBL608533,MIDOSTAURIN,CHEMBL279,SINGLE PROTEIN,ENSG00000128052,KDR,INHIBITOR,inhibit,unknown,unknown,0,0.03594573209302677,0.007189146418605354,0.007189146418605354,"{""expression_atlas"": 0.03594573209302677}"
CHEMBL608533,MIDOSTAURIN,CHEMBL2095189,PROTEIN COMPLEX,ENSG00000134853,PDGFRA,INHIBITOR,inhibit,unknown,unknown,0,0,0.0,0.0,{}
CHEMBL608533,MIDOSTAURIN,CHEMBL1936,SINGLE PROTEIN,ENSG00000157404,KIT,INHIBITOR,inhibit,unknown,unknown,0,0,0.0,0.0,{}
CHEMBL608533,MIDOSTAURIN,CHEMBL2093867,PROTEIN FAMILY,ENSG00000163932,PRKCD,INHIBITOR,inhibit,unknown,unknown,0.04321831094445081,0,0.03457464875556065,0.03457464875556065,"{""gwas_credible_sets"": 0.04321831094445081}"
CHEMBL608533,MIDOSTAURIN,CHEMBL2093867,PROTEIN FAMILY,ENSG00000166501,PRKCB,INHIBITOR,inhibit,unknown,unknown,0.5428553920561162,0.020908805145119263,0.43846607467391685,0.43846607467391685,"{""gwas_credible_sets"": 0.5428553920561162, ""expression_atlas"": 0.020908805145119263}"
CHEMBL608533,MIDOSTAURIN,CHEMBL2093867,PROTEIN FAMILY,ENSG00000171132,PRKCE,INHIBITOR,inhibit,unknown,unknown,0,0,0.0,0.0,{}
CHEMBL611,TERAZOSIN,CHEMBL2094251,PROTEIN FAMILY,ENSG00000170214,ADRA1B,ANTAGONIST,inhibit,unknown,unknown,0,0.09759134661327273,0.019518269322654547,0.019518269322654547,"{""expression_atlas"": 0.09759134661327273}"
CHEMBL611,TERAZOSIN,CHEMBL2094251,PROTEIN FAMILY,ENSG00000171873,ADRA1D,ANTAGONIST,inhibit,unknown,unknown,0,0.025814812794334265,0.005162962558866853,0.005162962558866853,"{""expression_atlas"": 0.025814812794334265}"
CHEMBL612,DEXTROAMPHETAMINE,CHEMBL222,SINGLE PROTEIN,ENSG00000103546,SLC6A2,RELEASING AGENT,unknown,unknown,unknown,0,0,0.0,0.0,{}
CHEMBL612,DEXTROAMPHETAMINE,CHEMBL238,SINGLE PROTEIN,ENSG00000142319,SLC6A3,RELEASING AGENT,unknown,unknown,unknown,0,0,0.0,0.0,{}
CHEMBL61593,CYCLOTHIAZIDE,CHEMBL1876,SINGLE PROTEIN,ENSG00000070915,SLC12A3,INHIBITOR,inhibit,unknown,unknown,0,0,0.0,0.0,{}
CHEMBL620,CLIDINIUM,CHEMBL245,SINGLE PROTEIN,ENSG00000133019,CHRM3,ANTAGONIST,inhibit,unknown,unknown,0,0.04444900036943321,0.008889800073886641,0.008889800073886641,"{""expression_atlas"": 0.04444900036943321}"
CHEMBL621,TRAZODONE,CHEMBL228,SINGLE PROTEIN,ENSG00000108576,SLC6A4,INHIBITOR,inhibit,unknown,unknown,0,0.4642014225773055,0.09284028451546111,0.09284028451546111,"{""expression_atlas"": 0.4642014225773055}"
CHEMBL622,ETODOLAC,CHEMBL230,SINGLE PROTEIN,ENSG00000073756,PTGS2,INHIBITOR,inhibit,unknown,unknown,0,0.400648993476229,0.08012979869524581,0.08012979869524581,"{""expression_atlas"": 0.400648993476229}"
CHEMBL628,PENTOXIFYLLINE,CHEMBL2363066,PROTEIN FAMILY,ENSG00000065989,PDE4A,INHIBITOR,inhibit,unknown,unknown,0.23243057389068916,0,0.18594445911255134,0.18594445911255134,"{""gwas_credible_sets"": 0.23243057389068916}"
CHEMBL628,PENTOXIFYLLINE,CHEMBL2363066,PROTEIN FAMILY,ENSG00000073417,PDE8A,INHIBITOR,inhibit,unknown,unknown,0.313763514035714,0,0.2510108112285712,0.2510108112285712,"{""gwas_credible_sets"": 0.313763514035714}"
CHEMBL628,PENTOXIFYLLINE,CHEMBL2363066,PROTEIN FAMILY,ENSG00000105650,PDE4C,INHIBITOR,inhibit,unknown,unknown,0,0,0.0,0.0,{}
CHEMBL628,PENTOXIFYLLINE,CHEMBL2363066,PROTEIN FAMILY,ENSG00000112541,PDE10A,INHIBITOR,inhibit,unknown,unknown,0,0.0496526133472884,0.009930522669457681,0.009930522669457681,"{""expression_atlas"": 0.0496526133472884}"
CHEMBL628,PENTOXIFYLLINE,CHEMBL2363066,PROTEIN FAMILY,ENSG00000113448,PDE4D,INHIBITOR,inhibit,unknown,unknown,0.03502364826196417,0.01635098289812564,0.03128911518919646,0.03128911518919646,"{""gwas_credible_sets"": 0.03502364826196417, ""expression_atlas"": 0.01635098289812564}"
CHEMBL628,PENTOXIFYLLINE,CHEMBL2363066,PROTEIN FAMILY,ENSG00000115252,PDE1A,INHIBITOR,inhibit,unknown,unknown,0,0,0.0,0.0,{}
CHEMBL628,PENTOXIFYLLINE,CHEMBL2094257,PROTEIN FAMILY,ENSG00000128271,ADORA2A,ANTAGONIST,inhibit,unknown,unknown,0,0,0.0,0.0,{}
CHEMBL628,PENTOXIFYLLINE,CHEMBL2363066,PROTEIN FAMILY,ENSG00000132915,PDE6A,INHIBITOR,inhibit,unknown,unknown,0,0.11639883979172974,0.02327976795834595,0.02327976795834595,"{""expression_atlas"": 0.11639883979172974}"
CHEMBL628,PENTOXIFYLLINE,CHEMBL2094257,PROTEIN FAMILY,ENSG00000170425,ADORA2B,ANTAGONIST,inhibit,unknown,unknown,0,0.19327657512943838,0.03865531502588768,0.03865531502588768,"{""expression_atlas"": 0.19327657512943838}"
CHEMBL628,PENTOXIFYLLINE,CHEMBL2363066,PROTEIN FAMILY,ENSG00000184588,PDE4B,INHIBITOR,inhibit,unknown,unknown,0,0.11705336896939017,0.023410673793878036,0.023410673793878036,"{""expression_atlas"": 0.11705336896939017}"
CHEMBL629,AMITRIPTYLINE,CHEMBL222,SINGLE PROTEIN,ENSG00000103546,SLC6A2,INHIBITOR,inhibit,unknown,unknown,0,0,0.0,0.0,{}
CHEMBL629,AMITRIPTYLINE,CHEMBL228,SINGLE PROTEIN,ENSG00000108576,SLC6A4,INHIBITOR,inhibit,unknown,unknown,0,0.4642014225773055,0.09284028451546111,0.09284028451546111,"{""expression_atlas"": 0.4642014225773055}"
CHEMBL631,PROPAFENONE,CHEMBL2331043,PROTEIN FAMILY,ENSG00000007314,SCN4A,BLOCKER,inhibit,unknown,unknown,0,0.01623682440230527,0.003247364880461054,0.003247364880461054,"{""expression_atlas"": 0.01623682440230527}"
CHEMBL631,PROPAFENONE,CHEMBL213,SINGLE PROTEIN,ENSG00000043591,ADRB1,ANTAGONIST,inhibit,unknown,unknown,0,0.11496556182539755,0.02299311236507951,0.02299311236507951,"{""expression_atlas"": 0.11496556182539755}"
CHEMBL631,PROPAFENONE,CHEMBL2331043,PROTEIN FAMILY,ENSG00000136546,SCN7A,BLOCKER,inhibit,unknown,unknown,0,0.01258407039414361,0.0025168140788287222,0.0025168140788287222,"{""expression_atlas"": 0.01258407039414361}"
CHEMBL631,PROPAFENONE,CHEMBL2331043,PROTEIN FAMILY,ENSG00000144285,SCN1A,BLOCKER,inhibit,unknown,unknown,0,0,0.0,0.0,{}
CHEMBL631,PROPAFENONE,CHEMBL210,SINGLE PROTEIN,ENSG00000169252,ADRB2,ANTAGONIST,inhibit,unknown,unknown,0,0,0.0,0.0,{}
CHEMBL631,PROPAFENONE,CHEMBL2331043,PROTEIN FAMILY,ENSG00000169432,SCN9A,BLOCKER,inhibit,unknown,unknown,0,0,0.0,0.0,{}
CHEMBL631,PROPAFENONE,CHEMBL2331043,PROTEIN FAMILY,ENSG00000183873,SCN5A,BLOCKER,inhibit,unknown,unknown,0,0,0.0,0.0,{}
CHEMBL631,PROPAFENONE,CHEMBL2331043,PROTEIN FAMILY,ENSG00000185313,SCN10A,BLOCKER,inhibit,unknown,unknown,0,0,0.0,0.0,{}
CHEMBL632,BETAMETHASONE,CHEMBL2034,SINGLE PROTEIN,ENSG00000113580,NR3C1,AGONIST,activate,unknown,unknown,0,0,0.0,0.0,{}
CHEMBL633,AMIODARONE,CHEMBL240,SINGLE PROTEIN,ENSG00000055118,KCNH2,BLOCKER,inhibit,unknown,unknown,0,0.015594533276521935,0.003118906655304387,0.003118906655304387,"{""expression_atlas"": 0.015594533276521935}"
CHEMBL634,ALFENTANIL,CHEMBL233,SINGLE PROTEIN,ENSG00000112038,OPRM1,AGONIST,activate,unknown,unknown,0,0,0.0,0.0,{}
CHEMBL635,PREDNISONE,CHEMBL2034,SINGLE PROTEIN,ENSG00000113580,NR3C1,AGONIST,activate,unknown,unknown,0,0,0.0,0.0,{}
CHEMBL636,RIVASTIGMINE,CHEMBL2095233,SELECTIVITY GROUP,ENSG00000087085,ACHE,INHIBITOR,inhibit,unknown,unknown,0,0.018881721104742892,0.0037763442209485785,0.0037763442209485785,"{""expression_atlas"": 0.018881721104742892}"
CHEMBL636,RIVASTIGMINE,CHEMBL2095233,SELECTIVITY GROUP,ENSG00000114200,BCHE,INHIBITOR,inhibit,unknown,unknown,0,0,0.0,0.0,{}
CHEMBL637,VENLAFAXINE,CHEMBL222,SINGLE PROTEIN,ENSG00000103546,SLC6A2,INHIBITOR,inhibit,unknown,unknown,0,0,0.0,0.0,{}
CHEMBL637,VENLAFAXINE,CHEMBL228,SINGLE PROTEIN,ENSG00000108576,SLC6A4,INHIBITOR,inhibit,unknown,unknown,0,0.4642014225773055,0.09284028451546111,0.09284028451546111,"{""expression_atlas"": 0.4642014225773055}"
CHEMBL639,AZELASTINE,CHEMBL231,SINGLE PROTEIN,ENSG00000196639,HRH1,ANTAGONIST,inhibit,unknown,unknown,0,0,0.0,0.0,{}
CHEMBL640,PROCAINAMIDE,CHEMBL2331043,PROTEIN FAMILY,ENSG00000007314,SCN4A,BLOCKER,inhibit,unknown,unknown,0,0.01623682440230527,0.003247364880461054,0.003247364880461054,"{""expression_atlas"": 0.01623682440230527}"
CHEMBL640,PROCAINAMIDE,CHEMBL2331043,PROTEIN FAMILY,ENSG00000136546,SCN7A,BLOCKER,inhibit,unknown,unknown,0,0.01258407039414361,0.0025168140788287222,0.0025168140788287222,"{""expression_atlas"": 0.01258407039414361}"
CHEMBL640,PROCAINAMIDE,CHEMBL2331043,PROTEIN FAMILY,ENSG00000144285,SCN1A,BLOCKER,inhibit,unknown,unknown,0,0,0.0,0.0,{}
CHEMBL640,PROCAINAMIDE,CHEMBL2331043,PROTEIN FAMILY,ENSG00000169432,SCN9A,BLOCKER,inhibit,unknown,unknown,0,0,0.0,0.0,{}
CHEMBL640,PROCAINAMIDE,CHEMBL2331043,PROTEIN FAMILY,ENSG00000183873,SCN5A,BLOCKER,inhibit,unknown,unknown,0,0,0.0,0.0,{}
CHEMBL640,PROCAINAMIDE,CHEMBL2331043,PROTEIN FAMILY,ENSG00000185313,SCN10A,BLOCKER,inhibit,unknown,unknown,0,0,0.0,0.0,{}
CHEMBL641,ATOMOXETINE,CHEMBL222,SINGLE PROTEIN,ENSG00000103546,SLC6A2,INHIBITOR,inhibit,unknown,unknown,0,0,0.0,0.0,{}
CHEMBL642,ACEBUTOLOL,CHEMBL213,SINGLE PROTEIN,ENSG00000043591,ADRB1,ANTAGONIST,inhibit,unknown,unknown,0,0.11496556182539755,0.02299311236507951,0.02299311236507951,"{""expression_atlas"": 0.11496556182539755}"
CHEMBL643,PROMETHAZINE,CHEMBL231,SINGLE PROTEIN,ENSG00000196639,HRH1,ANTAGONIST,inhibit,unknown,unknown,0,0,0.0,0.0,{}
CHEMBL644,TRIMIPRAMINE,CHEMBL222,SINGLE PROTEIN,ENSG00000103546,SLC6A2,INHIBITOR,inhibit,unknown,unknown,0,0,0.0,0.0,{}
CHEMBL644,TRIMIPRAMINE,CHEMBL217,SINGLE PROTEIN,ENSG00000149295,DRD2,ANTAGONIST,inhibit,unknown,unknown,0,0,0.0,0.0,{}
CHEMBL644,TRIMIPRAMINE,CHEMBL2094251,PROTEIN FAMILY,ENSG00000170214,ADRA1B,ANTAGONIST,inhibit,unknown,unknown,0,0.09759134661327273,0.019518269322654547,0.019518269322654547,"{""expression_atlas"": 0.09759134661327273}"
CHEMBL644,TRIMIPRAMINE,CHEMBL2094251,PROTEIN FAMILY,ENSG00000171873,ADRA1D,ANTAGONIST,inhibit,unknown,unknown,0,0.025814812794334265,0.005162962558866853,0.005162962558866853,"{""expression_atlas"": 0.025814812794334265}"
CHEMBL644,TRIMIPRAMINE,CHEMBL231,SINGLE PROTEIN,ENSG00000196639,HRH1,ANTAGONIST,inhibit,unknown,unknown,0,0,0.0,0.0,{}
CHEMBL645,BISOPROLOL,CHEMBL213,SINGLE PROTEIN,ENSG00000043591,ADRB1,ANTAGONIST,inhibit,unknown,unknown,0,0.11496556182539755,0.02299311236507951,0.02299311236507951,"{""expression_atlas"": 0.11496556182539755}"
CHEMBL647,APRACLONIDINE,CHEMBL2095158,PROTEIN FAMILY,ENSG00000150594,ADRA2A,AGONIST,activate,unknown,unknown,0.21032116470427323,0,0.1682569317634186,0.1682569317634186,"{""gwas_credible_sets"": 0.21032116470427323}"
CHEMBL647,APRACLONIDINE,CHEMBL2095158,PROTEIN FAMILY,ENSG00000184160,ADRA2C,AGONIST,activate,unknown,unknown,0,0.010920894429482362,0.0021841788858964722,0.0021841788858964722,"{""expression_atlas"": 0.010920894429482362}"
CHEMBL648,CYCLIZINE,CHEMBL231,SINGLE PROTEIN,ENSG00000196639,HRH1,ANTAGONIST,inhibit,unknown,unknown,0,0,0.0,0.0,{}
CHEMBL650,METHYLPREDNISOLONE,CHEMBL2034,SINGLE PROTEIN,ENSG00000113580,NR3C1,AGONIST,activate,unknown,unknown,0,0,0.0,0.0,{}
CHEMBL651,METHADONE,CHEMBL233,SINGLE PROTEIN,ENSG00000112038,OPRM1,AGONIST,activate,unknown,unknown,0,0,0.0,0.0,{}
CHEMBL652,FLECAINIDE,CHEMBL1980,SINGLE PROTEIN,ENSG00000183873,SCN5A,BLOCKER,inhibit,unknown,unknown,0,0,0.0,0.0,{}
CHEMBL654,MIRTAZAPINE,CHEMBL2095158,PROTEIN FAMILY,ENSG00000150594,ADRA2A,ANTAGONIST,inhibit,unknown,unknown,0.21032116470427323,0,0.1682569317634186,0.1682569317634186,"{""gwas_credible_sets"": 0.21032116470427323}"
CHEMBL654,MIRTAZAPINE,CHEMBL2095158,PROTEIN FAMILY,ENSG00000184160,ADRA2C,ANTAGONIST,inhibit,unknown,unknown,0,0.010920894429482362,0.0021841788858964722,0.0021841788858964722,"{""expression_atlas"": 0.010920894429482362}"
CHEMBL655,MIDAZOLAM,CHEMBL2093872,PROTEIN COMPLEX GROUP,ENSG00000094755,GABRP,POSITIVE ALLOSTERIC MODULATOR,activate,unknown,unknown,0,0.07106524621438697,0.014213049242877394,0.014213049242877394,"{""expression_atlas"": 0.07106524621438697}"
CHEMBL655,MIDAZOLAM,CHEMBL2093872,PROTEIN COMPLEX GROUP,ENSG00000102287,GABRE,POSITIVE ALLOSTERIC MODULATOR,activate,unknown,unknown,0,0.01300725293757502,0.002601450587515004,0.002601450587515004,"{""expression_atlas"": 0.01300725293757502}"
CHEMBL655,MIDAZOLAM,CHEMBL2093872,PROTEIN COMPLEX GROUP,ENSG00000109158,GABRA4,POSITIVE ALLOSTERIC MODULATOR,activate,unknown,unknown,0,0.040567960282186954,0.00811359205643739,0.00811359205643739,"{""expression_atlas"": 0.040567960282186954}"
CHEMBL655,MIDAZOLAM,CHEMBL2093872,PROTEIN COMPLEX GROUP,ENSG00000145864,GABRB2,POSITIVE ALLOSTERIC MODULATOR,activate,unknown,unknown,0,0.014994345937037634,0.002998869187407527,0.002998869187407527,"{""expression_atlas"": 0.014994345937037634}"
CHEMBL655,MIDAZOLAM,CHEMBL2093872,PROTEIN COMPLEX GROUP,ENSG00000151834,GABRA2,POSITIVE ALLOSTERIC MODULATOR,activate,unknown,unknown,0,0.0646883705632426,0.01293767411264852,0.01293767411264852,"{""expression_atlas"": 0.0646883705632426}"
CHEMBL655,MIDAZOLAM,CHEMBL2093872,PROTEIN COMPLEX GROUP,ENSG00000163285,GABRG1,POSITIVE ALLOSTERIC MODULATOR,activate,unknown,unknown,0,0.06503253540618377,0.013006507081236754,0.013006507081236754,"{""expression_atlas"": 0.06503253540618377}"
CHEMBL655,MIDAZOLAM,CHEMBL2093872,PROTEIN COMPLEX GROUP,ENSG00000186297,GABRA5,POSITIVE ALLOSTERIC MODULATOR,activate,unknown,unknown,0,0.04015022406741467,0.008030044813482934,0.008030044813482934,"{""expression_atlas"": 0.04015022406741467}"
CHEMBL656,OXYCODONE,CHEMBL233,SINGLE PROTEIN,ENSG00000112038,OPRM1,AGONIST,activate,unknown,unknown,0,0,0.0,0.0,{}
CHEMBL657,DIPHENHYDRAMINE,CHEMBL231,SINGLE PROTEIN,ENSG00000196639,HRH1,ANTAGONIST,inhibit,unknown,unknown,0,0,0.0,0.0,{}
CHEMBL658,SUFENTANIL,CHEMBL233,SINGLE PROTEIN,ENSG00000112038,OPRM1,AGONIST,activate,unknown,unknown,0,0,0.0,0.0,{}
CHEMBL659,GALANTAMINE,CHEMBL220,SINGLE PROTEIN,ENSG00000087085,ACHE,INHIBITOR,inhibit,unknown,unknown,0,0.018881721104742892,0.0037763442209485785,0.0037763442209485785,"{""expression_atlas"": 0.018881721104742892}"
CHEMBL660,AMANTADINE,CHEMBL2094124,PROTEIN COMPLEX GROUP,ENSG00000105464,GRIN2D,ANTAGONIST,inhibit,unknown,unknown,0,0.015691053476461433,0.0031382106952922866,0.0031382106952922866,"{""expression_atlas"": 0.015691053476461433}"
CHEMBL660,AMANTADINE,CHEMBL2094124,PROTEIN COMPLEX GROUP,ENSG00000183454,GRIN2A,ANTAGONIST,inhibit,unknown,unknown,0,0,0.0,0.0,{}
CHEMBL660,AMANTADINE,CHEMBL2094124,PROTEIN COMPLEX GROUP,ENSG00000198785,GRIN3A,ANTAGONIST,inhibit,unknown,unknown,0,0.14858657226381564,0.029717314452763127,0.029717314452763127,"{""expression_atlas"": 0.14858657226381564}"
CHEMBL661,ALPRAZOLAM,CHEMBL2093872,PROTEIN COMPLEX GROUP,ENSG00000094755,GABRP,POSITIVE ALLOSTERIC MODULATOR,activate,unknown,unknown,0,0.07106524621438697,0.014213049242877394,0.014213049242877394,"{""expression_atlas"": 0.07106524621438697}"
CHEMBL661,ALPRAZOLAM,CHEMBL2093872,PROTEIN COMPLEX GROUP,ENSG00000102287,GABRE,POSITIVE ALLOSTERIC MODULATOR,activate,unknown,unknown,0,0.01300725293757502,0.002601450587515004,0.002601450587515004,"{""expression_atlas"": 0.01300725293757502}"
CHEMBL661,ALPRAZOLAM,CHEMBL2093872,PROTEIN COMPLEX GROUP,ENSG00000109158,GABRA4,POSITIVE ALLOSTERIC MODULATOR,activate,unknown,unknown,0,0.040567960282186954,0.00811359205643739,0.00811359205643739,"{""expression_atlas"": 0.040567960282186954}"
CHEMBL661,ALPRAZOLAM,CHEMBL2093872,PROTEIN COMPLEX GROUP,ENSG00000145864,GABRB2,POSITIVE ALLOSTERIC MODULATOR,activate,unknown,unknown,0,0.014994345937037634,0.002998869187407527,0.002998869187407527,"{""expression_atlas"": 0.014994345937037634}"
CHEMBL661,ALPRAZOLAM,CHEMBL2093872,PROTEIN COMPLEX GROUP,ENSG00000151834,GABRA2,POSITIVE ALLOSTERIC MODULATOR,activate,unknown,unknown,0,0.0646883705632426,0.01293767411264852,0.01293767411264852,"{""expression_atlas"": 0.0646883705632426}"
CHEMBL661,ALPRAZOLAM,CHEMBL2093872,PROTEIN COMPLEX GROUP,ENSG00000163285,GABRG1,POSITIVE ALLOSTERIC MODULATOR,activate,unknown,unknown,0,0.06503253540618377,0.013006507081236754,0.013006507081236754,"{""expression_atlas"": 0.06503253540618377}"
CHEMBL661,ALPRAZOLAM,CHEMBL2093872,PROTEIN COMPLEX GROUP,ENSG00000186297,GABRA5,POSITIVE ALLOSTERIC MODULATOR,activate,unknown,unknown,0,0.04015022406741467,0.008030044813482934,0.008030044813482934,"{""expression_atlas"": 0.04015022406741467}"
CHEMBL6622,ISOSORBIDE DINITRATE,CHEMBL2111348,PROTEIN COMPLEX GROUP,ENSG00000061918,GUCY1B1,ACTIVATOR,activate,unknown,unknown,0,0.02378710715980335,0.00475742143196067,0.00475742143196067,"{""expression_atlas"": 0.02378710715980335}"
CHEMBL6622,ISOSORBIDE DINITRATE,CHEMBL2111348,PROTEIN COMPLEX GROUP,ENSG00000164116,GUCY1A1,ACTIVATOR,activate,unknown,unknown,0,0.026830306920734504,0.005366061384146901,0.005366061384146901,"{""expression_atlas"": 0.026830306920734504}"
CHEMBL667,ACETYLCHOLINE,CHEMBL245,SINGLE PROTEIN,ENSG00000133019,CHRM3,AGONIST,activate,unknown,unknown,0,0.04444900036943321,0.008889800073886641,0.008889800073886641,"{""expression_atlas"": 0.04444900036943321}"
CHEMBL668,PROTRIPTYLINE,CHEMBL222,SINGLE PROTEIN,ENSG00000103546,SLC6A2,INHIBITOR,inhibit,unknown,unknown,0,0,0.0,0.0,{}
CHEMBL668,PROTRIPTYLINE,CHEMBL228,SINGLE PROTEIN,ENSG00000108576,SLC6A4,INHIBITOR,inhibit,unknown,unknown,0,0.4642014225773055,0.09284028451546111,0.09284028451546111,"{""expression_atlas"": 0.4642014225773055}"
CHEMBL672,FENOFIBRATE,CHEMBL239,SINGLE PROTEIN,ENSG00000186951,PPARA,AGONIST,activate,unknown,unknown,0,0,0.0,0.0,{}
CHEMBL673,PARGYLINE,CHEMBL2095205,PROTEIN FAMILY,ENSG00000069535,MAOB,INHIBITOR,inhibit,unknown,unknown,0,0.28078552500326326,0.05615710500065266,0.05615710500065266,"{""expression_atlas"": 0.28078552500326326}"
CHEMBL673,PARGYLINE,CHEMBL2095205,PROTEIN FAMILY,ENSG00000189221,MAOA,INHIBITOR,inhibit,unknown,unknown,0,0.012838890830001837,0.0025677781660003677,0.0025677781660003677,"{""expression_atlas"": 0.012838890830001837}"
CHEMBL677,LEVONORDEFRIN,CHEMBL2095158,PROTEIN FAMILY,ENSG00000150594,ADRA2A,AGONIST,activate,unknown,unknown,0.21032116470427323,0,0.1682569317634186,0.1682569317634186,"{""gwas_credible_sets"": 0.21032116470427323}"
CHEMBL677,LEVONORDEFRIN,CHEMBL2095158,PROTEIN FAMILY,ENSG00000184160,ADRA2C,AGONIST,activate,unknown,unknown,0,0.010920894429482362,0.0021841788858964722,0.0021841788858964722,"{""expression_atlas"": 0.010920894429482362}"
CHEMBL679,EPINEPHRINE,CHEMBL2331074,PROTEIN FAMILY,ENSG00000043591,ADRB1,AGONIST,activate,unknown,unknown,0,0.11496556182539755,0.02299311236507951,0.02299311236507951,"{""expression_atlas"": 0.11496556182539755}"
CHEMBL679,EPINEPHRINE,CHEMBL2331074,PROTEIN FAMILY,ENSG00000150594,ADRA2A,AGONIST,activate,unknown,unknown,0.21032116470427323,0,0.1682569317634186,0.1682569317634186,"{""gwas_credible_sets"": 0.21032116470427323}"
CHEMBL679,EPINEPHRINE,CHEMBL2331074,PROTEIN FAMILY,ENSG00000169252,ADRB2,AGONIST,activate,unknown,unknown,0,0,0.0,0.0,{}
CHEMBL679,EPINEPHRINE,CHEMBL2331074,PROTEIN FAMILY,ENSG00000170214,ADRA1B,AGONIST,activate,unknown,unknown,0,0.09759134661327273,0.019518269322654547,0.019518269322654547,"{""expression_atlas"": 0.09759134661327273}"
CHEMBL679,EPINEPHRINE,CHEMBL2331074,PROTEIN FAMILY,ENSG00000171873,ADRA1D,AGONIST,activate,unknown,unknown,0,0.025814812794334265,0.005162962558866853,0.005162962558866853,"{""expression_atlas"": 0.025814812794334265}"
CHEMBL679,EPINEPHRINE,CHEMBL2331074,PROTEIN FAMILY,ENSG00000184160,ADRA2C,AGONIST,activate,unknown,unknown,0,0.010920894429482362,0.0021841788858964722,0.0021841788858964722,"{""expression_atlas"": 0.010920894429482362}"
CHEMBL681,ETOMIDATE,CHEMBL2093872,PROTEIN COMPLEX GROUP,ENSG00000094755,GABRP,POSITIVE MODULATOR,unknown,unknown,unknown,0,0.07106524621438697,0.014213049242877394,0.014213049242877394,"{""expression_atlas"": 0.07106524621438697}"
CHEMBL681,ETOMIDATE,CHEMBL2093872,PROTEIN COMPLEX GROUP,ENSG00000102287,GABRE,POSITIVE MODULATOR,unknown,unknown,unknown,0,0.01300725293757502,0.002601450587515004,0.002601450587515004,"{""expression_atlas"": 0.01300725293757502}"
CHEMBL681,ETOMIDATE,CHEMBL2093872,PROTEIN COMPLEX GROUP,ENSG00000109158,GABRA4,POSITIVE MODULATOR,unknown,unknown,unknown,0,0.040567960282186954,0.00811359205643739,0.00811359205643739,"{""expression_atlas"": 0.040567960282186954}"
CHEMBL681,ETOMIDATE,CHEMBL2093872,PROTEIN COMPLEX GROUP,ENSG00000145864,GABRB2,POSITIVE MODULATOR,unknown,unknown,unknown,0,0.014994345937037634,0.002998869187407527,0.002998869187407527,"{""expression_atlas"": 0.014994345937037634}"
CHEMBL681,ETOMIDATE,CHEMBL2093872,PROTEIN COMPLEX GROUP,ENSG00000151834,GABRA2,POSITIVE MODULATOR,unknown,unknown,unknown,0,0.0646883705632426,0.01293767411264852,0.01293767411264852,"{""expression_atlas"": 0.0646883705632426}"
CHEMBL681,ETOMIDATE,CHEMBL2093872,PROTEIN COMPLEX GROUP,ENSG00000163285,GABRG1,POSITIVE MODULATOR,unknown,unknown,unknown,0,0.06503253540618377,0.013006507081236754,0.013006507081236754,"{""expression_atlas"": 0.06503253540618377}"
CHEMBL681,ETOMIDATE,CHEMBL2093872,PROTEIN COMPLEX GROUP,ENSG00000186297,GABRA5,POSITIVE MODULATOR,unknown,unknown,unknown,0,0.04015022406741467,0.008030044813482934,0.008030044813482934,"{""expression_atlas"": 0.04015022406741467}"
CHEMBL686,MEFENAMIC ACID,CHEMBL2094253,PROTEIN FAMILY,ENSG00000073756,PTGS2,INHIBITOR,inhibit,unknown,unknown,0,0.400648993476229,0.08012979869524581,0.08012979869524581,"{""expression_atlas"": 0.400648993476229}"
CHEMBL686,MEFENAMIC ACID,CHEMBL2094253,PROTEIN FAMILY,ENSG00000095303,PTGS1,INHIBITOR,inhibit,unknown,unknown,0,0,0.0,0.0,{}
CHEMBL691,ETHINYL ESTRADIOL,CHEMBL206,SINGLE PROTEIN,ENSG00000091831,ESR1,AGONIST,activate,unknown,unknown,0,0.013323775689022817,0.0026647551378045638,0.0026647551378045638,"{""expression_atlas"": 0.013323775689022817}"
CHEMBL695,TRIMETHADIONE,CHEMBL2362995,PROTEIN FAMILY,ENSG00000006283,CACNA1G,BLOCKER,inhibit,unknown,unknown,0,0,0.0,0.0,{}
CHEMBL695,TRIMETHADIONE,CHEMBL2362995,PROTEIN FAMILY,ENSG00000100346,CACNA1I,BLOCKER,inhibit,unknown,unknown,0,0.029712047663247972,0.005942409532649595,0.005942409532649595,"{""expression_atlas"": 0.029712047663247972}"
CHEMBL695,TRIMETHADIONE,CHEMBL2362995,PROTEIN FAMILY,ENSG00000196557,CACNA1H,BLOCKER,inhibit,unknown,unknown,0,0.00847900742166888,0.0016958014843337762,0.0016958014843337762,"{""expression_atlas"": 0.00847900742166888}"
CHEMBL696,ETHOSUXIMIDE,CHEMBL2362995,PROTEIN FAMILY,ENSG00000006283,CACNA1G,BLOCKER,inhibit,unknown,unknown,0,0,0.0,0.0,{}
CHEMBL696,ETHOSUXIMIDE,CHEMBL2362995,PROTEIN FAMILY,ENSG00000100346,CACNA1I,BLOCKER,inhibit,unknown,unknown,0,0.029712047663247972,0.005942409532649595,0.005942409532649595,"{""expression_atlas"": 0.029712047663247972}"
CHEMBL696,ETHOSUXIMIDE,CHEMBL2362995,PROTEIN FAMILY,ENSG00000196557,CACNA1H,BLOCKER,inhibit,unknown,unknown,0,0.00847900742166888,0.0016958014843337762,0.0016958014843337762,"{""expression_atlas"": 0.00847900742166888}"
CHEMBL6966,VERAPAMIL,CHEMBL2095229,PROTEIN FAMILY,ENSG00000151067,CACNA1C,BLOCKER,inhibit,unknown,unknown,0,0.011880973060645644,0.002376194612129129,0.002376194612129129,"{""expression_atlas"": 0.011880973060645644}"
CHEMBL697,METHSUXIMIDE,CHEMBL2362995,PROTEIN FAMILY,ENSG00000006283,CACNA1G,BLOCKER,inhibit,unknown,unknown,0,0,0.0,0.0,{}
CHEMBL697,METHSUXIMIDE,CHEMBL2362995,PROTEIN FAMILY,ENSG00000100346,CACNA1I,BLOCKER,inhibit,unknown,unknown,0,0.029712047663247972,0.005942409532649595,0.005942409532649595,"{""expression_atlas"": 0.029712047663247972}"
CHEMBL697,METHSUXIMIDE,CHEMBL2362995,PROTEIN FAMILY,ENSG00000196557,CACNA1H,BLOCKER,inhibit,unknown,unknown,0,0.00847900742166888,0.0016958014843337762,0.0016958014843337762,"{""expression_atlas"": 0.00847900742166888}"
CHEMBL698,TETRACAINE,CHEMBL2331043,PROTEIN FAMILY,ENSG00000007314,SCN4A,BLOCKER,inhibit,unknown,unknown,0,0.01623682440230527,0.003247364880461054,0.003247364880461054,"{""expression_atlas"": 0.01623682440230527}"
CHEMBL698,TETRACAINE,CHEMBL2331043,PROTEIN FAMILY,ENSG00000136546,SCN7A,BLOCKER,inhibit,unknown,unknown,0,0.01258407039414361,0.0025168140788287222,0.0025168140788287222,"{""expression_atlas"": 0.01258407039414361}"
CHEMBL698,TETRACAINE,CHEMBL2331043,PROTEIN FAMILY,ENSG00000144285,SCN1A,BLOCKER,inhibit,unknown,unknown,0,0,0.0,0.0,{}
CHEMBL698,TETRACAINE,CHEMBL2331043,PROTEIN FAMILY,ENSG00000169432,SCN9A,BLOCKER,inhibit,unknown,unknown,0,0,0.0,0.0,{}
CHEMBL698,TETRACAINE,CHEMBL2331043,PROTEIN FAMILY,ENSG00000183873,SCN5A,BLOCKER,inhibit,unknown,unknown,0,0,0.0,0.0,{}
CHEMBL698,TETRACAINE,CHEMBL2331043,PROTEIN FAMILY,ENSG00000185313,SCN10A,BLOCKER,inhibit,unknown,unknown,0,0,0.0,0.0,{}
CHEMBL70,MORPHINE,CHEMBL233,SINGLE PROTEIN,ENSG00000112038,OPRM1,AGONIST,activate,unknown,unknown,0,0,0.0,0.0,{}
CHEMBL703,SUXAMETHONIUM,CHEMBL2362997,PROTEIN COMPLEX GROUP,ENSG00000138435,CHRNA1,AGONIST,activate,unknown,unknown,0,0.09508718100227412,0.019017436200454825,0.019017436200454825,"{""expression_atlas"": 0.09508718100227412}"
CHEMBL704,MESALAMINE,CHEMBL215,SINGLE PROTEIN,ENSG00000012779,ALOX5,INHIBITOR,inhibit,unknown,unknown,0,0,0.0,0.0,{}
CHEMBL704,MESALAMINE,CHEMBL2094253,PROTEIN FAMILY,ENSG00000073756,PTGS2,INHIBITOR,inhibit,unknown,unknown,0,0.400648993476229,0.08012979869524581,0.08012979869524581,"{""expression_atlas"": 0.400648993476229}"
CHEMBL704,MESALAMINE,CHEMBL2094253,PROTEIN FAMILY,ENSG00000095303,PTGS1,INHIBITOR,inhibit,unknown,unknown,0,0,0.0,0.0,{}
CHEMBL704,MESALAMINE,CHEMBL235,SINGLE PROTEIN,ENSG00000132170,PPARG,AGONIST,activate,unknown,unknown,0,0.0717690068411359,0.014353801368227179,0.014353801368227179,"{""expression_atlas"": 0.0717690068411359}"
CHEMBL70418,CLOBAZAM,CHEMBL2093872,PROTEIN COMPLEX GROUP,ENSG00000094755,GABRP,POSITIVE ALLOSTERIC MODULATOR,activate,unknown,unknown,0,0.07106524621438697,0.014213049242877394,0.014213049242877394,"{""expression_atlas"": 0.07106524621438697}"
CHEMBL70418,CLOBAZAM,CHEMBL2093872,PROTEIN COMPLEX GROUP,ENSG00000102287,GABRE,POSITIVE ALLOSTERIC MODULATOR,activate,unknown,unknown,0,0.01300725293757502,0.002601450587515004,0.002601450587515004,"{""expression_atlas"": 0.01300725293757502}"
CHEMBL70418,CLOBAZAM,CHEMBL2093872,PROTEIN COMPLEX GROUP,ENSG00000109158,GABRA4,POSITIVE ALLOSTERIC MODULATOR,activate,unknown,unknown,0,0.040567960282186954,0.00811359205643739,0.00811359205643739,"{""expression_atlas"": 0.040567960282186954}"
CHEMBL70418,CLOBAZAM,CHEMBL2093872,PROTEIN COMPLEX GROUP,ENSG00000145864,GABRB2,POSITIVE ALLOSTERIC MODULATOR,activate,unknown,unknown,0,0.014994345937037634,0.002998869187407527,0.002998869187407527,"{""expression_atlas"": 0.014994345937037634}"
CHEMBL70418,CLOBAZAM,CHEMBL2093872,PROTEIN COMPLEX GROUP,ENSG00000151834,GABRA2,POSITIVE ALLOSTERIC MODULATOR,activate,unknown,unknown,0,0.0646883705632426,0.01293767411264852,0.01293767411264852,"{""expression_atlas"": 0.0646883705632426}"
CHEMBL70418,CLOBAZAM,CHEMBL2093872,PROTEIN COMPLEX GROUP,ENSG00000163285,GABRG1,POSITIVE ALLOSTERIC MODULATOR,activate,unknown,unknown,0,0.06503253540618377,0.013006507081236754,0.013006507081236754,"{""expression_atlas"": 0.06503253540618377}"
CHEMBL70418,CLOBAZAM,CHEMBL2093872,PROTEIN COMPLEX GROUP,ENSG00000186297,GABRA5,POSITIVE ALLOSTERIC MODULATOR,activate,unknown,unknown,0,0.04015022406741467,0.008030044813482934,0.008030044813482934,"{""expression_atlas"": 0.04015022406741467}"
CHEMBL705,ALITRETINOIN,CHEMBL2363071,PROTEIN FAMILY,ENSG00000077092,RARB,AGONIST,activate,unknown,unknown,0,0,0.0,0.0,{}
CHEMBL705,ALITRETINOIN,CHEMBL2363071,PROTEIN FAMILY,ENSG00000131759,RARA,AGONIST,activate,unknown,unknown,0,0,0.0,0.0,{}
CHEMBL705,ALITRETINOIN,CHEMBL2363071,PROTEIN FAMILY,ENSG00000186350,RXRA,AGONIST,activate,unknown,unknown,0,0,0.0,0.0,{}
CHEMBL707,DOXAZOSIN,CHEMBL2094251,PROTEIN FAMILY,ENSG00000170214,ADRA1B,ANTAGONIST,inhibit,unknown,unknown,0,0.09759134661327273,0.019518269322654547,0.019518269322654547,"{""expression_atlas"": 0.09759134661327273}"
CHEMBL707,DOXAZOSIN,CHEMBL2094251,PROTEIN FAMILY,ENSG00000171873,ADRA1D,ANTAGONIST,inhibit,unknown,unknown,0,0.025814812794334265,0.005162962558866853,0.005162962558866853,"{""expression_atlas"": 0.025814812794334265}"
CHEMBL708,ZIPRASIDONE,CHEMBL217,SINGLE PROTEIN,ENSG00000149295,DRD2,ANTAGONIST,inhibit,unknown,unknown,0,0,0.0,0.0,{}
CHEMBL709,ALFUZOSIN,CHEMBL2094251,PROTEIN FAMILY,ENSG00000170214,ADRA1B,AGONIST,activate,unknown,unknown,0,0.09759134661327273,0.019518269322654547,0.019518269322654547,"{""expression_atlas"": 0.09759134661327273}"
CHEMBL709,ALFUZOSIN,CHEMBL2094251,PROTEIN FAMILY,ENSG00000171873,ADRA1D,AGONIST,activate,unknown,unknown,0,0.025814812794334265,0.005162962558866853,0.005162962558866853,"{""expression_atlas"": 0.025814812794334265}"
CHEMBL71,CHLORPROMAZINE,CHEMBL2331075,PROTEIN FAMILY,ENSG00000149295,DRD2,ANTAGONIST,inhibit,unknown,unknown,0,0,0.0,0.0,{}
CHEMBL714,ALBUTEROL,CHEMBL210,SINGLE PROTEIN,ENSG00000169252,ADRB2,AGONIST,activate,unknown,unknown,0,0,0.0,0.0,{}
CHEMBL715,OLANZAPINE,CHEMBL2331075,PROTEIN FAMILY,ENSG00000149295,DRD2,ANTAGONIST,inhibit,unknown,unknown,0,0,0.0,0.0,{}
CHEMBL716,QUETIAPINE,CHEMBL217,SINGLE PROTEIN,ENSG00000149295,DRD2,ANTAGONIST,inhibit,unknown,unknown,0,0,0.0,0.0,{}
CHEMBL717,MEDROXYPROGESTERONE ACETATE,CHEMBL208,SINGLE PROTEIN,ENSG00000082175,PGR,AGONIST,activate,unknown,unknown,0,0.01501474225374393,0.003002948450748786,0.003002948450748786,"{""expression_atlas"": 0.01501474225374393}"
CHEMBL72,DESIPRAMINE,CHEMBL222,SINGLE PROTEIN,ENSG00000103546,SLC6A2,INHIBITOR,inhibit,unknown,unknown,0,0,0.0,0.0,{}
CHEMBL723,CARVEDILOL,CHEMBL2094118,PROTEIN FAMILY,ENSG00000043591,ADRB1,ANTAGONIST,inhibit,unknown,unknown,0,0.11496556182539755,0.02299311236507951,0.02299311236507951,"{""expression_atlas"": 0.11496556182539755}"
CHEMBL723,CARVEDILOL,CHEMBL2094118,PROTEIN FAMILY,ENSG00000169252,ADRB2,ANTAGONIST,inhibit,unknown,unknown,0,0,0.0,0.0,{}
CHEMBL723,CARVEDILOL,CHEMBL2094251,PROTEIN FAMILY,ENSG00000170214,ADRA1B,ANTAGONIST,inhibit,unknown,unknown,0,0.09759134661327273,0.019518269322654547,0.019518269322654547,"{""expression_atlas"": 0.09759134661327273}"
CHEMBL723,CARVEDILOL,CHEMBL2094251,PROTEIN FAMILY,ENSG00000171873,ADRA1D,ANTAGONIST,inhibit,unknown,unknown,0,0.025814812794334265,0.005162962558866853,0.005162962558866853,"{""expression_atlas"": 0.025814812794334265}"
CHEMBL726,FLUPHENAZINE,CHEMBL217,SINGLE PROTEIN,ENSG00000149295,DRD2,ANTAGONIST,inhibit,unknown,unknown,0,0,0.0,0.0,{}
CHEMBL727,THIOGUANINE,CHEMBL2111369,PROTEIN FAMILY,ENSG00000106348,IMPDH1,INHIBITOR,inhibit,unknown,unknown,0,0,0.0,0.0,{}
CHEMBL727,THIOGUANINE,CHEMBL2111369,PROTEIN FAMILY,ENSG00000178035,IMPDH2,INHIBITOR,inhibit,unknown,unknown,0,0,0.0,0.0,{}
CHEMBL728,PROCHLORPERAZINE,CHEMBL217,SINGLE PROTEIN,ENSG00000149295,DRD2,ANTAGONIST,inhibit,unknown,unknown,0,0,0.0,0.0,{}
CHEMBL730,NITROGLYCERIN,CHEMBL2111348,PROTEIN COMPLEX GROUP,ENSG00000061918,GUCY1B1,ACTIVATOR,activate,unknown,unknown,0,0.02378710715980335,0.00475742143196067,0.00475742143196067,"{""expression_atlas"": 0.02378710715980335}"
CHEMBL730,NITROGLYCERIN,CHEMBL2111348,PROTEIN COMPLEX GROUP,ENSG00000164116,GUCY1A1,ACTIVATOR,activate,unknown,unknown,0,0.026830306920734504,0.005366061384146901,0.005366061384146901,"{""expression_atlas"": 0.026830306920734504}"
CHEMBL741,LAMOTRIGINE,CHEMBL2331043,PROTEIN FAMILY,ENSG00000007314,SCN4A,BLOCKER,inhibit,unknown,unknown,0,0.01623682440230527,0.003247364880461054,0.003247364880461054,"{""expression_atlas"": 0.01623682440230527}"
CHEMBL741,LAMOTRIGINE,CHEMBL2331043,PROTEIN FAMILY,ENSG00000136546,SCN7A,BLOCKER,inhibit,unknown,unknown,0,0.01258407039414361,0.0025168140788287222,0.0025168140788287222,"{""expression_atlas"": 0.01258407039414361}"
CHEMBL741,LAMOTRIGINE,CHEMBL2331043,PROTEIN FAMILY,ENSG00000144285,SCN1A,BLOCKER,inhibit,unknown,unknown,0,0,0.0,0.0,{}
CHEMBL741,LAMOTRIGINE,CHEMBL2331043,PROTEIN FAMILY,ENSG00000169432,SCN9A,BLOCKER,inhibit,unknown,unknown,0,0,0.0,0.0,{}
CHEMBL741,LAMOTRIGINE,CHEMBL2331043,PROTEIN FAMILY,ENSG00000183873,SCN5A,BLOCKER,inhibit,unknown,unknown,0,0,0.0,0.0,{}
CHEMBL741,LAMOTRIGINE,CHEMBL2331043,PROTEIN FAMILY,ENSG00000185313,SCN10A,BLOCKER,inhibit,unknown,unknown,0,0,0.0,0.0,{}
CHEMBL7413,METHOHEXITAL,CHEMBL2093872,PROTEIN COMPLEX GROUP,ENSG00000094755,GABRP,POSITIVE ALLOSTERIC MODULATOR,activate,unknown,unknown,0,0.07106524621438697,0.014213049242877394,0.014213049242877394,"{""expression_atlas"": 0.07106524621438697}"
CHEMBL7413,METHOHEXITAL,CHEMBL2093872,PROTEIN COMPLEX GROUP,ENSG00000102287,GABRE,POSITIVE ALLOSTERIC MODULATOR,activate,unknown,unknown,0,0.01300725293757502,0.002601450587515004,0.002601450587515004,"{""expression_atlas"": 0.01300725293757502}"
CHEMBL7413,METHOHEXITAL,CHEMBL2093872,PROTEIN COMPLEX GROUP,ENSG00000109158,GABRA4,POSITIVE ALLOSTERIC MODULATOR,activate,unknown,unknown,0,0.040567960282186954,0.00811359205643739,0.00811359205643739,"{""expression_atlas"": 0.040567960282186954}"
CHEMBL7413,METHOHEXITAL,CHEMBL2093872,PROTEIN COMPLEX GROUP,ENSG00000145864,GABRB2,POSITIVE ALLOSTERIC MODULATOR,activate,unknown,unknown,0,0.014994345937037634,0.002998869187407527,0.002998869187407527,"{""expression_atlas"": 0.014994345937037634}"
CHEMBL7413,METHOHEXITAL,CHEMBL2093872,PROTEIN COMPLEX GROUP,ENSG00000151834,GABRA2,POSITIVE ALLOSTERIC MODULATOR,activate,unknown,unknown,0,0.0646883705632426,0.01293767411264852,0.01293767411264852,"{""expression_atlas"": 0.0646883705632426}"
CHEMBL7413,METHOHEXITAL,CHEMBL2093872,PROTEIN COMPLEX GROUP,ENSG00000163285,GABRG1,POSITIVE ALLOSTERIC MODULATOR,activate,unknown,unknown,0,0.06503253540618377,0.013006507081236754,0.013006507081236754,"{""expression_atlas"": 0.06503253540618377}"
CHEMBL7413,METHOHEXITAL,CHEMBL2093872,PROTEIN COMPLEX GROUP,ENSG00000186297,GABRA5,POSITIVE ALLOSTERIC MODULATOR,activate,unknown,unknown,0,0.04015022406741467,0.008030044813482934,0.008030044813482934,"{""expression_atlas"": 0.04015022406741467}"
CHEMBL742,KETAMINE,CHEMBL2094124,PROTEIN COMPLEX GROUP,ENSG00000105464,GRIN2D,NEGATIVE ALLOSTERIC MODULATOR,inhibit,unknown,unknown,0,0.015691053476461433,0.0031382106952922866,0.0031382106952922866,"{""expression_atlas"": 0.015691053476461433}"
CHEMBL742,KETAMINE,CHEMBL2094124,PROTEIN COMPLEX GROUP,ENSG00000183454,GRIN2A,NEGATIVE ALLOSTERIC MODULATOR,inhibit,unknown,unknown,0,0,0.0,0.0,{}
CHEMBL742,KETAMINE,CHEMBL2094124,PROTEIN COMPLEX GROUP,ENSG00000198785,GRIN3A,NEGATIVE ALLOSTERIC MODULATOR,inhibit,unknown,unknown,0,0.14858657226381564,0.029717314452763127,0.029717314452763127,"{""expression_atlas"": 0.14858657226381564}"
CHEMBL744,RILUZOLE,CHEMBL2331043,PROTEIN FAMILY,ENSG00000007314,SCN4A,BLOCKER,inhibit,unknown,unknown,0,0.01623682440230527,0.003247364880461054,0.003247364880461054,"{""expression_atlas"": 0.01623682440230527}"
CHEMBL744,RILUZOLE,CHEMBL2331043,PROTEIN FAMILY,ENSG00000136546,SCN7A,BLOCKER,inhibit,unknown,unknown,0,0.01258407039414361,0.0025168140788287222,0.0025168140788287222,"{""expression_atlas"": 0.01258407039414361}"
CHEMBL744,RILUZOLE,CHEMBL2331043,PROTEIN FAMILY,ENSG00000144285,SCN1A,BLOCKER,inhibit,unknown,unknown,0,0,0.0,0.0,{}
CHEMBL744,RILUZOLE,CHEMBL2331043,PROTEIN FAMILY,ENSG00000169432,SCN9A,BLOCKER,inhibit,unknown,unknown,0,0,0.0,0.0,{}
CHEMBL744,RILUZOLE,CHEMBL2331043,PROTEIN FAMILY,ENSG00000183873,SCN5A,BLOCKER,inhibit,unknown,unknown,0,0,0.0,0.0,{}
CHEMBL744,RILUZOLE,CHEMBL2331043,PROTEIN FAMILY,ENSG00000185313,SCN10A,BLOCKER,inhibit,unknown,unknown,0,0,0.0,0.0,{}
CHEMBL750,ZONISAMIDE,CHEMBL2331043,PROTEIN FAMILY,ENSG00000007314,SCN4A,BLOCKER,inhibit,unknown,unknown,0,0.01623682440230527,0.003247364880461054,0.003247364880461054,"{""expression_atlas"": 0.01623682440230527}"
CHEMBL750,ZONISAMIDE,CHEMBL2331043,PROTEIN FAMILY,ENSG00000136546,SCN7A,BLOCKER,inhibit,unknown,unknown,0,0.01258407039414361,0.0025168140788287222,0.0025168140788287222,"{""expression_atlas"": 0.01258407039414361}"
CHEMBL750,ZONISAMIDE,CHEMBL2331043,PROTEIN FAMILY,ENSG00000144285,SCN1A,BLOCKER,inhibit,unknown,unknown,0,0,0.0,0.0,{}
CHEMBL750,ZONISAMIDE,CHEMBL2331043,PROTEIN FAMILY,ENSG00000169432,SCN9A,BLOCKER,inhibit,unknown,unknown,0,0,0.0,0.0,{}
CHEMBL750,ZONISAMIDE,CHEMBL2331043,PROTEIN FAMILY,ENSG00000183873,SCN5A,BLOCKER,inhibit,unknown,unknown,0,0,0.0,0.0,{}
CHEMBL750,ZONISAMIDE,CHEMBL2331043,PROTEIN FAMILY,ENSG00000185313,SCN10A,BLOCKER,inhibit,unknown,unknown,0,0,0.0,0.0,{}
CHEMBL753,PHENOXYBENZAMINE,CHEMBL2095203,PROTEIN FAMILY,ENSG00000150594,ADRA2A,ANTAGONIST,inhibit,unknown,unknown,0.21032116470427323,0,0.1682569317634186,0.1682569317634186,"{""gwas_credible_sets"": 0.21032116470427323}"
CHEMBL753,PHENOXYBENZAMINE,CHEMBL2095203,PROTEIN FAMILY,ENSG00000170214,ADRA1B,ANTAGONIST,inhibit,unknown,unknown,0,0.09759134661327273,0.019518269322654547,0.019518269322654547,"{""expression_atlas"": 0.09759134661327273}"
CHEMBL753,PHENOXYBENZAMINE,CHEMBL2095203,PROTEIN FAMILY,ENSG00000171873,ADRA1D,ANTAGONIST,inhibit,unknown,unknown,0,0.025814812794334265,0.005162962558866853,0.005162962558866853,"{""expression_atlas"": 0.025814812794334265}"
CHEMBL753,PHENOXYBENZAMINE,CHEMBL2095203,PROTEIN FAMILY,ENSG00000184160,ADRA2C,ANTAGONIST,inhibit,unknown,unknown,0,0.010920894429482362,0.0021841788858964722,0.0021841788858964722,"{""expression_atlas"": 0.010920894429482362}"
CHEMBL75435,DEXKETOPROFEN,CHEMBL2094253,PROTEIN FAMILY,ENSG00000073756,PTGS2,INHIBITOR,inhibit,unknown,unknown,0,0.400648993476229,0.08012979869524581,0.08012979869524581,"{""expression_atlas"": 0.400648993476229}"
CHEMBL75435,DEXKETOPROFEN,CHEMBL2094253,PROTEIN FAMILY,ENSG00000095303,PTGS1,INHIBITOR,inhibit,unknown,unknown,0,0,0.0,0.0,{}
CHEMBL761,NAPHAZOLINE,CHEMBL2095203,PROTEIN FAMILY,ENSG00000150594,ADRA2A,AGONIST,activate,unknown,unknown,0.21032116470427323,0,0.1682569317634186,0.1682569317634186,"{""gwas_credible_sets"": 0.21032116470427323}"
CHEMBL761,NAPHAZOLINE,CHEMBL2095203,PROTEIN FAMILY,ENSG00000170214,ADRA1B,AGONIST,activate,unknown,unknown,0,0.09759134661327273,0.019518269322654547,0.019518269322654547,"{""expression_atlas"": 0.09759134661327273}"
CHEMBL761,NAPHAZOLINE,CHEMBL2095203,PROTEIN FAMILY,ENSG00000171873,ADRA1D,AGONIST,activate,unknown,unknown,0,0.025814812794334265,0.005162962558866853,0.005162962558866853,"{""expression_atlas"": 0.025814812794334265}"
CHEMBL761,NAPHAZOLINE,CHEMBL2095203,PROTEIN FAMILY,ENSG00000184160,ADRA2C,AGONIST,activate,unknown,unknown,0,0.010920894429482362,0.0021841788858964722,0.0021841788858964722,"{""expression_atlas"": 0.010920894429482362}"
CHEMBL762,OXYMETAZOLINE,CHEMBL2095203,PROTEIN FAMILY,ENSG00000150594,ADRA2A,AGONIST,activate,unknown,unknown,0.21032116470427323,0,0.1682569317634186,0.1682569317634186,"{""gwas_credible_sets"": 0.21032116470427323}"
CHEMBL762,OXYMETAZOLINE,CHEMBL2095203,PROTEIN FAMILY,ENSG00000170214,ADRA1B,AGONIST,activate,unknown,unknown,0,0.09759134661327273,0.019518269322654547,0.019518269322654547,"{""expression_atlas"": 0.09759134661327273}"
CHEMBL762,OXYMETAZOLINE,CHEMBL2095203,PROTEIN FAMILY,ENSG00000171873,ADRA1D,AGONIST,activate,unknown,unknown,0,0.025814812794334265,0.005162962558866853,0.005162962558866853,"{""expression_atlas"": 0.025814812794334265}"
CHEMBL762,OXYMETAZOLINE,CHEMBL2095203,PROTEIN FAMILY,ENSG00000184160,ADRA2C,AGONIST,activate,unknown,unknown,0,0.010920894429482362,0.0021841788858964722,0.0021841788858964722,"{""expression_atlas"": 0.010920894429482362}"
CHEMBL765,GUANETHIDINE,CHEMBL222,SINGLE PROTEIN,ENSG00000103546,SLC6A2,SUBSTRATE,unknown,unknown,unknown,0,0,0.0,0.0,{}
CHEMBL766,CILASTATIN,CHEMBL1989,SINGLE PROTEIN,ENSG00000015413,DPEP1,INHIBITOR,inhibit,unknown,unknown,0,0.35478804572468897,0.0709576091449378,0.0709576091449378,"{""expression_atlas"": 0.35478804572468897}"
CHEMBL770,TOLAZOLINE,CHEMBL1941,SINGLE PROTEIN,ENSG00000113749,HRH2,AGONIST,activate,unknown,unknown,0,0.024422109132747515,0.004884421826549503,0.004884421826549503,"{""expression_atlas"": 0.024422109132747515}"
CHEMBL770,TOLAZOLINE,CHEMBL2095203,PROTEIN FAMILY,ENSG00000150594,ADRA2A,ANTAGONIST,inhibit,unknown,unknown,0.21032116470427323,0,0.1682569317634186,0.1682569317634186,"{""gwas_credible_sets"": 0.21032116470427323}"
CHEMBL770,TOLAZOLINE,CHEMBL2095203,PROTEIN FAMILY,ENSG00000170214,ADRA1B,ANTAGONIST,inhibit,unknown,unknown,0,0.09759134661327273,0.019518269322654547,0.019518269322654547,"{""expression_atlas"": 0.09759134661327273}"
CHEMBL770,TOLAZOLINE,CHEMBL2095203,PROTEIN FAMILY,ENSG00000171873,ADRA1D,ANTAGONIST,inhibit,unknown,unknown,0,0.025814812794334265,0.005162962558866853,0.005162962558866853,"{""expression_atlas"": 0.025814812794334265}"
CHEMBL770,TOLAZOLINE,CHEMBL2095203,PROTEIN FAMILY,ENSG00000184160,ADRA2C,ANTAGONIST,inhibit,unknown,unknown,0,0.010920894429482362,0.0021841788858964722,0.0021841788858964722,"{""expression_atlas"": 0.010920894429482362}"
CHEMBL770,TOLAZOLINE,CHEMBL231,SINGLE PROTEIN,ENSG00000196639,HRH1,AGONIST,activate,unknown,unknown,0,0,0.0,0.0,{}
CHEMBL778,DEXMEDETOMIDINE,CHEMBL2095158,PROTEIN FAMILY,ENSG00000150594,ADRA2A,AGONIST,activate,unknown,unknown,0.21032116470427323,0,0.1682569317634186,0.1682569317634186,"{""gwas_credible_sets"": 0.21032116470427323}"
CHEMBL778,DEXMEDETOMIDINE,CHEMBL2095158,PROTEIN FAMILY,ENSG00000184160,ADRA2C,AGONIST,activate,unknown,unknown,0,0.010920894429482362,0.0021841788858964722,0.0021841788858964722,"{""expression_atlas"": 0.010920894429482362}"
CHEMBL781,MAZINDOL,CHEMBL2363064,PROTEIN FAMILY,ENSG00000103546,SLC6A2,INHIBITOR,inhibit,unknown,unknown,0,0,0.0,0.0,{}
CHEMBL781,MAZINDOL,CHEMBL2363064,PROTEIN FAMILY,ENSG00000108576,SLC6A4,INHIBITOR,inhibit,unknown,unknown,0,0.4642014225773055,0.09284028451546111,0.09284028451546111,"{""expression_atlas"": 0.4642014225773055}"
CHEMBL781,MAZINDOL,CHEMBL2363064,PROTEIN FAMILY,ENSG00000142319,SLC6A3,INHIBITOR,inhibit,unknown,unknown,0,0,0.0,0.0,{}
CHEMBL79,LIDOCAINE,CHEMBL2331043,PROTEIN FAMILY,ENSG00000007314,SCN4A,BLOCKER,inhibit,unknown,unknown,0,0.01623682440230527,0.003247364880461054,0.003247364880461054,"{""expression_atlas"": 0.01623682440230527}"
CHEMBL79,LIDOCAINE,CHEMBL2331043,PROTEIN FAMILY,ENSG00000136546,SCN7A,BLOCKER,inhibit,unknown,unknown,0,0.01258407039414361,0.0025168140788287222,0.0025168140788287222,"{""expression_atlas"": 0.01258407039414361}"
CHEMBL79,LIDOCAINE,CHEMBL2331043,PROTEIN FAMILY,ENSG00000144285,SCN1A,BLOCKER,inhibit,unknown,unknown,0,0,0.0,0.0,{}
CHEMBL79,LIDOCAINE,CHEMBL2331043,PROTEIN FAMILY,ENSG00000169432,SCN9A,BLOCKER,inhibit,unknown,unknown,0,0,0.0,0.0,{}
CHEMBL79,LIDOCAINE,CHEMBL2331043,PROTEIN FAMILY,ENSG00000183873,SCN5A,BLOCKER,inhibit,unknown,unknown,0,0,0.0,0.0,{}
CHEMBL79,LIDOCAINE,CHEMBL2331043,PROTEIN FAMILY,ENSG00000185313,SCN10A,BLOCKER,inhibit,unknown,unknown,0,0,0.0,0.0,{}
CHEMBL796,METHYLPHENIDATE,CHEMBL222,SINGLE PROTEIN,ENSG00000103546,SLC6A2,INHIBITOR,inhibit,unknown,unknown,0,0,0.0,0.0,{}
CHEMBL796,METHYLPHENIDATE,CHEMBL238,SINGLE PROTEIN,ENSG00000142319,SLC6A3,INHIBITOR,inhibit,unknown,unknown,0,0,0.0,0.0,{}
CHEMBL797,PHENSUXIMIDE,CHEMBL2362995,PROTEIN FAMILY,ENSG00000006283,CACNA1G,BLOCKER,inhibit,unknown,unknown,0,0,0.0,0.0,{}
CHEMBL797,PHENSUXIMIDE,CHEMBL2362995,PROTEIN FAMILY,ENSG00000100346,CACNA1I,BLOCKER,inhibit,unknown,unknown,0,0.029712047663247972,0.005942409532649595,0.005942409532649595,"{""expression_atlas"": 0.029712047663247972}"
CHEMBL797,PHENSUXIMIDE,CHEMBL2362995,PROTEIN FAMILY,ENSG00000196557,CACNA1H,BLOCKER,inhibit,unknown,unknown,0,0.00847900742166888,0.0016958014843337762,0.0016958014843337762,"{""expression_atlas"": 0.00847900742166888}"
CHEMBL80,NALOXONE,CHEMBL2095181,PROTEIN FAMILY,ENSG00000082556,OPRK1,ANTAGONIST,inhibit,unknown,unknown,0,0,0.0,0.0,{}
CHEMBL80,NALOXONE,CHEMBL2095181,PROTEIN FAMILY,ENSG00000112038,OPRM1,ANTAGONIST,inhibit,unknown,unknown,0,0,0.0,0.0,{}
CHEMBL80,NALOXONE,CHEMBL2095181,PROTEIN FAMILY,ENSG00000116329,OPRD1,ANTAGONIST,inhibit,unknown,unknown,0,0,0.0,0.0,{}
CHEMBL802,MINOXIDIL,CHEMBL2095198,PROTEIN COMPLEX,ENSG00000069431,ABCC9,OPENER,unknown,unknown,unknown,0,0.014911028619994713,0.0029822057239989428,0.0029822057239989428,"{""expression_atlas"": 0.014911028619994713}"
CHEMBL803,CYTARABINE,CHEMBL2363042,PROTEIN FAMILY,ENSG00000014138,POLA2,INHIBITOR,inhibit,unknown,unknown,0,0,0.0,0.0,{}
CHEMBL803,CYTARABINE,CHEMBL2363042,PROTEIN FAMILY,ENSG00000062822,POLD1,INHIBITOR,inhibit,unknown,unknown,0,0,0.0,0.0,{}
CHEMBL803,CYTARABINE,CHEMBL2363042,PROTEIN FAMILY,ENSG00000077514,POLD3,INHIBITOR,inhibit,unknown,unknown,0,0,0.0,0.0,{}
CHEMBL803,CYTARABINE,CHEMBL2363042,PROTEIN FAMILY,ENSG00000100479,POLE2,INHIBITOR,inhibit,unknown,unknown,0,0,0.0,0.0,{}
CHEMBL803,CYTARABINE,CHEMBL2363042,PROTEIN FAMILY,ENSG00000101868,POLA1,INHIBITOR,inhibit,unknown,unknown,0,0,0.0,0.0,{}
CHEMBL803,CYTARABINE,CHEMBL2363042,PROTEIN FAMILY,ENSG00000106628,POLD2,INHIBITOR,inhibit,unknown,unknown,0,0,0.0,0.0,{}
CHEMBL803,CYTARABINE,CHEMBL2363042,PROTEIN FAMILY,ENSG00000146143,PRIM2,INHIBITOR,inhibit,unknown,unknown,0,0,0.0,0.0,{}
CHEMBL803,CYTARABINE,CHEMBL2363042,PROTEIN FAMILY,ENSG00000148229,POLE3,INHIBITOR,inhibit,unknown,unknown,0,0,0.0,0.0,{}
CHEMBL803,CYTARABINE,CHEMBL2363042,PROTEIN FAMILY,ENSG00000175482,POLD4,INHIBITOR,inhibit,unknown,unknown,0,0,0.0,0.0,{}
CHEMBL803,CYTARABINE,CHEMBL2363042,PROTEIN FAMILY,ENSG00000177084,POLE,INHIBITOR,inhibit,unknown,unknown,0,0,0.0,0.0,{}
CHEMBL803,CYTARABINE,CHEMBL2363042,PROTEIN FAMILY,ENSG00000198056,PRIM1,INHIBITOR,inhibit,unknown,unknown,0,0,0.0,0.0,{}
CHEMBL806,FLUTAMIDE,CHEMBL1871,SINGLE PROTEIN,ENSG00000169083,AR,ANTAGONIST,inhibit,unknown,unknown,0,0,0.0,0.0,{}
CHEMBL807,MEMANTINE,CHEMBL2094124,PROTEIN COMPLEX GROUP,ENSG00000105464,GRIN2D,NEGATIVE ALLOSTERIC MODULATOR,inhibit,unknown,unknown,0,0.015691053476461433,0.0031382106952922866,0.0031382106952922866,"{""expression_atlas"": 0.015691053476461433}"
CHEMBL807,MEMANTINE,CHEMBL2094124,PROTEIN COMPLEX GROUP,ENSG00000183454,GRIN2A,NEGATIVE ALLOSTERIC MODULATOR,inhibit,unknown,unknown,0,0,0.0,0.0,{}
CHEMBL807,MEMANTINE,CHEMBL2094124,PROTEIN COMPLEX GROUP,ENSG00000198785,GRIN3A,NEGATIVE ALLOSTERIC MODULATOR,inhibit,unknown,unknown,0,0.14858657226381564,0.029717314452763127,0.029717314452763127,"{""expression_atlas"": 0.14858657226381564}"
CHEMBL809,SERTRALINE,CHEMBL228,SINGLE PROTEIN,ENSG00000108576,SLC6A4,INHIBITOR,inhibit,unknown,unknown,0,0.4642014225773055,0.09284028451546111,0.09284028451546111,"{""expression_atlas"": 0.4642014225773055}"
CHEMBL81,RALOXIFENE,CHEMBL206,SINGLE PROTEIN,ENSG00000091831,ESR1,MODULATOR,unknown,unknown,unknown,0,0.013323775689022817,0.0026647551378045638,0.0026647551378045638,"{""expression_atlas"": 0.013323775689022817}"
CHEMBL81,RALOXIFENE,CHEMBL242,SINGLE PROTEIN,ENSG00000140009,ESR2,MODULATOR,unknown,unknown,unknown,0,0,0.0,0.0,{}
CHEMBL811,BROMPHENIRAMINE,CHEMBL231,SINGLE PROTEIN,ENSG00000196639,HRH1,ANTAGONIST,inhibit,unknown,unknown,0,0,0.0,0.0,{}
CHEMBL813,EPROSARTAN,CHEMBL227,SINGLE PROTEIN,ENSG00000144891,AGTR1,ANTAGONIST,inhibit,unknown,unknown,0,0,0.0,0.0,{}
CHEMBL814,FLUVOXAMINE,CHEMBL228,SINGLE PROTEIN,ENSG00000108576,SLC6A4,INHIBITOR,inhibit,unknown,unknown,0,0.4642014225773055,0.09284028451546111,0.09284028451546111,"{""expression_atlas"": 0.4642014225773055}"
CHEMBL818,IOBENGUANE,CHEMBL222,SINGLE PROTEIN,ENSG00000103546,SLC6A2,SUBSTRATE,unknown,unknown,unknown,0,0,0.0,0.0,{}
CHEMBL821,GUANIDINE,CHEMBL2362996,PROTEIN FAMILY,ENSG00000026559,KCNG1,BLOCKER,inhibit,unknown,unknown,0,0.017522828085875297,0.0035045656171750596,0.0035045656171750596,"{""expression_atlas"": 0.017522828085875297}"
CHEMBL821,GUANIDINE,CHEMBL2362996,PROTEIN FAMILY,ENSG00000053918,KCNQ1,BLOCKER,inhibit,unknown,unknown,0,0,0.0,0.0,{}
CHEMBL821,GUANIDINE,CHEMBL2362996,PROTEIN FAMILY,ENSG00000055118,KCNH2,BLOCKER,inhibit,unknown,unknown,0,0.015594533276521935,0.003118906655304387,0.003118906655304387,"{""expression_atlas"": 0.015594533276521935}"
CHEMBL821,GUANIDINE,CHEMBL2362996,PROTEIN FAMILY,ENSG00000075043,KCNQ2,BLOCKER,inhibit,unknown,unknown,0,0.013758427023746538,0.0027516854047493077,0.0027516854047493077,"{""expression_atlas"": 0.013758427023746538}"
CHEMBL821,GUANIDINE,CHEMBL2362996,PROTEIN FAMILY,ENSG00000111262,KCNA1,BLOCKER,inhibit,unknown,unknown,0,0.03817849238977843,0.007635698477955687,0.007635698477955687,"{""expression_atlas"": 0.03817849238977843}"
CHEMBL821,GUANIDINE,CHEMBL2362996,PROTEIN FAMILY,ENSG00000130037,KCNA5,BLOCKER,inhibit,unknown,unknown,0,0.02962478407296534,0.005924956814593069,0.005924956814593069,"{""expression_atlas"": 0.02962478407296534}"
CHEMBL821,GUANIDINE,CHEMBL2362996,PROTEIN FAMILY,ENSG00000140015,KCNH5,BLOCKER,inhibit,unknown,unknown,0,0.01717523527887343,0.0034350470557746858,0.0034350470557746858,"{""expression_atlas"": 0.01717523527887343}"
CHEMBL821,GUANIDINE,CHEMBL2362996,PROTEIN FAMILY,ENSG00000158445,KCNB1,BLOCKER,inhibit,unknown,unknown,0,0.014474002085345572,0.002894800417069115,0.002894800417069115,"{""expression_atlas"": 0.014474002085345572}"
CHEMBL821,GUANIDINE,CHEMBL2362996,PROTEIN FAMILY,ENSG00000171126,KCNG3,BLOCKER,inhibit,unknown,unknown,0,0.1047278216821682,0.02094556433643364,0.02094556433643364,"{""expression_atlas"": 0.1047278216821682}"
CHEMBL821,GUANIDINE,CHEMBL2362996,PROTEIN FAMILY,ENSG00000171385,KCND3,BLOCKER,inhibit,unknown,unknown,0,0.13525129515281267,0.027050259030562535,0.027050259030562535,"{""expression_atlas"": 0.13525129515281267}"
CHEMBL821,GUANIDINE,CHEMBL2362996,PROTEIN FAMILY,ENSG00000173826,KCNH6,BLOCKER,inhibit,unknown,unknown,0,0.31817882817453275,0.06363576563490655,0.06363576563490655,"{""expression_atlas"": 0.31817882817453275}"
CHEMBL821,GUANIDINE,CHEMBL2362996,PROTEIN FAMILY,ENSG00000177272,KCNA3,BLOCKER,inhibit,unknown,unknown,0,0,0.0,0.0,{}
CHEMBL821,GUANIDINE,CHEMBL2362996,PROTEIN FAMILY,ENSG00000178342,KCNG2,BLOCKER,inhibit,unknown,unknown,0.032902173017417165,0,0.026321738413933732,0.026321738413933732,"{""gwas_credible_sets"": 0.032902173017417165}"
CHEMBL821,GUANIDINE,CHEMBL2362996,PROTEIN FAMILY,ENSG00000183960,KCNH8,BLOCKER,inhibit,unknown,unknown,0.5963435315821193,0,0.47707482526569545,0.47707482526569545,"{""gwas_credible_sets"": 0.5963435315821193}"
CHEMBL821,GUANIDINE,CHEMBL2362996,PROTEIN FAMILY,ENSG00000184611,KCNH7,BLOCKER,inhibit,unknown,unknown,0,0.070296702226346,0.0140593404452692,0.0140593404452692,"{""expression_atlas"": 0.070296702226346}"
CHEMBL827,DEXMETHYLPHENIDATE,CHEMBL222,SINGLE PROTEIN,ENSG00000103546,SLC6A2,INHIBITOR,inhibit,unknown,unknown,0,0,0.0,0.0,{}
CHEMBL827,DEXMETHYLPHENIDATE,CHEMBL238,SINGLE PROTEIN,ENSG00000142319,SLC6A3,INHIBITOR,inhibit,unknown,unknown,0,0,0.0,0.0,{}
CHEMBL829,METHYLPROMAZINE,CHEMBL231,SINGLE PROTEIN,ENSG00000196639,HRH1,ANTAGONIST,inhibit,unknown,unknown,0,0,0.0,0.0,{}
CHEMBL83,TAMOXIFEN,CHEMBL206,SINGLE PROTEIN,ENSG00000091831,ESR1,MODULATOR,unknown,unknown,unknown,0,0.013323775689022817,0.0026647551378045638,0.0026647551378045638,"{""expression_atlas"": 0.013323775689022817}"
CHEMBL830,EFLORNITHINE,CHEMBL1869,SINGLE PROTEIN,ENSG00000115758,ODC1,INHIBITOR,inhibit,unknown,unknown,0,0,0.0,0.0,{}
CHEMBL83063,RITODRINE,CHEMBL210,SINGLE PROTEIN,ENSG00000169252,ADRB2,AGONIST,activate,unknown,unknown,0,0,0.0,0.0,{}
CHEMBL831,LOXAPINE,CHEMBL2331075,PROTEIN FAMILY,ENSG00000149295,DRD2,ANTAGONIST,inhibit,unknown,unknown,0,0,0.0,0.0,{}
CHEMBL834,PAMIDRONIC ACID,CHEMBL1782,SINGLE PROTEIN,ENSG00000160752,FDPS,INHIBITOR,inhibit,unknown,unknown,0.09220896409440398,0,0.07376717127552318,0.07376717127552318,"{""gwas_credible_sets"": 0.09220896409440398}"
CHEMBL836,TAMSULOSIN,CHEMBL2094251,PROTEIN FAMILY,ENSG00000170214,ADRA1B,ANTAGONIST,inhibit,unknown,unknown,0,0.09759134661327273,0.019518269322654547,0.019518269322654547,"{""expression_atlas"": 0.09759134661327273}"
CHEMBL836,TAMSULOSIN,CHEMBL2094251,PROTEIN FAMILY,ENSG00000171873,ADRA1D,ANTAGONIST,inhibit,unknown,unknown,0,0.025814812794334265,0.005162962558866853,0.005162962558866853,"{""expression_atlas"": 0.025814812794334265}"
CHEMBL838,BENAZEPRIL,CHEMBL1808,SINGLE PROTEIN,ENSG00000159640,ACE,INHIBITOR,inhibit,unknown,unknown,0,0.23801930305604319,0.04760386061120864,0.04760386061120864,"{""expression_atlas"": 0.23801930305604319}"
CHEMBL839,CARTEOLOL,CHEMBL2094118,PROTEIN FAMILY,ENSG00000043591,ADRB1,ANTAGONIST,inhibit,unknown,unknown,0,0.11496556182539755,0.02299311236507951,0.02299311236507951,"{""expression_atlas"": 0.11496556182539755}"
CHEMBL839,CARTEOLOL,CHEMBL2094118,PROTEIN FAMILY,ENSG00000169252,ADRB2,ANTAGONIST,inhibit,unknown,unknown,0,0,0.0,0.0,{}
CHEMBL841,LOPERAMIDE,CHEMBL233,SINGLE PROTEIN,ENSG00000112038,OPRM1,AGONIST,activate,unknown,unknown,0,0,0.0,0.0,{}
CHEMBL842,CHLOROTHIAZIDE,CHEMBL1876,SINGLE PROTEIN,ENSG00000070915,SLC12A3,INHIBITOR,inhibit,unknown,unknown,0,0,0.0,0.0,{}
CHEMBL844,BRIMONIDINE,CHEMBL2095158,PROTEIN FAMILY,ENSG00000150594,ADRA2A,AGONIST,activate,unknown,unknown,0.21032116470427323,0,0.1682569317634186,0.1682569317634186,"{""gwas_credible_sets"": 0.21032116470427323}"
CHEMBL844,BRIMONIDINE,CHEMBL2095158,PROTEIN FAMILY,ENSG00000184160,ADRA2C,AGONIST,activate,unknown,unknown,0,0.010920894429482362,0.0021841788858964722,0.0021841788858964722,"{""expression_atlas"": 0.010920894429482362}"
CHEMBL846,CALCITRIOL,CHEMBL1977,SINGLE PROTEIN,ENSG00000111424,VDR,AGONIST,activate,unknown,unknown,0,0,0.0,0.0,{}
CHEMBL848,LENALIDOMIDE,CHEMBL3833061,PROTEIN COMPLEX,ENSG00000100387,RBX1,INHIBITOR,inhibit,unknown,unknown,0,0,0.0,0.0,{}
CHEMBL848,LENALIDOMIDE,CHEMBL3833061,PROTEIN COMPLEX,ENSG00000100387,RBX1,MODULATOR,unknown,unknown,unknown,0,0,0.0,0.0,{}
CHEMBL848,LENALIDOMIDE,CHEMBL3833061,PROTEIN COMPLEX,ENSG00000113851,CRBN,INHIBITOR,inhibit,unknown,unknown,0,0,0.0,0.0,{}
CHEMBL848,LENALIDOMIDE,CHEMBL3833061,PROTEIN COMPLEX,ENSG00000113851,CRBN,MODULATOR,unknown,unknown,unknown,0,0,0.0,0.0,{}
CHEMBL848,LENALIDOMIDE,CHEMBL3833061,PROTEIN COMPLEX,ENSG00000139842,CUL4A,INHIBITOR,inhibit,unknown,unknown,0,0,0.0,0.0,{}
CHEMBL848,LENALIDOMIDE,CHEMBL3833061,PROTEIN COMPLEX,ENSG00000139842,CUL4A,MODULATOR,unknown,unknown,unknown,0,0,0.0,0.0,{}
CHEMBL848,LENALIDOMIDE,CHEMBL3833061,PROTEIN COMPLEX,ENSG00000167986,DDB1,INHIBITOR,inhibit,unknown,unknown,0,0,0.0,0.0,{}
CHEMBL848,LENALIDOMIDE,CHEMBL3833061,PROTEIN COMPLEX,ENSG00000167986,DDB1,MODULATOR,unknown,unknown,unknown,0,0,0.0,0.0,{}
CHEMBL85,RISPERIDONE,CHEMBL217,SINGLE PROTEIN,ENSG00000149295,DRD2,ANTAGONIST,inhibit,unknown,unknown,0,0,0.0,0.0,{}
CHEMBL855,TRIPROLIDINE,CHEMBL231,SINGLE PROTEIN,ENSG00000196639,HRH1,ANTAGONIST,inhibit,unknown,unknown,0,0,0.0,0.0,{}
CHEMBL856,PRIMIDONE,CHEMBL2331043,PROTEIN FAMILY,ENSG00000007314,SCN4A,BLOCKER,inhibit,unknown,unknown,0,0.01623682440230527,0.003247364880461054,0.003247364880461054,"{""expression_atlas"": 0.01623682440230527}"
CHEMBL856,PRIMIDONE,CHEMBL2093872,PROTEIN COMPLEX GROUP,ENSG00000094755,GABRP,POSITIVE ALLOSTERIC MODULATOR,activate,unknown,unknown,0,0.07106524621438697,0.014213049242877394,0.014213049242877394,"{""expression_atlas"": 0.07106524621438697}"
CHEMBL856,PRIMIDONE,CHEMBL2093872,PROTEIN COMPLEX GROUP,ENSG00000102287,GABRE,POSITIVE ALLOSTERIC MODULATOR,activate,unknown,unknown,0,0.01300725293757502,0.002601450587515004,0.002601450587515004,"{""expression_atlas"": 0.01300725293757502}"
CHEMBL856,PRIMIDONE,CHEMBL2093872,PROTEIN COMPLEX GROUP,ENSG00000109158,GABRA4,POSITIVE ALLOSTERIC MODULATOR,activate,unknown,unknown,0,0.040567960282186954,0.00811359205643739,0.00811359205643739,"{""expression_atlas"": 0.040567960282186954}"
CHEMBL856,PRIMIDONE,CHEMBL2331043,PROTEIN FAMILY,ENSG00000136546,SCN7A,BLOCKER,inhibit,unknown,unknown,0,0.01258407039414361,0.0025168140788287222,0.0025168140788287222,"{""expression_atlas"": 0.01258407039414361}"
CHEMBL856,PRIMIDONE,CHEMBL2331043,PROTEIN FAMILY,ENSG00000144285,SCN1A,BLOCKER,inhibit,unknown,unknown,0,0,0.0,0.0,{}
CHEMBL856,PRIMIDONE,CHEMBL2093872,PROTEIN COMPLEX GROUP,ENSG00000145864,GABRB2,POSITIVE ALLOSTERIC MODULATOR,activate,unknown,unknown,0,0.014994345937037634,0.002998869187407527,0.002998869187407527,"{""expression_atlas"": 0.014994345937037634}"
CHEMBL856,PRIMIDONE,CHEMBL2093872,PROTEIN COMPLEX GROUP,ENSG00000151834,GABRA2,POSITIVE ALLOSTERIC MODULATOR,activate,unknown,unknown,0,0.0646883705632426,0.01293767411264852,0.01293767411264852,"{""expression_atlas"": 0.0646883705632426}"
CHEMBL856,PRIMIDONE,CHEMBL2093872,PROTEIN COMPLEX GROUP,ENSG00000163285,GABRG1,POSITIVE ALLOSTERIC MODULATOR,activate,unknown,unknown,0,0.06503253540618377,0.013006507081236754,0.013006507081236754,"{""expression_atlas"": 0.06503253540618377}"
CHEMBL856,PRIMIDONE,CHEMBL2331043,PROTEIN FAMILY,ENSG00000169432,SCN9A,BLOCKER,inhibit,unknown,unknown,0,0,0.0,0.0,{}
CHEMBL856,PRIMIDONE,CHEMBL2331043,PROTEIN FAMILY,ENSG00000183873,SCN5A,BLOCKER,inhibit,unknown,unknown,0,0,0.0,0.0,{}
CHEMBL856,PRIMIDONE,CHEMBL2331043,PROTEIN FAMILY,ENSG00000185313,SCN10A,BLOCKER,inhibit,unknown,unknown,0,0,0.0,0.0,{}
CHEMBL856,PRIMIDONE,CHEMBL2093872,PROTEIN COMPLEX GROUP,ENSG00000186297,GABRA5,POSITIVE ALLOSTERIC MODULATOR,activate,unknown,unknown,0,0.04015022406741467,0.008030044813482934,0.008030044813482934,"{""expression_atlas"": 0.04015022406741467}"
CHEMBL86,METOCLOPRAMIDE,CHEMBL217,SINGLE PROTEIN,ENSG00000149295,DRD2,ANTAGONIST,inhibit,unknown,unknown,0,0,0.0,0.0,{}
CHEMBL86,METOCLOPRAMIDE,CHEMBL1875,SINGLE PROTEIN,ENSG00000164270,HTR4,AGONIST,activate,unknown,unknown,0,0.06548481832691538,0.013096963665383078,0.013096963665383078,"{""expression_atlas"": 0.06548481832691538}"
CHEMBL86,METOCLOPRAMIDE,CHEMBL1899,SINGLE PROTEIN,ENSG00000166736,HTR3A,ANTAGONIST,inhibit,unknown,unknown,0,0.04201014873138331,0.008402029746276662,0.008402029746276662,"{""expression_atlas"": 0.04201014873138331}"
CHEMBL861,MEPHENYTOIN,CHEMBL2331043,PROTEIN FAMILY,ENSG00000007314,SCN4A,BLOCKER,inhibit,unknown,unknown,0,0.01623682440230527,0.003247364880461054,0.003247364880461054,"{""expression_atlas"": 0.01623682440230527}"
CHEMBL861,MEPHENYTOIN,CHEMBL2331043,PROTEIN FAMILY,ENSG00000136546,SCN7A,BLOCKER,inhibit,unknown,unknown,0,0.01258407039414361,0.0025168140788287222,0.0025168140788287222,"{""expression_atlas"": 0.01258407039414361}"
CHEMBL861,MEPHENYTOIN,CHEMBL2331043,PROTEIN FAMILY,ENSG00000144285,SCN1A,BLOCKER,inhibit,unknown,unknown,0,0,0.0,0.0,{}
CHEMBL861,MEPHENYTOIN,CHEMBL2331043,PROTEIN FAMILY,ENSG00000169432,SCN9A,BLOCKER,inhibit,unknown,unknown,0,0,0.0,0.0,{}
CHEMBL861,MEPHENYTOIN,CHEMBL2331043,PROTEIN FAMILY,ENSG00000183873,SCN5A,BLOCKER,inhibit,unknown,unknown,0,0,0.0,0.0,{}
CHEMBL861,MEPHENYTOIN,CHEMBL2331043,PROTEIN FAMILY,ENSG00000185313,SCN10A,BLOCKER,inhibit,unknown,unknown,0,0,0.0,0.0,{}
CHEMBL862,GUANFACINE,CHEMBL2095158,PROTEIN FAMILY,ENSG00000150594,ADRA2A,AGONIST,activate,unknown,unknown,0.21032116470427323,0,0.1682569317634186,0.1682569317634186,"{""gwas_credible_sets"": 0.21032116470427323}"
CHEMBL862,GUANFACINE,CHEMBL2095158,PROTEIN FAMILY,ENSG00000184160,ADRA2C,AGONIST,activate,unknown,unknown,0,0.010920894429482362,0.0021841788858964722,0.0021841788858964722,"{""expression_atlas"": 0.010920894429482362}"
CHEMBL86304,MOCLOBEMIDE,CHEMBL1951,SINGLE PROTEIN,ENSG00000189221,MAOA,INHIBITOR,inhibit,unknown,unknown,0,0.012838890830001837,0.0025677781660003677,0.0025677781660003677,"{""expression_atlas"": 0.012838890830001837}"
CHEMBL864,CARBINOXAMINE,CHEMBL231,SINGLE PROTEIN,ENSG00000196639,HRH1,ANTAGONIST,inhibit,unknown,unknown,0,0,0.0,0.0,{}
CHEMBL866,MYCOPHENOLIC ACID,CHEMBL2111369,PROTEIN FAMILY,ENSG00000106348,IMPDH1,INHIBITOR,inhibit,unknown,unknown,0,0,0.0,0.0,{}
CHEMBL866,MYCOPHENOLIC ACID,CHEMBL2111369,PROTEIN FAMILY,ENSG00000178035,IMPDH2,INHIBITOR,inhibit,unknown,unknown,0,0,0.0,0.0,{}
CHEMBL870,ALENDRONIC ACID,CHEMBL1782,SINGLE PROTEIN,ENSG00000160752,FDPS,INHIBITOR,inhibit,unknown,unknown,0.09220896409440398,0,0.07376717127552318,0.07376717127552318,"{""gwas_credible_sets"": 0.09220896409440398}"
CHEMBL877,TRANEXAMIC ACID,CHEMBL1801,SINGLE PROTEIN,ENSG00000122194,PLG,INHIBITOR,inhibit,unknown,unknown,0,0,0.0,0.0,{}
CHEMBL878,METOLAZONE,CHEMBL1876,SINGLE PROTEIN,ENSG00000070915,SLC12A3,INHIBITOR,inhibit,unknown,unknown,0,0,0.0,0.0,{}
CHEMBL87992,ESLICARBAZEPINE ACETATE,CHEMBL2331043,PROTEIN FAMILY,ENSG00000007314,SCN4A,BLOCKER,inhibit,unknown,unknown,0,0.01623682440230527,0.003247364880461054,0.003247364880461054,"{""expression_atlas"": 0.01623682440230527}"
CHEMBL87992,ESLICARBAZEPINE ACETATE,CHEMBL2331043,PROTEIN FAMILY,ENSG00000136546,SCN7A,BLOCKER,inhibit,unknown,unknown,0,0.01258407039414361,0.0025168140788287222,0.0025168140788287222,"{""expression_atlas"": 0.01258407039414361}"
CHEMBL87992,ESLICARBAZEPINE ACETATE,CHEMBL2331043,PROTEIN FAMILY,ENSG00000144285,SCN1A,BLOCKER,inhibit,unknown,unknown,0,0,0.0,0.0,{}
CHEMBL87992,ESLICARBAZEPINE ACETATE,CHEMBL2331043,PROTEIN FAMILY,ENSG00000169432,SCN9A,BLOCKER,inhibit,unknown,unknown,0,0,0.0,0.0,{}
CHEMBL87992,ESLICARBAZEPINE ACETATE,CHEMBL2331043,PROTEIN FAMILY,ENSG00000183873,SCN5A,BLOCKER,inhibit,unknown,unknown,0,0,0.0,0.0,{}
CHEMBL87992,ESLICARBAZEPINE ACETATE,CHEMBL2331043,PROTEIN FAMILY,ENSG00000185313,SCN10A,BLOCKER,inhibit,unknown,unknown,0,0,0.0,0.0,{}
CHEMBL887,RASAGILINE,CHEMBL2039,SINGLE PROTEIN,ENSG00000069535,MAOB,INHIBITOR,inhibit,unknown,unknown,0,0.28078552500326326,0.05615710500065266,0.05615710500065266,"{""expression_atlas"": 0.28078552500326326}"
CHEMBL888,GEMCITABINE,CHEMBL2363042,PROTEIN FAMILY,ENSG00000014138,POLA2,INHIBITOR,inhibit,unknown,unknown,0,0,0.0,0.0,{}
CHEMBL888,GEMCITABINE,CHEMBL2095215,PROTEIN COMPLEX GROUP,ENSG00000048392,RRM2B,INHIBITOR,inhibit,unknown,unknown,0,0,0.0,0.0,{}
CHEMBL888,GEMCITABINE,CHEMBL2363042,PROTEIN FAMILY,ENSG00000062822,POLD1,INHIBITOR,inhibit,unknown,unknown,0,0,0.0,0.0,{}
CHEMBL888,GEMCITABINE,CHEMBL2363042,PROTEIN FAMILY,ENSG00000077514,POLD3,INHIBITOR,inhibit,unknown,unknown,0,0,0.0,0.0,{}
CHEMBL888,GEMCITABINE,CHEMBL2363042,PROTEIN FAMILY,ENSG00000100479,POLE2,INHIBITOR,inhibit,unknown,unknown,0,0,0.0,0.0,{}
CHEMBL888,GEMCITABINE,CHEMBL2363042,PROTEIN FAMILY,ENSG00000101868,POLA1,INHIBITOR,inhibit,unknown,unknown,0,0,0.0,0.0,{}
CHEMBL888,GEMCITABINE,CHEMBL2363042,PROTEIN FAMILY,ENSG00000106628,POLD2,INHIBITOR,inhibit,unknown,unknown,0,0,0.0,0.0,{}
CHEMBL888,GEMCITABINE,CHEMBL2363042,PROTEIN FAMILY,ENSG00000146143,PRIM2,INHIBITOR,inhibit,unknown,unknown,0,0,0.0,0.0,{}
CHEMBL888,GEMCITABINE,CHEMBL2363042,PROTEIN FAMILY,ENSG00000148229,POLE3,INHIBITOR,inhibit,unknown,unknown,0,0,0.0,0.0,{}
CHEMBL888,GEMCITABINE,CHEMBL2095215,PROTEIN COMPLEX GROUP,ENSG00000167325,RRM1,INHIBITOR,inhibit,unknown,unknown,0,0,0.0,0.0,{}
CHEMBL888,GEMCITABINE,CHEMBL2095215,PROTEIN COMPLEX GROUP,ENSG00000171848,RRM2,INHIBITOR,inhibit,unknown,unknown,0,0.0232370895742308,0.004647417914846161,0.004647417914846161,"{""expression_atlas"": 0.0232370895742308}"
CHEMBL888,GEMCITABINE,CHEMBL2363042,PROTEIN FAMILY,ENSG00000175482,POLD4,INHIBITOR,inhibit,unknown,unknown,0,0,0.0,0.0,{}
CHEMBL888,GEMCITABINE,CHEMBL2363042,PROTEIN FAMILY,ENSG00000177084,POLE,INHIBITOR,inhibit,unknown,unknown,0,0,0.0,0.0,{}
CHEMBL888,GEMCITABINE,CHEMBL2363042,PROTEIN FAMILY,ENSG00000198056,PRIM1,INHIBITOR,inhibit,unknown,unknown,0,0,0.0,0.0,{}
CHEMBL894,BUPROPION,CHEMBL222,SINGLE PROTEIN,ENSG00000103546,SLC6A2,INHIBITOR,inhibit,unknown,unknown,0,0,0.0,0.0,{}
CHEMBL894,BUPROPION,CHEMBL238,SINGLE PROTEIN,ENSG00000142319,SLC6A3,INHIBITOR,inhibit,unknown,unknown,0,0,0.0,0.0,{}
CHEMBL895,NALBUPHINE,CHEMBL2095181,PROTEIN FAMILY,ENSG00000082556,OPRK1,AGONIST,activate,unknown,unknown,0,0,0.0,0.0,{}
CHEMBL895,NALBUPHINE,CHEMBL2095181,PROTEIN FAMILY,ENSG00000112038,OPRM1,AGONIST,activate,unknown,unknown,0,0,0.0,0.0,{}
CHEMBL895,NALBUPHINE,CHEMBL2095181,PROTEIN FAMILY,ENSG00000116329,OPRD1,AGONIST,activate,unknown,unknown,0,0,0.0,0.0,{}
CHEMBL896,HYDROXYZINE,CHEMBL231,SINGLE PROTEIN,ENSG00000196639,HRH1,ANTAGONIST,inhibit,unknown,unknown,0,0,0.0,0.0,{}
CHEMBL898,DIFLUNISAL,CHEMBL2094253,PROTEIN FAMILY,ENSG00000073756,PTGS2,INHIBITOR,inhibit,unknown,unknown,0,0.400648993476229,0.08012979869524581,0.08012979869524581,"{""expression_atlas"": 0.400648993476229}"
CHEMBL898,DIFLUNISAL,CHEMBL2094253,PROTEIN FAMILY,ENSG00000095303,PTGS1,INHIBITOR,inhibit,unknown,unknown,0,0,0.0,0.0,{}
CHEMBL90,HISTAMINE,CHEMBL231,SINGLE PROTEIN,ENSG00000196639,HRH1,AGONIST,activate,unknown,unknown,0,0,0.0,0.0,{}
CHEMBL900,ORPHENADRINE,CHEMBL2331043,PROTEIN FAMILY,ENSG00000007314,SCN4A,BLOCKER,inhibit,unknown,unknown,0,0.01623682440230527,0.003247364880461054,0.003247364880461054,"{""expression_atlas"": 0.01623682440230527}"
CHEMBL900,ORPHENADRINE,CHEMBL222,SINGLE PROTEIN,ENSG00000103546,SLC6A2,INHIBITOR,inhibit,unknown,unknown,0,0,0.0,0.0,{}
CHEMBL900,ORPHENADRINE,CHEMBL2094124,PROTEIN COMPLEX GROUP,ENSG00000105464,GRIN2D,ANTAGONIST,inhibit,unknown,unknown,0,0.015691053476461433,0.0031382106952922866,0.0031382106952922866,"{""expression_atlas"": 0.015691053476461433}"
CHEMBL900,ORPHENADRINE,CHEMBL2331043,PROTEIN FAMILY,ENSG00000136546,SCN7A,BLOCKER,inhibit,unknown,unknown,0,0.01258407039414361,0.0025168140788287222,0.0025168140788287222,"{""expression_atlas"": 0.01258407039414361}"
CHEMBL900,ORPHENADRINE,CHEMBL2331043,PROTEIN FAMILY,ENSG00000144285,SCN1A,BLOCKER,inhibit,unknown,unknown,0,0,0.0,0.0,{}
CHEMBL900,ORPHENADRINE,CHEMBL2331043,PROTEIN FAMILY,ENSG00000169432,SCN9A,BLOCKER,inhibit,unknown,unknown,0,0,0.0,0.0,{}
CHEMBL900,ORPHENADRINE,CHEMBL2094124,PROTEIN COMPLEX GROUP,ENSG00000183454,GRIN2A,ANTAGONIST,inhibit,unknown,unknown,0,0,0.0,0.0,{}
CHEMBL900,ORPHENADRINE,CHEMBL2331043,PROTEIN FAMILY,ENSG00000183873,SCN5A,BLOCKER,inhibit,unknown,unknown,0,0,0.0,0.0,{}
CHEMBL900,ORPHENADRINE,CHEMBL2331043,PROTEIN FAMILY,ENSG00000185313,SCN10A,BLOCKER,inhibit,unknown,unknown,0,0,0.0,0.0,{}
CHEMBL900,ORPHENADRINE,CHEMBL231,SINGLE PROTEIN,ENSG00000196639,HRH1,ANTAGONIST,inhibit,unknown,unknown,0,0,0.0,0.0,{}
CHEMBL900,ORPHENADRINE,CHEMBL2094124,PROTEIN COMPLEX GROUP,ENSG00000198785,GRIN3A,ANTAGONIST,inhibit,unknown,unknown,0,0.14858657226381564,0.029717314452763127,0.029717314452763127,"{""expression_atlas"": 0.14858657226381564}"
CHEMBL902,FAMOTIDINE,CHEMBL1941,SINGLE PROTEIN,ENSG00000113749,HRH2,ANTAGONIST,inhibit,unknown,unknown,0,0.024422109132747515,0.004884421826549503,0.004884421826549503,"{""expression_atlas"": 0.024422109132747515}"
CHEMBL905,RIZATRIPTAN,CHEMBL1898,SINGLE PROTEIN,ENSG00000135312,HTR1B,AGONIST,activate,unknown,unknown,0,0.0715539711095912,0.014310794221918242,0.014310794221918242,"{""expression_atlas"": 0.0715539711095912}"
CHEMBL905,RIZATRIPTAN,CHEMBL1983,SINGLE PROTEIN,ENSG00000179546,HTR1D,AGONIST,activate,unknown,unknown,0,0.27833393839812215,0.055666787679624435,0.055666787679624435,"{""expression_atlas"": 0.27833393839812215}"
CHEMBL90555,VINCRISTINE,CHEMBL2095182,PROTEIN COMPLEX GROUP,ENSG00000137285,TUBB2B,INHIBITOR,inhibit,unknown,unknown,0,0.015263210426171842,0.0030526420852343686,0.0030526420852343686,"{""expression_atlas"": 0.015263210426171842}"
CHEMBL90555,VINCRISTINE,CHEMBL2095182,PROTEIN COMPLEX GROUP,ENSG00000176014,TUBB6,INHIBITOR,inhibit,unknown,unknown,0,0.009412066797331744,0.001882413359466349,0.001882413359466349,"{""expression_atlas"": 0.009412066797331744}"
CHEMBL90555,VINCRISTINE,CHEMBL2095182,PROTEIN COMPLEX GROUP,ENSG00000258947,TUBB3,INHIBITOR,inhibit,unknown,unknown,0,0,0.0,0.0,{}
CHEMBL908,CHLORPROTHIXENE,CHEMBL217,SINGLE PROTEIN,ENSG00000149295,DRD2,ANTAGONIST,inhibit,unknown,unknown,0,0,0.0,0.0,{}
CHEMBL91397,RUPATADINE,CHEMBL250,SINGLE PROTEIN,ENSG00000169403,PTAFR,ANTAGONIST,inhibit,unknown,unknown,0,0.11081714645291946,0.022163429290583892,0.022163429290583892,"{""expression_atlas"": 0.11081714645291946}"
CHEMBL91397,RUPATADINE,CHEMBL231,SINGLE PROTEIN,ENSG00000196639,HRH1,ANTAGONIST,inhibit,unknown,unknown,0,0,0.0,0.0,{}
CHEMBL914,FEXOFENADINE,CHEMBL231,SINGLE PROTEIN,ENSG00000196639,HRH1,ANTAGONIST,inhibit,unknown,unknown,0,0,0.0,0.0,{}
CHEMBL916,TIROFIBAN,CHEMBL2093869,PROTEIN COMPLEX,ENSG00000005961,ITGA2B,INHIBITOR,inhibit,unknown,unknown,0,0,0.0,0.0,{}
CHEMBL916,TIROFIBAN,CHEMBL2093869,PROTEIN COMPLEX,ENSG00000259207,ITGB3,INHIBITOR,inhibit,unknown,unknown,0,0,0.0,0.0,{}
CHEMBL917,FLOXURIDINE,CHEMBL1952,SINGLE PROTEIN,ENSG00000176890,TYMS,INHIBITOR,inhibit,unknown,unknown,0,0,0.0,0.0,{}
CHEMBL918,PHENACEMIDE,CHEMBL2331043,PROTEIN FAMILY,ENSG00000007314,SCN4A,BLOCKER,inhibit,unknown,unknown,0,0.01623682440230527,0.003247364880461054,0.003247364880461054,"{""expression_atlas"": 0.01623682440230527}"
CHEMBL918,PHENACEMIDE,CHEMBL2331043,PROTEIN FAMILY,ENSG00000136546,SCN7A,BLOCKER,inhibit,unknown,unknown,0,0.01258407039414361,0.0025168140788287222,0.0025168140788287222,"{""expression_atlas"": 0.01258407039414361}"
CHEMBL918,PHENACEMIDE,CHEMBL2331043,PROTEIN FAMILY,ENSG00000144285,SCN1A,BLOCKER,inhibit,unknown,unknown,0,0,0.0,0.0,{}
CHEMBL918,PHENACEMIDE,CHEMBL2331043,PROTEIN FAMILY,ENSG00000169432,SCN9A,BLOCKER,inhibit,unknown,unknown,0,0,0.0,0.0,{}
CHEMBL918,PHENACEMIDE,CHEMBL2331043,PROTEIN FAMILY,ENSG00000183873,SCN5A,BLOCKER,inhibit,unknown,unknown,0,0,0.0,0.0,{}
CHEMBL918,PHENACEMIDE,CHEMBL2331043,PROTEIN FAMILY,ENSG00000185313,SCN10A,BLOCKER,inhibit,unknown,unknown,0,0,0.0,0.0,{}
CHEMBL92,DOCETAXEL ANHYDROUS,CHEMBL2095182,PROTEIN COMPLEX GROUP,ENSG00000137285,TUBB2B,INHIBITOR,inhibit,unknown,unknown,0,0.015263210426171842,0.0030526420852343686,0.0030526420852343686,"{""expression_atlas"": 0.015263210426171842}"
CHEMBL92,DOCETAXEL ANHYDROUS,CHEMBL2095182,PROTEIN COMPLEX GROUP,ENSG00000137285,TUBB2B,STABILISER,unknown,unknown,unknown,0,0.015263210426171842,0.0030526420852343686,0.0030526420852343686,"{""expression_atlas"": 0.015263210426171842}"
CHEMBL92,DOCETAXEL ANHYDROUS,CHEMBL2095182,PROTEIN COMPLEX GROUP,ENSG00000176014,TUBB6,INHIBITOR,inhibit,unknown,unknown,0,0.009412066797331744,0.001882413359466349,0.001882413359466349,"{""expression_atlas"": 0.009412066797331744}"
CHEMBL92,DOCETAXEL ANHYDROUS,CHEMBL2095182,PROTEIN COMPLEX GROUP,ENSG00000176014,TUBB6,STABILISER,unknown,unknown,unknown,0,0.009412066797331744,0.001882413359466349,0.001882413359466349,"{""expression_atlas"": 0.009412066797331744}"
CHEMBL92,DOCETAXEL ANHYDROUS,CHEMBL2095182,PROTEIN COMPLEX GROUP,ENSG00000258947,TUBB3,INHIBITOR,inhibit,unknown,unknown,0,0,0.0,0.0,{}
CHEMBL92,DOCETAXEL ANHYDROUS,CHEMBL2095182,PROTEIN COMPLEX GROUP,ENSG00000258947,TUBB3,STABILISER,unknown,unknown,unknown,0,0,0.0,0.0,{}
CHEMBL923,RISEDRONIC ACID,CHEMBL1782,SINGLE PROTEIN,ENSG00000160752,FDPS,INHIBITOR,inhibit,unknown,unknown,0.09220896409440398,0,0.07376717127552318,0.07376717127552318,"{""gwas_credible_sets"": 0.09220896409440398}"
CHEMBL924,ZOLEDRONIC ACID ANHYDROUS,CHEMBL1782,SINGLE PROTEIN,ENSG00000160752,FDPS,INHIBITOR,inhibit,unknown,unknown,0.09220896409440398,0,0.07376717127552318,0.07376717127552318,"{""gwas_credible_sets"": 0.09220896409440398}"
CHEMBL92401,IPRONIAZID,CHEMBL2095205,PROTEIN FAMILY,ENSG00000069535,MAOB,INHIBITOR,inhibit,unknown,unknown,0,0.28078552500326326,0.05615710500065266,0.05615710500065266,"{""expression_atlas"": 0.28078552500326326}"
CHEMBL92401,IPRONIAZID,CHEMBL2095205,PROTEIN FAMILY,ENSG00000189221,MAOA,INHIBITOR,inhibit,unknown,unknown,0,0.012838890830001837,0.0025677781660003677,0.0025677781660003677,"{""expression_atlas"": 0.012838890830001837}"
CHEMBL926,DOBUTAMINE,CHEMBL213,SINGLE PROTEIN,ENSG00000043591,ADRB1,AGONIST,activate,unknown,unknown,0,0.11496556182539755,0.02299311236507951,0.02299311236507951,"{""expression_atlas"": 0.11496556182539755}"
CHEMBL926,DOBUTAMINE,CHEMBL210,SINGLE PROTEIN,ENSG00000169252,ADRB2,AGONIST,activate,unknown,unknown,0,0,0.0,0.0,{}
CHEMBL93,ZILEUTON,CHEMBL215,SINGLE PROTEIN,ENSG00000012779,ALOX5,INHIBITOR,inhibit,unknown,unknown,0,0,0.0,0.0,{}
CHEMBL931,HALOTHANE,CHEMBL2093872,PROTEIN COMPLEX GROUP,ENSG00000094755,GABRP,POSITIVE ALLOSTERIC MODULATOR,activate,unknown,unknown,0,0.07106524621438697,0.014213049242877394,0.014213049242877394,"{""expression_atlas"": 0.07106524621438697}"
CHEMBL931,HALOTHANE,CHEMBL2093872,PROTEIN COMPLEX GROUP,ENSG00000102287,GABRE,POSITIVE ALLOSTERIC MODULATOR,activate,unknown,unknown,0,0.01300725293757502,0.002601450587515004,0.002601450587515004,"{""expression_atlas"": 0.01300725293757502}"
CHEMBL931,HALOTHANE,CHEMBL2093872,PROTEIN COMPLEX GROUP,ENSG00000109158,GABRA4,POSITIVE ALLOSTERIC MODULATOR,activate,unknown,unknown,0,0.040567960282186954,0.00811359205643739,0.00811359205643739,"{""expression_atlas"": 0.040567960282186954}"
CHEMBL931,HALOTHANE,CHEMBL2363052,PROTEIN COMPLEX,ENSG00000109738,GLRB,POSITIVE MODULATOR,unknown,unknown,unknown,0,0.014527619390192446,0.0029055238780384893,0.0029055238780384893,"{""expression_atlas"": 0.014527619390192446}"
CHEMBL931,HALOTHANE,CHEMBL2093872,PROTEIN COMPLEX GROUP,ENSG00000145864,GABRB2,POSITIVE ALLOSTERIC MODULATOR,activate,unknown,unknown,0,0.014994345937037634,0.002998869187407527,0.002998869187407527,"{""expression_atlas"": 0.014994345937037634}"
CHEMBL931,HALOTHANE,CHEMBL2093872,PROTEIN COMPLEX GROUP,ENSG00000151834,GABRA2,POSITIVE ALLOSTERIC MODULATOR,activate,unknown,unknown,0,0.0646883705632426,0.01293767411264852,0.01293767411264852,"{""expression_atlas"": 0.0646883705632426}"
CHEMBL931,HALOTHANE,CHEMBL2093872,PROTEIN COMPLEX GROUP,ENSG00000163285,GABRG1,POSITIVE ALLOSTERIC MODULATOR,activate,unknown,unknown,0,0.06503253540618377,0.013006507081236754,0.013006507081236754,"{""expression_atlas"": 0.06503253540618377}"
CHEMBL931,HALOTHANE,CHEMBL2321614,SINGLE PROTEIN,ENSG00000169427,KCNK9,OPENER,unknown,unknown,unknown,0,0.04743036485608277,0.009486072971216555,0.009486072971216555,"{""expression_atlas"": 0.04743036485608277}"
CHEMBL931,HALOTHANE,CHEMBL2093872,PROTEIN COMPLEX GROUP,ENSG00000186297,GABRA5,POSITIVE ALLOSTERIC MODULATOR,activate,unknown,unknown,0,0.04015022406741467,0.008030044813482934,0.008030044813482934,"{""expression_atlas"": 0.04015022406741467}"
CHEMBL932,DIPYRIDAMOLE,CHEMBL2363066,PROTEIN FAMILY,ENSG00000065989,PDE4A,INHIBITOR,inhibit,unknown,unknown,0.23243057389068916,0,0.18594445911255134,0.18594445911255134,"{""gwas_credible_sets"": 0.23243057389068916}"
CHEMBL932,DIPYRIDAMOLE,CHEMBL2363066,PROTEIN FAMILY,ENSG00000073417,PDE8A,INHIBITOR,inhibit,unknown,unknown,0.313763514035714,0,0.2510108112285712,0.2510108112285712,"{""gwas_credible_sets"": 0.313763514035714}"
CHEMBL932,DIPYRIDAMOLE,CHEMBL2363066,PROTEIN FAMILY,ENSG00000105650,PDE4C,INHIBITOR,inhibit,unknown,unknown,0,0,0.0,0.0,{}
CHEMBL932,DIPYRIDAMOLE,CHEMBL2363066,PROTEIN FAMILY,ENSG00000112541,PDE10A,INHIBITOR,inhibit,unknown,unknown,0,0.0496526133472884,0.009930522669457681,0.009930522669457681,"{""expression_atlas"": 0.0496526133472884}"
CHEMBL932,DIPYRIDAMOLE,CHEMBL2363066,PROTEIN FAMILY,ENSG00000113448,PDE4D,INHIBITOR,inhibit,unknown,unknown,0.03502364826196417,0.01635098289812564,0.03128911518919646,0.03128911518919646,"{""gwas_credible_sets"": 0.03502364826196417, ""expression_atlas"": 0.01635098289812564}"
CHEMBL932,DIPYRIDAMOLE,CHEMBL2363066,PROTEIN FAMILY,ENSG00000115252,PDE1A,INHIBITOR,inhibit,unknown,unknown,0,0,0.0,0.0,{}
CHEMBL932,DIPYRIDAMOLE,CHEMBL2363066,PROTEIN FAMILY,ENSG00000132915,PDE6A,INHIBITOR,inhibit,unknown,unknown,0,0.11639883979172974,0.02327976795834595,0.02327976795834595,"{""expression_atlas"": 0.11639883979172974}"
CHEMBL932,DIPYRIDAMOLE,CHEMBL2363066,PROTEIN FAMILY,ENSG00000184588,PDE4B,INHIBITOR,inhibit,unknown,unknown,0,0.11705336896939017,0.023410673793878036,0.023410673793878036,"{""expression_atlas"": 0.11705336896939017}"
CHEMBL938,SARALASIN,CHEMBL227,SINGLE PROTEIN,ENSG00000144891,AGTR1,ANTAGONIST,inhibit,unknown,unknown,0,0,0.0,0.0,{}
CHEMBL939,GEFITINIB,CHEMBL203,SINGLE PROTEIN,ENSG00000146648,EGFR,INHIBITOR,inhibit,unknown,unknown,0,0,0.0,0.0,{}
CHEMBL94,PHYSOSTIGMINE,CHEMBL220,SINGLE PROTEIN,ENSG00000087085,ACHE,INHIBITOR,inhibit,unknown,unknown,0,0.018881721104742892,0.0037763442209485785,0.0037763442209485785,"{""expression_atlas"": 0.018881721104742892}"
CHEMBL940,GABAPENTIN,CHEMBL2363032,PROTEIN COMPLEX GROUP,ENSG00000006283,CACNA1G,MODULATOR,unknown,unknown,unknown,0,0,0.0,0.0,{}
CHEMBL940,GABAPENTIN,CHEMBL2363032,PROTEIN COMPLEX GROUP,ENSG00000100346,CACNA1I,MODULATOR,unknown,unknown,unknown,0,0.029712047663247972,0.005942409532649595,0.005942409532649595,"{""expression_atlas"": 0.029712047663247972}"
CHEMBL940,GABAPENTIN,CHEMBL2363032,PROTEIN COMPLEX GROUP,ENSG00000148408,CACNA1B,MODULATOR,unknown,unknown,unknown,0,0,0.0,0.0,{}
CHEMBL940,GABAPENTIN,CHEMBL2363032,PROTEIN COMPLEX GROUP,ENSG00000151067,CACNA1C,MODULATOR,unknown,unknown,unknown,0,0.011880973060645644,0.002376194612129129,0.002376194612129129,"{""expression_atlas"": 0.011880973060645644}"
CHEMBL940,GABAPENTIN,CHEMBL2363032,PROTEIN COMPLEX GROUP,ENSG00000196557,CACNA1H,MODULATOR,unknown,unknown,unknown,0,0.00847900742166888,0.0016958014843337762,0.0016958014843337762,"{""expression_atlas"": 0.00847900742166888}"
CHEMBL940,GABAPENTIN,CHEMBL2363032,PROTEIN COMPLEX GROUP,ENSG00000198216,CACNA1E,MODULATOR,unknown,unknown,unknown,0,0.053099240597879786,0.010619848119575958,0.010619848119575958,"{""expression_atlas"": 0.053099240597879786}"
CHEMBL941,IMATINIB,CHEMBL1913,SINGLE PROTEIN,ENSG00000113721,PDGFRB,INHIBITOR,inhibit,unknown,unknown,0,0.03892155883564756,0.007784311767129512,0.007784311767129512,"{""expression_atlas"": 0.03892155883564756}"
CHEMBL941,IMATINIB,CHEMBL1936,SINGLE PROTEIN,ENSG00000157404,KIT,INHIBITOR,inhibit,unknown,unknown,0,0,0.0,0.0,{}
CHEMBL941,IMATINIB,CHEMBL2096618,CHIMERIC PROTEIN,ENSG00000186716,BCR,INHIBITOR,inhibit,unknown,unknown,0,0,0.0,0.0,{}
CHEMBL94454,MIZOLASTINE,CHEMBL231,SINGLE PROTEIN,ENSG00000196639,HRH1,ANTAGONIST,inhibit,unknown,unknown,0,0,0.0,0.0,{}
CHEMBL945,AMILORIDE,CHEMBL2107836,PROTEIN COMPLEX,ENSG00000111319,SCNN1A,BLOCKER,inhibit,unknown,unknown,0.13046159223057452,0.05868225136255876,0.11610572405697137,0.11610572405697137,"{""gwas_credible_sets"": 0.13046159223057452, ""expression_atlas"": 0.05868225136255876}"
CHEMBL945,AMILORIDE,CHEMBL2107836,PROTEIN COMPLEX,ENSG00000166828,SCNN1G,BLOCKER,inhibit,unknown,unknown,0,0.2736551993306968,0.054731039866139364,0.054731039866139364,"{""expression_atlas"": 0.2736551993306968}"
CHEMBL945,AMILORIDE,CHEMBL2107836,PROTEIN COMPLEX,ENSG00000168447,SCNN1B,BLOCKER,inhibit,unknown,unknown,0,0.34769856278720135,0.06953971255744028,0.06953971255744028,"{""expression_atlas"": 0.34769856278720135}"
CHEMBL946,AZATADINE,CHEMBL231,SINGLE PROTEIN,ENSG00000196639,HRH1,ANTAGONIST,inhibit,unknown,unknown,0,0,0.0,0.0,{}
CHEMBL95,TACRINE,CHEMBL2095233,SELECTIVITY GROUP,ENSG00000087085,ACHE,INHIBITOR,inhibit,unknown,unknown,0,0.018881721104742892,0.0037763442209485785,0.0037763442209485785,"{""expression_atlas"": 0.018881721104742892}"
CHEMBL95,TACRINE,CHEMBL2095233,SELECTIVITY GROUP,ENSG00000114200,BCHE,INHIBITOR,inhibit,unknown,unknown,0,0,0.0,0.0,{}
CHEMBL957,BOSENTAN,CHEMBL2096678,PROTEIN FAMILY,ENSG00000136160,EDNRB,ANTAGONIST,inhibit,unknown,unknown,0,0,0.0,0.0,{}
CHEMBL957,BOSENTAN,CHEMBL2096678,PROTEIN FAMILY,ENSG00000151617,EDNRA,ANTAGONIST,inhibit,unknown,unknown,0,0.14070996616165257,0.028141993232330517,0.028141993232330517,"{""expression_atlas"": 0.14070996616165257}"
CHEMBL960,LEFLUNOMIDE,CHEMBL1966,SINGLE PROTEIN,ENSG00000102967,DHODH,INHIBITOR,inhibit,unknown,unknown,0,0,0.0,0.0,{}
CHEMBL963,OXYMORPHONE,CHEMBL2095181,PROTEIN FAMILY,ENSG00000082556,OPRK1,AGONIST,activate,unknown,unknown,0,0,0.0,0.0,{}
CHEMBL963,OXYMORPHONE,CHEMBL2095181,PROTEIN FAMILY,ENSG00000112038,OPRM1,AGONIST,activate,unknown,unknown,0,0,0.0,0.0,{}
CHEMBL963,OXYMORPHONE,CHEMBL2095181,PROTEIN FAMILY,ENSG00000116329,OPRD1,AGONIST,activate,unknown,unknown,0,0,0.0,0.0,{}
CHEMBL964,DISULFIRAM,CHEMBL1935,SINGLE PROTEIN,ENSG00000111275,ALDH2,INHIBITOR,inhibit,unknown,unknown,0.051482224195421845,0,0.04118577935633748,0.04118577935633748,"{""gwas_credible_sets"": 0.051482224195421845}"
CHEMBL965,CARBAMOYLCHOLINE,CHEMBL245,SINGLE PROTEIN,ENSG00000133019,CHRM3,AGONIST,activate,unknown,unknown,0,0.04444900036943321,0.008889800073886641,0.008889800073886641,"{""expression_atlas"": 0.04444900036943321}"
CHEMBL967,TEMAZEPAM,CHEMBL2093872,PROTEIN COMPLEX GROUP,ENSG00000094755,GABRP,POSITIVE ALLOSTERIC MODULATOR,activate,unknown,unknown,0,0.07106524621438697,0.014213049242877394,0.014213049242877394,"{""expression_atlas"": 0.07106524621438697}"
CHEMBL967,TEMAZEPAM,CHEMBL2093872,PROTEIN COMPLEX GROUP,ENSG00000102287,GABRE,POSITIVE ALLOSTERIC MODULATOR,activate,unknown,unknown,0,0.01300725293757502,0.002601450587515004,0.002601450587515004,"{""expression_atlas"": 0.01300725293757502}"
CHEMBL967,TEMAZEPAM,CHEMBL2093872,PROTEIN COMPLEX GROUP,ENSG00000109158,GABRA4,POSITIVE ALLOSTERIC MODULATOR,activate,unknown,unknown,0,0.040567960282186954,0.00811359205643739,0.00811359205643739,"{""expression_atlas"": 0.040567960282186954}"
CHEMBL967,TEMAZEPAM,CHEMBL2093872,PROTEIN COMPLEX GROUP,ENSG00000145864,GABRB2,POSITIVE ALLOSTERIC MODULATOR,activate,unknown,unknown,0,0.014994345937037634,0.002998869187407527,0.002998869187407527,"{""expression_atlas"": 0.014994345937037634}"
CHEMBL967,TEMAZEPAM,CHEMBL2093872,PROTEIN COMPLEX GROUP,ENSG00000151834,GABRA2,POSITIVE ALLOSTERIC MODULATOR,activate,unknown,unknown,0,0.0646883705632426,0.01293767411264852,0.01293767411264852,"{""expression_atlas"": 0.0646883705632426}"
CHEMBL967,TEMAZEPAM,CHEMBL2093872,PROTEIN COMPLEX GROUP,ENSG00000163285,GABRG1,POSITIVE ALLOSTERIC MODULATOR,activate,unknown,unknown,0,0.06503253540618377,0.013006507081236754,0.013006507081236754,"{""expression_atlas"": 0.06503253540618377}"
CHEMBL967,TEMAZEPAM,CHEMBL2093872,PROTEIN COMPLEX GROUP,ENSG00000186297,GABRA5,POSITIVE ALLOSTERIC MODULATOR,activate,unknown,unknown,0,0.04015022406741467,0.008030044813482934,0.008030044813482934,"{""expression_atlas"": 0.04015022406741467}"
CHEMBL968,FLURAZEPAM,CHEMBL2093872,PROTEIN COMPLEX GROUP,ENSG00000094755,GABRP,POSITIVE ALLOSTERIC MODULATOR,activate,unknown,unknown,0,0.07106524621438697,0.014213049242877394,0.014213049242877394,"{""expression_atlas"": 0.07106524621438697}"
CHEMBL968,FLURAZEPAM,CHEMBL2093872,PROTEIN COMPLEX GROUP,ENSG00000102287,GABRE,POSITIVE ALLOSTERIC MODULATOR,activate,unknown,unknown,0,0.01300725293757502,0.002601450587515004,0.002601450587515004,"{""expression_atlas"": 0.01300725293757502}"
CHEMBL968,FLURAZEPAM,CHEMBL2093872,PROTEIN COMPLEX GROUP,ENSG00000109158,GABRA4,POSITIVE ALLOSTERIC MODULATOR,activate,unknown,unknown,0,0.040567960282186954,0.00811359205643739,0.00811359205643739,"{""expression_atlas"": 0.040567960282186954}"
CHEMBL968,FLURAZEPAM,CHEMBL2093872,PROTEIN COMPLEX GROUP,ENSG00000145864,GABRB2,POSITIVE ALLOSTERIC MODULATOR,activate,unknown,unknown,0,0.014994345937037634,0.002998869187407527,0.002998869187407527,"{""expression_atlas"": 0.014994345937037634}"
CHEMBL968,FLURAZEPAM,CHEMBL2093872,PROTEIN COMPLEX GROUP,ENSG00000151834,GABRA2,POSITIVE ALLOSTERIC MODULATOR,activate,unknown,unknown,0,0.0646883705632426,0.01293767411264852,0.01293767411264852,"{""expression_atlas"": 0.0646883705632426}"
CHEMBL968,FLURAZEPAM,CHEMBL2093872,PROTEIN COMPLEX GROUP,ENSG00000163285,GABRG1,POSITIVE ALLOSTERIC MODULATOR,activate,unknown,unknown,0,0.06503253540618377,0.013006507081236754,0.013006507081236754,"{""expression_atlas"": 0.06503253540618377}"
CHEMBL968,FLURAZEPAM,CHEMBL2093872,PROTEIN COMPLEX GROUP,ENSG00000186297,GABRA5,POSITIVE ALLOSTERIC MODULATOR,activate,unknown,unknown,0,0.04015022406741467,0.008030044813482934,0.008030044813482934,"{""expression_atlas"": 0.04015022406741467}"
CHEMBL969,PRAZEPAM,CHEMBL2093872,PROTEIN COMPLEX GROUP,ENSG00000094755,GABRP,POSITIVE ALLOSTERIC MODULATOR,activate,unknown,unknown,0,0.07106524621438697,0.014213049242877394,0.014213049242877394,"{""expression_atlas"": 0.07106524621438697}"
CHEMBL969,PRAZEPAM,CHEMBL2093872,PROTEIN COMPLEX GROUP,ENSG00000102287,GABRE,POSITIVE ALLOSTERIC MODULATOR,activate,unknown,unknown,0,0.01300725293757502,0.002601450587515004,0.002601450587515004,"{""expression_atlas"": 0.01300725293757502}"
CHEMBL969,PRAZEPAM,CHEMBL2093872,PROTEIN COMPLEX GROUP,ENSG00000109158,GABRA4,POSITIVE ALLOSTERIC MODULATOR,activate,unknown,unknown,0,0.040567960282186954,0.00811359205643739,0.00811359205643739,"{""expression_atlas"": 0.040567960282186954}"
CHEMBL969,PRAZEPAM,CHEMBL2093872,PROTEIN COMPLEX GROUP,ENSG00000145864,GABRB2,POSITIVE ALLOSTERIC MODULATOR,activate,unknown,unknown,0,0.014994345937037634,0.002998869187407527,0.002998869187407527,"{""expression_atlas"": 0.014994345937037634}"
CHEMBL969,PRAZEPAM,CHEMBL2093872,PROTEIN COMPLEX GROUP,ENSG00000151834,GABRA2,POSITIVE ALLOSTERIC MODULATOR,activate,unknown,unknown,0,0.0646883705632426,0.01293767411264852,0.01293767411264852,"{""expression_atlas"": 0.0646883705632426}"
CHEMBL969,PRAZEPAM,CHEMBL2093872,PROTEIN COMPLEX GROUP,ENSG00000163285,GABRG1,POSITIVE ALLOSTERIC MODULATOR,activate,unknown,unknown,0,0.06503253540618377,0.013006507081236754,0.013006507081236754,"{""expression_atlas"": 0.06503253540618377}"
CHEMBL969,PRAZEPAM,CHEMBL2093872,PROTEIN COMPLEX GROUP,ENSG00000186297,GABRA5,POSITIVE ALLOSTERIC MODULATOR,activate,unknown,unknown,0,0.04015022406741467,0.008030044813482934,0.008030044813482934,"{""expression_atlas"": 0.04015022406741467}"
CHEMBL970,HALAZEPAM,CHEMBL2093872,PROTEIN COMPLEX GROUP,ENSG00000094755,GABRP,POSITIVE ALLOSTERIC MODULATOR,activate,unknown,unknown,0,0.07106524621438697,0.014213049242877394,0.014213049242877394,"{""expression_atlas"": 0.07106524621438697}"
CHEMBL970,HALAZEPAM,CHEMBL2093872,PROTEIN COMPLEX GROUP,ENSG00000102287,GABRE,POSITIVE ALLOSTERIC MODULATOR,activate,unknown,unknown,0,0.01300725293757502,0.002601450587515004,0.002601450587515004,"{""expression_atlas"": 0.01300725293757502}"
CHEMBL970,HALAZEPAM,CHEMBL2093872,PROTEIN COMPLEX GROUP,ENSG00000109158,GABRA4,POSITIVE ALLOSTERIC MODULATOR,activate,unknown,unknown,0,0.040567960282186954,0.00811359205643739,0.00811359205643739,"{""expression_atlas"": 0.040567960282186954}"
CHEMBL970,HALAZEPAM,CHEMBL2093872,PROTEIN COMPLEX GROUP,ENSG00000145864,GABRB2,POSITIVE ALLOSTERIC MODULATOR,activate,unknown,unknown,0,0.014994345937037634,0.002998869187407527,0.002998869187407527,"{""expression_atlas"": 0.014994345937037634}"
CHEMBL970,HALAZEPAM,CHEMBL2093872,PROTEIN COMPLEX GROUP,ENSG00000151834,GABRA2,POSITIVE ALLOSTERIC MODULATOR,activate,unknown,unknown,0,0.0646883705632426,0.01293767411264852,0.01293767411264852,"{""expression_atlas"": 0.0646883705632426}"
CHEMBL970,HALAZEPAM,CHEMBL2093872,PROTEIN COMPLEX GROUP,ENSG00000163285,GABRG1,POSITIVE ALLOSTERIC MODULATOR,activate,unknown,unknown,0,0.06503253540618377,0.013006507081236754,0.013006507081236754,"{""expression_atlas"": 0.06503253540618377}"
CHEMBL970,HALAZEPAM,CHEMBL2093872,PROTEIN COMPLEX GROUP,ENSG00000186297,GABRA5,POSITIVE ALLOSTERIC MODULATOR,activate,unknown,unknown,0,0.04015022406741467,0.008030044813482934,0.008030044813482934,"{""expression_atlas"": 0.04015022406741467}"
CHEMBL972,SELEGILINE,CHEMBL2039,SINGLE PROTEIN,ENSG00000069535,MAOB,INHIBITOR,inhibit,unknown,unknown,0,0.28078552500326326,0.05615710500065266,0.05615710500065266,"{""expression_atlas"": 0.28078552500326326}"
CHEMBL973,TERIFLUNOMIDE,CHEMBL1966,SINGLE PROTEIN,ENSG00000102967,DHODH,INHIBITOR,inhibit,unknown,unknown,0,0,0.0,0.0,{}
CHEMBL977,HYDROCORTISONE HEMISUCCINATE ANHYDROUS,CHEMBL2034,SINGLE PROTEIN,ENSG00000113580,NR3C1,AGONIST,activate,unknown,unknown,0,0,0.0,0.0,{}
CHEMBL978,METHACHOLINE,CHEMBL245,SINGLE PROTEIN,ENSG00000133019,CHRM3,AGONIST,activate,unknown,unknown,0,0.04444900036943321,0.008889800073886641,0.008889800073886641,"{""expression_atlas"": 0.04444900036943321}"
CHEMBL98,VORINOSTAT,CHEMBL1865,SINGLE PROTEIN,ENSG00000094631,HDAC6,INHIBITOR,inhibit,unknown,unknown,0,0,0.0,0.0,{}
CHEMBL98,VORINOSTAT,CHEMBL325,SINGLE PROTEIN,ENSG00000116478,HDAC1,INHIBITOR,inhibit,unknown,unknown,0,0,0.0,0.0,{}
CHEMBL98,VORINOSTAT,CHEMBL1829,SINGLE PROTEIN,ENSG00000171720,HDAC3,INHIBITOR,inhibit,unknown,unknown,0,0,0.0,0.0,{}
CHEMBL98,VORINOSTAT,CHEMBL1937,SINGLE PROTEIN,ENSG00000196591,HDAC2,INHIBITOR,inhibit,unknown,unknown,0,0,0.0,0.0,{}
CHEMBL981,FENOFIBRIC ACID,CHEMBL239,SINGLE PROTEIN,ENSG00000186951,PPARA,AGONIST,activate,unknown,unknown,0,0,0.0,0.0,{}
CHEMBL982,NALMEFENE,CHEMBL237,SINGLE PROTEIN,ENSG00000082556,OPRK1,PARTIAL AGONIST,activate,unknown,unknown,0,0,0.0,0.0,{}
CHEMBL982,NALMEFENE,CHEMBL233,SINGLE PROTEIN,ENSG00000112038,OPRM1,ANTAGONIST,inhibit,unknown,unknown,0,0,0.0,0.0,{}
CHEMBL982,NALMEFENE,CHEMBL236,SINGLE PROTEIN,ENSG00000116329,OPRD1,ANTAGONIST,inhibit,unknown,unknown,0,0,0.0,0.0,{}
CHEMBL989,FLUOCINOLONE ACETONIDE,CHEMBL2034,SINGLE PROTEIN,ENSG00000113580,NR3C1,AGONIST,activate,unknown,unknown,0,0,0.0,0.0,{}
CHEMBL997,IBANDRONIC ACID,CHEMBL1782,SINGLE PROTEIN,ENSG00000160752,FDPS,INHIBITOR,inhibit,unknown,unknown,0.09220896409440398,0,0.07376717127552318,0.07376717127552318,"{""gwas_credible_sets"": 0.09220896409440398}"
CHEMBL998,LORATADINE,CHEMBL231,SINGLE PROTEIN,ENSG00000196639,HRH1,ANTAGONIST,inhibit,unknown,unknown,0,0,0.0,0.0,{}
CHEMBL99946,LEVOMILNACIPRAN,CHEMBL222,SINGLE PROTEIN,ENSG00000103546,SLC6A2,INHIBITOR,inhibit,unknown,unknown,0,0,0.0,0.0,{}
CHEMBL99946,LEVOMILNACIPRAN,CHEMBL228,SINGLE PROTEIN,ENSG00000108576,SLC6A4,INHIBITOR,inhibit,unknown,unknown,0,0.4642014225773055,0.09284028451546111,0.09284028451546111,"{""expression_atlas"": 0.4642014225773055}"
