evidence_id,source,gene_id,gene_symbol,disease_id,score,direction_on_target,direction_on_trait,therapeutic_direction,study_id,evidence_date
35af78baa764fed1417d4df5cf1ec3b5c9f37806,genomics_england,ENSG00000136634,IL10,MONDO_0005011,1,,,unknown,33,
819cfd4ec1d85e2943a203df318ea1b353016b67,genomics_england,ENSG00000132274,TRIM22,MONDO_0005011,1,,,unknown,111,2016-02-04
92d9b75f6f91fc43f6e23459b250f33cc7454428,gene_burden,ENSG00000167207,NOD2,MONDO_0005011,1,LoF,risk,activate,,2021-08-10
9cdd815e1aae87aacd6de7e04978b9b009047307,genomics_england,ENSG00000132274,TRIM22,MONDO_0005011,1,,,unknown,398,2016-02-04
c469764f8bc3153167d8241508c93a3fdb4fe124,genomics_england,ENSG00000168610,STAT3,MONDO_0005011,1,,,unknown,33,
7be9033d180f5490381d005abd7aef30bb9d6560,gwas_credible_sets,ENSG00000113302,IL12B,MONDO_0005011,0.9917599558830261,,,unknown,,2017-01-09
aa2ec20045a8a90c1656c32cb3223023b8895a24,gwas_credible_sets,ENSG00000113302,IL12B,MONDO_0005011,0.9909613728523254,,,unknown,,2008-06-29
8bd88dd4fabcff924c5b83adccdb4a623d175822,gwas_credible_sets,ENSG00000105397,TYK2,MONDO_0005011,0.9906042218208313,,,unknown,,2023-01-18
9ec05c00436527d13630b3a1cbcdc463bea8b07d,gwas_credible_sets,ENSG00000113302,IL12B,MONDO_0005011,0.987947404384613,,,unknown,,2010-11-21
94bc915fb9ef4383a88a7013fd6679f4802ff584,gwas_credible_sets,ENSG00000160712,IL6R,MONDO_0005011,0.9872100353240967,,,unknown,,2016-03-14
e4c65a4d429a4b2029f8d0f864c8c9f2d7637c41,gwas_credible_sets,ENSG00000168685,IL7R,MONDO_0005011,0.9871448874473572,,,unknown,,2023-01-18
9456e637c23603b24aed197e85b8d3a1f0e3a2e2,gwas_credible_sets,ENSG00000111252,SH2B3,MONDO_0005011,0.9864969849586487,,,unknown,,2016-03-14
c2b98dca0ef452ee3d1ec7813828bb862bd7773e,gwas_credible_sets,ENSG00000109758,HGFAC,MONDO_0005011,0.9861082434654236,,,unknown,,2023-05-08
14f02247775cd730207105efca9a61a83f6578c9,gwas_credible_sets,ENSG00000115232,ITGA4,MONDO_0005011,0.9860619902610779,,,unknown,,2017-01-09
bd0661a8fd3d183d072a5dd6431f1f212d8e1975,gwas_credible_sets,ENSG00000179583,CIITA,MONDO_0005011,0.9855124354362488,,,unknown,,2023-05-08
f96655fa2cf6f8a08bcf59e4c9badb8bc620259b,gwas_credible_sets,ENSG00000115232,ITGA4,MONDO_0005011,0.984952986240387,,,unknown,,2023-01-18
412e399053e40e142ababb10204fa35d53e8cd3b,gwas_credible_sets,ENSG00000013725,CD6,MONDO_0005011,0.9845437407493591,,,unknown,,2016-03-14
b0e78c696cb1c5783169dbfd3204d56d60180c86,gwas_credible_sets,ENSG00000101017,CD40,MONDO_0005011,0.9844294786453247,,,unknown,,2023-05-08
56c3d64ef0bc5ebf91e71b4ef3e253f9dd6b9f47,gwas_credible_sets,ENSG00000115232,ITGA4,MONDO_0005011,0.9843818545341492,,,unknown,,2023-05-08
9690e662c16a858a0ff9729b9bd6cc808c26a82e,gwas_credible_sets,ENSG00000101017,CD40,MONDO_0005011,0.9821186065673828,,,unknown,,2023-12-26
71af798f38d7234b3fa0742f5d47c72ee8671c27,gwas_credible_sets,ENSG00000113302,IL12B,MONDO_0005011,0.9815853834152222,,,unknown,,2023-01-18
eccdcdc3fc9ac8644315406e705c670cd1624f83,gwas_credible_sets,ENSG00000179630,LACC1,MONDO_0005011,0.9795424938201904,,,unknown,,2023-05-08
ecdfbbb63d9fe8a3ec615e866bc2dceaae7fc459,gwas_credible_sets,ENSG00000136634,IL10,MONDO_0005534,0.9790563583374023,,,unknown,,2023-01-18
62b781c77ccc9cae0e85e9e008961aeedd632279,gwas_credible_sets,ENSG00000106952,TNFSF8,MONDO_0005011,0.9784035682678223,,,unknown,,2023-01-18
45cafd3d97051268fd95c44ce48022e0d5da7a46,gwas_credible_sets,ENSG00000067182,TNFRSF1A,MONDO_0005011,0.976565420627594,,,unknown,,2016-03-14
ff2be18a262c38978003430037ec0cc3d6230413,gwas_credible_sets,ENSG00000109320,NFKB1,MONDO_0005011,0.9734562039375305,,,unknown,,2016-03-14
3e51f9da9f6c7abdb5543959e50e3e0accf11452,gwas_credible_sets,ENSG00000130203,APOE,MONDO_0005011,0.9728562831878662,,,unknown,,2023-01-18
a87a63b5a640279d914776235a2f7b4b65555fbc,gwas_credible_sets,ENSG00000136634,IL10,MONDO_0005011,0.9728338122367859,,,unknown,,2017-01-09
7bca1aa5a53ca1933396ef4046e84c46174599af,gwas_credible_sets,ENSG00000101017,CD40,MONDO_0005011,0.9690877795219421,,,unknown,,2016-03-14
56de8ca6d378501e79c1fc9dada8b40c71b7482f,gwas_credible_sets,ENSG00000162594,IL23R,MONDO_0005011,0.9675362706184387,,,unknown,,2023-05-08
0cfb2e7770d0ddf59ec357c3a8a85f3a9f2a028f,gwas_credible_sets,ENSG00000111252,SH2B3,MONDO_0005011,0.9667373299598694,,,unknown,,2023-01-18
666bceab3e981b405a97ff3c8bc13e0ebd642c9b,gwas_credible_sets,ENSG00000167207,NOD2,MONDO_0005011,0.9658989310264587,,,unknown,,2017-01-09
aa966ea7b2550d16bd11a562eb5ad1d740c0a187,gwas_credible_sets,ENSG00000167207,NOD2,MONDO_0005011,0.9658989310264587,,,unknown,,2023-05-08
bfca69d2f99e53f67044fb688fbd5f3a0bbf8711,gwas_credible_sets,ENSG00000162594,IL23R,MONDO_0005011,0.9655783772468567,,,unknown,,2017-01-09
c9d3f3ffd2bc59006d672d4355e40c58ff5e27bd,gwas_credible_sets,ENSG00000105397,TYK2,MONDO_0005011,0.9647854566574097,,,unknown,,2017-01-09
99039f5099589f23d28eba55aaa2955797a3bed3,gwas_credible_sets,ENSG00000136634,IL10,MONDO_0005011,0.9641055464744568,,,unknown,,2023-01-18
2646093a735f3ce915ccb03d49a8aa44a387a18f,gwas_credible_sets,ENSG00000105397,TYK2,MONDO_0005011,0.9625696539878845,,,unknown,,2010-11-21
77a94eef4403d0bccd0e05bd5d505f81cd16b192,gwas_credible_sets,ENSG00000162594,IL23R,MONDO_0005011,0.9618786573410034,,,unknown,,2013-07-14
00569a164fb68057a7dfc61c79aef880861d35f0,gwas_credible_sets,ENSG00000136634,IL10,MONDO_0005011,0.9607123732566833,,,unknown,,2023-05-08
0816762e8b7c69820913b69701b02b997909de3d,gwas_credible_sets,ENSG00000178623,GPR35,MONDO_0005011,0.9574835300445557,,,unknown,,2023-05-08
1af5fb9f20f411535c130f9fdba478473829b60c,gwas_credible_sets,ENSG00000136634,IL10,MONDO_0005011,0.9567994475364685,,,unknown,,2023-01-18
7a07b51bcb285a29581e460ebaac26a47b72ffec,gwas_credible_sets,ENSG00000160185,UBASH3A,MONDO_0005011,0.9549635648727417,,,unknown,,2016-03-14
b6d9f4a91b03c3794d42f865302c72d0aee3b630,gwas_credible_sets,ENSG00000075426,FOSL2,MONDO_0005011,0.9541825652122498,,,unknown,,2016-03-14
b5f9edbf42e6127f5dd773c616897ae3c51dac8f,gwas_credible_sets,ENSG00000162594,IL23R,MONDO_0005011,0.952394425868988,,,unknown,,2023-01-18
3a08894adf286212aa89e2640354611e5f2bab63,gwas_credible_sets,ENSG00000136634,IL10,MONDO_0005011,0.952341616153717,,,unknown,,2010-11-21
9f85f8a7109a1f9a1b6e1526316612b66639d42a,gwas_credible_sets,ENSG00000112182,BACH2,MONDO_0005011,0.9522789120674133,,,unknown,,2023-05-08
d249f311b9ba96df9ea4c9c56ec5119d1438bdd0,gwas_credible_sets,ENSG00000162594,IL23R,MONDO_0005011,0.9522043466567993,,,unknown,,2010-11-21
2a01482ed3a9d450eef33f50a3558ddc6542694b,gwas_credible_sets,ENSG00000162594,IL23R,MONDO_0005011,0.9515232443809509,,,unknown,,2021-10-18
6848202446b261159fa6589047a947e1bbe905ae,gwas_credible_sets,ENSG00000167207,NOD2,MONDO_0005011,0.9501588940620422,,,unknown,,2017-01-09
b72e45b0f22f498d13d521914403af7773f165b1,gwas_credible_sets,ENSG00000162594,IL23R,MONDO_0005011,0.9495856165885925,,,unknown,,2021-10-18
d7c211c7ff0463001d471c22fcac978dca117e47,gwas_credible_sets,ENSG00000162594,IL23R,MONDO_0005011,0.9495856165885925,,,unknown,,2021-10-18
f3faf9865df1da6adb2f7606e4c29c54ee13fbe4,gwas_credible_sets,ENSG00000162594,IL23R,MONDO_0005011,0.9495856165885925,,,unknown,,2021-10-18
64d8905af291148406d9f50b76df07a0f818e45a,gwas_credible_sets,ENSG00000167207,NOD2,MONDO_0005011,0.9492255449295044,,,unknown,,2023-05-23
11b6737570a5ed4e4ff8172d8c70479c5a4c7f4d,gwas_credible_sets,ENSG00000162594,IL23R,MONDO_0005011,0.9487916827201843,,,unknown,,2021-10-18
edee4c8c3527d58950a817f99fe0cb05a72bb8c2,gwas_credible_sets,ENSG00000162594,IL23R,MONDO_0005011,0.9487916827201843,,,unknown,,2025-08-06
9ad33d29d47beac2af536a8a072bea3f0e9c569a,gwas_credible_sets,ENSG00000167207,NOD2,MONDO_0005011,0.9486904144287109,,,unknown,,2025-01-09
79b5a223f3cfe2b9d4d8d5ff9fd6247aa6841c56,gwas_credible_sets,ENSG00000162594,IL23R,MONDO_0005011,0.9479575157165527,,,unknown,,2012-02-01
c154ba4206033bbb42686c717aaf271b0c7073dd,gwas_credible_sets,ENSG00000162594,IL23R,MONDO_0005011,0.946475625038147,,,unknown,,2023-01-18
fad23026e1ca311377956d5dba84d7478fae10db,gwas_credible_sets,ENSG00000165684,SNAPC4,MONDO_0005011,0.9460975527763367,,,unknown,,2023-05-08
75b3a295e856b000453698d855662977afb8cf80,gwas_credible_sets,ENSG00000181634,TNFSF15,MONDO_0005011,0.9447540044784546,,,unknown,,2016-03-14
e37dfc2a255f0aa67f9cf8fc7a17040211fa860b,gwas_credible_sets,ENSG00000178623,GPR35,MONDO_0005011,0.9438946843147278,,,unknown,,2016-03-14
2970fe376fa20608b056cb4b374d469c5be844dc,gwas_credible_sets,ENSG00000162594,IL23R,MONDO_0005011,0.9434612989425659,,,unknown,,2007-03-05
da500757ea575e7118a4873987007e8fcf9e04e7,gwas_credible_sets,ENSG00000178623,GPR35,MONDO_0005011,0.9434501528739929,,,unknown,,2023-01-18
0045e54f80d1b1a377972d9dcc281ed933dd442c,gwas_credible_sets,ENSG00000181634,TNFSF15,MONDO_0005011,0.9427998661994934,,,unknown,,2010-11-21
2026c705f08feb2856be7d423acae168930d127f,gwas_credible_sets,ENSG00000175164,ABO,MONDO_0005011,0.9423673152923584,,,unknown,,2023-05-08
05cf03e34d0e4a308702254832ac6d23dd19118a,gwas_credible_sets,ENSG00000162594,IL23R,MONDO_0005011,0.9413377642631531,,,unknown,,2012-03-08
4bd27fdd06d94de72ff3351e2a378feff76ce3e9,gwas_credible_sets,ENSG00000176920,FUT2,MONDO_0005011,0.9409351348876953,,,unknown,,2017-01-09
651e35403a02838ce635274bcbe5d17ca697e73c,gwas_credible_sets,ENSG00000153814,JAZF1,MONDO_0005011,0.9405474066734314,,,unknown,,2023-05-08
8a03adb736e27ff707a8a5eb49d54a81a221975f,gwas_credible_sets,ENSG00000167207,NOD2,MONDO_0005011,0.9404193162918091,,,unknown,,2025-01-09
b7c238e91b151219fc6ed4a8ab5183957c7a55cb,gwas_credible_sets,ENSG00000181634,TNFSF15,MONDO_0005011,0.9402689933776855,,,unknown,,2016-02-18
c6781ef54c78aad52a1779815ccc37893831b255,gwas_credible_sets,ENSG00000121281,ADCY7,MONDO_0005011,0.9396432638168335,,,unknown,,2023-01-18
e0ca1b217a183a95aeeb45dece0d12d7ca957f69,gwas_credible_sets,ENSG00000167207,NOD2,MONDO_0005011,0.9396215677261353,,,unknown,,2021-10-18
e5da5335fdff7be90079da4c68a3ed89dd558206,gwas_credible_sets,ENSG00000167207,NOD2,MONDO_0005011,0.9396215677261353,,,unknown,,2021-10-18
43b56f886185b6c186b1cb2673330daa92782dce,gwas_credible_sets,ENSG00000180871,CXCR2,MONDO_0005011,0.9392391443252563,,,unknown,,2016-03-14
eabeb3630d9d606bd439dd9c8de918f81bd381f9,gwas_credible_sets,ENSG00000181634,TNFSF15,MONDO_0005011,0.9374861121177673,,,unknown,,2017-01-09
e5d92504ef827b43d44803e4c90e1726703f36fa,gwas_credible_sets,ENSG00000162594,IL23R,MONDO_0005011,0.9371432065963745,,,unknown,,2012-08-30
c3400a789a8bd4b42d000026385b8d5f266f0c77,gwas_credible_sets,ENSG00000140030,GPR65,MONDO_0005011,0.9360424876213074,,,unknown,,2023-05-08
19bd67c7b1377ef2d01208ea2f1dab80dc28049e,gwas_credible_sets,ENSG00000176920,FUT2,MONDO_0005011,0.9354937672615051,,,unknown,,2012-11-01
c1ce70932f29d5021eed584e6f4ddc66f2ddea4a,gwas_credible_sets,ENSG00000175354,PTPN2,MONDO_0005011,0.9350053668022156,,,unknown,,2017-01-09
aa0ef1c98564f81818a4cb7db85f4e0054259699,gwas_credible_sets,ENSG00000162594,IL23R,MONDO_0005011,0.9347729086875916,,,unknown,,2017-01-09
978f3ed437eae22e6e453ae14d129da7148b927b,gwas_credible_sets,ENSG00000181634,TNFSF15,MONDO_0005011,0.9344255328178406,,,unknown,,2022-05-05
1769ed4cbd82b62ff8a93a8cffcc9856abba99e2,gwas_credible_sets,ENSG00000134242,PTPN22,MONDO_0005011,0.9342818856239319,,,unknown,,2016-03-14
6d851cf7b8648bc7f96a12c9378bfbdc903aee0b,gwas_credible_sets,ENSG00000134242,PTPN22,MONDO_0005011,0.9335334300994873,,,unknown,,2017-01-09
b5ce49021f95a90b4999dae09be6410ebef429e4,gwas_credible_sets,ENSG00000149289,ZC3H12C,MONDO_0005011,0.9323287010192871,,,unknown,,2016-03-14
b0e4b5f9a8c25656a0bec55ba7d72ef3981d9d9a,gwas_credible_sets,ENSG00000181634,TNFSF15,MONDO_0005011,0.9314484596252441,,,unknown,,2008-06-29
d8b0c77719266bfbf58c3ed8c7e9630630696cf2,gwas_credible_sets,ENSG00000197272,IL27,MONDO_0005011,0.9313339591026306,,,unknown,,2022-05-05
eced46a5413d8dbdbb7a66dcc4ccd9ad2d043c06,gwas_credible_sets,ENSG00000197272,IL27,MONDO_0005011,0.9313339591026306,,,unknown,,2023-07-31
ac132440e293ce9aeea447222a4cb9061767aefc,gwas_credible_sets,ENSG00000159128,IFNGR2,MONDO_0005011,0.930708110332489,,,unknown,,2023-05-08
bd0d4dbb57e35d210cae6a4b2c9d495f892cb607,gwas_credible_sets,ENSG00000150637,CD226,MONDO_0005011,0.9291241765022278,,,unknown,,2023-01-18
1890ba342fb3e14856c91906f507323ca7e155ec,gwas_credible_sets,ENSG00000112182,BACH2,MONDO_0005011,0.928968608379364,,,unknown,,2016-03-14
6f35fce7c2ed9bdd859646e4cd317416b95a2cbf,gwas_credible_sets,ENSG00000176920,FUT2,MONDO_0005011,0.928954541683197,,,unknown,,2016-03-14
fb9cbd0598a0622357f69f8cf4072878c8c7ca7d,gwas_credible_sets,ENSG00000167207,NOD2,MONDO_0005011,0.927282989025116,,,unknown,,2023-01-18
7ca18edf59f85665dadfca16035c6904af5039a4,gwas_credible_sets,ENSG00000100906,NFKBIA,MONDO_0005011,0.9263930916786194,,,unknown,,2023-05-08
16c3da6a967b87ceda73d68b36065c769b65f749,gwas_credible_sets,ENSG00000167207,NOD2,MONDO_0005011,0.9263712763786316,,,unknown,,2024-07-19
71cb143111b97898e177feef4c9e69fe6de1f240,gwas_credible_sets,ENSG00000162594,IL23R,MONDO_0005011,0.9263355731964111,,,unknown,,2025-01-09
36739a96bc9e7915145916a386286dcd39e5d5b3,gwas_credible_sets,ENSG00000196498,NCOR2,MONDO_0005011,0.9261979460716248,,,unknown,,2022-09-26
7f4b37aefc1f2085954f1a67ed23513a44904b64,gwas_credible_sets,ENSG00000136869,TLR4,MONDO_0005011,0.9261436462402344,,,unknown,,2016-03-14
4a2e0ef8396c77af759e87e6162862a35062ffd2,gwas_credible_sets,ENSG00000054983,GALC,MONDO_0005011,0.925998330116272,,,unknown,,2023-05-08
598b71616041aba3f24126bf0989c41dd4eb5a01,gwas_credible_sets,ENSG00000178623,GPR35,MONDO_0005011,0.9254648685455322,,,unknown,,2023-05-08
f7ef3316932d749138e92ff616f568be98fe8bdd,gwas_credible_sets,ENSG00000178623,GPR35,MONDO_0005011,0.9245989322662354,,,unknown,,2023-05-08
f23b8981d5e1878adc629c537f279a6795d2da80,gwas_credible_sets,ENSG00000167207,NOD2,MONDO_0005011,0.9242430329322815,,,unknown,,2026-02-09
5ea589a8d067b529a6193910b981087613a1dcae,gwas_credible_sets,ENSG00000167208,SNX20,MONDO_0005011,0.9239322543144226,,,unknown,,2016-12-23
a92f3c266948a8d431334926b8fd458ed61e5f65,gwas_credible_sets,ENSG00000181634,TNFSF15,MONDO_0005011,0.9229015111923218,,,unknown,,2022-05-05
d7605e4931014632dc87bdda8e1f664c2776ff43,gwas_credible_sets,ENSG00000100906,NFKBIA,MONDO_0005011,0.9228070974349976,,,unknown,,2023-05-08
6b605ca901bb156629350cacb48b847693f6fae3,gwas_credible_sets,ENSG00000167207,NOD2,MONDO_0005011,0.9219620227813721,,,unknown,,2023-01-18
9a706962d3c39304aec243e3991f951ad5170dbf,gwas_credible_sets,ENSG00000167207,NOD2,MONDO_0005011,0.9219620227813721,,,unknown,,2023-01-18
d314abdb0d5dceaa6c10ddff5dd06b0396d4eb54,gwas_credible_sets,ENSG00000167207,NOD2,MONDO_0005539,0.9219620227813721,,,unknown,,2023-01-18
2d70c33bcbb4ba9d70ef9cf012f65e3d50922c36,gwas_credible_sets,ENSG00000136634,IL10,MONDO_0005011,0.9215648174285889,,,unknown,,2016-03-14
d2096b070d0040739383805b8a9acc694a4e24ae,gwas_credible_sets,ENSG00000153814,JAZF1,MONDO_0005011,0.9212573170661926,,,unknown,,2023-05-08
153bdbb45b3aba2fea56ff2749844e312749f965,gwas_credible_sets,ENSG00000170324,FRMPD2,MONDO_0005011,0.9209448099136353,,,unknown,,2023-05-08
ce24c9f456a815ec02f0c07e66007cd50b4f245a,gwas_credible_sets,ENSG00000166949,SMAD3,MONDO_0005011,0.9209120273590088,,,unknown,,2010-11-21
32326113ea28345df8121ba40199a8877184e6b8,eva,ENSG00000167207,NOD2,MONDO_0005011,0.92,,risk,unknown,RCV002512788,2023-02-07
32a94d18b13b5e379b316a91df3baf76070b7dfe,eva,ENSG00000167207,NOD2,MONDO_0005011,0.92,,risk,unknown,RCV003764528,2024-02-28
39c545e96809b0005cea9c4e79d80bcf97770cf1,eva,ENSG00000167207,NOD2,MONDO_0005011,0.92,,risk,unknown,RCV002512785,2023-02-07
416b7fdac06a931b0d0a9d64a65b7a3db8d05c9f,eva,ENSG00000167207,NOD2,MONDO_0005011,0.92,,risk,unknown,RCV002512784,2023-02-07
55907b04df14fd7d97e02c94632391deff09a388,eva,ENSG00000167207,NOD2,MONDO_0005011,0.92,,risk,unknown,RCV002513872,2023-02-07
563fcfc61f5e101a6c7f7e21bb8446fa14545c8e,eva,ENSG00000167207,NOD2,MONDO_0005011,0.92,LoF,,unknown,RCV002512781,2023-02-07
7b3096456f7397f4d5fcc867b870834c78f46069,eva,ENSG00000167207,NOD2,MONDO_0005011,0.92,,risk,unknown,RCV003780084,2024-02-28
97a23cf79ac15be4d3163b41d5a401667dd52986,eva,ENSG00000167207,NOD2,MONDO_0005011,0.92,,risk,unknown,RCV002513874,2023-02-07
b4163940622a0e5b07ecfcf36169d9592da20343,eva,ENSG00000167207,NOD2,MONDO_0005011,0.92,,,unknown,RCV002512783,2023-02-07
cedbb2a89ef496a7688f3e66602c57e3b56ccc81,eva,ENSG00000167207,NOD2,MONDO_0005011,0.92,,risk,unknown,RCV002514475,2023-02-07
dc54ecda421d5bc290e43bb43abb4c841f12dde3,eva,ENSG00000167207,NOD2,MONDO_0005011,0.92,,,unknown,RCV002513883,2023-02-07
e31608f3d6cfafe3456ef3d99dbe32dc62ed334f,eva,ENSG00000167207,NOD2,MONDO_0005011,0.92,,risk,unknown,RCV002563634,2023-02-07
ed47d73bc65eb228a312f3616e9b8f9618e71ab6,eva,ENSG00000167207,NOD2,MONDO_0005011,0.92,,risk,unknown,RCV005222745,2025-03-04
f82b5c7bed7fa60291223b1fe43d56dbecba334b,eva,ENSG00000167207,NOD2,MONDO_0005011,0.92,,,unknown,RCV002512782,2023-02-07
cea8c91fbc93ae2faa3dcb34d7b28873dc4cf944,gwas_credible_sets,ENSG00000167207,NOD2,MONDO_0005011,0.9199017286300659,,,unknown,,2024-07-19
75138b8f3743ab98b677b6d30a65e880a43ee4aa,gwas_credible_sets,ENSG00000155849,ELMO1,MONDO_0005011,0.917717695236206,,,unknown,,2023-05-08
994bdd0ab799384d93c39887167358c846ed7668,gwas_credible_sets,ENSG00000100321,SYNGR1,MONDO_0005011,0.9164840579032898,,,unknown,,2023-05-08
dfca1b2082dcfb4c0b137e9569a3299f976ae4ae,gwas_credible_sets,ENSG00000167207,NOD2,MONDO_0005011,0.9164535999298096,,,unknown,,2010-06-22
a7d7090c262943c20228cee11b5df3caa3d57922,gwas_credible_sets,ENSG00000155849,ELMO1,MONDO_0005011,0.9154639840126038,,,unknown,,2023-05-08
55fa18a8ff8fca6079b0ba413d5955bd44611136,gwas_credible_sets,ENSG00000023516,AKAP11,MONDO_0005011,0.915218710899353,,,unknown,,2023-05-08
f59d0606e81b42d5dbbd5dde4e9b73c38e19e7e5,gwas_credible_sets,ENSG00000134242,PTPN22,MONDO_0005011,0.9149875044822693,,,unknown,,2023-01-18
a50c1c9864f794ea045ba56d23e0f1aff73ffc65,gwas_credible_sets,ENSG00000121281,ADCY7,MONDO_0005011,0.9144300222396851,,,unknown,,2023-01-18
fc907d96a8ee009d60dba2aeb8e9ecef1dec9eeb,gwas_credible_sets,ENSG00000167207,NOD2,MONDO_0005011,0.9144116044044495,,,unknown,,2024-07-19
10f9a0993be40c1fa8cbd3c87cd789b726d2e38d,gwas_credible_sets,ENSG00000167207,NOD2,MONDO_0005011,0.9143189787864685,,,unknown,,2012-11-01
d0058c33e19b74db8da61af90682dbd42c3bdbf3,gwas_credible_sets,ENSG00000167207,NOD2,MONDO_0005011,0.9143189787864685,,,unknown,,2016-03-14
f6c057288dce549d5b13da847d7e5e04d3b87649,gwas_credible_sets,ENSG00000167207,NOD2,MONDO_0005011,0.9143189787864685,,,unknown,,2008-06-29
b2a97f035438c900e4d6e9bfd0afd1b43f356cdd,gwas_credible_sets,ENSG00000170345,FOS,MONDO_0005011,0.9119297862052917,,,unknown,,2023-05-08
f2a4c614bd746fb76ec1ec740f679576ff579ef8,gwas_credible_sets,ENSG00000170345,FOS,MONDO_0005011,0.9119297862052917,,,unknown,,2023-05-08
e396f0b0cced03dde59eb796e164831346bf4503,gwas_credible_sets,ENSG00000153814,JAZF1,MONDO_0005011,0.9112503528594971,,,unknown,,2012-11-01
b48b970042f88e50269d7d9e8dcb3686c668e0dd,gwas_credible_sets,ENSG00000177311,ZBTB38,MONDO_0005011,0.9105843305587769,,,unknown,,2023-05-08
005386e3276d5ccedfbe2ff23aae3b5dd6cd83a7,gwas_credible_sets,ENSG00000167207,NOD2,MONDO_0005011,0.9098782539367676,,,unknown,,2023-05-08
812ca89b98491f78fcd635cda3e94b4e3e15df44,gwas_credible_sets,ENSG00000128604,IRF5,MONDO_0005011,0.9087218642234802,,,unknown,,2016-03-14
70ab58944f867e7c00b29f913ae8209275a53292,gwas_credible_sets,ENSG00000153814,JAZF1,MONDO_0005011,0.9086148738861084,,,unknown,,2016-03-14
9b9bf3c5454c98801501f25f3211180fed82ce7a,gwas_credible_sets,ENSG00000167207,NOD2,MONDO_0005011,0.9042547941207886,,,unknown,,2023-01-18
ac84a90c770ef6286f3670cabe952c39902b696b,gwas_credible_sets,ENSG00000143226,FCGR2A,MONDO_0005011,0.9036777019500732,,,unknown,,2023-01-18
052a149ae0e9b4328ac5f9c7d5826d8a56acf0c8,gwas_credible_sets,ENSG00000181634,TNFSF15,MONDO_0005011,0.9032852053642273,,,unknown,,2023-05-08
55608b0af284c945901750b355045ce14c23555b,gwas_credible_sets,ENSG00000166949,SMAD3,MONDO_0005011,0.9020438194274902,,,unknown,,2016-03-14
f81384ee12211e56e9f9d08ea31cf3fcf4ca5d9a,gwas_credible_sets,ENSG00000197208,SLC22A4,MONDO_0005011,0.9017857909202576,,,unknown,,2017-01-09
0d2a180384196fb4abd8b32c7a48da71295b3c44,gwas_credible_sets,ENSG00000162594,IL23R,MONDO_0005011,0.9009538292884827,,,unknown,,2026-02-09
bdd7b72336058becd846401e6e6cf083c14d310b,gwas_credible_sets,ENSG00000108423,TUBD1,MONDO_0005011,0.9004588723182678,,,unknown,,2023-05-08
784523dd3a0f35d55e44a4cee3b744c2be26b039,gwas_credible_sets,ENSG00000096968,JAK2,MONDO_0005011,0.8985240459442139,,,unknown,,2025-08-06
52b63f46d6496e98b7583f706f212cbc48f714e5,gwas_credible_sets,ENSG00000152127,MGAT5,MONDO_0005011,0.8979879021644592,,,unknown,,2023-01-18
71fdd7ccec4de42fbbf8b2bb0e1dee0f12348219,gwas_credible_sets,ENSG00000128604,IRF5,MONDO_0005011,0.897624135017395,,,unknown,,2023-01-18
f4075d4e55ab0035d14f89cf63f36c48f729ecf1,gwas_credible_sets,ENSG00000185436,IFNLR1,MONDO_0005011,0.8975100517272949,,,unknown,,2016-03-14
92764d9f292462852748515d2a894d6ef68d6d4c,gwas_credible_sets,ENSG00000152217,SETBP1,MONDO_0005011,0.8968437910079956,,,unknown,,2023-05-08
3ce0fdcefab20437087141b38d6d61b5205cf908,gwas_credible_sets,ENSG00000153094,BCL2L11,MONDO_0005011,0.8953650593757629,,,unknown,,2023-01-18
a71564e4e44c2c22b83149b0f155ab9661eddb1a,gwas_credible_sets,ENSG00000178623,GPR35,MONDO_0005011,0.8942713737487793,,,unknown,,2023-06-01
c4ba49fffa4d530e02a795cd8e653f6dbff3185d,gwas_credible_sets,ENSG00000166501,PRKCB,MONDO_0005011,0.8929558992385864,,,unknown,,2016-03-14
4cf63ce72317f88c2cc223d9b8b9ef89173a2248,gwas_credible_sets,ENSG00000116833,NR5A2,MONDO_0005011,0.8928279876708984,,,unknown,,2016-03-14
101f447c873f2e7c29185a134922d401ba718044,gwas_credible_sets,ENSG00000096968,JAK2,MONDO_0005011,0.8927325010299683,,,unknown,,2023-01-18
f4421f29b967bebcf72618dfe11079b76d785772,gwas_credible_sets,ENSG00000156127,BATF,MONDO_0005011,0.8923560976982117,,,unknown,,2023-05-08
bc20fae2277e876b8d2a6d799144bb4061b49bc7,gwas_credible_sets,ENSG00000152217,SETBP1,MONDO_0005011,0.8907009363174438,,,unknown,,2023-05-08
7ae1af09edd8f1a807d8da3a07acb56b3ff11053,gwas_credible_sets,ENSG00000181634,TNFSF15,MONDO_0005011,0.8882520794868469,,,unknown,,2023-05-08
85a8413fc19b02ab26187ae7f5d0440acc514761,gwas_credible_sets,ENSG00000181634,TNFSF15,MONDO_0005011,0.8882520794868469,,,unknown,,2023-05-08
d63f201d06ba59dbd5437f3ab756d9b1c174794e,gwas_credible_sets,ENSG00000161091,MFSD12,MONDO_0005011,0.8880647420883179,,,unknown,,2023-05-08
22a059aeef8a0d27a5d71cd98208a007e3c245b3,gwas_credible_sets,ENSG00000163832,ELP6,MONDO_0005011,0.8866493105888367,,,unknown,,2024-07-19
1e3e473404c17bff042c425a6f52eb5a8ad8a104,gwas_credible_sets,ENSG00000114861,FOXP1,MONDO_0005011,0.8863236308097839,,,unknown,,2023-01-18
e1022c5e4df2bd44ae369d745d775951b1c00c74,gwas_credible_sets,ENSG00000096968,JAK2,MONDO_0005011,0.8857806921005249,,,unknown,,2008-06-29
4f9a0d2f969aa94e3d690ef2a77fdfff94b5eadc,gwas_credible_sets,ENSG00000134460,IL2RA,MONDO_0005011,0.8856914639472961,,,unknown,,2016-03-14
f2d119169fc96661b65daf8565a4a8351e3eb2f2,gwas_credible_sets,ENSG00000133195,SLC39A11,MONDO_0005011,0.8846843242645264,,,unknown,,2016-03-14
6f9cd1482c6515a755fadd172f173ed6c88d3014,gwas_credible_sets,ENSG00000162594,IL23R,MONDO_0005011,0.8841801881790161,,,unknown,,2023-05-08
0d615eb790d487c47f79738d4a9991b1abe952b7,gwas_credible_sets,ENSG00000119919,NKX2-3,MONDO_0005011,0.8840721845626831,,,unknown,,2023-05-08
f821a07148041f08110066a0971a9b240ee95c10,gwas_credible_sets,ENSG00000176920,FUT2,MONDO_0005011,0.8834482431411743,,,unknown,,2010-11-21
40041502f8778b534d0456024698e1a379c6e5bd,gwas_credible_sets,ENSG00000166949,SMAD3,MONDO_0005011,0.8828797936439514,,,unknown,,2017-01-09
4f630a338e2830a3cbfcca1e0f857b34ff5bb65e,gwas_credible_sets,ENSG00000134242,PTPN22,MONDO_0005011,0.882563591003418,,,unknown,,2008-06-29
8459a58bfa541f9e5e1c4bc9c6b2b9b26e2fba42,gwas_credible_sets,ENSG00000134242,PTPN22,MONDO_0005011,0.882563591003418,,,unknown,,2010-11-21
8680b0851d1204a23673999f6c6ee9f4ba29aecd,gwas_credible_sets,ENSG00000178623,GPR35,MONDO_0005011,0.8805819749832153,,,unknown,,2023-05-08
d3f30efd577fff3f210e422a521d596686661725,gwas_credible_sets,ENSG00000134242,PTPN22,MONDO_0005011,0.8784030079841614,,,unknown,,2012-11-01
71c740a4a874b0b24144c4ea9b0b19105d4a1774,gwas_credible_sets,ENSG00000112182,BACH2,MONDO_0005011,0.8782432675361633,,,unknown,,2017-01-09
6a239a4d28af7096e626c0a5122443f34c3aa47f,gwas_credible_sets,ENSG00000100985,MMP9,MONDO_0005011,0.8779637217521667,,,unknown,,2017-01-09
de8a322302b35c2f3e238710952de362a5b99fc1,gwas_credible_sets,ENSG00000134242,PTPN22,MONDO_0005011,0.877951979637146,,,unknown,,2015-08-24
ae2c5a19f0d542e6619208aa23f84689d8afd74a,gwas_credible_sets,ENSG00000145996,CDKAL1,MONDO_0005011,0.8779004812240601,,,unknown,,2023-05-08
02cc5575fb61173c32aa769ef0df042d59e1bee2,gwas_credible_sets,ENSG00000128604,IRF5,MONDO_0005011,0.8767106533050537,,,unknown,,2023-01-18
2a681528af20a97dcbc77da2ea0997793fd37a3d,gwas_credible_sets,ENSG00000181634,TNFSF15,MONDO_0005011,0.8755483031272888,,,unknown,,2015-08-24
0af079ec1147e37f74fcbd23d80bc7a4d0cbaf58,gwas_credible_sets,ENSG00000164691,TAGAP,MONDO_0005011,0.8751246333122253,,,unknown,,2017-01-09
64ef9e9a3d423a3a1409557572c08875512cc642,gwas_credible_sets,ENSG00000183654,MARCHF11,MONDO_0005011,0.8738317489624023,,,unknown,,2024-07-19
4bad3c07dbc26f296d0971fb62551ba789d4d911,gwas_credible_sets,ENSG00000163362,INAVA,MONDO_0005011,0.8733618855476379,,,unknown,,2016-03-14
057be3515696e855d96a613906e594309c7cf520,gwas_credible_sets,ENSG00000198369,SPRED2,MONDO_0005011,0.8724000453948975,,,unknown,,2023-05-08
3c933ca39cbdf9b4e839052865d473e4ecfc352a,gwas_credible_sets,ENSG00000075426,FOSL2,MONDO_0005011,0.8698717355728149,,,unknown,,2023-05-08
12077831078e607846c751410ecd0ba3a695d00f,gwas_credible_sets,ENSG00000172575,RASGRP1,MONDO_0005011,0.8697870969772339,,,unknown,,2023-05-08
3c5c1094e74a28c4ec85f9120c2ca012390df25e,gwas_credible_sets,ENSG00000172575,RASGRP1,MONDO_0005011,0.8688827157020569,,,unknown,,2023-06-01
4fd81f830283fef59979bfc9b93f4e320ea1a082,gwas_credible_sets,ENSG00000020633,RUNX3,MONDO_0005011,0.8687685132026672,,,unknown,,2023-05-08
362940b0dfdd3c8baa58134ebb23515d03a3560e,gwas_credible_sets,ENSG00000203963,C1orf141,MONDO_0005011,0.8674653768539429,,,unknown,,2022-05-05
990238fc7df987d4ff7d26376f8a474a4a3e7feb,gwas_credible_sets,ENSG00000153064,BANK1,MONDO_0005011,0.8674615025520325,,,unknown,,2016-03-14
27a71fe19b210ccb3eb5369069300cf88fc56ce1,gwas_credible_sets,ENSG00000172673,THEMIS,MONDO_0005011,0.8669940829277039,,,unknown,,2012-11-01
90bf10a8d998831371293bc5cd630ec5cec2068e,gwas_credible_sets,ENSG00000175806,MSRA,MONDO_0005011,0.8654487729072571,,,unknown,,2023-12-26
a50451bf9d85feb083c5e4b628d7f7c652653b9f,gwas_credible_sets,ENSG00000096968,JAK2,MONDO_0005011,0.8651946187019348,,,unknown,,2010-11-21
c5b62af4f015145406b3319ce4e4414740f85483,gwas_credible_sets,ENSG00000117586,TNFSF4,MONDO_0005011,0.8639596700668335,,,unknown,,2017-01-09
5d9b7ddc9da94c86694e2f312a36397d3527918e,gwas_credible_sets,ENSG00000011485,PPP5C,MONDO_0005011,0.8632836937904358,,,unknown,,2023-05-08
9e56a2446a3abf8491adbae487be6af2152d011f,gwas_credible_sets,ENSG00000146374,RSPO3,MONDO_0005011,0.862461268901825,,,unknown,,2017-01-09
b723283367b7ce2ffabe14b9f7af6e6f07956f61,gwas_credible_sets,ENSG00000178623,GPR35,MONDO_0005011,0.8620105981826782,,,unknown,,2015-01-01
213a5b77fbcfeb9e916ca48917cfa5c3f874d6d6,gwas_credible_sets,ENSG00000184730,APOBR,MONDO_0005011,0.8619092702865601,,,unknown,,2023-05-08
40e70e4dcf3a127fb5791fb0fee258393741ab6a,gwas_credible_sets,ENSG00000172575,RASGRP1,MONDO_0005011,0.8618543744087219,,,unknown,,2023-06-01
2009d03c77b33e339220ed817cb8f7264486f7a7,gwas_credible_sets,ENSG00000100311,PDGFB,MONDO_0005011,0.8617335557937622,,,unknown,,2023-05-08
fe3d5b80ca9944faf56c5e826797aa76403e78f0,gwas_credible_sets,ENSG00000134987,WDR36,MONDO_0005011,0.8614548444747925,,,unknown,,2023-01-18
acdc9ab2a47ab764e73b34821229b59630bedce5,gwas_credible_sets,ENSG00000115138,POMC,MONDO_0005011,0.8602057695388794,,,unknown,,2010-11-21
25a4b618bc006d744d6d016abf2c102d2aaef3c5,gwas_credible_sets,ENSG00000153064,BANK1,MONDO_0005011,0.8601452708244324,,,unknown,,2012-11-01
d3bc6acca4736f2f3f4d2bdf7abf2ecc060a3220,gwas_credible_sets,ENSG00000100906,NFKBIA,MONDO_0005011,0.8599873185157776,,,unknown,,2023-07-31
2dd74f66ee612e239626767ff0781933c3408ce5,gwas_credible_sets,ENSG00000075426,FOSL2,MONDO_0005011,0.8597488403320312,,,unknown,,2017-01-09
ed49d9b258afcb11dac114a1ec6b9885d09fd9a8,gwas_credible_sets,ENSG00000187796,CARD9,MONDO_0005011,0.859558641910553,,,unknown,,2016-03-14
adc3150974d8e477d065362982b4e1518ada561e,gwas_credible_sets,ENSG00000175164,ABO,MONDO_0005011,0.8594253063201904,,,unknown,,2023-01-18
6be78e95af24be62cb25b8949f715bfcf8e0c830,gwas_credible_sets,ENSG00000138821,SLC39A8,MONDO_0005011,0.8592355251312256,,,unknown,,2017-01-09
279894e13df928b6d96e811bc8528352339e9c49,gwas_credible_sets,ENSG00000172575,RASGRP1,MONDO_0005011,0.8559383749961853,,,unknown,,2012-11-01
31246291786a12d47823136e72d4a0fa0beae6f5,gwas_credible_sets,ENSG00000172575,RASGRP1,MONDO_0005011,0.8559383749961853,,,unknown,,2016-03-14
5e4b6a7a7af7acd0419a787617c99bbe8a732e2f,gwas_credible_sets,ENSG00000096968,JAK2,MONDO_0005011,0.8553495407104492,,,unknown,,2017-01-09
4a93da8bfa3caecc432258887c526616c422d999,gwas_credible_sets,ENSG00000100902,PSMA6,MONDO_0005011,0.8553392291069031,,,unknown,,2023-05-08
8d7e2dbdb01656237645e771dd6b1b52f7e6ad34,gene_burden,ENSG00000167207,NOD2,MONDO_0005011,0.8543866425524198,LoF,risk,activate,,2021-08-10
8a1fe5113ec9b6297414cad66e74d8ef248816b8,gwas_credible_sets,ENSG00000178623,GPR35,MONDO_0005011,0.8527761697769165,,,unknown,,2023-07-31
fa33a5f48fd42d45279a4d74e659fe5722b508b8,gwas_credible_sets,ENSG00000104312,RIPK2,MONDO_0005011,0.851371169090271,,,unknown,,2022-05-05
dcae3a853bec3da4518cb1eed70dbad723e69427,gwas_credible_sets,ENSG00000145996,CDKAL1,MONDO_0005011,0.8506998419761658,,,unknown,,2008-06-29
50a66f053e96dfa97953ce08f2f0e86f4bf20aee,gwas_credible_sets,ENSG00000134460,IL2RA,MONDO_0005011,0.8503307700157166,,,unknown,,2023-01-18
f1ef349948d6c257cbf3295dc6647ab389203540,gwas_credible_sets,ENSG00000145996,CDKAL1,MONDO_0005011,0.8478546738624573,,,unknown,,2017-01-09
ae6995e8dcda7cc7c9ce21c309e3cece401bfa6f,gwas_credible_sets,ENSG00000167207,NOD2,MONDO_0005539,0.8477588891983032,,,unknown,,2023-01-18
db0023deb87483c36e2978a573a625a43b307419,gwas_credible_sets,ENSG00000134460,IL2RA,MONDO_0005011,0.8477362394332886,,,unknown,,2010-11-21
3760cff331ff47c3bfef57087eaab72c591e7d25,gwas_credible_sets,ENSG00000079263,SP140,MONDO_0005011,0.8476588129997253,,,unknown,,2023-05-08
1e5edef86fdbe87425c25bc9951b84cb92153b0e,gwas_credible_sets,ENSG00000091972,CD200,MONDO_0005011,0.8474993705749512,,,unknown,,2022-09-26
61afb60a2911c3cfdbda8ff0e9212a6d91756b8a,gwas_credible_sets,ENSG00000175354,PTPN2,MONDO_0005011,0.8472520112991333,,,unknown,,2023-01-18
82e824181ed7baac015361dbf221c1d13408d906,gwas_credible_sets,ENSG00000143452,HORMAD1,MONDO_0005011,0.8471677899360657,,,unknown,,2023-05-08
be3c5988a853dbbc6aa5e554a89a6b37c1f2f372,gwas_credible_sets,ENSG00000162594,IL23R,MONDO_0005011,0.8461828827857971,,,unknown,,2016-03-14
dd7c0e97cebcf2e4812a2c6a55b476eab257304a,gwas_credible_sets,ENSG00000175354,PTPN2,MONDO_0005011,0.8453549146652222,,,unknown,,2023-01-18
80b2bd513fbad790e7a722658fb9df5127fbc34c,gwas_credible_sets,ENSG00000167207,NOD2,MONDO_0005011,0.8449806571006775,,,unknown,,2007-08-08
6b405609f20501ef34b68dc5c3ccf30c76ba247e,gwas_credible_sets,ENSG00000167207,NOD2,MONDO_0005011,0.8442991971969604,,,unknown,,2007-06-01
33dde9f01e6231cb074994974a1eb72cf053a3bb,gwas_credible_sets,ENSG00000138031,ADCY3,MONDO_0005011,0.8421630859375,,,unknown,,2023-05-08
988c38872f2f146393b9d9f77edf8c391e622bb4,gwas_credible_sets,ENSG00000145996,CDKAL1,MONDO_0005011,0.8401901721954346,,,unknown,,2010-11-21
95957496636bc57cc418dd1b6c5f52857adaa8e2,gwas_credible_sets,ENSG00000100906,NFKBIA,MONDO_0005011,0.8384082317352295,,,unknown,,2023-05-08
d8f642abe5cf571af42eabb5e3e563405693ec93,gwas_credible_sets,ENSG00000079263,SP140,MONDO_0005011,0.8382394313812256,,,unknown,,2010-11-21
19d6f54c243d44a6160af68820d231ea2e7cf079,gwas_credible_sets,ENSG00000130876,SLC7A10,MONDO_0005011,0.8377699255943298,,,unknown,,2023-01-18
22d5267ee2cef5ccfd44df06b948bc16e0710a8d,gwas_credible_sets,ENSG00000131507,NDFIP1,MONDO_0005011,0.835702121257782,,,unknown,,2010-11-21
f071124e5a88c600d9cf6d83da6f536aba843f5f,gwas_credible_sets,ENSG00000020633,RUNX3,MONDO_0005011,0.8356213569641113,,,unknown,,2023-05-08
b3183137d1656dbc147c854b6ff4251a64a4a686,gwas_credible_sets,ENSG00000107968,MAP3K8,MONDO_0005011,0.8348892331123352,,,unknown,,2023-05-08
e1a946d5279dbe0f264085bf2adc196fa3e757ef,gwas_credible_sets,ENSG00000125347,IRF1,MONDO_0005011,0.8345348238945007,,,unknown,,2020-02-05
f3c195d14fc06501187e2253df3c57250f2eecbe,gwas_credible_sets,ENSG00000020633,RUNX3,MONDO_0005011,0.8331250548362732,,,unknown,,2023-07-31
da542b1fce9fd9cffadf5d68d08ccdcfe5ca9929,gwas_credible_sets,ENSG00000166949,SMAD3,MONDO_0005011,0.8328984379768372,,,unknown,,2023-05-08
80000e8f64eaff9c178a8bcbb9fb35b2e0f1e554,gwas_credible_sets,ENSG00000145996,CDKAL1,MONDO_0005011,0.8323743343353271,,,unknown,,2017-01-09
2680ad4566288e9df68bf4e03198d13bbf35cf53,gwas_credible_sets,ENSG00000148660,CAMK2G,MONDO_0005011,0.8312305808067322,,,unknown,,2023-05-08
eddf517f33859ed1da984fbf870754033abfcd93,gwas_credible_sets,ENSG00000112182,BACH2,MONDO_0005011,0.8309708833694458,,,unknown,,2010-11-21
21f1c758ab39ba7a3ed5b3ded6c1d46c59454c50,gwas_credible_sets,ENSG00000219073,CELA3B,MONDO_0005011,0.8306341767311096,,,unknown,,2023-05-08
e7bd5465e7b8e5f09f8d0f314143d596421722eb,gwas_credible_sets,ENSG00000111252,SH2B3,MONDO_0005011,0.8306313753128052,,,unknown,,2023-01-18
c0d918e811aabdebf969a222a30f7613a34e0f32,gwas_credible_sets,ENSG00000178623,GPR35,MONDO_0005539,0.8298510909080505,,,unknown,,2023-01-18
7990f58c7051f324a2b8dfe95ef53f482be2110a,gwas_credible_sets,ENSG00000141068,KSR1,MONDO_0005011,0.8289511799812317,,,unknown,,2016-03-14
528e3a1fb2b52f3eddc581f08cdf52f9f0f88514,gwas_credible_sets,ENSG00000162594,IL23R,MONDO_0005011,0.8287356495857239,,,unknown,,2021-11-04
2584849b5b8c6b234d419b63317e87d6f9a0bd80,gwas_credible_sets,ENSG00000100311,PDGFB,MONDO_0005011,0.8276217579841614,,,unknown,,2010-11-21
19392cb78dcbd41b2948d3510ac0c3b36eae96df,gwas_credible_sets,ENSG00000115604,IL18R1,MONDO_0005011,0.8269904851913452,,,unknown,,2016-03-14
5071f10212a8866063a9d82ced775a8313c41337,gwas_credible_sets,ENSG00000134460,IL2RA,MONDO_0005011,0.8264837265014648,,,unknown,,2023-01-18
7a686ca0623514d658e048056d3fe57a578e0726,gwas_credible_sets,ENSG00000081237,PTPRC,MONDO_0005011,0.8254442811012268,,,unknown,,2023-01-18
63cd158409c198ed215f6bfa8ef901e7c18a406f,gwas_credible_sets,ENSG00000181634,TNFSF15,MONDO_0005011,0.824332058429718,,,unknown,,2023-05-08
3331e0ca15c4d4611140983e65b22e9c88802f55,gwas_credible_sets,ENSG00000119772,DNMT3A,MONDO_0005011,0.8241616487503052,,,unknown,,2010-11-21
a8821627d8bec0534f90a3542f4d072a8e85122d,gwas_credible_sets,ENSG00000187796,CARD9,MONDO_0005011,0.8213907480239868,,,unknown,,2010-11-21
0dcf7efe8064a460dedd2b3b499f5dc29ce50b0a,gwas_credible_sets,ENSG00000084734,GCKR,MONDO_0005011,0.8198211789131165,,,unknown,,2017-01-09
7f9b7c1eec24042b386fe462d60fe317e3dd00c3,gwas_credible_sets,ENSG00000100906,NFKBIA,MONDO_0005011,0.8191990256309509,,,unknown,,2023-05-08
a0e9f19041cabc74227c7b3a2a2f52fd06b5f107,gwas_credible_sets,ENSG00000100906,NFKBIA,MONDO_0005011,0.8185601830482483,,,unknown,,2023-05-08
22d27671bc6a77b1adfb7115c93e60f7c4a5a939,gwas_credible_sets,ENSG00000167207,NOD2,MONDO_0005011,0.8181782960891724,,,unknown,,2010-11-21
1e7bbac8a6952c39005d4749dd02cb122d3e3f0b,gwas_credible_sets,ENSG00000167207,NOD2,MONDO_0005011,0.8181205987930298,,,unknown,,2012-03-08
d2f7f12d616f1ab97d9d3579cdfb0aef9440cffe,gwas_credible_sets,ENSG00000185650,ZFP36L1,MONDO_0005011,0.8179231286048889,,,unknown,,2017-01-09
c5607e84b7927d45e71f7523d1771200918c96d0,gwas_credible_sets,ENSG00000166949,SMAD3,MONDO_0005011,0.8178523182868958,,,unknown,,2023-01-18
636bf2dbe320b1a7f1d1667893e8178151fb5d7b,gwas_credible_sets,ENSG00000181634,TNFSF15,MONDO_0005011,0.8169761896133423,,,unknown,,2012-12-21
e7ca64b2d6ac8a54d68f0b71d3b5a79f768e4238,gwas_credible_sets,ENSG00000131507,NDFIP1,MONDO_0005011,0.8169475793838501,,,unknown,,2023-05-08
fc32e01688620726327d170a9c230e37cbefb671,gwas_credible_sets,ENSG00000141068,KSR1,MONDO_0005011,0.8162796497344971,,,unknown,,2017-01-09
efbc11c513ad236668fe9a6bf23eb8be5309bfd2,gwas_credible_sets,ENSG00000221968,FADS3,MONDO_0005011,0.8157767057418823,,,unknown,,2023-05-08
e405ceed8f4c0d9e4c5de7089fc40a30c78d5073,gwas_credible_sets,ENSG00000108094,CUL2,MONDO_0005011,0.8149932622909546,,,unknown,,2023-05-08
c060ac7f0ec1e12c6e09fcb759a5d115a525cacc,gwas_credible_sets,ENSG00000219073,CELA3B,MONDO_0005011,0.8148287534713745,,,unknown,,2023-05-08
0673459cacf746d472cd779717ed2e7df9dec10f,gwas_credible_sets,ENSG00000100311,PDGFB,MONDO_0005011,0.8145001530647278,,,unknown,,2016-03-14
5627888c6b814d48a2969580572091c86715d798,gwas_credible_sets,ENSG00000185338,SOCS1,MONDO_0005011,0.8140655159950256,,,unknown,,2012-04-01
72fc4dadb33705282f3753dc6f54c2fcbbbb4a60,gwas_credible_sets,ENSG00000120659,TNFSF11,MONDO_0005011,0.8132299184799194,,,unknown,,2010-11-21
aded20abc1663fb6b570a780d91b702faa308e65,gwas_credible_sets,ENSG00000124203,ZNF831,MONDO_0005011,0.8122051358222961,,,unknown,,2023-05-08
e0140978d8bda62b31372e77b900314d49239d87,gwas_credible_sets,ENSG00000134460,IL2RA,MONDO_0005011,0.8121278882026672,,,unknown,,2015-08-24
1623525850530488a998920ca8554c12e8fbbc85,gwas_credible_sets,ENSG00000141068,KSR1,MONDO_0005011,0.811644434928894,,,unknown,,2023-05-08
775425fed1c0980c1265441b1bf29e296a792267,gwas_credible_sets,ENSG00000145996,CDKAL1,MONDO_0005011,0.8105077743530273,,,unknown,,2023-05-08
10ef7a1244a2408cd29a53b6e839561c4b6a3fd3,gwas_credible_sets,ENSG00000131507,NDFIP1,MONDO_0005011,0.8104692697525024,,,unknown,,2023-05-08
c4a484838b12cbbc388ac511834f124106719363,gwas_credible_sets,ENSG00000083799,CYLD,MONDO_0005011,0.8100166916847229,,,unknown,,2023-05-08
187f2881dbefac4d5f48b946e22e24dfb96a2090,gwas_credible_sets,ENSG00000157978,LDLRAP1,MONDO_0005011,0.8100072145462036,,,unknown,,2017-01-09
e12d87e22e3ac7189a57fa8c3b3e70fb6b6700a7,gwas_credible_sets,ENSG00000185650,ZFP36L1,MONDO_0005011,0.809995174407959,,,unknown,,2023-05-08
b1f061036d5fde3c929c95e872c8f223b210f820,gwas_credible_sets,ENSG00000081237,PTPRC,MONDO_0005011,0.8093885183334351,,,unknown,,2023-05-08
cfc69cdcac457ee5914b932fbc5bc95a2fafa034,gwas_credible_sets,ENSG00000084734,GCKR,MONDO_0005011,0.8092091679573059,,,unknown,,2016-03-14
ab3255dc308b219fc469a168f3c704b97af1f648,gwas_credible_sets,ENSG00000170340,B3GNT2,MONDO_0005011,0.8086327314376831,,,unknown,,2012-11-01
188a77f066ee0fb98605ac1830f0b192b5ee1ef7,gwas_credible_sets,ENSG00000151773,CCDC122,MONDO_0005011,0.8082898259162903,,,unknown,,2023-05-08
a50945f679b40682cbfe2c3e398614b05443ace3,gwas_credible_sets,ENSG00000134460,IL2RA,MONDO_0005011,0.8076907396316528,,,unknown,,2023-05-08
972f14c1e78b90f0a92a883cddf35771e777c8de,gwas_credible_sets,ENSG00000173531,MST1,MONDO_0005011,0.8073935508728027,,,unknown,,2016-03-14
eac304bef6487f8ce20e99f09aad7fdf98f3fc42,gwas_credible_sets,ENSG00000115607,IL18RAP,MONDO_0005011,0.8073137998580933,,,unknown,,2023-05-08
901d1c8cc2d5cb143dc6ae5cae20a07f19be19d5,gwas_credible_sets,ENSG00000167207,NOD2,MONDO_0005011,0.8068454265594482,,,unknown,,2017-01-09
6d681ad6bfe08eb794f8d925572a505d7b185f3e,gwas_credible_sets,ENSG00000145901,TNIP1,MONDO_0005011,0.8067914843559265,,,unknown,,2023-05-08
1212f6bc392d64c50a36ac543c249a9ed43c2f6e,gwas_credible_sets,ENSG00000145623,OSMR,MONDO_0005011,0.8056702613830566,,,unknown,,2016-03-14
18935117823c42589e64bc74b0dbd5ad754a6a33,gwas_credible_sets,ENSG00000120690,ELF1,MONDO_0005011,0.8051522374153137,,,unknown,,2023-05-08
84813524636700ae359c83b9408d4029a05b655f,gwas_credible_sets,ENSG00000139915,MDGA2,MONDO_0005011,0.8049972057342529,,,unknown,,2024-07-19
dbff4bb59f3b7b6dac4519c3b31091343e14909b,gwas_credible_sets,ENSG00000137077,CCL21,MONDO_0005011,0.8048681020736694,,,unknown,,2016-03-14
5dee1d0f4fd57a7dd89aa47954090a71df2bd36d,gwas_credible_sets,ENSG00000057657,PRDM1,MONDO_0005011,0.8042677044868469,,,unknown,,2023-05-08
5624b603557b0d66a54ac93a0cd8a98b0c21ae30,gwas_credible_sets,ENSG00000108691,CCL2,MONDO_0005011,0.8034175038337708,,,unknown,,2010-11-21
977e1404fa191c922161cbed69fd8d8f7ec83589,gwas_credible_sets,ENSG00000075426,FOSL2,MONDO_0005011,0.8031023740768433,,,unknown,,2023-01-18
828a24eb1ff3b8d980a7581cbcef5eece5e7cafd,gwas_credible_sets,ENSG00000118503,TNFAIP3,MONDO_0005011,0.8029349446296692,,,unknown,,2016-03-14
5a357df9c84f085263f27a7d1313a3cb874ad317,gwas_credible_sets,ENSG00000002822,MAD1L1,MONDO_0005011,0.8027787804603577,,,unknown,,2023-12-26
10abd61958254ea278724403e78540be1ac90dd8,gwas_credible_sets,ENSG00000164113,ADAD1,MONDO_0005011,0.8025985360145569,,,unknown,,2023-05-08
55e8089dc1f674c8361d11935e2d0073a8ae426c,gwas_credible_sets,ENSG00000198742,SMURF1,MONDO_0005011,0.8023455739021301,,,unknown,,2016-03-14
42225f8a7ddcdfa2e4ac01a3a14f8bf3ec5ea8f1,gwas_credible_sets,ENSG00000055130,CUL1,MONDO_0005011,0.8017714023590088,,,unknown,,2023-05-08
e1971e752488fbb324eb1cb0e1cb6de046246822,gwas_credible_sets,ENSG00000081985,IL12RB2,MONDO_0005011,0.801459550857544,,,unknown,,2023-01-18
f39cd02ea4835eb2a1a023e6f4a6cd7a436538b9,gwas_credible_sets,ENSG00000141068,KSR1,MONDO_0005011,0.8002322912216187,,,unknown,,2012-11-01
5adccdfdb2f98c2f592d1fbc2d7f622a923254ff,gwas_credible_sets,ENSG00000147883,CDKN2B,MONDO_0005011,0.8001416921615601,,,unknown,,2024-04-15
c23acbfffd403a1f4b28a5db57bf6c57619ee15d,gwas_credible_sets,ENSG00000167207,NOD2,MONDO_0005011,0.7999396324157715,,,unknown,,2023-01-18
03d6a340a6d5f069f50ecf2aa67c608ea99e8192,gwas_credible_sets,ENSG00000183960,KCNH8,MONDO_0005011,0.7993322014808655,,,unknown,,2016-03-14
8b25c9285496f625e084d6e5f64282cf846b8eb7,gwas_credible_sets,ENSG00000237693,IRGM,MONDO_0005011,0.7992300987243652,,,unknown,,2023-05-08
1016cf4b2ca4ed5094c1489e1c85040d0a0949f9,gwas_credible_sets,ENSG00000157978,LDLRAP1,MONDO_0005011,0.7991493344306946,,,unknown,,2023-05-08
95a5a33390d4adb4f4311040b8a57092e9064c96,gwas_credible_sets,ENSG00000113302,IL12B,MONDO_0005011,0.797691285610199,,,unknown,,2023-05-08
3d1f72582fcb51903634efd429984876fca792e6,gwas_credible_sets,ENSG00000162927,PUS10,MONDO_0005011,0.7976049780845642,,,unknown,,2017-01-09
69f04a52127a89cdd6a70401abc9a526f5c0fddd,gwas_credible_sets,ENSG00000095110,NXPE1,MONDO_0005011,0.7970447540283203,,,unknown,,2016-03-14
db3572912203ee9e2b7ff7c9ab9d56f7756d68d6,gwas_credible_sets,ENSG00000107968,MAP3K8,MONDO_0005011,0.796721875667572,,,unknown,,2017-01-09
536fb6f5a38d13509267afd0e19fe62f5b1a8fed,gwas_credible_sets,ENSG00000107968,MAP3K8,MONDO_0005011,0.7963892817497253,,,unknown,,2016-03-14
68fa6f3d1432f25ebef974b8083fd27e381934af,gwas_credible_sets,ENSG00000061273,HDAC7,MONDO_0005011,0.79612135887146,,,unknown,,2016-03-14
bd73ae988dd998cd1d882558d00901096b10101e,gwas_credible_sets,ENSG00000134460,IL2RA,MONDO_0005011,0.7949109673500061,,,unknown,,2023-06-01
fb269669688e90e57b271e2b16aa4e93368ae368,gwas_credible_sets,ENSG00000108691,CCL2,MONDO_0005011,0.7947180271148682,,,unknown,,2017-01-09
f446e601d5e05f5d410d1be22e67e101617e34e7,gwas_credible_sets,ENSG00000177311,ZBTB38,MONDO_0005011,0.7940360903739929,,,unknown,,2023-05-08
e241e3332af430db04536acce116e2eb7e1e00ca,gwas_credible_sets,ENSG00000177311,ZBTB38,MONDO_0005011,0.7935917973518372,,,unknown,,2023-05-08
d162e77ad8e261d082cf4eedbc60c6ef73ce6316,gwas_credible_sets,ENSG00000167207,NOD2,MONDO_0005011,0.7921172380447388,,,unknown,,2012-08-30
51825ac74408ca2a7c5a421f29a095061d05c082,gwas_credible_sets,ENSG00000108691,CCL2,MONDO_0005011,0.7917494177818298,,,unknown,,2024-04-15
29bdd3d6cf6d0911dfa47b9334013c17366c7637,gwas_credible_sets,ENSG00000146374,RSPO3,MONDO_0005011,0.7914878726005554,,,unknown,,2023-05-08
7943bbad67d759a0ff1ba60aba2c9e7eac5aa61c,gwas_credible_sets,ENSG00000081985,IL12RB2,MONDO_0005539,0.7912840843200684,,,unknown,,2023-01-18
9606d2e78b9b109e0a4d95db63ed8bf091c3d970,gwas_credible_sets,ENSG00000151773,CCDC122,MONDO_0005011,0.7912646532058716,,,unknown,,2023-05-08
d6af0ee7fa22412651a38341f96240a986941aeb,gwas_credible_sets,ENSG00000079263,SP140,MONDO_0005011,0.7901312112808228,,,unknown,,2012-11-01
6c4f2e7133f019f1ec1445014602f4e7abbf24f3,gene_burden,ENSG00000167207,NOD2,MONDO_0005011,0.7900804946067099,LoF,risk,activate,,2021-08-10
89cac2bb2db20e981a57ecc6fa32eb165a569717,gwas_credible_sets,ENSG00000263001,GTF2I,MONDO_0005011,0.7899971604347229,,,unknown,,2023-05-08
896da02e685238522e447168add2573636b97e6f,gwas_credible_sets,ENSG00000011485,PPP5C,MONDO_0005011,0.7895192503929138,,,unknown,,2012-11-01
1b956bb586d437824679032f61f45380f11de0cc,gwas_credible_sets,ENSG00000117114,ADGRL2,MONDO_0005011,0.7887259125709534,,,unknown,,2015-08-24
f9aafd26e25a2908fc4557214f460027fdc8748a,gwas_credible_sets,ENSG00000138684,IL21,MONDO_0005011,0.7885339856147766,,,unknown,,2023-05-08
f56bea8907450db7b07e03bfac7f189a55a2d56d,gwas_credible_sets,ENSG00000164512,ANKRD55,MONDO_0005011,0.7879489064216614,,,unknown,,2012-11-01
9df22bfa39c70d07b60e853f76492b3bc60e3a54,gwas_credible_sets,ENSG00000108219,TSPAN14,MONDO_0005011,0.787704586982727,,,unknown,,2017-01-09
e6cb7ed0315b98d5a9566beb439180423fc62a22,gwas_credible_sets,ENSG00000005020,SKAP2,MONDO_0005011,0.7874866724014282,,,unknown,,2016-03-14
fad3babef9e78c4b590596f6eb94ac3f5134ccab,gwas_credible_sets,ENSG00000085978,ATG16L1,MONDO_0005011,0.7868637442588806,,,unknown,,2017-01-09
d76f837f141e56b010686453faf0f8a0dfe7f56c,gwas_credible_sets,ENSG00000180251,SLC9A4,MONDO_0005011,0.7866159081459045,,,unknown,,2023-05-08
17d41442db53824440c352db4281ac6eed718a22,gwas_credible_sets,ENSG00000011485,PPP5C,MONDO_0005011,0.7861062288284302,,,unknown,,2016-03-14
f5f301bf90f3df7d07e6b4883db42c9199383f33,gwas_credible_sets,ENSG00000146374,RSPO3,MONDO_0005011,0.7857317328453064,,,unknown,,2012-11-01
ced13aa8e7039de5f1c87c9800a6279faad4e968,gwas_credible_sets,ENSG00000258366,RTEL1,MONDO_0005011,0.7847779989242554,,,unknown,,2023-05-08
87daaab8bc18be04badfc8b2227ac9ae696835a3,gwas_credible_sets,ENSG00000083799,CYLD,MONDO_0005011,0.7843115925788879,,,unknown,,2023-05-08
d383106f614abe923d567e60e8ca1023f7da4f4f,gwas_credible_sets,ENSG00000100368,CSF2RB,MONDO_0005011,0.7834250926971436,,,unknown,,2023-05-08
86c3d391f6c985e1a88d3334ad6ec6b2422d6234,gwas_credible_sets,ENSG00000124203,ZNF831,MONDO_0005011,0.7805753946304321,,,unknown,,2016-03-14
1a528c8038cb221fa7691a441488b415a28a9ff4,gwas_credible_sets,ENSG00000111245,MYL2,MONDO_0005011,0.7799715399742126,,,unknown,,2023-05-08
046dbfa1ebec832a1f0a04e41ead9698a226a324,gwas_credible_sets,ENSG00000125703,ATG4C,MONDO_0005011,0.7792536616325378,,,unknown,,2023-05-08
4b65f9c1b823ed44ec32bb8c7424316c02e24d04,gwas_credible_sets,ENSG00000107796,ACTA2,MONDO_0005011,0.7787771224975586,,,unknown,,2016-03-14
c66d9eb2791d0fa830d180c9475099eb412b332f,gwas_credible_sets,ENSG00000179630,LACC1,MONDO_0005011,0.778580904006958,,,unknown,,2022-05-05
873490aadec7e7c50adf7a7e101d6300434a505b,gwas_credible_sets,ENSG00000170345,FOS,MONDO_0005011,0.7780973315238953,,,unknown,,2016-03-14
9dd54433f1d4bca29029ec4f8514b3be1931585b,gwas_credible_sets,ENSG00000109787,KLF3,MONDO_0005011,0.7773264050483704,,,unknown,,2023-05-08
47034252cec1f3cd1adfd386eb4c4853f0994d9b,gwas_credible_sets,ENSG00000132975,GPR12,MONDO_0005011,0.776854932308197,,,unknown,,2016-03-14
8679053cb5a3aecd6db4a7759056160184a0fd59,gwas_credible_sets,ENSG00000197818,SLC9A8,MONDO_0005011,0.7765328288078308,,,unknown,,2016-03-14
1e0ab2889936c21a149f00b1f1df49be789eb352,gwas_credible_sets,ENSG00000125347,IRF1,MONDO_0005011,0.7757270932197571,,,unknown,,2024-04-15
b74ca3d07960a17c0126708e038df450d6dbd32e,gwas_credible_sets,ENSG00000138821,SLC39A8,MONDO_0005011,0.7742722630500793,,,unknown,,2023-05-08
4c460744dc524d3f444ec37e73a0e6de039c02d6,gwas_credible_sets,ENSG00000163362,INAVA,MONDO_0005011,0.7730122208595276,,,unknown,,2023-05-08
37aa761d42cf92da7c46392d346a374584e46f96,gwas_credible_sets,ENSG00000100311,PDGFB,MONDO_0005011,0.7727670669555664,,,unknown,,2017-01-09
5604652376a26ed28e8738b2b517b061a588c3b2,gwas_credible_sets,ENSG00000137266,SLC22A23,MONDO_0005011,0.7721399664878845,,,unknown,,2010-11-21
92681ce0696be6239e3373eb3b80615a99316f5f,gwas_credible_sets,ENSG00000164691,TAGAP,MONDO_0005011,0.7715511322021484,,,unknown,,2023-05-08
7f42c026219b0c6620e15c858ffa602a170ed194,gwas_credible_sets,ENSG00000122223,CD244,MONDO_0005011,0.770945131778717,,,unknown,,2017-01-09
dd0f1b8cc12bd7d0eb22b6860c366d5cb8f5668c,gwas_credible_sets,ENSG00000115464,USP34,MONDO_0005011,0.770745575428009,,,unknown,,2023-06-01
58872775b93134244ec0063a88a922aace2984b1,gwas_credible_sets,ENSG00000293584,ENSG00000293584,MONDO_0005011,0.7699016332626343,,,unknown,,2023-01-18
6ff1741d420e9ed5a8ece1600b079a4f1d0e598f,gwas_credible_sets,ENSG00000166949,SMAD3,MONDO_0005011,0.7693590521812439,,,unknown,,2015-08-24
21304d5c91fbd2cd877a1516b5f5ad0ddc92554b,gwas_credible_sets,ENSG00000140945,CDH13,MONDO_0005011,0.7689149975776672,,,unknown,,2017-01-09
a3a2b6149f20db775abd66c8db1742ed3bf2b47d,gwas_credible_sets,ENSG00000213047,DENND1B,MONDO_0005011,0.7686473727226257,,,unknown,,2017-01-09
9dcf70a5d959530176fa03c52d8284cf8e77f074,gwas_credible_sets,ENSG00000189067,LITAF,MONDO_0005011,0.7669563293457031,,,unknown,,2023-05-08
00535fcb1801cd953332f25e05f5d161f52d4d97,gwas_credible_sets,ENSG00000159128,IFNGR2,MONDO_0005011,0.7662234902381897,,,unknown,,2017-01-09
e255be12c5db4ea55f799f56a502dc6a238ab5d0,gwas_credible_sets,ENSG00000153094,BCL2L11,MONDO_0005011,0.7651575803756714,,,unknown,,2023-01-18
e0bb757ff1b0fb6005139acd757346c958cb8376,gwas_credible_sets,ENSG00000108691,CCL2,MONDO_0005011,0.7637003064155579,,,unknown,,2016-03-14
d047dbff710c79bb7d6d9863a80815aaa1b9e00e,gwas_credible_sets,ENSG00000153093,ACOXL,MONDO_0005011,0.7635602355003357,,,unknown,,2023-01-18
f73b3960778323331aa6e0b79f76341304c8dd78,gwas_credible_sets,ENSG00000115464,USP34,MONDO_0005011,0.7627362012863159,,,unknown,,2023-06-01
39bf2f37465646f411b6b766630789e5fcff3769,gwas_credible_sets,ENSG00000164113,ADAD1,MONDO_0005011,0.7622970342636108,,,unknown,,2023-05-08
dcb8a13cab00f5ffeb0849049de09189dc12a3ca,gwas_credible_sets,ENSG00000152256,PDK1,MONDO_0005011,0.7617174386978149,,,unknown,,2017-01-09
2eb36c97420067fa819bc470981e139cb965d9de,gwas_credible_sets,ENSG00000153094,BCL2L11,MONDO_0005011,0.76121586561203,,,unknown,,2023-01-18
bd274d0111f088ed4c72bf01611109fd7a0f46a3,gwas_credible_sets,ENSG00000100365,NCF4,MONDO_0005011,0.7599034905433655,,,unknown,,2023-05-08
d856c495621c57fc32a1793faee4f483b0082efa,gwas_credible_sets,ENSG00000119919,NKX2-3,MONDO_0005011,0.759705126285553,,,unknown,,2008-06-29
3b1021bb1e644a5cd6ea6297ef4de0a3c99e0d52,gwas_credible_sets,ENSG00000203963,C1orf141,MONDO_0005011,0.7593556642532349,,,unknown,,2023-05-08
82a6c78273c0db691fb429dcd67172e4468576c0,gwas_credible_sets,ENSG00000181634,TNFSF15,MONDO_0005011,0.7583714723587036,,,unknown,,2011-06-20
49c261ea64907030d8c8ddd219ba0e9936fd54f0,gwas_credible_sets,ENSG00000179630,LACC1,MONDO_0005011,0.758095383644104,,,unknown,,2012-11-01
dcbafb1d7ebeff579f6db569d23c21a799d16edb,gwas_credible_sets,ENSG00000120690,ELF1,MONDO_0005011,0.7569963335990906,,,unknown,,2023-05-08
f90bb84ac3be9c746f72da2ac8a242b8c41b3486,gwas_credible_sets,ENSG00000164691,TAGAP,MONDO_0005011,0.7564169764518738,,,unknown,,2010-11-21
747563efc526daf47e8ea129e9e3994bbef20f60,gwas_credible_sets,ENSG00000115009,CCL20,MONDO_0005011,0.7562906742095947,,,unknown,,2016-03-14
d7705ed7ec78da81549ae4890cd17774aa0b08b7,gwas_credible_sets,ENSG00000054983,GALC,MONDO_0005011,0.7562661170959473,,,unknown,,2023-05-08
c1d0513b6feda0bda9bb7cb977c902c4bc1ae973,gwas_credible_sets,ENSG00000119919,NKX2-3,MONDO_0005011,0.7561566829681396,,,unknown,,2007-06-06
046e3c0af73254014b199e45a76f79c606f0f092,gwas_credible_sets,ENSG00000163466,ARPC2,MONDO_0005011,0.7555304765701294,,,unknown,,2023-05-08
ed62c1f63d94f0f79f86d385d5fa0df64ed6abca,gwas_credible_sets,ENSG00000105397,TYK2,MONDO_0005011,0.7551237940788269,,,unknown,,2017-01-09
ac684e57cd0591e36035724b2e143c9ec76077b4,gwas_credible_sets,ENSG00000057657,PRDM1,MONDO_0005011,0.7547715902328491,,,unknown,,2016-03-14
a609f9ce8cb8261687369b9ec6af52cc1c50e37e,gwas_credible_sets,ENSG00000164691,TAGAP,MONDO_0005011,0.7539899945259094,,,unknown,,2011-01-27
46ed7b605684b06122c63847efb5d83f8f91f17f,gwas_credible_sets,ENSG00000167207,NOD2,MONDO_0005011,0.753763735294342,,,unknown,,2007-04-15
dee538f5bfd7c89140de2fd5b86886e098942ee1,gwas_credible_sets,ENSG00000105963,ADAP1,MONDO_0005011,0.7535294890403748,,,unknown,,2022-05-05
472b3ef3766ffcf59346f8e24afa5968cdba840c,gwas_credible_sets,ENSG00000064932,SBNO2,MONDO_0005011,0.7529749870300293,,,unknown,,2010-11-21
436b3cfc9444ebd4c70900695142d621bff44e19,gwas_credible_sets,ENSG00000064932,SBNO2,MONDO_0005011,0.7528210282325745,,,unknown,,2023-05-08
adbff9aefca2da6fff743bf91e7367ffa5a3f120,gwas_credible_sets,ENSG00000159128,IFNGR2,MONDO_0005011,0.7520378828048706,,,unknown,,2016-03-14
62704b2eb0ceba049698ebaac4b6544b8a8e3d21,gwas_credible_sets,ENSG00000243509,TNFRSF6B,MONDO_0005011,0.7518525123596191,,,unknown,,2017-01-09
48e3c834f630362e7de28f907bd7bc52f94c3ddc,gwas_credible_sets,ENSG00000108691,CCL2,MONDO_0005011,0.7517626285552979,,,unknown,,2023-06-01
7f5a750efdbd1e0c9c9f6a0590468963273dd53b,gwas_credible_sets,ENSG00000107485,GATA3,MONDO_0005011,0.750673234462738,,,unknown,,2023-01-18
3d7d083b442857335b12fed0a222fd734f49718d,gwas_credible_sets,ENSG00000109787,KLF3,MONDO_0005011,0.7495031356811523,,,unknown,,2013-07-14
e1482aa2f32876b17955cf64c8aaddc141f14990,gwas_credible_sets,ENSG00000145012,LPP,MONDO_0005011,0.749108076095581,,,unknown,,2023-05-08
42bb514e1b9035c0e6ac73f631a71ba13c83bbbe,gwas_credible_sets,ENSG00000100365,NCF4,MONDO_0005011,0.7489393353462219,,,unknown,,2023-05-08
06bead73689bc967e0df65ced0b399c3edd69779,gwas_credible_sets,ENSG00000164691,TAGAP,MONDO_0005011,0.7474125623703003,,,unknown,,2012-11-01
26fa41fc0c87ca96e7c8a5ebb241c58785eaddf6,gwas_credible_sets,ENSG00000079263,SP140,MONDO_0005011,0.7465875744819641,,,unknown,,2017-01-09
f774bb3f30e8c4b07f8cb0e9acc9c764b91867d5,gwas_credible_sets,ENSG00000175354,PTPN2,MONDO_0005011,0.7463807463645935,,,unknown,,2023-05-08
a7641d745a1ed634303d78f338e1f3cf962e34f9,gwas_credible_sets,ENSG00000095261,PSMD5,MONDO_0005011,0.746033251285553,,,unknown,,2023-01-18
159d782917dce2faaa14c5f256dcc933305409b9,gwas_credible_sets,ENSG00000159128,IFNGR2,MONDO_0005011,0.7458714246749878,,,unknown,,2012-11-01
cfdf9d8d0101df83ba2e126ef8ba57d527504985,gwas_credible_sets,ENSG00000213047,DENND1B,MONDO_0005011,0.7454150319099426,,,unknown,,2016-03-14
618247208013e118ca2fff96ecfb1943d91ee624,gwas_credible_sets,ENSG00000162594,IL23R,MONDO_0005011,0.7448827624320984,,,unknown,,2008-06-29
a4117cbababa55b007aab415174035ff492758f6,gwas_credible_sets,ENSG00000171522,PTGER4,MONDO_0005011,0.7435950636863708,,,unknown,,2015-08-24
1dbba04f1fea3043073722d8033d99c2707cb1b2,gwas_credible_sets,ENSG00000085978,ATG16L1,MONDO_0005011,0.7433358430862427,,,unknown,,2012-11-01
4d9e87ef3f3a05a1ef2c20ee9fac922a15a8557d,gwas_credible_sets,ENSG00000091140,DLD,MONDO_0005011,0.7431674599647522,,,unknown,,2016-03-14
5cd37c197cca0395a1e965efea722268d099087b,gwas_credible_sets,ENSG00000108219,TSPAN14,MONDO_0005011,0.742375910282135,,,unknown,,2023-05-08
012e57f26332cc3014494239be13cc5dbfcc9736,gwas_credible_sets,ENSG00000138378,STAT4,MONDO_0005011,0.7422143220901489,,,unknown,,2023-01-18
8c6753f7657a65492b5b996e7afa9ff8dbdd7625,gwas_credible_sets,ENSG00000164691,TAGAP,MONDO_0005011,0.7410126328468323,,,unknown,,2023-05-08
49e4d0df352e9ff4043269bea7079fdf32975bea,gwas_credible_sets,ENSG00000138085,ATRAID,MONDO_0005011,0.7408753633499146,,,unknown,,2010-11-21
36f1fb5a4bf47d04cb3525c468882360105364ba,gwas_credible_sets,ENSG00000164307,ERAP1,MONDO_0005011,0.7401619553565979,,,unknown,,2016-03-14
429258d43fcfba855d3c80e9395b39c1904bf29d,gwas_credible_sets,ENSG00000145012,LPP,MONDO_0005011,0.7393818497657776,,,unknown,,2023-01-18
de01821540a4518431d16a1a99370e437d392ea7,gwas_credible_sets,ENSG00000096968,JAK2,MONDO_0005011,0.7386918067932129,,,unknown,,2023-05-08
b204568f0df1150e576061422a4ed6dbbf4a286e,gwas_credible_sets,ENSG00000145623,OSMR,MONDO_0005011,0.7378672361373901,,,unknown,,2023-05-08
8e5a9128afbccf7d42b6e6a65186d1f9f1253dc7,gwas_credible_sets,ENSG00000188001,TPRG1,MONDO_0005011,0.736582338809967,,,unknown,,2023-01-18
8e16376901cc82162879e36b12d0c9b885ae7343,gwas_credible_sets,ENSG00000160691,SHC1,MONDO_0005011,0.735891580581665,,,unknown,,2023-07-31
5216afebc1b1bf2da0640b9f3e737f2e2ed0e689,gwas_credible_sets,ENSG00000162594,IL23R,MONDO_0005011,0.7335346341133118,,,unknown,,2023-05-23
51babebd14c4291e04531a5fedc63241fc87fc37,gwas_credible_sets,ENSG00000158987,RAPGEF6,MONDO_0005011,0.7331482768058777,,,unknown,,2023-05-08
371b230b6467bba0da29fd3716876fdd1e81b639,gwas_credible_sets,ENSG00000181751,MACIR,MONDO_0005011,0.7315006852149963,,,unknown,,2023-01-18
dd51eb17b33f089b2711f1944042c7749deac8e8,gwas_credible_sets,ENSG00000131507,NDFIP1,MONDO_0005011,0.7312051057815552,,,unknown,,2017-01-09
8f7dd2177de4c506fec39d1d98db7c57f641b375,gwas_credible_sets,ENSG00000155903,RASA2,MONDO_0005011,0.7306933403015137,,,unknown,,2023-05-08
8e8ce97b0125c8143e75e34d3d805de7b7bd5d40,gwas_credible_sets,ENSG00000185499,MUC1,MONDO_0005011,0.7287929058074951,,,unknown,,2023-05-08
b2534ea9a03d8a8ffbc90196eb0059987ea49510,gwas_credible_sets,ENSG00000185499,MUC1,MONDO_0005011,0.7287929058074951,,,unknown,,2017-01-09
6f4d51edc3afdba4fc9869162d296da3885aa6f5,gwas_credible_sets,ENSG00000185811,IKZF1,MONDO_0005011,0.7286332845687866,,,unknown,,2024-04-15
8f49dfbaec104d5868b7f12d0e939a1e8d4a3f07,gwas_credible_sets,ENSG00000085978,ATG16L1,MONDO_0005011,0.7284972667694092,,,unknown,,2023-05-08
c69ef8d86b0b271c92433e3b3742140ded360c99,gwas_credible_sets,ENSG00000100985,MMP9,MONDO_0005011,0.7284836173057556,,,unknown,,2023-05-08
72d2087acbd64e63854f3c916b3b1c0c9dfc8b1b,gwas_credible_sets,ENSG00000160360,GPSM1,MONDO_0005011,0.7280616164207458,,,unknown,,2017-01-09
7639dc6e8b6913e8907c7d80e32d643a8c6e4d86,gwas_credible_sets,ENSG00000115607,IL18RAP,MONDO_0005011,0.7272418141365051,,,unknown,,2023-05-08
6bddd9e63565c421ff81519aa4562f8c21cba956,gwas_credible_sets,ENSG00000145012,LPP,MONDO_0005011,0.7270572781562805,,,unknown,,2017-01-09
ca607116febfab8b48d79b435814acb37ec3046b,gwas_credible_sets,ENSG00000179630,LACC1,MONDO_0005011,0.7247213125228882,,,unknown,,2008-06-29
83eab1b92d1ede82c78406c0b04581771d367fc8,gwas_credible_sets,ENSG00000134824,FADS2,MONDO_0005011,0.7237311005592346,,,unknown,,2016-03-14
9883e24da40d6349f23885b9b82705db1ecd4c41,gwas_credible_sets,ENSG00000134242,PTPN22,MONDO_0005011,0.72284996509552,,,unknown,,2023-01-18
25eb568c598030ebcad153e38cc5c5844d409f96,gwas_credible_sets,ENSG00000179630,LACC1,MONDO_0005011,0.7221620082855225,,,unknown,,2017-01-09
8c099fde696d2c1ba834bd3a885dc308baae5890,gwas_credible_sets,ENSG00000113742,CPEB4,MONDO_0005011,0.7218537926673889,,,unknown,,2010-11-21
a9823b516db8f5dabe9ac217f19ce637c323bdde,gwas_credible_sets,ENSG00000162594,IL23R,MONDO_0005011,0.7217367887496948,,,unknown,,2023-01-18
1675eb7074476a7274896afe0fd75701dc6a443a,gwas_credible_sets,ENSG00000120690,ELF1,MONDO_0005011,0.7215341329574585,,,unknown,,2012-12-21
205fdfd3f196c37f181230be9a112337a24aae89,eva,ENSG00000023445,BIRC3,MONDO_0005011,0.72,LoF,risk,activate,RCV006264497,2025-12-14
3edc6a430015ec5064a108661bfc71234469706e,eva,ENSG00000023445,BIRC3,MONDO_0005011,0.72,,risk,unknown,RCV006264494,2025-12-14
c5adff7eedbb46ee17db98534f1f6a5fe96241a1,eva,ENSG00000023445,BIRC3,MONDO_0005011,0.72,,risk,unknown,RCV006264492,2025-12-14
c6b6be15b6367e039ef895c839fc0881b53979b1,eva,ENSG00000023445,BIRC3,MONDO_0005011,0.72,LoF,risk,activate,RCV006264495,2025-12-14
cfeadfd9c79162c94621654af317d8c42f62c884,eva,ENSG00000023445,BIRC3,MONDO_0005011,0.72,,risk,unknown,RCV006264496,2025-12-14
e7bb940042f52abce290197ee7e2c40fa17e3ee0,eva,ENSG00000023445,BIRC3,MONDO_0005011,0.72,LoF,risk,activate,RCV006264493,2025-12-14
f3c2ec9c7c8bb8e66f833c71a156c7e4907ef872,eva,ENSG00000023445,BIRC3,MONDO_0005011,0.72,,risk,unknown,RCV006264490,2025-12-14
24e18f0e86ed86bfae20d956e5248e64c0268d3d,gwas_credible_sets,ENSG00000161904,LEMD2,MONDO_0005011,0.7195848822593689,,,unknown,,2013-07-14
96d65826587c3024305041408241b691f4d3d68d,gwas_credible_sets,ENSG00000113302,IL12B,MONDO_0005011,0.7188631892204285,,,unknown,,2023-05-08
e1f4fc97f9f67344db0b33cc3456a8e035982710,gwas_credible_sets,ENSG00000148396,SEC16A,MONDO_0005011,0.7182499766349792,,,unknown,,2023-05-08
87f8308a080d7e8e4381582fe961433949162e68,gwas_credible_sets,ENSG00000162594,IL23R,MONDO_0005011,0.7169257402420044,,,unknown,,2017-01-09
b473dd6a957169f504a89f5975e0594e15df2fcb,gwas_credible_sets,ENSG00000117586,TNFSF4,MONDO_0005011,0.7168018817901611,,,unknown,,2024-07-19
6eb3c131c95d5d4eb6f404fc81acd5372b5672f5,gwas_credible_sets,ENSG00000122483,CCDC18,MONDO_0005011,0.7167304158210754,,,unknown,,2023-05-08
45776256865268943c6c9f6c673246037b1c128d,gwas_credible_sets,ENSG00000178607,ERN1,MONDO_0005011,0.7165641784667969,,,unknown,,2016-03-14
4eb825334e8f095f0fd893a85120725728db7a3b,gwas_credible_sets,ENSG00000124203,ZNF831,MONDO_0005011,0.7164437770843506,,,unknown,,2023-01-18
0adec858bd4e44018db324fd13ca65d09f688143,gwas_credible_sets,ENSG00000181634,TNFSF15,MONDO_0005011,0.7159816026687622,,,unknown,,2020-06-24
d8f0d609fdce8ca844420bf5b8ac4db1afdc3697,gwas_credible_sets,ENSG00000137033,IL33,MONDO_0005011,0.7155904769897461,,,unknown,,2023-01-18
ef6d768e2e9fd05ab7fef365b63c1ba65625f833,gwas_credible_sets,ENSG00000198369,SPRED2,MONDO_0005011,0.7155630588531494,,,unknown,,2023-06-01
f741263be0457f7bc6fc64dc2b173833d6d37b5b,gwas_credible_sets,ENSG00000142188,TMEM50B,MONDO_0005011,0.7134931683540344,,,unknown,,2023-05-08
bbc5680f1e95f5a5a4d751cedb9634fe445c700a,gwas_credible_sets,ENSG00000055208,TAB2,MONDO_0005011,0.7130947709083557,,,unknown,,2023-05-08
4973bd4aec58bb71d54f5343115bda4dd02a78b8,gwas_credible_sets,ENSG00000135899,SP110,MONDO_0005011,0.709394097328186,,,unknown,,2023-05-08
fea943f64338721b806c5d5be15154c837285722,gwas_credible_sets,ENSG00000152527,PLEKHH2,MONDO_0005011,0.7083372473716736,,,unknown,,2023-05-08
e9ff63c7c69e5a719478edf92f2698903e1325d3,gwas_credible_sets,ENSG00000160691,SHC1,MONDO_0005011,0.7082160711288452,,,unknown,,2023-05-08
56716052c2a8392f3224fe6499152d339119ed71,gwas_credible_sets,ENSG00000020633,RUNX3,MONDO_0005011,0.7079690098762512,,,unknown,,2023-05-08
729fa066face29c4140d0d240295d351e0e882ab,gwas_credible_sets,ENSG00000158987,RAPGEF6,MONDO_0005011,0.707103967666626,,,unknown,,2017-01-09
74a4604fccb731eac79142b0cbef1cd23b53f4c4,gwas_credible_sets,ENSG00000182095,TNRC18,MONDO_0005534,0.7063124775886536,,,unknown,,2023-01-18
90e5d9817650a28d7082b789ac2a3b3cb2da28cf,gwas_credible_sets,ENSG00000118420,UBE3D,MONDO_0005011,0.706061601638794,,,unknown,,2016-02-18
25a0e56cae1bb9ef1676494f3738e665cf1ecd89,gwas_credible_sets,ENSG00000109787,KLF3,MONDO_0005011,0.7053878903388977,,,unknown,,2012-12-21
7cbfe2b9d4f560e3eae0a0bc5b4bb34722d9028a,gwas_credible_sets,ENSG00000204577,LILRB3,MONDO_0005011,0.70460444688797,,,unknown,,2023-05-08
efbbe4778f27c43c2a0d890c746b0dd892eb5ca3,gwas_credible_sets,ENSG00000204577,LILRB3,MONDO_0005011,0.70460444688797,,,unknown,,2023-05-08
c884c46128bec0afa4a2ad2b871959d3cb9e9c71,gwas_credible_sets,ENSG00000112977,DAP,MONDO_0005011,0.7045892477035522,,,unknown,,2023-05-08
7eae7cca1d76f418f244f24f4f46d9ef8e270d49,gwas_credible_sets,ENSG00000167208,SNX20,MONDO_0005011,0.7041234374046326,,,unknown,,2022-05-05
3d496b9e72d357983479e5d9fb4a4e53c47ffe3b,gwas_credible_sets,ENSG00000120659,TNFSF11,MONDO_0005011,0.7036963701248169,,,unknown,,2023-05-08
8ce75bf27cc2b2bc4b70e7a7c6acd55d1c772852,gwas_credible_sets,ENSG00000131196,NFATC1,MONDO_0005011,0.7035158276557922,,,unknown,,2024-07-19
5b8fcc3c3841e6fd17be08216a339863dd922b5d,gwas_credible_sets,ENSG00000221914,PPP2R2A,MONDO_0005011,0.7030075192451477,,,unknown,,2024-07-19
dd2a79c3dd886eb497ea93f056a81420309cb082,gwas_credible_sets,ENSG00000152804,HHEX,MONDO_0005011,0.7026132941246033,,,unknown,,2016-03-14
fedf9191df637fc71f00f284d52ed98ebe79ed4a,gwas_credible_sets,ENSG00000166949,SMAD3,MONDO_0005011,0.7018377780914307,,,unknown,,2023-05-08
f937ec44e354533c7e6faa24534c1154f6a34bf5,gwas_credible_sets,ENSG00000085978,ATG16L1,MONDO_0005011,0.7000854015350342,,,unknown,,2016-03-14
be212033d1120f62d6d160a46b0bd5fff055fc55,eva,ENSG00000157827,FMNL2,MONDO_0005011,0.7,,risk,unknown,RCV001293352,2021-02-28
05b96aaab23de4a4fd6e00cddb5b716fa35fe71c,gwas_credible_sets,ENSG00000081985,IL12RB2,MONDO_0005011,0.6995878219604492,,,unknown,,2023-05-23
e62a71be230cf0fc0924be11ee38b828f79a9b0a,gwas_credible_sets,ENSG00000081985,IL12RB2,MONDO_0005011,0.6995419859886169,,,unknown,,2020-02-05
646624f41ee602f1573903ca7a936d1f1df93e71,gwas_credible_sets,ENSG00000131507,NDFIP1,MONDO_0005011,0.6991612315177917,,,unknown,,2016-03-14
4e3d99154a07364ed673177f683cbaab13d40ab9,gwas_credible_sets,ENSG00000181634,TNFSF15,MONDO_0005011,0.6978302001953125,,,unknown,,2023-01-18
d348d792e95bed6e51462c3da171d375331ab446,gwas_credible_sets,ENSG00000103522,IL21R,MONDO_0005011,0.6972805857658386,,,unknown,,2023-01-18
9f37f3bee8a7235fab4123cbe81235b2edb8a9e1,gwas_credible_sets,ENSG00000171522,PTGER4,MONDO_0005011,0.6954664587974548,,,unknown,,2023-01-18
8d3edccf16779a11f6311aa3aeaae9dbebbf9fd2,gwas_credible_sets,ENSG00000159128,IFNGR2,MONDO_0005011,0.6953097581863403,,,unknown,,2023-05-08
30c7cab655844dff696390d06120d1c5f2cf93cd,gwas_credible_sets,ENSG00000089169,RPH3A,MONDO_0005011,0.695126473903656,,,unknown,,2017-01-09
befecdef7124f8d6ee4520cc3a8cd839215cd932,gwas_credible_sets,ENSG00000178562,CD28,MONDO_0005011,0.6951193809509277,,,unknown,,2023-01-18
abbcc1757357238033e8ca049b6eab96464467fd,gwas_credible_sets,ENSG00000197375,SLC22A5,MONDO_0005011,0.6922308206558228,,,unknown,,2023-05-08
8ccaf93a47af052fb7ba225da784e3650b7052bc,gwas_credible_sets,ENSG00000020633,RUNX3,MONDO_0005011,0.6920750141143799,,,unknown,,2016-03-14
86d79767c767399f4292ff54bbf468f1530931b7,gwas_credible_sets,ENSG00000189067,LITAF,MONDO_0005011,0.691344678401947,,,unknown,,2023-05-08
34188159d4b68eb27edbf82ac6386c70dfdb9bac,gwas_credible_sets,ENSG00000173531,MST1,MONDO_0005011,0.6895755529403687,,,unknown,,2023-01-18
35909bd30a8cb90e6e08a114014f7023cbbb4965,gwas_credible_sets,ENSG00000079263,SP140,MONDO_0005011,0.6894578337669373,,,unknown,,2016-03-14
feb9a52ae89a4aa8c6117c674dde9a6830ee948b,gwas_credible_sets,ENSG00000085978,ATG16L1,MONDO_0005011,0.6884371638298035,,,unknown,,2010-11-21
aa10c7700aee04b54cc1f78cf2e1fba7082e07f1,gwas_credible_sets,ENSG00000162594,IL23R,MONDO_0005011,0.6880449056625366,,,unknown,,2007-04-15
475e16c3ae891bfbf448fc666d482fa1fde74dc4,gwas_credible_sets,ENSG00000112977,DAP,MONDO_0005011,0.6859234571456909,,,unknown,,2023-05-08
db7425a9814f0b7fa9c44bd87917d78f08e8dc2e,gwas_credible_sets,ENSG00000109787,KLF3,MONDO_0005011,0.6850477457046509,,,unknown,,2023-05-08
b255b95e0520daeacd8f732ac616d32794e1b9ec,gwas_credible_sets,ENSG00000150907,FOXO1,MONDO_0005011,0.6842033267021179,,,unknown,,2023-01-18
6ee2c9580396d5eb028fd974709b8517b6700d06,gwas_credible_sets,ENSG00000109787,KLF3,MONDO_0005011,0.6840324401855469,,,unknown,,2023-05-08
0f83da2dabeb3f1037381de89de4d4c87655e85e,gwas_credible_sets,ENSG00000138821,SLC39A8,MONDO_0005011,0.683498203754425,,,unknown,,2023-05-08
bfa4fe7e1727a24492cdd30fc5ba0d31de06de3b,gwas_credible_sets,ENSG00000171587,DSCAM,MONDO_0005011,0.6830205917358398,,,unknown,,2024-07-19
2631e390a5b1adbcb8b799d6c72468d47cdd8f78,gwas_credible_sets,ENSG00000171522,PTGER4,MONDO_0005011,0.6822161674499512,,,unknown,,2023-01-18
ebf768d7f3b56b15328e5a48718af90a89384222,gwas_credible_sets,ENSG00000171522,PTGER4,MONDO_0005011,0.6809372305870056,,,unknown,,2023-01-18
a0028de1c2648dbb3a9786e707ceaf86c2c39d34,gwas_credible_sets,ENSG00000196141,SPATS2L,MONDO_0005011,0.6805185675621033,,,unknown,,2023-12-26
180a47787d783d363fd5dcba04c5084655f6d76f,gwas_credible_sets,ENSG00000175354,PTPN2,MONDO_0005011,0.6802470088005066,,,unknown,,2016-03-14
185ca74a96890bdc4c77bc136b90c0a3d7a9be0f,gwas_credible_sets,ENSG00000115267,IFIH1,MONDO_0005011,0.6799904704093933,,,unknown,,2016-03-14
482adc5791e48ac26a718009ecfe65cfa7998b1a,gwas_credible_sets,ENSG00000168610,STAT3,MONDO_0005011,0.679085373878479,,,unknown,,2017-01-09
74542f277139ddf8a7563c39aa89fd3d07ee5315,gwas_credible_sets,ENSG00000112679,DUSP22,MONDO_0005011,0.6780763268470764,,,unknown,,2023-05-08
befd02ad8370448bc2ef1944ad87903fd8ef2193,gwas_credible_sets,ENSG00000162927,PUS10,MONDO_0005011,0.6769410371780396,,,unknown,,2016-03-14
df75ef820cabb21e0e12d5a620dfe92a82bd7700,gwas_credible_sets,ENSG00000181634,TNFSF15,MONDO_0005011,0.6761711239814758,,,unknown,,2023-05-08
882fe718270dc41502b6daff1977d50fcc91ba18,gwas_credible_sets,ENSG00000096968,JAK2,MONDO_0005011,0.6745229959487915,,,unknown,,2016-03-14
18e433679e8e9685ad6be079ad205779d6536439,gwas_credible_sets,ENSG00000162927,PUS10,MONDO_0005011,0.6735888123512268,,,unknown,,2023-05-08
6cea92d921c69e1427463ef7cbdf625da04b58f4,gwas_credible_sets,ENSG00000162594,IL23R,MONDO_0005011,0.6729943156242371,,,unknown,,2015-08-24
b0849117bb82b1b1bb6721f28079fbc1e2754d06,gwas_credible_sets,ENSG00000140030,GPR65,MONDO_0005011,0.6723760366439819,,,unknown,,2010-11-21
af848eec9450f1ce90441139af178395c1775fc5,gwas_credible_sets,ENSG00000145996,CDKAL1,MONDO_0005011,0.6722843647003174,,,unknown,,2016-03-14
c63d84e62b5f9ba174f2244e5465cc8e220d3884,gwas_credible_sets,ENSG00000113638,TTC33,MONDO_0005011,0.6718660593032837,,,unknown,,2023-05-08
04fec9767a61d946b4fd44c9b04fd9d6028ce0e1,gwas_credible_sets,ENSG00000072694,FCGR2B,MONDO_0005011,0.6715402603149414,,,unknown,,2023-01-18
8a12b9fb9a872dfa36bf005b9679027896c135c9,gwas_credible_sets,ENSG00000173531,MST1,MONDO_0005011,0.6708682775497437,,,unknown,,2017-01-09
942afdaeae655e7d02a0f07dc8fc5b8337670b5d,gwas_credible_sets,ENSG00000167207,NOD2,MONDO_0005011,0.6703629493713379,,,unknown,,2007-09-05
66f047090018e2253534bd68e3114b640244c261,gwas_credible_sets,ENSG00000112977,DAP,MONDO_0005011,0.670285165309906,,,unknown,,2016-03-14
b42932968cf29abcc26cbf7fbaa30ee3845a0402,gwas_credible_sets,ENSG00000107968,MAP3K8,MONDO_0005011,0.6699590682983398,,,unknown,,2023-05-08
0f6e9d1a69aead72f41351332af8111d849ddf3f,gwas_credible_sets,ENSG00000188001,TPRG1,MONDO_0005011,0.6696268320083618,,,unknown,,2023-05-08
11927d68e7f38395d7b08b9cdb96e37bf74b28b0,gwas_credible_sets,ENSG00000182095,TNRC18,MONDO_0005011,0.6689837574958801,,,unknown,,2023-01-18
2f4b3e542e3c2df626018df5aa2921eb4765f747,gwas_credible_sets,ENSG00000182095,TNRC18,MONDO_0005011,0.6689837574958801,,,unknown,,2023-01-18
6ebb19676d9255d9eb4996163b07927b2c171a22,gwas_credible_sets,ENSG00000182095,TNRC18,MONDO_0005011,0.6689837574958801,,,unknown,,2023-01-18
711f8352297284e58aac3f9094677d84aba3b967,gwas_credible_sets,ENSG00000182095,TNRC18,MONDO_0005011,0.6689837574958801,,,unknown,,2023-01-18
81a14f69faa85f690028bf044b455e1b9d36a84c,gwas_credible_sets,ENSG00000182095,TNRC18,MONDO_0005539,0.6689837574958801,,,unknown,,2023-01-18
a420a9472d1a335b2ed2c407605898a8d55812e9,gwas_credible_sets,ENSG00000182095,TNRC18,MONDO_0005011,0.6689837574958801,,,unknown,,2023-01-18
d0f6a1390be5dacc01cbf0014c9a7e7a37a16760,gwas_credible_sets,ENSG00000182095,TNRC18,MONDO_0005011,0.6689837574958801,,,unknown,,2023-01-18
313f8abe97ebaec63b5de3e1c415239259e61633,gwas_credible_sets,ENSG00000176635,HORMAD2,MONDO_0005011,0.6683229207992554,,,unknown,,2023-05-08
35bacf84155286d742119a437d41c8758ef88517,gwas_credible_sets,ENSG00000116285,ERRFI1,MONDO_0005011,0.6682599186897278,,,unknown,,2023-05-08
12a33802e2f8def91b00548598a942febf578e95,gwas_credible_sets,ENSG00000108219,TSPAN14,MONDO_0005011,0.6677417159080505,,,unknown,,2016-03-14
ea61e6f85f05a559ff3af5320bd4d82d81f281a6,gwas_credible_sets,ENSG00000138688,BLTP1,MONDO_0005011,0.6676897406578064,,,unknown,,2023-05-08
c1b67849826e907b0fdb171964b8f4d706eeb378,gwas_credible_sets,ENSG00000162927,PUS10,MONDO_0005011,0.6668977737426758,,,unknown,,2012-03-08
1bde6153dfdbf99574dbfeb730667fc10151a69b,gwas_credible_sets,ENSG00000134716,CYP2J2,MONDO_0005011,0.666202962398529,,,unknown,,2024-07-19
2eee2b7855c11366fea4ac6b90da3b96977ada84,gwas_credible_sets,ENSG00000134716,CYP2J2,MONDO_0005011,0.666202962398529,,,unknown,,2024-07-19
ecb8e9089d49d57f01fc1129b30d0e1490fb38ef,gwas_credible_sets,ENSG00000081985,IL12RB2,MONDO_0005011,0.6654040813446045,,,unknown,,2021-11-04
822b9a49de3e0cd6c8d4dcb3522596acd51fa6f8,gwas_credible_sets,ENSG00000125520,SLC2A4RG,MONDO_0005011,0.6647706627845764,,,unknown,,2023-05-08
0c4a7797300affb08bbef5c39cd6360410fcbe81,gwas_credible_sets,ENSG00000115896,PLCL1,MONDO_0005011,0.6643615961074829,,,unknown,,2023-05-08
6810c86dd3aa84a7ce4f2502c9421345b5be4db2,gwas_credible_sets,ENSG00000205592,MUC19,MONDO_0005011,0.6626717448234558,,,unknown,,2010-11-21
aea023475715ae8c4f8f835ce10c4189b12656e3,gwas_credible_sets,ENSG00000189292,ALKAL2,MONDO_0005011,0.662650465965271,,,unknown,,2024-07-19
e494489a1acdfff3a5556545244888638f1dd8cc,gwas_credible_sets,ENSG00000020633,RUNX3,MONDO_0005011,0.661896824836731,,,unknown,,2023-05-08
b5d0584bb4549e187d030f698b868458f7c13278,gwas_credible_sets,ENSG00000162594,IL23R,MONDO_0005011,0.6603647470474243,,,unknown,,2023-05-08
1ada726d5af8873c875d16bd5287bb18bc144e84,gwas_credible_sets,ENSG00000162927,PUS10,MONDO_0005011,0.6599358916282654,,,unknown,,2011-01-27
00faf43f9d00a676f72abde6fae64424efddf571,gwas_credible_sets,ENSG00000119919,NKX2-3,MONDO_0005011,0.6594294309616089,,,unknown,,2017-01-09
fe958113c9039ed059fca6a131b756fbe5c9b1e2,gwas_credible_sets,ENSG00000109787,KLF3,MONDO_0005011,0.6593084335327148,,,unknown,,2023-05-08
c2aaf56303d3f04299d740523277e67e5edabb84,gwas_credible_sets,ENSG00000096433,ITPR3,MONDO_0005011,0.6564333438873291,,,unknown,,2023-05-08
b9c66fbb43c6da9772e4df592d1c97c1bbcba56d,gwas_credible_sets,ENSG00000162613,FUBP1,MONDO_0005011,0.6559537649154663,,,unknown,,2012-11-01
ab7bb34b292057fb03f2a37e9c919bc50fc76b77,gwas_credible_sets,ENSG00000162594,IL23R,MONDO_0005011,0.655917227268219,,,unknown,,2023-01-18
818a6efb5207f56df06ea05d4ac017d5184a10b6,gwas_credible_sets,ENSG00000162594,IL23R,MONDO_0005011,0.6550598740577698,,,unknown,,2023-05-08
523c691636586641503ffa965505298577f24518,gwas_credible_sets,ENSG00000124766,SOX4,MONDO_0005011,0.6550378799438477,,,unknown,,2023-05-08
2327063fa100656f91ebfc5c757192d558427d26,gwas_credible_sets,ENSG00000188001,TPRG1,MONDO_0005011,0.6549369692802429,,,unknown,,2017-01-09
ecdce19723561e9151e01ed0e1ff8e269be9089a,gwas_credible_sets,ENSG00000181634,TNFSF15,MONDO_0005011,0.6541984677314758,,,unknown,,2023-07-31
b879c33f7df19fac63a44f523169594edc1f0e82,gwas_credible_sets,ENSG00000198108,CHSY3,MONDO_0005011,0.6540364623069763,,,unknown,,2023-05-08
134fd64c17909740fc55288bfacc24230ae27f63,gwas_credible_sets,ENSG00000134453,RBM17,MONDO_0005011,0.6527944207191467,,,unknown,,2023-05-08
e4a8bc2f3d6cae496b86098ee055b02fc2a82c0c,gwas_credible_sets,ENSG00000186889,TMEM17,MONDO_0005011,0.6527210474014282,,,unknown,,2012-03-08
be30531ae220a43b64895ff162416fcaccb11287,gwas_credible_sets,ENSG00000026297,RNASET2,MONDO_0005011,0.6512349247932434,,,unknown,,2023-05-08
eb22029e951bf45e25ee5e955f7ff1baa55f423e,gwas_credible_sets,ENSG00000186075,ZPBP2,MONDO_0005011,0.6507681012153625,,,unknown,,2017-01-09
8b68b084ccc5c86597bdb5699c732b19525afcfa,gwas_credible_sets,ENSG00000053328,METTL24,MONDO_0005011,0.6502293944358826,,,unknown,,2024-07-19
21fbb7c69e9c9da5afde2ec3072fea41f756d103,gwas_credible_sets,ENSG00000109787,KLF3,MONDO_0005011,0.6501930952072144,,,unknown,,2023-07-31
de4d7d77251a556413677346206a3839207ae455,gwas_credible_sets,ENSG00000140807,NKD1,MONDO_0005011,0.6494895815849304,,,unknown,,2015-08-24
9b62a60c21cae6997a6c6a1b7367cb03f8670887,gwas_credible_sets,ENSG00000137265,IRF4,MONDO_0005011,0.6493442058563232,,,unknown,,2023-05-08
50cf58fc0cea4f17278486ebe4fe4b31780bed44,gwas_credible_sets,ENSG00000135899,SP110,MONDO_0005011,0.6493356823921204,,,unknown,,2017-01-09
5f4478b0a338109ebbfde39b2b5ee02df5e932a4,gwas_credible_sets,ENSG00000173334,TRIB1,MONDO_0005011,0.6491659283638,,,unknown,,2010-11-21
cc9f241dc44d5568ef475a27045ad07597845031,gwas_credible_sets,ENSG00000176635,HORMAD2,MONDO_0005011,0.648489236831665,,,unknown,,2023-05-08
0c51aa15a97285b4affbf9b5a9a31b19c8fec6e4,gwas_credible_sets,ENSG00000171522,PTGER4,MONDO_0005011,0.6448321342468262,,,unknown,,2024-07-19
c80dd5246ec914946eb8f598b11d9e0b6928c63b,gwas_credible_sets,ENSG00000105963,ADAP1,MONDO_0005011,0.6439758539199829,,,unknown,,2023-05-08
79f7007e1c9ec5be09ecd005222036372dfa4cef,gwas_credible_sets,ENSG00000138684,IL21,MONDO_0005011,0.6438741683959961,,,unknown,,2017-01-09
8f03d397264c0c811ef4cf37de919b767c677552,gwas_credible_sets,ENSG00000153064,BANK1,MONDO_0005011,0.6433343887329102,,,unknown,,2023-05-08
2e3004d5f675a17d972c58cb6ce982ea9bdfa143,gwas_credible_sets,ENSG00000115009,CCL20,MONDO_0005011,0.6413675546646118,,,unknown,,2023-05-08
f7b414bb1b5ad81484b143bb4619c1ad31ebe085,gwas_credible_sets,ENSG00000142224,IL19,MONDO_0005011,0.6396023035049438,,,unknown,,2017-01-09
acbbd889a69fa3cc2163ef9a288d8aa26e64e312,gwas_credible_sets,ENSG00000116288,PARK7,MONDO_0005011,0.6388654112815857,,,unknown,,2016-03-14
17ad371b5208254fd46639d1ffc9bcb10ff187e0,gwas_credible_sets,ENSG00000136240,KDELR2,MONDO_0005011,0.637504518032074,,,unknown,,2023-05-08
6e98932a2c4928989efacca32ec104419b3dbd3b,gwas_credible_sets,ENSG00000164691,TAGAP,MONDO_0005011,0.6337963938713074,,,unknown,,2023-05-08
0a796dc55e4d9c8b10eff286483c81a5b731c35f,gwas_credible_sets,ENSG00000105963,ADAP1,MONDO_0005011,0.6337204575538635,,,unknown,,2023-05-08
335b3e1193389828cfb86afcc96fb4b22b02cf8f,gwas_credible_sets,ENSG00000105963,ADAP1,MONDO_0005011,0.6337204575538635,,,unknown,,2023-05-08
f1235aeee5ffb508c7c5e3ebe495c6abecf02b37,gwas_credible_sets,ENSG00000167207,NOD2,MONDO_0005011,0.6336111426353455,,,unknown,,2021-11-04
043dfba2cc1609e9f1046257522086d2082f881b,gwas_credible_sets,ENSG00000164308,ERAP2,MONDO_0005011,0.6335708498954773,,,unknown,,2023-05-08
5d47fe105bd02a347bc5e3806866f34e8b3163b5,gwas_credible_sets,ENSG00000162594,IL23R,MONDO_0005011,0.6327919960021973,,,unknown,,2023-01-18
29537c500c42e9aa8eb89933f48a5e23cc62ce9c,gwas_credible_sets,ENSG00000163933,RFT1,MONDO_0005011,0.6324769258499146,,,unknown,,2017-01-09
79560bb3758605d4f0680da9a835dd715aab5308,gwas_credible_sets,ENSG00000107968,MAP3K8,MONDO_0005011,0.6323291659355164,,,unknown,,2017-01-09
010242be7a9b7baa2421a12058357daf4aa21397,gwas_credible_sets,ENSG00000163933,RFT1,MONDO_0005011,0.631016194820404,,,unknown,,2023-05-08
e0032486842f1a3de05aade2b2834e3fb26f7e1f,gwas_credible_sets,ENSG00000265808,SEC22B,MONDO_0005011,0.6309686303138733,,,unknown,,2023-01-18
168a36711d63a639b28d25dcb8f1bca6d5232f22,gwas_credible_sets,ENSG00000113302,IL12B,MONDO_0005011,0.6307949423789978,,,unknown,,2023-05-08
ce3c17f997156c7c3e107c8474f2d3871fd890c5,gwas_credible_sets,ENSG00000113302,IL12B,MONDO_0005011,0.6307949423789978,,,unknown,,2023-05-08
a0dfac902f0173e6f173fae24e404ef16f25de47,gwas_credible_sets,ENSG00000181915,ADO,MONDO_0005011,0.630429744720459,,,unknown,,2018-11-29
43416a4f3cc14a3f5b9bb4deeaffb27b0f5a6a4c,gwas_credible_sets,ENSG00000113302,IL12B,MONDO_0005011,0.6297198534011841,,,unknown,,2017-01-09
0607f6e46262e071c8ea705208ca89b92f0df4f8,gwas_credible_sets,ENSG00000258366,RTEL1,MONDO_0005011,0.6291672587394714,,,unknown,,2023-01-18
417e09612f87839c5432fa4c66d2cad8c89e264d,gwas_credible_sets,ENSG00000171522,PTGER4,MONDO_0005011,0.6289390325546265,,,unknown,,2023-01-18
97e180a9fe36e5770be6552865851eecdc1fbd59,gwas_credible_sets,ENSG00000167207,NOD2,MONDO_0005011,0.6282381415367126,,,unknown,,2023-05-23
f01f974a3e0040785f6f514bfd20c6a789a1e31c,gwas_credible_sets,ENSG00000143772,ITPKB,MONDO_0005011,0.6279049515724182,,,unknown,,2023-01-18
9ad0f89ba35292f73c8ba4a964c5de7075935483,gwas_credible_sets,ENSG00000151773,CCDC122,MONDO_0005011,0.6275554895401001,,,unknown,,2023-05-08
e69e314fd14e4e8ee02e7ef5bf29cece0bc334a9,gwas_credible_sets,ENSG00000151773,CCDC122,MONDO_0005011,0.6258346438407898,,,unknown,,2023-05-08
3dea744ba64d2fb264b280c847d0958348ecdb5e,gwas_credible_sets,ENSG00000173334,TRIB1,MONDO_0005011,0.6254483461380005,,,unknown,,2023-05-08
bb63c2960be559424c9a769fb2bcb5b469c6fa7e,gwas_credible_sets,ENSG00000168071,CCDC88B,MONDO_0005011,0.6252727508544922,,,unknown,,2022-05-05
01f5b588b5b435e1d6972dd55a940ecb46b9fc31,gwas_credible_sets,ENSG00000125520,SLC2A4RG,MONDO_0005011,0.6240051984786987,,,unknown,,2010-11-21
5d51922c531309af36817d8cc7881fd5cab3ac2a,gwas_credible_sets,ENSG00000153093,ACOXL,MONDO_0005011,0.6236382722854614,,,unknown,,2023-01-18
0c27827827be5c8c5d143264d3d3330ba2a319d7,gwas_credible_sets,ENSG00000168488,ATXN2L,MONDO_0005011,0.623314380645752,,,unknown,,2023-05-08
194603abd467d4717246e610ffc473762df8e388,gwas_credible_sets,ENSG00000085978,ATG16L1,MONDO_0005011,0.6232251524925232,,,unknown,,2008-06-29
e90dff1a17dd07b764a731aacec6d4ba327da43c,gwas_credible_sets,ENSG00000113302,IL12B,MONDO_0005011,0.6213182806968689,,,unknown,,2023-05-08
a8122d67567de06b9743646bf54ed688a411e5d7,gwas_credible_sets,ENSG00000173334,TRIB1,MONDO_0005011,0.6206081509590149,,,unknown,,2016-03-14
cb49b3c1aee8adfe72a82e20793c5d87bbb415c1,gwas_credible_sets,ENSG00000173334,TRIB1,MONDO_0005011,0.6206081509590149,,,unknown,,2008-06-29
94e4e45ee64dd0b7c90bcd4124b9f6b313609275,gwas_credible_sets,ENSG00000179630,LACC1,MONDO_0005011,0.6204701066017151,,,unknown,,2023-07-31
d2308b0baf52d6514d8dc27c4a09791a6dd1c187,gwas_credible_sets,ENSG00000162594,IL23R,MONDO_0005011,0.6200445890426636,,,unknown,,2023-01-18
b1c7c30a40dae455192f3e8d07581136e712afa6,gwas_credible_sets,ENSG00000148200,NR6A1,MONDO_0005011,0.6194313168525696,,,unknown,,2023-01-18
60ecceec199d700fa1209bc37310961aa054b875,gwas_credible_sets,ENSG00000132405,TBC1D14,MONDO_0005011,0.6183739304542542,,,unknown,,2024-07-19
072d9275bc6fe5dd8f27a76c1db96451f8532a89,gwas_credible_sets,ENSG00000140030,GPR65,MONDO_0005011,0.6175834536552429,,,unknown,,2016-03-14
8963de185b4324e70e6da77b2d3918794b66890b,gwas_credible_sets,ENSG00000054983,GALC,MONDO_0005011,0.6175830364227295,,,unknown,,2023-05-08
83a8fc8bf8f0171b17c735eb26add8f3864c9d2f,gwas_credible_sets,ENSG00000162594,IL23R,MONDO_0005011,0.61723393201828,,,unknown,,2023-01-18
2cd6754e9ae814c83d1e1d623dc8144480a19a2f,gwas_credible_sets,ENSG00000241484,ARHGAP8,MONDO_0005011,0.6162874698638916,,,unknown,,2024-07-19
08cbb7b129f38252e872479de4d0423e87808117,gwas_credible_sets,ENSG00000170279,C7orf33,MONDO_0005011,0.615003228187561,,,unknown,,2016-03-14
d9720cef3fe90e6f01f49810e7c778d20bb798a7,gwas_credible_sets,ENSG00000171522,PTGER4,MONDO_0005539,0.6144816875457764,,,unknown,,2023-01-18
d0e77602397bc8eeecbe7c7108cf092e8b28ac87,gwas_credible_sets,ENSG00000162594,IL23R,MONDO_0005011,0.6134816408157349,,,unknown,,2024-07-19
2da51d543a39001658236a3ced78702e65997e49,gwas_credible_sets,ENSG00000119919,NKX2-3,MONDO_0005011,0.6110659241676331,,,unknown,,2023-01-18
676f8c17c8f387116a851c85d45b082bd4c867a7,gwas_credible_sets,ENSG00000026297,RNASET2,MONDO_0005011,0.6107514500617981,,,unknown,,2013-07-14
8d9cf69bb41bea958525dc06b3a98471d7d05c21,gwas_credible_sets,ENSG00000091138,SLC26A3,MONDO_0005011,0.6102734804153442,,,unknown,,2016-03-14
760bdebaa76565eea7fa421d5ce5d7c78fe88e84,gwas_credible_sets,ENSG00000108688,CCL7,MONDO_0005011,0.6096309423446655,,,unknown,,2023-05-08
f9ff92f9a1e035ecee12230676343ea8a40d8422,gwas_credible_sets,ENSG00000185651,UBE2L3,MONDO_0005011,0.6083946228027344,,,unknown,,2023-07-31
4f4c0f1cff8ee6ba56943180962b52f2bd9d0464,gwas_credible_sets,ENSG00000182568,SATB1,MONDO_0005011,0.6083475947380066,,,unknown,,2023-07-31
fe111b99f7e647ce4b709c43befee8ebbe3a22d7,gwas_credible_sets,ENSG00000131183,SLC34A1,MONDO_0005011,0.6067358255386353,,,unknown,,2023-01-18
51536aa62b6bcd2139da466e6b1e4b57a8015398,gwas_credible_sets,ENSG00000085978,ATG16L1,MONDO_0005011,0.6057935953140259,,,unknown,,2023-05-08
370907c3a366ece1854de7da878e4a3a0e8f628c,gwas_credible_sets,ENSG00000130876,SLC7A10,MONDO_0005011,0.604688286781311,,,unknown,,2023-05-08
8bcf944a8b9df294b6114495c23a6efa572e5b37,gwas_credible_sets,ENSG00000180530,NRIP1,MONDO_0005011,0.6038010716438293,,,unknown,,2008-06-29
cb96f307286e79aa049b8d77828b1c1731e2ddb1,gwas_credible_sets,ENSG00000162594,IL23R,MONDO_0005011,0.6032589673995972,,,unknown,,2007-06-01
d50a149e16fce2b20bbdcb0aa0e1edb2d81abf2c,gwas_credible_sets,ENSG00000164691,TAGAP,MONDO_0005011,0.6017348170280457,,,unknown,,2016-03-14
5d584475448f55292cc5a00e492ec0128956493a,gwas_credible_sets,ENSG00000243509,TNFRSF6B,MONDO_0005011,0.6012625098228455,,,unknown,,2010-11-21
c09cda7d8865621760702f8f22a2ce15ef8a24d1,gwas_credible_sets,ENSG00000026297,RNASET2,MONDO_0005011,0.600105881690979,,,unknown,,2017-01-09
f2b4186251de8e1243b72ba5db6622bb29ff1399,gwas_credible_sets,ENSG00000138031,ADCY3,MONDO_0005011,0.5996321439743042,,,unknown,,2017-01-09
31264f434437fd8d2f9262a505e5d9a3f7024499,gwas_credible_sets,ENSG00000182568,SATB1,MONDO_0005011,0.5989686846733093,,,unknown,,2016-03-14
cfde4364d3c0d4aa4adf391a2652d62b09b99e14,gwas_credible_sets,ENSG00000100906,NFKBIA,MONDO_0005011,0.5979288220405579,,,unknown,,2023-05-08
27f0afafa53eadeb6bbadae8e5b51e2607cda34e,gwas_credible_sets,ENSG00000130876,SLC7A10,MONDO_0005011,0.5976519584655762,,,unknown,,2024-04-15
b59916f51d3da0496ef844f2f43cbb8b960b5216,gwas_credible_sets,ENSG00000106346,USP42,MONDO_0005011,0.5971670746803284,,,unknown,,2023-05-08
67679ac8f6341f735415a9a8c2b6599d46299791,gwas_credible_sets,ENSG00000168875,SOX14,MONDO_0005011,0.5962095260620117,,,unknown,,2016-03-14
24a56480ffba1798512a0bea5429172c45686e7b,gwas_credible_sets,ENSG00000171522,PTGER4,MONDO_0005011,0.5957091450691223,,,unknown,,2023-01-18
4c5e4cccafe1980b64103c9a7724cd554a881b3d,gwas_credible_sets,ENSG00000219073,CELA3B,MONDO_0005011,0.593352198600769,,,unknown,,2023-05-08
1a02dae474dd80df3b0995e4da84d3608e151642,gwas_credible_sets,ENSG00000179630,LACC1,MONDO_0005011,0.5932720303535461,,,unknown,,2023-05-08
164867f18841a74d1e5559edc54cc4c9ba770c80,gwas_credible_sets,ENSG00000171522,PTGER4,MONDO_0005011,0.5931835174560547,,,unknown,,2023-07-31
b754b69cd0cccf7ccdac832604b55669e54711a1,gwas_credible_sets,ENSG00000181751,MACIR,MONDO_0005011,0.59188312292099,,,unknown,,2023-01-18
a97575ce2a938854ea8f1c8b8081a00a52a9ca6f,gwas_credible_sets,ENSG00000179630,LACC1,MONDO_0005011,0.5917287468910217,,,unknown,,2023-05-08
4914cda53cd853765d32b138b5c0ba7bc11adf2c,gwas_credible_sets,ENSG00000143194,MAEL,MONDO_0005011,0.591458797454834,,,unknown,,2024-07-19
b25b709cfb6b36db96f6e7e0c579a160f6dfd16d,gwas_credible_sets,ENSG00000140807,NKD1,MONDO_0005011,0.5907855033874512,,,unknown,,2023-05-23
288a0caf05daa72806e5824be683df1691409559,gwas_credible_sets,ENSG00000205592,MUC19,MONDO_0005011,0.5893896222114563,,,unknown,,2017-01-09
33c817e9577be1f9dd0d805ebdbe3f38b92ef18f,gwas_credible_sets,ENSG00000170279,C7orf33,MONDO_0005011,0.5885968804359436,,,unknown,,2023-05-08
0d4074f4ca011c5b4afc55ad03fb8a4b6be10380,gwas_credible_sets,ENSG00000140807,NKD1,MONDO_0005011,0.5882407426834106,,,unknown,,2021-11-04
f628c095b14611f5a52b1208e0127966f9c54372,gwas_credible_sets,ENSG00000168610,STAT3,MONDO_0005011,0.587763249874115,,,unknown,,2023-05-08
fdb1b670ca385172e1c41758b0bbe8576167a8ca,gwas_credible_sets,ENSG00000168610,STAT3,MONDO_0005011,0.587763249874115,,,unknown,,2023-05-08
171b993a4eb6872759f08102d057b5febcf4e8f1,gwas_credible_sets,ENSG00000171522,PTGER4,MONDO_0005011,0.5877446532249451,,,unknown,,2023-01-18
e0081767cadafc092d651aebd929af42c27e4649,gwas_credible_sets,ENSG00000119919,NKX2-3,MONDO_0005011,0.5864378809928894,,,unknown,,2010-11-21
d64f1865f89a7099bdbd5d031222e5ceff034d91,gwas_credible_sets,ENSG00000163362,INAVA,MONDO_0005011,0.5855876207351685,,,unknown,,2017-01-09
8ec0b75e3d77e23e4739665b205a6cc2791fe97a,gwas_credible_sets,ENSG00000130876,SLC7A10,MONDO_0005011,0.5850728154182434,,,unknown,,2017-01-09
94c2d539c8585c78f0a01d8bee1a935e01eedc6e,gwas_credible_sets,ENSG00000173531,MST1,MONDO_0005534,0.5824955701828003,,,unknown,,2023-01-18
69b60168d1b0caca78ccb8f4645b2a70a4804b31,gwas_credible_sets,ENSG00000181634,TNFSF15,MONDO_0005011,0.5819767117500305,,,unknown,,2018-11-29
e286092385b9f9d0c6d6ff7413f770479592385d,gwas_credible_sets,ENSG00000018236,CNTN1,MONDO_0005011,0.5809219479560852,,,unknown,,2016-03-14
d8ecf2d45d7993fa845065050fd979a242d4821b,gwas_credible_sets,ENSG00000100368,CSF2RB,MONDO_0005011,0.5807008147239685,,,unknown,,2023-05-08
50d5f626e8e568b24d8ec42bfd2392feb0bf7509,gwas_credible_sets,ENSG00000182095,TNRC18,MONDO_0005011,0.5798689723014832,,,unknown,,2023-01-18
abe432276c80059bfa8eab08f9f617f341273a5c,gwas_credible_sets,ENSG00000173531,MST1,MONDO_0005011,0.5793759226799011,,,unknown,,2010-11-21
8ab8aade93c166a077aecea221fd833b4cc0e057,gwas_credible_sets,ENSG00000140807,NKD1,MONDO_0005011,0.578471302986145,,,unknown,,2025-08-06
d2c151e2513c7738e156beda77dfab1304ab802b,gwas_credible_sets,ENSG00000137492,THAP12,MONDO_0005011,0.5773423314094543,,,unknown,,2023-01-18
06365877a1fc0410814a50d58b14acb23b63b580,gwas_credible_sets,ENSG00000138085,ATRAID,MONDO_0005011,0.577036440372467,,,unknown,,2017-01-09
c01b5a9902aef5f666708b63ba38f2327143c838,gwas_credible_sets,ENSG00000167207,NOD2,MONDO_0005011,0.5759244561195374,,,unknown,,2022-05-05
1f9470d9b500e99172f24994249db05c10bdc3b5,gwas_credible_sets,ENSG00000168610,STAT3,MONDO_0005011,0.5753805041313171,,,unknown,,2008-06-29
28eea26ac6b9604767f121574a95560495c17128,gwas_credible_sets,ENSG00000169220,RGS14,MONDO_0005011,0.5753065943717957,,,unknown,,2023-01-18
5d24779aaec0b2597965f36fa5cdb245e43fcd29,gwas_credible_sets,ENSG00000054983,GALC,MONDO_0005011,0.5745344758033752,,,unknown,,2017-01-09
345ed658e8e79c38c49aefe44a4f6d5730068263,gwas_credible_sets,ENSG00000180530,NRIP1,MONDO_0005011,0.5737007856369019,,,unknown,,2023-05-08
47366c0f3d56b6d49e9db7798b7c590279d86bcd,gwas_credible_sets,ENSG00000183960,KCNH8,MONDO_0005011,0.5735569596290588,,,unknown,,2023-07-31
8d33ac99dfe6d05e7dd432bc1786115d2c7c89de,gwas_credible_sets,ENSG00000170889,RPS9,MONDO_0005011,0.5735295414924622,,,unknown,,2023-05-08
8866cedca31c5dd586489e3142ffe14375d7a3f8,gwas_credible_sets,ENSG00000064932,SBNO2,MONDO_0005011,0.5710310935974121,,,unknown,,2023-05-08
b5672965618daa185de547a622cfe0f164df108c,gwas_credible_sets,ENSG00000011275,RNF216,MONDO_0005011,0.5707306265830994,,,unknown,,2023-05-08
41d129f8f07abcbedbb13dff87ccc241fb34853c,gwas_credible_sets,ENSG00000113742,CPEB4,MONDO_0005011,0.5697399377822876,,,unknown,,2012-11-01
77a5564e104924d917cc68d5b644b7d606729349,gwas_credible_sets,ENSG00000204577,LILRB3,MONDO_0005011,0.5673722624778748,,,unknown,,2023-07-31
bb58ff0996236fc1e7ab3a350213f513d02102dd,gwas_credible_sets,ENSG00000119919,NKX2-3,MONDO_0005011,0.5672633051872253,,,unknown,,2016-03-14
954cb654df929499e0a5a816a34ca8784018ca48,gwas_credible_sets,ENSG00000179630,LACC1,MONDO_0005011,0.5625583529472351,,,unknown,,2016-03-14
a1e5866d6aa055c573664053cafb2896aaab7135,gwas_credible_sets,ENSG00000140807,NKD1,MONDO_0005011,0.5585752129554749,,,unknown,,2025-01-09
aaee727d9afb630c6e166640b6a4a4fb17148fcb,gwas_credible_sets,ENSG00000119919,NKX2-3,MONDO_0005011,0.5562504529953003,,,unknown,,2015-08-24
21b7919cd3f7adfcecab985f85cf3c16ecfafeb2,gwas_credible_sets,ENSG00000134954,ETS1,MONDO_0005011,0.5559918284416199,,,unknown,,2016-03-14
032814189ee77aae1fc40939ff7f9a5885c383f0,gwas_credible_sets,ENSG00000171522,PTGER4,MONDO_0005011,0.5558960437774658,,,unknown,,2008-06-29
14185839616de7d18f6c4ab8efac4c593e29a417,gwas_credible_sets,ENSG00000171522,PTGER4,MONDO_0005011,0.5558960437774658,,,unknown,,2007-06-01
b1d3a703971712000632e1902d1ddf1852d1d73a,gwas_credible_sets,ENSG00000185811,IKZF1,MONDO_0005011,0.5556442737579346,,,unknown,,2025-08-06
86af2eaf1c1cf5b20ccd9dd7a814335dfcda2bcf,gwas_credible_sets,ENSG00000182134,TDRKH,MONDO_0005011,0.5550310015678406,,,unknown,,2023-05-08
22ff849f368181a219899e7f781e700a547ca110,gwas_credible_sets,ENSG00000142224,IL19,MONDO_0005011,0.554588794708252,,,unknown,,2023-01-18
1f9cfd3f0817d38b4620a193fedf59d693f1a00b,gene_burden,ENSG00000167207,NOD2,MONDO_0005011,0.5531112922432719,LoF,risk,activate,,2021-08-10
839b2de9d07445c861435a18b311d9402146a25d,gwas_credible_sets,ENSG00000155313,USP25,MONDO_0005011,0.5526319146156311,,,unknown,,2008-06-29
ea64babfc341d49b7b6f136fc250c587276935e6,gwas_credible_sets,ENSG00000155313,USP25,MONDO_0005011,0.5526319146156311,,,unknown,,2010-11-21
4130c6f6ae4280cf4aa38b8b283a10c159ad5ddc,gwas_credible_sets,ENSG00000064932,SBNO2,MONDO_0005011,0.552267849445343,,,unknown,,2023-05-08
31f90d2b32fe78e12b22172f4b3cd7690d0799f1,gwas_credible_sets,ENSG00000138166,DUSP5,MONDO_0005011,0.5521314740180969,,,unknown,,2013-07-14
77e56ceb33bc5c8b71dd422d55f837f475c142de,gwas_credible_sets,ENSG00000204577,LILRB3,MONDO_0005011,0.550369381904602,,,unknown,,2023-05-08
7b32e34d9274ef3d44968adc471c12cad5f12847,gwas_credible_sets,ENSG00000204577,LILRB3,MONDO_0005011,0.550369381904602,,,unknown,,2023-05-08
268d21718278c3d6d0d82f164a4038e445e9faae,gwas_credible_sets,ENSG00000213066,CEP43,MONDO_0005011,0.5503191947937012,,,unknown,,2008-06-29
17a9a0ec944d8aa7dd66e0f1561f652ad0fdd76d,gwas_credible_sets,ENSG00000171522,PTGER4,MONDO_0005011,0.5494174361228943,,,unknown,,2016-03-14
d17704faa35c044a4031ffa1a3d6930494ee99f3,gwas_credible_sets,ENSG00000026103,FAS,MONDO_0005011,0.5491945147514343,,,unknown,,2016-03-14
98f167884828ec7671d3df10138d2e62cabac727,gwas_credible_sets,ENSG00000113302,IL12B,MONDO_0005011,0.5487344861030579,,,unknown,,2023-01-18
98362374b53fb926395e66fde2294bcf3657f1ab,gwas_credible_sets,ENSG00000162594,IL23R,MONDO_0005011,0.546690821647644,,,unknown,,2023-01-18
bc1ff43245aa4b324870a2177dccbde0e46d9b75,gwas_credible_sets,ENSG00000168214,RBPJ,MONDO_0005011,0.5464034676551819,,,unknown,,2023-01-18
157ffede8d1cd4457edf89f60fdce492cdef1e58,gwas_credible_sets,ENSG00000110799,VWF,MONDO_0005011,0.5460483431816101,,,unknown,,2024-07-19
44374345d6f84039fc62469a64dc4bea234c3a98,gwas_credible_sets,ENSG00000172673,THEMIS,MONDO_0005011,0.5457848906517029,,,unknown,,2016-03-14
c668b045b9225a1d01df92e6449247ae305492a8,gwas_credible_sets,ENSG00000138166,DUSP5,MONDO_0005011,0.5445850491523743,,,unknown,,2017-01-09
12885b4804810bcb350b004e5b55ad3d6367a85b,gwas_credible_sets,ENSG00000177468,OLIG3,MONDO_0005011,0.544517457485199,,,unknown,,2023-01-18
f76ece07eb210dc00f47c789d074c1ab52563307,gwas_credible_sets,ENSG00000179630,LACC1,MONDO_0005011,0.5444525480270386,,,unknown,,2023-05-08
596b9078606e4d3a68f92babb5a92d67f33463c4,gwas_credible_sets,ENSG00000143420,ENSA,MONDO_0005011,0.5418404340744019,,,unknown,,2023-05-08
799d71c1c281dd70df1b3810bd4f23dfa8e1d00d,gwas_credible_sets,ENSG00000075624,ACTB,MONDO_0005011,0.5390594005584717,,,unknown,,2023-05-08
ac797ae02fcd160eb8e28ca3c69bce3005f94786,gwas_credible_sets,ENSG00000081985,IL12RB2,MONDO_0005011,0.5386327505111694,,,unknown,,2023-05-08
0e0cc6cad7cc39df5f7da97ec2e0e601a6bd4036,gwas_credible_sets,ENSG00000130876,SLC7A10,MONDO_0005011,0.5384673476219177,,,unknown,,2023-05-08
26fce554b2db352be0bc375e57119f43329a5c34,gwas_credible_sets,ENSG00000203896,LIME1,MONDO_0005011,0.5373214483261108,,,unknown,,2017-01-09
b929a331d45760fc000cb683453acaec3adebd09,gwas_credible_sets,ENSG00000180530,NRIP1,MONDO_0005011,0.537236213684082,,,unknown,,2023-05-08
b07569a59a087d3aa58bbe2bfcf4a90bad69d5ab,gwas_credible_sets,ENSG00000138166,DUSP5,MONDO_0005011,0.5358341932296753,,,unknown,,2023-05-08
2d63cad8cd3acc150180294573da22b2a51ca370,gwas_credible_sets,ENSG00000168763,CNNM3,MONDO_0005011,0.5355886816978455,,,unknown,,2023-12-26
d63464a586d57af2d24827de15b96ddbfb62d35f,gwas_credible_sets,ENSG00000185811,IKZF1,MONDO_0005011,0.5348735451698303,,,unknown,,2016-03-14
949c773224cfcf7de1c22be3a49f7cdfd1de2620,gwas_credible_sets,ENSG00000157873,TNFRSF14,MONDO_0005011,0.5347268581390381,,,unknown,,2016-03-14
bd2376975db158573d85c5b1eaccac5024c575a8,gwas_credible_sets,ENSG00000116793,PHTF1,MONDO_0005011,0.5346560478210449,,,unknown,,2023-05-08
51ac270ca1a0d51e6ee196738965a760c21be7c0,gwas_credible_sets,ENSG00000134802,SLC43A3,MONDO_0005011,0.5340471267700195,,,unknown,,2012-03-08
9dd8fd08cc22865c2d0858722aa0d55f465f3ba7,gwas_credible_sets,ENSG00000064932,SBNO2,MONDO_0005011,0.5339308977127075,,,unknown,,2017-01-09
10d2d4de42988ca2d5f56a8fe0445540bcd9c45c,gwas_credible_sets,ENSG00000072110,ACTN1,MONDO_0005011,0.5336610674858093,,,unknown,,2023-01-18
b8c578056ab677b242764929a9c0cf3cb5930469,gwas_credible_sets,ENSG00000120688,WBP4,MONDO_0005011,0.5334857702255249,,,unknown,,2023-05-08
69029074a929c67bef3914e3820fe7d9ca63be0b,gwas_credible_sets,ENSG00000185811,IKZF1,MONDO_0005011,0.5334450006484985,,,unknown,,2023-05-23
c9b478804dcb0685ae406fe5ca8a9708a90586d6,gwas_credible_sets,ENSG00000171522,PTGER4,MONDO_0005011,0.5311141014099121,,,unknown,,2010-11-21
5cfc38dbfb60017aae9dd739327e5bea85bba73b,gwas_credible_sets,ENSG00000162594,IL23R,MONDO_0005011,0.5308027267456055,,,unknown,,2022-05-05
ad24f876c68126457cc92769e6966b9664a18382,gwas_credible_sets,ENSG00000213066,CEP43,MONDO_0005011,0.5304137468338013,,,unknown,,2023-05-08
cd19ff8f49858b89582fd741c2a2f54e653458fe,gwas_credible_sets,ENSG00000131507,NDFIP1,MONDO_0005011,0.5301963090896606,,,unknown,,2023-01-18
6064ac05ce1ff5b72e6a84aeafd15fdbc7901147,gwas_credible_sets,ENSG00000120337,TNFSF18,MONDO_0005011,0.5294178128242493,,,unknown,,2016-03-14
8e80cd73ba0fcd2c63af546bf9c1bd60c971b8e4,gwas_credible_sets,ENSG00000120337,TNFSF18,MONDO_0005011,0.5294178128242493,,,unknown,,2010-11-21
9c0036e8e010c649a62b142bb71e09f495faee4a,gwas_credible_sets,ENSG00000168610,STAT3,MONDO_0005011,0.5288830399513245,,,unknown,,2016-03-14
322f68689a5943fbb7a469aa3b0ff35cb53b54e3,gwas_credible_sets,ENSG00000182095,TNRC18,MONDO_0005011,0.5288013219833374,,,unknown,,2023-05-08
0f93ccd8142f13c125e05618c06f414fed6b43c8,gwas_credible_sets,ENSG00000179630,LACC1,MONDO_0005011,0.5286733508110046,,,unknown,,2023-05-08
1a946d3619d040eadbb0cb507b6ca90e31478f77,gwas_credible_sets,ENSG00000173531,MST1,MONDO_0005011,0.5278777480125427,,,unknown,,2008-06-29
247181d9725f2cc555681e6b4cdff7c9a5a3aeae,gwas_credible_sets,ENSG00000023330,ALAS1,MONDO_0005011,0.5274296402931213,,,unknown,,2023-12-26
16cda9b5e2af6fc8143d25ba3dcaf2e1ac8136f5,gwas_credible_sets,ENSG00000170889,RPS9,MONDO_0005011,0.5274098515510559,,,unknown,,2023-05-08
8efcbb6f329933877a68ff39972b2e54312bc099,gwas_credible_sets,ENSG00000188603,CLN3,MONDO_0005011,0.5272901058197021,,,unknown,,2023-05-08
33b6d0908064230fc968d1b8efa7dcfe94f24358,gwas_credible_sets,ENSG00000171522,PTGER4,MONDO_0005011,0.5270212888717651,,,unknown,,2023-01-18
81aed3dd367be907b41460c2d7cf123e1fc45c73,gwas_credible_sets,ENSG00000120337,TNFSF18,MONDO_0005011,0.5269779562950134,,,unknown,,2012-11-01
1f0decb636659d528d7fe36e18a61ae758f2370b,gwas_credible_sets,ENSG00000155313,USP25,MONDO_0005011,0.5262642502784729,,,unknown,,2023-05-08
b552475e77605ad4cb5f685a1972c9403d0040e5,gwas_credible_sets,ENSG00000054983,GALC,MONDO_0005011,0.5259488821029663,,,unknown,,2010-11-21
1e52cd354fa187e9e163a7940ec268f44a3cfe8c,gwas_credible_sets,ENSG00000026297,RNASET2,MONDO_0005011,0.5256670117378235,,,unknown,,2023-01-18
3eb2b5b41788990b865ee0450fd743ffd127ae18,gwas_credible_sets,ENSG00000181634,TNFSF15,MONDO_0005011,0.5250252485275269,,,unknown,,2017-01-09
743d98ab6a520f48fc438e100971428c71de50dc,gwas_credible_sets,ENSG00000159131,GART,MONDO_0005011,0.5244407057762146,,,unknown,,2023-05-08
20318d2a7eea96c2ffac12d56e1f16f6d7c2b29a,gwas_credible_sets,ENSG00000185811,IKZF1,MONDO_0005011,0.5241919159889221,,,unknown,,2017-01-09
4b9cc4d43fd69c8c4f18d066b882127fea159522,gwas_credible_sets,ENSG00000111145,ELK3,MONDO_0005011,0.5240574479103088,,,unknown,,2023-05-08
3b928a54be6ab69e097fa9bcb2266fa0847bc229,gwas_credible_sets,ENSG00000198108,CHSY3,MONDO_0005011,0.5236560702323914,,,unknown,,2023-05-08
dfbb17b4c47ba0cf5573aceb6f5202930d92c1d2,gwas_credible_sets,ENSG00000120337,TNFSF18,MONDO_0005011,0.5224407911300659,,,unknown,,2017-01-09
ec52bc7c638125db58426123155b4eee567909f7,gwas_credible_sets,ENSG00000173402,DAG1,MONDO_0005011,0.5220365524291992,,,unknown,,2023-05-08
22abe2a54f04736bfe870a0f9d87a2a8c5fb5f15,gwas_credible_sets,ENSG00000164512,ANKRD55,MONDO_0005011,0.5217663645744324,,,unknown,,2015-08-24
c56d6e41cd76b2fba5f6865f1be9ce1543679395,gwas_credible_sets,ENSG00000124766,SOX4,MONDO_0005011,0.5198089480400085,,,unknown,,2023-01-18
165cd3bbffa60991f44aaea939a2077b01dad9de,gwas_credible_sets,ENSG00000049246,PER3,MONDO_0005011,0.5193571448326111,,,unknown,,2010-11-21
d6daaf1e081baef9d96bed83a754a4353c99eab5,gwas_credible_sets,ENSG00000115009,CCL20,MONDO_0005011,0.5192638039588928,,,unknown,,2023-05-08
91db1c76d4fae8df8a3dc35e30f9d9205d028e8f,gwas_credible_sets,ENSG00000100365,NCF4,MONDO_0005011,0.5178809762001038,,,unknown,,2023-05-08
a65068b51b565f86bddc55fb5d2a8129d8b685f1,gwas_credible_sets,ENSG00000179630,LACC1,MONDO_0005011,0.5167392492294312,,,unknown,,2010-11-21
cf232494d2899c3a7ae4465155cbc5ad8001497e,gwas_credible_sets,ENSG00000073417,PDE8A,MONDO_0005011,0.5161171555519104,,,unknown,,2024-07-19
3c9df1d13b94616862aadc497de2e236bce0a53b,gwas_credible_sets,ENSG00000171522,PTGER4,MONDO_0005011,0.5160608887672424,,,unknown,,2023-05-08
4fdc48cf7856068a1f082ffb5210d69cd2e84fbf,gwas_credible_sets,ENSG00000127080,IPPK,MONDO_0005011,0.5159515738487244,,,unknown,,2023-05-08
1365f42386c0afdaee9d67bd337d529fc36bf928,gwas_credible_sets,ENSG00000057657,PRDM1,MONDO_0005011,0.5158179998397827,,,unknown,,2017-01-09
b204efa91ccda94b55cfcc60234121175e88f37c,gwas_credible_sets,ENSG00000100376,SIRAL2,MONDO_0005011,0.5142920613288879,,,unknown,,2016-03-14
dd7c80a4218b0ea01e98b5b89a1555867b244719,gwas_credible_sets,ENSG00000119919,NKX2-3,MONDO_0005011,0.5118903517723083,,,unknown,,2023-01-18
0c88709b826891acddcd1de3e9e1b3b6cd9e29c2,gwas_credible_sets,ENSG00000151151,IPMK,MONDO_0005011,0.5112835168838501,,,unknown,,2010-11-21
64a4a68080ac9c5873b1813da33ce5cce6f2f16a,gwas_credible_sets,ENSG00000108175,ZMIZ1,MONDO_0005011,0.5104779005050659,,,unknown,,2023-05-08
92ff13002a06ede845fb286870a65a18f3985d8f,gwas_credible_sets,ENSG00000185811,IKZF1,MONDO_0005011,0.5086867809295654,,,unknown,,2023-05-08
98abbc5d8e67a99d7ac1eace016e3b13f300acb0,gwas_credible_sets,ENSG00000180530,NRIP1,MONDO_0005011,0.5083224773406982,,,unknown,,2010-11-21
173dcc18e347675be99112f4732ff92b04556759,gwas_credible_sets,ENSG00000162692,VCAM1,MONDO_0005011,0.507317841053009,,,unknown,,2023-01-18
a0afdfe40e6ad6198be10202d11eac2d76b435f5,gwas_credible_sets,ENSG00000171522,PTGER4,MONDO_0005011,0.5068487524986267,,,unknown,,2023-05-08
036b79a8f6ba64c2a5908bf8bbedd2cab5c53027,gwas_credible_sets,ENSG00000140030,GPR65,MONDO_0005011,0.5066892504692078,,,unknown,,2023-05-08
f17706602fe99998bfb3413ac910384c425b86a6,gwas_credible_sets,ENSG00000134376,CRB1,MONDO_0005011,0.5058602690696716,,,unknown,,2023-05-08
28ade07555839a772dce8efca47d5b6b6c240ddb,gwas_credible_sets,ENSG00000142224,IL19,MONDO_0005534,0.5051495432853699,,,unknown,,2023-01-18
a4b821e485b1e7b9be4dcf56deb26fdcee272f20,gwas_credible_sets,ENSG00000115970,THADA,MONDO_0005011,0.5044660568237305,,,unknown,,2023-05-08
0b3bcd1b5ebe17e01d8bf65e7c887cc238709509,gwas_credible_sets,ENSG00000160360,GPSM1,MONDO_0005011,0.5044440627098083,,,unknown,,2023-05-08
f8ba17ed0ffa77ded7af0642f3eea788f71184d5,gwas_credible_sets,ENSG00000196502,SULT1A1,MONDO_0005011,0.501984715461731,,,unknown,,2023-05-08
717367978b14e5905ed9744c1d503c37adb1e892,gwas_credible_sets,ENSG00000237651,DEMA1,MONDO_0005011,0.5014194250106812,,,unknown,,2023-06-01
8b330f55ace7ac90e3ce27949f3ba05529a8f9a4,gwas_credible_sets,ENSG00000237651,DEMA1,MONDO_0005011,0.5014194250106812,,,unknown,,2023-06-01
36402feec171a7cf902363ac847ba335c3350faf,gwas_credible_sets,ENSG00000124766,SOX4,MONDO_0005011,0.5006029605865479,,,unknown,,2023-01-18
d98f67faff1ef64b871c85e37f571d3bcfb2775f,gwas_credible_sets,ENSG00000116641,DOCK7,MONDO_0005011,0.5005972981452942,,,unknown,,2023-05-08
607f11a02cde872e3118b15de4a3a6f25ca6a0eb,gwas_credible_sets,ENSG00000173093,CCDC63,MONDO_0005011,0.5005611777305603,,,unknown,,2023-05-08
4ea569bc17474a9ceb4348fd483582b73b3729d0,gwas_credible_sets,ENSG00000122873,CISD1,MONDO_0005011,0.5005297660827637,,,unknown,,2010-11-21
acaf895b66183a0c2169cf59ffe602ee3269a34f,eva,ENSG00000167207,NOD2,MONDO_0005011,0.5,LoF,,unknown,RCV002468553,2022-12-24
818c8f7e05bbfeaa6a093219f0411f1dc908ed80,gwas_credible_sets,ENSG00000181915,ADO,MONDO_0005011,0.4976722300052643,,,unknown,,2022-05-05
ac81357a2205b4d7e839915bfb3e9013513f5ebf,gwas_credible_sets,ENSG00000115607,IL18RAP,MONDO_0005011,0.49570560455322266,,,unknown,,2010-11-21
322f9fd81f48e218324615d0aef0a7fa2bb2c3c1,gwas_credible_sets,ENSG00000178828,RNF186,MONDO_0005011,0.4947693347930908,,,unknown,,2016-03-14
0cc1d857d78b7583f12e7cf4298968cc298c219a,gwas_credible_sets,ENSG00000171522,PTGER4,MONDO_0005011,0.49379587173461914,,,unknown,,2017-01-09
c5e95e5b54e910ec625b7ec713e9c214483b7058,gwas_credible_sets,ENSG00000171522,PTGER4,MONDO_0005011,0.4929882884025574,,,unknown,,2017-01-09
48f91ecb04b5010c9f2678dece9052e0fd07ed51,gwas_credible_sets,ENSG00000133103,COG6,MONDO_0005011,0.49206674098968506,,,unknown,,2023-01-18
9d1e109788d19b94b8b5e5976be94aad890baef1,gwas_credible_sets,ENSG00000108691,CCL2,MONDO_0005011,0.49034175276756287,,,unknown,,2023-05-08
9e3ba1833f95a8b0304e70449b1a89e22ea2b762,gwas_credible_sets,ENSG00000103932,RPAP1,MONDO_0005011,0.4898103177547455,,,unknown,,2023-01-18
b0a2002701df30fb90066fa039e290eb8b6f9307,gwas_credible_sets,ENSG00000143195,ILDR2,MONDO_0005011,0.48880594968795776,,,unknown,,2024-07-19
16f2f69bd8a3c7f4347877ce686d54660e4fecdd,gwas_credible_sets,ENSG00000185811,IKZF1,MONDO_0005011,0.48857009410858154,,,unknown,,2023-07-31
6d8243e445cb582569900111e3ad55a04694a781,gwas_credible_sets,ENSG00000084734,GCKR,MONDO_0005011,0.4884432256221771,,,unknown,,2010-11-21
355b5d0f248d242b54c2c09b9523d0783f96e212,gwas_credible_sets,ENSG00000175646,PRM1,MONDO_0005011,0.4875246286392212,,,unknown,,2023-05-08
dadb9469e0f4fd89685a845765cfe8a497c17e67,gwas_credible_sets,ENSG00000138386,NAB1,MONDO_0005011,0.4873981773853302,,,unknown,,2023-05-08
b4d439f6de543e1ff738b6e217d73eef38dd6b9f,gwas_credible_sets,ENSG00000115970,THADA,MONDO_0005011,0.48732608556747437,,,unknown,,2010-11-21
4a64a4ef9d9bcbd66c874ce1d8531b799eb46b2c,gwas_credible_sets,ENSG00000085978,ATG16L1,MONDO_0005011,0.4872564971446991,,,unknown,,2007-04-15
6dd0ce7f6fc7862e78703846da7e514586336a00,gwas_credible_sets,ENSG00000134824,FADS2,MONDO_0005011,0.4871925413608551,,,unknown,,2010-11-21
fdabb12c745dc592ebf9fd69e16425ec5df9390c,gwas_credible_sets,ENSG00000113302,IL12B,MONDO_0005011,0.4869495630264282,,,unknown,,2022-05-05
70ec56cb91e76f935c98e27995b7ea22f05348e2,gwas_credible_sets,ENSG00000124164,VAPB,MONDO_0005011,0.48610302805900574,,,unknown,,2023-01-18
c421a87859b1468cc3f27176924ccac9238e9483,gwas_credible_sets,ENSG00000181634,TNFSF15,MONDO_0005011,0.4857567548751831,,,unknown,,2023-05-08
44616e5229f467f4fcd9ccc5adc4866d40396e0b,gwas_credible_sets,ENSG00000205592,MUC19,MONDO_0005011,0.48264530301094055,,,unknown,,2023-05-08
4f0dec055c31efc95477dea170137970de09af03,gwas_credible_sets,ENSG00000162594,IL23R,MONDO_0005011,0.4824664890766144,,,unknown,,2024-07-19
6ac548ba581dfebcf3da231c90eed35eed05dcec,gwas_credible_sets,ENSG00000181634,TNFSF15,MONDO_0005011,0.48213991522789,,,unknown,,2023-05-08
425820ec76e866d6467ea2c0d78401668c39e504,gwas_credible_sets,ENSG00000145996,CDKAL1,MONDO_0005011,0.481731653213501,,,unknown,,2023-05-08
2c837c99cd4edb7f39b3a5820004d2bcc5a1cdb8,gwas_credible_sets,ENSG00000134376,CRB1,MONDO_0005011,0.48134881258010864,,,unknown,,2023-05-08
96da3606a99411b77a49a6a04b57c9246732e98f,gene_burden,ENSG00000167207,NOD2,MONDO_0005011,0.47999984424417613,LoF,risk,activate,,2021-08-10
e64130e603b457867a8ef919d1a74193471a7adb,gwas_credible_sets,ENSG00000106952,TNFSF8,MONDO_0005011,0.47895416617393494,,,unknown,,2023-01-18
84f00ce3bbdf3a0c473214fa66a7d56ee979b1c7,gwas_credible_sets,ENSG00000113302,IL12B,MONDO_0005011,0.47854137420654297,,,unknown,,2023-07-31
badd1353698687f3b5a16d794fd7aaf04f915f53,gwas_credible_sets,ENSG00000106952,TNFSF8,MONDO_0005011,0.477605402469635,,,unknown,,2023-01-18
defb544977982965df58cd4a828aad3aa07d091f,gwas_credible_sets,ENSG00000125245,GPR18,MONDO_0005011,0.4762144088745117,,,unknown,,2016-03-14
d90cb098a25df1c8c38dcb5d0fa7926c41ff60be,gwas_credible_sets,ENSG00000140968,IRF8,MONDO_0005011,0.47494080662727356,,,unknown,,2016-03-14
8866f70592e25e143ba080e2a1c724878f999050,gwas_credible_sets,ENSG00000073605,GSDMB,MONDO_0005011,0.47395288944244385,,,unknown,,2023-01-18
96fdc4998a16f50a3142630b9fc62c8d7e82639b,gwas_credible_sets,ENSG00000188906,LRRK2,MONDO_0005011,0.4733094871044159,,,unknown,,2016-03-14
602222bd591f1dbd168e9c5d0ac846c035608dca,gwas_credible_sets,ENSG00000168071,CCDC88B,MONDO_0005011,0.47171011567115784,,,unknown,,2010-11-21
a82fd76d5c2409c4495139a8e59d38eebe0313d3,gwas_credible_sets,ENSG00000105397,TYK2,MONDO_0005011,0.4709261357784271,,,unknown,,2016-03-14
e452f5afd17660f5caeefde91200dc11379ffce2,gwas_credible_sets,ENSG00000057657,PRDM1,MONDO_0005011,0.4705444276332855,,,unknown,,2008-06-29
99fb4c8e3beee1eef092072ea927575a94ea4c3b,gwas_credible_sets,ENSG00000182095,TNRC18,MONDO_0005011,0.4704638719558716,,,unknown,,2023-05-08
b6fc9c2665465240f20a4c5282709c2c43790bff,gwas_credible_sets,ENSG00000134882,UBAC2,MONDO_0005011,0.46976470947265625,,,unknown,,2023-05-08
e36198ab4e22063a9480f5f323a659ac8fb6a516,gwas_credible_sets,ENSG00000116521,SCAMP3,MONDO_0005011,0.46915775537490845,,,unknown,,2010-11-21
188ed6cb9000646729720222c9a70054f13f99f0,gwas_credible_sets,ENSG00000181915,ADO,MONDO_0005011,0.4687577784061432,,,unknown,,2016-03-14
dbf6160a3b2db8f1a8c6f9077adb7a92dd4b8028,gwas_credible_sets,ENSG00000109471,IL2,MONDO_0005011,0.4677828550338745,,,unknown,,2016-03-14
55fb577dae61200efcada25467aa8bba745c20b2,gwas_credible_sets,ENSG00000171522,PTGER4,MONDO_0005011,0.4665650427341461,,,unknown,,2023-05-08
ed1a0cbdaa44a9b574dc38e98298f1e16d8ca556,gwas_credible_sets,ENSG00000108094,CUL2,MONDO_0005011,0.46632134914398193,,,unknown,,2017-01-09
a0f84c353c456bfee983ca370682d9f1be3efd17,gwas_credible_sets,ENSG00000155313,USP25,MONDO_0005011,0.4659811854362488,,,unknown,,2016-03-14
69ef8fdb9b76427d70a2ebd25de311b741a1c511,gwas_credible_sets,ENSG00000105397,TYK2,MONDO_0005011,0.46574461460113525,,,unknown,,2023-05-08
8b67b9378eb204455d2aa0b62610cbb6846ba1ab,gwas_credible_sets,ENSG00000189403,HMGB1,MONDO_0005011,0.465241938829422,,,unknown,,2024-07-19
fd5aafde2d8e7a1df0168c87d3bdaaff5076c260,gwas_credible_sets,ENSG00000158517,NCF1,MONDO_0005011,0.4642929434776306,,,unknown,,2023-01-18
4e6343c82f01f1f1c587aa6308400fdb93a7c8aa,gwas_credible_sets,ENSG00000119919,NKX2-3,MONDO_0005011,0.463971883058548,,,unknown,,2023-05-08
64130680d85f54ca36ab3845b74e7804dd458def,gwas_credible_sets,ENSG00000108018,SORCS1,MONDO_0005011,0.46297311782836914,,,unknown,,2024-07-19
065c965aa5808e4d4ad0172845be346121b5e45c,gwas_credible_sets,ENSG00000164512,ANKRD55,MONDO_0005011,0.46257638931274414,,,unknown,,2023-01-18
c3d211202a8a326d9060959c3cd00992b4b2a79f,gwas_credible_sets,ENSG00000164512,ANKRD55,MONDO_0005011,0.46257638931274414,,,unknown,,2023-01-18
00cc309059f4613e076a5a42f9e5e0b4b535e357,gwas_credible_sets,ENSG00000078725,BRINP1,MONDO_0005011,0.4619659185409546,,,unknown,,2024-07-19
2c92c1afe3f3fc2be855b2de347fcaf508ad6d81,gwas_credible_sets,ENSG00000181634,TNFSF15,MONDO_0005011,0.4614914655685425,,,unknown,,2023-05-08
446250a7e8377e15887343d3174a33254943fd01,gwas_credible_sets,ENSG00000113302,IL12B,MONDO_0005011,0.46141013503074646,,,unknown,,2016-03-14
0ddf8871f0a356509b1021ce80d05e86930bc448,gwas_credible_sets,ENSG00000064932,SBNO2,MONDO_0005011,0.46127820014953613,,,unknown,,2012-11-01
3f2c1fd9616ed68ec7511cbc2bd8f5686fa341bf,gwas_credible_sets,ENSG00000108094,CUL2,MONDO_0005011,0.4607287049293518,,,unknown,,2023-01-18
8d707bb03d07657fb5008303a70edb0bb3fa01f8,gwas_credible_sets,ENSG00000113742,CPEB4,MONDO_0005011,0.4591907262802124,,,unknown,,2016-03-14
c9db75287bb7f6b8216f8f82d2badb0a2333abb1,gwas_credible_sets,ENSG00000064932,SBNO2,MONDO_0005011,0.4591130018234253,,,unknown,,2017-01-09
e77f074d26fbe58fc5628744770903c27900a0ca,gwas_credible_sets,ENSG00000111145,ELK3,MONDO_0005011,0.458979070186615,,,unknown,,2023-05-08
677d41fe7995b5ac259c02a83c3688572e1f53e9,gwas_credible_sets,ENSG00000130876,SLC7A10,MONDO_0005011,0.45843246579170227,,,unknown,,2023-05-08
908996e4079fb24cbf985f6a7041a147f6d9c549,gwas_credible_sets,ENSG00000164308,ERAP2,MONDO_0005011,0.45758163928985596,,,unknown,,2017-01-09
339bc9734167cc5b24d0a62fc4976780b5d35ad8,gwas_credible_sets,ENSG00000109787,KLF3,MONDO_0005011,0.4572083353996277,,,unknown,,2023-05-08
d159821a312efbdd595fd2f3b27d9a5ec2bd2edc,gwas_credible_sets,ENSG00000109787,KLF3,MONDO_0005011,0.4572083353996277,,,unknown,,2023-05-08
71b3430989df2cf319770d778c18a2c005d98a34,gwas_credible_sets,ENSG00000148513,ANKRD30A,MONDO_0005011,0.45603054761886597,,,unknown,,2015-08-24
130f3aaa758a3896a1575cc887b22b659b863ce7,gwas_credible_sets,ENSG00000108094,CUL2,MONDO_0005011,0.45602285861968994,,,unknown,,2010-11-21
4df3c367f06673dfe860b9e1a5f01b5a955b8512,gwas_credible_sets,ENSG00000162927,PUS10,MONDO_0005011,0.4556386470794678,,,unknown,,2010-11-21
c182a154c409c539a829567f14e6be29bb74ed02,gwas_credible_sets,ENSG00000124766,SOX4,MONDO_0005011,0.4555536210536957,,,unknown,,2023-01-18
967903e869ce908a283ac4810498c73c1e56493f,gwas_credible_sets,ENSG00000170340,B3GNT2,MONDO_0005011,0.45544400811195374,,,unknown,,2016-03-14
6b17eabca1b0c443fed5ba7f9baedb95a7bb8b3d,gwas_credible_sets,ENSG00000064932,SBNO2,MONDO_0005011,0.4552075266838074,,,unknown,,2016-03-14
9c507195e37671bff263da427027316685585acb,gwas_credible_sets,ENSG00000185651,UBE2L3,MONDO_0005011,0.45504030585289,,,unknown,,2023-05-08
a5e6eab928621529544dd26b5a62894ae2bf2ee0,gwas_credible_sets,ENSG00000177311,ZBTB38,MONDO_0005011,0.4543410539627075,,,unknown,,2023-07-31
ee1e163bf47cdd9b91a045477e8feb3a3d746c26,gwas_credible_sets,ENSG00000171522,PTGER4,MONDO_0005011,0.45421287417411804,,,unknown,,2023-01-18
c791e2a4b92265545b253c021683815ce3e8933a,gwas_credible_sets,ENSG00000132356,PRKAA1,MONDO_0005011,0.45317381620407104,,,unknown,,2023-01-18
cf1d2862de35023c433f421bdb0ac01fa7eb12b5,gwas_credible_sets,ENSG00000065882,TBC1D1,MONDO_0005011,0.4518834948539734,,,unknown,,2023-05-08
7f54289fef447b4e63d95ae44a9634528195697d,gwas_credible_sets,ENSG00000113302,IL12B,MONDO_0005011,0.45073172450065613,,,unknown,,2022-05-05
7700fc4008dc1ebc7abef57faa88ee0a43eaae26,gwas_credible_sets,ENSG00000162594,IL23R,MONDO_0005011,0.4506588876247406,,,unknown,,2024-07-19
76af34df4739a596fe99bdd937aa472dc329bcc6,gwas_credible_sets,ENSG00000176887,SOX11,MONDO_0005011,0.4495971202850342,,,unknown,,2012-12-21
0b0464d3552ccc285fdd7b33360a4b62c468acc7,gwas_credible_sets,ENSG00000100985,MMP9,MONDO_0005011,0.4494662582874298,,,unknown,,2023-05-08
24efc6b156db15f79de5a4db61d8dc55fc00c8a6,gwas_credible_sets,ENSG00000124766,SOX4,MONDO_0005011,0.4493282437324524,,,unknown,,2016-03-14
78f8637b8c35df40481a4ecd574e78cfeac34caa,gwas_credible_sets,ENSG00000124766,SOX4,MONDO_0005011,0.4493282437324524,,,unknown,,2012-11-01
166f9a523819dcccab401708168e5b2cc4040573,gwas_credible_sets,ENSG00000113302,IL12B,MONDO_0005011,0.4489894509315491,,,unknown,,2015-08-24
cbb4531dad2d9bf76500e739ac46eb109805865d,gwas_credible_sets,ENSG00000181915,ADO,MONDO_0005011,0.4489392638206482,,,unknown,,2015-01-01
5b9fc7e40677465ed9302195f110963b386c5368,gwas_credible_sets,ENSG00000081985,IL12RB2,MONDO_0005011,0.4482916295528412,,,unknown,,2023-07-31
47d3f5cf92612bf1e023e43a8bd7a80a4fe90643,gwas_credible_sets,ENSG00000180530,NRIP1,MONDO_0005011,0.4477366805076599,,,unknown,,2016-03-14
2bb44f393272264bb6c6700ac1969dbbbf8c6c2a,gwas_credible_sets,ENSG00000170430,MGMT,MONDO_0005011,0.44747185707092285,,,unknown,,2024-07-19
99c05e2f4de97cf3252eddbe9999edae3cc015fd,gwas_credible_sets,ENSG00000120337,TNFSF18,MONDO_0005011,0.446330189704895,,,unknown,,2008-06-29
526460c02be59e80f77fc2e37242cda75da5d3dc,gwas_credible_sets,ENSG00000171522,PTGER4,MONDO_0005011,0.44593527913093567,,,unknown,,2023-05-08
640433deefdb46bcc665104e86088903f28b9101,gwas_credible_sets,ENSG00000171522,PTGER4,MONDO_0005011,0.44593527913093567,,,unknown,,2023-05-08
25c7e916ec2b8d8d38a6907f9ce4f61207ac94e8,gwas_credible_sets,ENSG00000250254,PTTG2,MONDO_0005011,0.4455725848674774,,,unknown,,2023-05-08
e3498ce885f840fcefbc46cfe467888b1e9ca1dc,gwas_credible_sets,ENSG00000124766,SOX4,MONDO_0005011,0.4450680613517761,,,unknown,,2017-01-09
d7e04b793ae7b24f326f93eaa3b1905a04052432,gwas_credible_sets,ENSG00000109787,KLF3,MONDO_0005011,0.4430299997329712,,,unknown,,2023-05-08
78aba9ddaeab26e603f0576cf803766f08f0fbfa,gwas_credible_sets,ENSG00000182568,SATB1,MONDO_0005011,0.4426566958427429,,,unknown,,2023-05-08
8a7d2e2cdced0fea93c1d9bd0e83f406c1befe6d,gwas_credible_sets,ENSG00000155052,CNTNAP5,MONDO_0005011,0.4424735903739929,,,unknown,,2024-07-19
412c4edb1971258844357f8617c80b1c0d283dbd,gwas_credible_sets,ENSG00000100906,NFKBIA,MONDO_0005011,0.44197237491607666,,,unknown,,2016-03-14
899d3572fafbaae8594058e6a0f7ffac7885a156,gwas_credible_sets,ENSG00000108175,ZMIZ1,MONDO_0005011,0.44147151708602905,,,unknown,,2016-03-14
fc8e541ab48f410ef960157e6717f499751e6bb3,gwas_credible_sets,ENSG00000084734,GCKR,MONDO_0005011,0.4407501816749573,,,unknown,,2023-01-18
375244e1cb270d60fd6a08f50e0c13f1e2e2e012,gwas_credible_sets,ENSG00000038532,CLEC16A,MONDO_0005011,0.4404132664203644,,,unknown,,2023-01-18
7ecd8a878180b3c2856a42732f8db5ca7c253d7c,gwas_credible_sets,ENSG00000168071,CCDC88B,MONDO_0005011,0.44031858444213867,,,unknown,,2023-05-08
1ae0fceec59819df7bed054e17f308a45bbe2f3c,gwas_credible_sets,ENSG00000140807,NKD1,MONDO_0005011,0.4379064738750458,,,unknown,,2023-05-08
d50829e89be4d5e6650dc344ccfd4c9cf0efabba,gwas_credible_sets,ENSG00000140807,NKD1,MONDO_0005011,0.4379064738750458,,,unknown,,2017-01-09
10bfebdf47e9fa9f64f9aacfa6ee2ada87a02f43,gwas_credible_sets,ENSG00000186075,ZPBP2,MONDO_0005011,0.4368777275085449,,,unknown,,2016-03-14
798b8379422dbd63616e8d545bcfa8ec6e1b1910,gwas_credible_sets,ENSG00000151693,ASAP2,MONDO_0005011,0.4368530511856079,,,unknown,,2016-03-14
39c1746b11d037e1a4ce5d3eb106f2c4a7f9d7e6,gwas_credible_sets,ENSG00000149485,FADS1,MONDO_0005011,0.43606024980545044,,,unknown,,2023-12-26
add71cabb0c9b9d3b439be53ac9239f74db26e56,gwas_credible_sets,ENSG00000197272,IL27,MONDO_0005011,0.43560701608657837,,,unknown,,2016-03-14
b076a66fbaa73bb0f37f4de0fd74799ff6af2bfc,gwas_credible_sets,ENSG00000108175,ZMIZ1,MONDO_0005011,0.43558022379875183,,,unknown,,2017-01-09
12ec9242847cb3a4eccca7b1f2e20956710dacaf,gwas_credible_sets,ENSG00000163464,CXCR1,MONDO_0005011,0.43434593081474304,,,unknown,,2016-03-14
bc728a59bcb990b20045852a9201f0c600231baa,gwas_credible_sets,ENSG00000168610,STAT3,MONDO_0005011,0.43330302834510803,,,unknown,,2012-12-21
cd37bdb61fd3a01d8f68e8885b477e246c867dd4,gwas_credible_sets,ENSG00000171522,PTGER4,MONDO_0005011,0.43256306648254395,,,unknown,,2023-05-23
2857946794437bd78a0920dc4101d2437642e660,gwas_credible_sets,ENSG00000138031,ADCY3,MONDO_0005011,0.4322447180747986,,,unknown,,2016-03-14
20acacf6fe1ff6cbbb91601e9ab941bcc3944e1c,gwas_credible_sets,ENSG00000181915,ADO,MONDO_0005011,0.4309523403644562,,,unknown,,2017-01-09
89dd5694c93ea18c62d0ff992598897f564ac48a,gwas_credible_sets,ENSG00000181915,ADO,MONDO_0005011,0.4307861030101776,,,unknown,,2023-07-31
93b5f3b3c2598a2385251335c97c3edd15019803,gwas_credible_sets,ENSG00000113302,IL12B,MONDO_0005011,0.42928409576416016,,,unknown,,2025-08-06
442e0a6de3f36a2af55979a06712edae9a48755d,gwas_credible_sets,ENSG00000173334,TRIB1,MONDO_0005011,0.42876070737838745,,,unknown,,2017-01-09
e900b40fbe8b24b528adb8ca61a20603ece4a869,gwas_credible_sets,ENSG00000137507,LRRC32,MONDO_0005011,0.427976131439209,,,unknown,,2023-01-18
372b696e93ffc9501a9f07f77e2a814a7e68daf3,gwas_credible_sets,ENSG00000115607,IL18RAP,MONDO_0005011,0.4250789284706116,,,unknown,,2017-01-09
e6c303efaaa8ef852d80d2066be170422984bea6,gwas_credible_sets,ENSG00000113302,IL12B,MONDO_0005011,0.42342737317085266,,,unknown,,2023-01-18
5697885e8ccebfcf9d0a569b72707c24112f71fc,gwas_credible_sets,ENSG00000164823,OSGIN2,MONDO_0005011,0.4230682849884033,,,unknown,,2012-11-01
df8114c19437a0d055242452eebaf437996f566d,gwas_credible_sets,ENSG00000237693,IRGM,MONDO_0005011,0.42113620042800903,,,unknown,,2007-06-06
91586c55aa5ebfbfdaf3e5a44134496acaa79aa3,gwas_credible_sets,ENSG00000111249,CUX2,MONDO_0005011,0.4203795790672302,,,unknown,,2023-05-08
3c433d632d3328fe564d576931773084b1e99921,gwas_credible_sets,ENSG00000155313,USP25,MONDO_0005011,0.42016172409057617,,,unknown,,2017-01-09
b3b61cd1797d5da95dc49ab3c765b0ebc45b69a0,gwas_credible_sets,ENSG00000155313,USP25,MONDO_0005011,0.4199927747249603,,,unknown,,2023-05-08
ca2fb5bc5a37ad5feb66a3215715bcbe146819ed,gwas_credible_sets,ENSG00000115896,PLCL1,MONDO_0005011,0.4195123016834259,,,unknown,,2010-11-21
8be55b3495ada89b3cbcc8ef85a572a743a1bda9,gwas_credible_sets,ENSG00000237693,IRGM,MONDO_0005011,0.419452965259552,,,unknown,,2016-03-14
8edff5c6e4fee8d558d0b12cc99e294ada56f3da,gwas_credible_sets,ENSG00000185950,IRS2,MONDO_0005011,0.41861408948898315,,,unknown,,2024-07-19
ea550dfb3bc3f1b0a454ec4e7e8f9c2f9fcae1e5,gwas_credible_sets,ENSG00000164823,OSGIN2,MONDO_0005011,0.4185771346092224,,,unknown,,2016-03-14
42b84b15749a8ad98deceba97791f21ede304639,gwas_credible_sets,ENSG00000101246,ARFRP1,MONDO_0005011,0.41773247718811035,,,unknown,,2010-11-21
2aa9ed37e696021feeda8f6aa6c08b0a26404f34,gwas_credible_sets,ENSG00000175857,GAPT,MONDO_0005011,0.4172942638397217,,,unknown,,2024-07-19
0ecd772dc0880891b66313f8bf637aa3378948e8,gwas_credible_sets,ENSG00000188906,LRRK2,MONDO_0005011,0.41709965467453003,,,unknown,,2008-06-29
585658f2c835ce48bb0201ab989e9782ca92fdd6,gwas_credible_sets,ENSG00000054983,GALC,MONDO_0005011,0.41678792238235474,,,unknown,,2016-03-14
3a8c7d5dc1e90bc450dc698503eae6189982ca08,gwas_credible_sets,ENSG00000119919,NKX2-3,MONDO_0005011,0.4167158007621765,,,unknown,,2023-01-18
2f28c4b60f6b352f2f589cee9ee95fdf4e9a414c,gwas_credible_sets,ENSG00000170340,B3GNT2,MONDO_0005011,0.41530275344848633,,,unknown,,2023-05-08
e60e0059cedeb85034d74f0bf22966b98f680e8a,gwas_credible_sets,ENSG00000181915,ADO,MONDO_0005011,0.4136490225791931,,,unknown,,2023-01-18
48147dd5622123a78347290e155126c0a2355129,gwas_credible_sets,ENSG00000138085,ATRAID,MONDO_0005011,0.41270968317985535,,,unknown,,2016-03-14
ece39f46d07f7f15e81828e59a799947f3682e4c,gwas_credible_sets,ENSG00000026297,RNASET2,MONDO_0005011,0.4121946394443512,,,unknown,,2008-06-29
d28d5b6b322837f26af863c435af9fe96d7e0a4d,gwas_credible_sets,ENSG00000170820,FSHR,MONDO_0005011,0.41146573424339294,,,unknown,,2024-07-19
20128dd79347ff5073e5617a196dc2cb4363f835,gwas_credible_sets,ENSG00000162594,IL23R,MONDO_0005011,0.41113024950027466,,,unknown,,2023-01-18
f5269ff4a4c9917fdbb922dbe7358513ea8acbc9,gwas_credible_sets,ENSG00000168610,STAT3,MONDO_0005011,0.4096530079841614,,,unknown,,2023-07-31
929aac686f6b0eaa071c9be996acc76beb9d6618,gwas_credible_sets,ENSG00000103449,SALL1,MONDO_0005011,0.4075964093208313,,,unknown,,2023-05-08
115ca0c473c91ac12268de440510b2429b0f3d85,gwas_credible_sets,ENSG00000173064,HECTD4,MONDO_0005011,0.40561699867248535,,,unknown,,2023-05-08
1f2dd9f5c4d0d79908d62857e627d2ec17afe3af,gwas_credible_sets,ENSG00000180530,NRIP1,MONDO_0005011,0.4025413691997528,,,unknown,,2023-05-08
799c6a73844d81104af7f39146ae966b5ec2b2a3,gwas_credible_sets,ENSG00000185404,SP140L,MONDO_0005011,0.40207862854003906,,,unknown,,2016-03-14
db81339508d753a20086ae76d49b65dc41128727,gwas_credible_sets,ENSG00000171522,PTGER4,MONDO_0005011,0.40181589126586914,,,unknown,,2012-03-08
749bba43e4250ad39497fff8386d1b783cdc7341,gwas_credible_sets,ENSG00000133103,COG6,MONDO_0005011,0.4015260338783264,,,unknown,,2023-01-18
c337aef28e9e61d2566645e1f3317738b3dc045d,gwas_credible_sets,ENSG00000171522,PTGER4,MONDO_0005011,0.40124455094337463,,,unknown,,2007-06-06
b22dd2ad9c12f8b96404780c5eeccd480a03bd11,gwas_credible_sets,ENSG00000065882,TBC1D1,MONDO_0005011,0.40046989917755127,,,unknown,,2013-07-14
a012a5c09264821ac91f22a342e48c95ef53117c,gwas_credible_sets,ENSG00000108175,ZMIZ1,MONDO_0005011,0.3997763693332672,,,unknown,,2010-11-21
65174f56a7b2103d2e4540a371b2b1c6f848fb1d,gwas_credible_sets,ENSG00000085978,ATG16L1,MONDO_0005011,0.39930087327957153,,,unknown,,2012-03-08
4a1db1ebfadeb0d08eff76c0867f981653cdb2b3,gwas_credible_sets,ENSG00000171522,PTGER4,MONDO_0005539,0.3991885781288147,,,unknown,,2023-01-18
1f75f39bc102e6b72244bca43bd90d97253b559e,gwas_credible_sets,ENSG00000176476,SGF29,MONDO_0005011,0.39824190735816956,,,unknown,,2023-05-08
58bf7d2e25b82f82e4b1a8e8ea4f0afad05ea15b,gwas_credible_sets,ENSG00000171522,PTGER4,MONDO_0005011,0.39721745252609253,,,unknown,,2007-03-05
90838c66a7f1b4b3b763f74edfeab96ba9955bee,gwas_credible_sets,ENSG00000081985,IL12RB2,MONDO_0005011,0.3970661163330078,,,unknown,,2025-01-09
2767e50b0ea0b43cb94a39f78192f1791d67ac60,gwas_credible_sets,ENSG00000198453,ZNF568,MONDO_0005011,0.39685535430908203,,,unknown,,2023-05-08
55c97643dc2140b193ef8940039a1804235f2b34,gwas_credible_sets,ENSG00000187796,CARD9,MONDO_0005011,0.3960927426815033,,,unknown,,2023-05-08
e15321cb0958747e785008e9d68e4bf172ef690c,gwas_credible_sets,ENSG00000130518,IQCN,MONDO_0005011,0.3953520655632019,,,unknown,,2023-05-08
7632104728f2c3673e0135ebbbc736aa1f77edf9,gwas_credible_sets,ENSG00000111321,LTBR,MONDO_0005011,0.3949626684188843,,,unknown,,2017-01-09
d640c43de6ac6107d50d0ca8c904c2d7d806b84e,gwas_credible_sets,ENSG00000054967,RELT,MONDO_0005011,0.3939646780490875,,,unknown,,2023-01-18
61cdfb1b401cc2939cdce825b1c60f565f0127f7,gwas_credible_sets,ENSG00000185650,ZFP36L1,MONDO_0005011,0.39315497875213623,,,unknown,,2010-11-21
195e1aeb1f973876e57a46a43982e2c4f43c90a7,gwas_credible_sets,ENSG00000178562,CD28,MONDO_0005011,0.3924071192741394,,,unknown,,2016-03-14
8700316e9aff146f8fee01f9224638bad0d8e719,gwas_credible_sets,ENSG00000293584,ENSG00000293584,MONDO_0005011,0.3911260962486267,,,unknown,,2023-01-18
f70abbd18bd992dc3e7957fa241b617cea9988fb,gwas_credible_sets,ENSG00000085978,ATG16L1,MONDO_0005011,0.3911011219024658,,,unknown,,2007-06-01
74cf0e981b5efbc0bb1ff876009b3702add95b75,gwas_credible_sets,ENSG00000122861,PLAU,MONDO_0005011,0.3909066319465637,,,unknown,,2017-01-09
c1860269794718038782d2d3d498a6f89a841428,gwas_credible_sets,ENSG00000143384,MCL1,MONDO_0005011,0.38944342732429504,,,unknown,,2023-05-08
10fea8dfab63821c5c01c34fc032be7730d545dc,gwas_credible_sets,ENSG00000130222,GADD45G,MONDO_0005011,0.3887591063976288,,,unknown,,2024-07-19
6cac37d73b80ea20922a57325f305d84d02b0988,gwas_credible_sets,ENSG00000138684,IL21,MONDO_0005011,0.38771960139274597,,,unknown,,2023-01-18
3c87c9ca26a5ef2053ab5b5eb7c5673b48c2fb2a,gwas_credible_sets,ENSG00000171522,PTGER4,MONDO_0005011,0.38741588592529297,,,unknown,,2025-08-06
2249a01228d6fb5d5581cac5acd44287b5123202,gwas_credible_sets,ENSG00000100368,CSF2RB,MONDO_0005011,0.38734495639801025,,,unknown,,2023-07-31
301e30caa1674c62d6c395d513d23a2964054806,gwas_credible_sets,ENSG00000180530,NRIP1,MONDO_0005011,0.3858826756477356,,,unknown,,2017-01-09
d432a0cde156f6db4641c20b6bba7b80416f47c4,gwas_credible_sets,ENSG00000006704,GTF2IRD1,MONDO_0005011,0.38568538427352905,,,unknown,,2023-05-08
c8c7cf41a3ec5da02da440146089215ce6529629,gwas_credible_sets,ENSG00000095794,CREM,MONDO_0005011,0.385172039270401,,,unknown,,2008-06-29
3da59d2d9c39c0edead7517beb77655826a54fb5,gwas_credible_sets,ENSG00000137507,LRRC32,MONDO_0005011,0.3831338584423065,,,unknown,,2023-01-18
2443b375c701e60e19b7747e26e33f023399d5fe,gwas_credible_sets,ENSG00000085978,ATG16L1,MONDO_0005011,0.382078617811203,,,unknown,,2015-08-24
3154452871016d74d5a4a3a45d6a0ca7083d2227,gwas_credible_sets,ENSG00000115970,THADA,MONDO_0005011,0.38150477409362793,,,unknown,,2023-05-08
ceba220e444293f42629b0c8214eff2001da07a9,gwas_credible_sets,ENSG00000182568,SATB1,MONDO_0005011,0.38086962699890137,,,unknown,,2010-11-21
3c717d2990716d565f82cac3834c2d8b3c611c38,gwas_credible_sets,ENSG00000181915,ADO,MONDO_0005011,0.38040590286254883,,,unknown,,2010-11-21
cedc627edbb17f13700f92a92b7f9d76bdaf452d,gwas_credible_sets,ENSG00000111249,CUX2,MONDO_0005011,0.37899380922317505,,,unknown,,2023-01-18
463ac071362a6498a6feef8c6141f87acdb8639f,gwas_credible_sets,ENSG00000176920,FUT2,MONDO_0005011,0.37824466824531555,,,unknown,,2023-05-08
ef4b225a75e08f7449077fb03525b3e04af2adea,gwas_credible_sets,ENSG00000237693,IRGM,MONDO_0005011,0.3776363432407379,,,unknown,,2017-01-09
77670242e5c6a03d1b35c80722a759083d555dae,gwas_credible_sets,ENSG00000134824,FADS2,MONDO_0005011,0.3773679733276367,,,unknown,,2023-12-26
a60548fe3ea9aa7d29754fecef1c8e29a4fd7e03,gwas_credible_sets,ENSG00000150281,CTF1,MONDO_0005011,0.3773363530635834,,,unknown,,2016-03-14
93387cc661c3051c48cec6962b385bf0e1c3e633,gwas_credible_sets,ENSG00000181915,ADO,MONDO_0005011,0.37704184651374817,,,unknown,,2023-05-08
4630276bb06071299d4f3683e4b41559f731963b,gwas_credible_sets,ENSG00000124766,SOX4,MONDO_0005011,0.37627124786376953,,,unknown,,2023-05-08
8681dab4537f6450bb43c6c37f51f123fe0527dd,gwas_credible_sets,ENSG00000109471,IL2,MONDO_0005011,0.3761180639266968,,,unknown,,2023-01-18
fa5890b894d349d16edbea48ace693118d169bed,gwas_credible_sets,ENSG00000105954,NPVF,MONDO_0005011,0.37575793266296387,,,unknown,,2024-07-19
957a69462ada42df95c0cb30c4df8668a9836acb,gwas_credible_sets,ENSG00000100311,PDGFB,MONDO_0005011,0.37465474009513855,,,unknown,,2017-01-09
a3ccce814794d722e379cfe7ff622531c3f70532,gwas_credible_sets,ENSG00000164308,ERAP2,MONDO_0005011,0.3734836280345917,,,unknown,,2010-11-21
2978b66b3695c51433da9bcce53d827c9ad74654,gwas_credible_sets,ENSG00000102743,SLC25A15,MONDO_0005011,0.37325721979141235,,,unknown,,2023-05-08
cf63b4e6f0cfb43dcda0e127e4af47df9105960c,gwas_credible_sets,ENSG00000113441,LNPEP,MONDO_0005011,0.37069058418273926,,,unknown,,2023-05-08
847dc89341b372b9aa9b1c1bdd8ea662ee532900,gwas_credible_sets,ENSG00000119919,NKX2-3,MONDO_0005011,0.37042495608329773,,,unknown,,2023-01-18
baac705a739499bf0aa8ae8d487c14edd85a3708,gwas_credible_sets,ENSG00000073067,CYP2W1,MONDO_0005011,0.370137095451355,,,unknown,,2023-05-08
2496254851b5ddd96eeee4c5d9ac41d3998de2b9,gwas_credible_sets,ENSG00000184730,APOBR,MONDO_0005011,0.3699633479118347,,,unknown,,2015-08-24
fdbc01fd386db30ca248fc732c668fa3d3e2c597,gwas_credible_sets,ENSG00000155313,USP25,MONDO_0005011,0.3693757653236389,,,unknown,,2023-05-08
2a93b55811400e0a7b741d25baf745fce696ee38,gwas_credible_sets,ENSG00000085978,ATG16L1,MONDO_0005011,0.3683334290981293,,,unknown,,2012-08-30
453a75581a4927a1935cd7544782e5da936c77b6,gwas_credible_sets,ENSG00000171522,PTGER4,MONDO_0005011,0.3677281141281128,,,unknown,,2025-01-09
e4d178219cf4f2f8768569d7ff3e10df0a689b4b,gwas_credible_sets,ENSG00000134460,IL2RA,MONDO_0005011,0.36740535497665405,,,unknown,,2023-05-08
9a95dcfac02b13bb4ee9b4c678171822dbd4a9da,gwas_credible_sets,ENSG00000143365,RORC,MONDO_0005011,0.3673185408115387,,,unknown,,2016-03-14
e749c75baf6aa65525ebbf7734fcb49a8aec5795,gwas_credible_sets,ENSG00000122304,PRM2,MONDO_0005011,0.36673519015312195,,,unknown,,2023-05-08
b368050bdfaf6178490e3674bb04d3f65cb7d93f,gwas_credible_sets,ENSG00000109471,IL2,MONDO_0005011,0.366129606962204,,,unknown,,2023-05-08
3d02b21d6eee2c540a3fc6bb1a5a9ee533f0eb67,gwas_credible_sets,ENSG00000181634,TNFSF15,MONDO_0005011,0.36529791355133057,,,unknown,,2023-05-08
b134f0a8e985d714d3d610151dd98f73369957d4,gwas_credible_sets,ENSG00000250254,PTTG2,MONDO_0005011,0.3644113540649414,,,unknown,,2013-07-14
732aba7a6bfe2766a6ce2db56925263d0deb03e7,gwas_credible_sets,ENSG00000115604,IL18R1,MONDO_0005011,0.3634359836578369,,,unknown,,2010-11-21
a83998a4ed7e406e6214addd2a04e653e0f918e0,gwas_credible_sets,ENSG00000135899,SP110,MONDO_0005011,0.3633003234863281,,,unknown,,2010-11-21
ac8c57e55c8c4e224d51ee406f4febc97dc1117e,gwas_credible_sets,ENSG00000237693,IRGM,MONDO_0005011,0.3623412847518921,,,unknown,,2023-07-31
6996c4426459e57bec0d6a63d30ec1c3e536a5f5,gwas_credible_sets,ENSG00000083097,DOP1A,MONDO_0005011,0.3621179461479187,,,unknown,,2016-02-18
d364cd3409727f9a9adb0829670a89e044ff6719,gwas_credible_sets,ENSG00000106546,AHR,MONDO_0005011,0.3619929254055023,,,unknown,,2016-03-14
96b164b82280b616363ea696f84ed39a7264843a,gwas_credible_sets,ENSG00000111321,LTBR,MONDO_0005011,0.3615961968898773,,,unknown,,2016-03-14
68bbd8e0127430ee2044b1f03c3f2d6e09397ba3,gwas_credible_sets,ENSG00000026297,RNASET2,MONDO_0005011,0.3609600365161896,,,unknown,,2010-11-21
e175e000f1d05e4d98bb40db663b6363847520aa,gwas_credible_sets,ENSG00000132356,PRKAA1,MONDO_0005011,0.36068087816238403,,,unknown,,2023-01-18
dbef8ec7d5c809ee7af469f97f1a23a488dc30f7,gwas_credible_sets,ENSG00000137507,LRRC32,MONDO_0005011,0.3597100079059601,,,unknown,,2023-06-01
48e7760e15966ad621378537613fac3aaa249713,gwas_credible_sets,ENSG00000223601,EBLN1,MONDO_0005011,0.358598530292511,,,unknown,,2024-04-15
b4fed5106ba982304bc86bb09e90a64467a265d2,gwas_credible_sets,ENSG00000185811,IKZF1,MONDO_0005011,0.35848480463027954,,,unknown,,2010-11-21
aa1d7d3bf27bb88e85a43bc7184ee12fee38a2e1,gwas_credible_sets,ENSG00000129187,DCTD,MONDO_0005011,0.3582926392555237,,,unknown,,2015-08-24
0d5218fdaa31872e87156899d17913699eb7a4b8,gwas_credible_sets,ENSG00000113302,IL12B,MONDO_0005011,0.358202189207077,,,unknown,,2023-05-08
e260f8976c65c71c32ffc9caf2bb57b78f83b75a,gwas_credible_sets,ENSG00000116288,PARK7,MONDO_0005011,0.35819151997566223,,,unknown,,2023-07-31
669dad1e6e2088e970a7d5e9c608c8b967dc4876,gwas_credible_sets,ENSG00000132356,PRKAA1,MONDO_0005539,0.3567464053630829,,,unknown,,2023-01-18
b73cfc55427d6fab4356404eb2faeb058af3db93,gwas_credible_sets,ENSG00000155313,USP25,MONDO_0005011,0.35656172037124634,,,unknown,,2023-05-08
2317e90e7e39397f0c91301acca6fc1fc4bda632,gwas_credible_sets,ENSG00000168961,LGALS9,MONDO_0005011,0.35528191924095154,,,unknown,,2012-11-01
75a664c2d3c3bb5db414625b443295c7a5d8cce1,gwas_credible_sets,ENSG00000106268,NUDT1,MONDO_0005011,0.3547664284706116,,,unknown,,2023-12-26
b7e2ca6b66451fa849fa749424bf943b6b0e20be,gwas_credible_sets,ENSG00000180251,SLC9A4,MONDO_0005011,0.3541497588157654,,,unknown,,2022-05-05
2b898bd87dfae400da22ff513d90a15c479f7fe8,gwas_credible_sets,ENSG00000233276,GPX1,MONDO_0005011,0.3522411584854126,,,unknown,,2023-05-08
ad5331d6d19a96cba0410a1d728320714b550c22,gwas_credible_sets,ENSG00000151773,CCDC122,MONDO_0005011,0.3514825403690338,,,unknown,,2010-11-21
4e770ecd8ed33eba19e95a86ded65689e26b224a,gwas_credible_sets,ENSG00000102243,VGLL1,MONDO_0005011,0.3512193262577057,,,unknown,,2015-08-24
45dbf2fe79d465850cf9cdcd0855806d443319f2,gwas_credible_sets,ENSG00000263001,GTF2I,MONDO_0005011,0.3507910966873169,,,unknown,,2023-05-08
09344e5a5c406dab66e593eb6813298abf33122c,gwas_credible_sets,ENSG00000135899,SP110,MONDO_0005011,0.350765585899353,,,unknown,,2012-11-01
6abe4238f69c39d45847b69a3ca26a353c418bd1,gwas_credible_sets,ENSG00000250254,PTTG2,MONDO_0005011,0.35073626041412354,,,unknown,,2023-05-08
188e4ccb0f2d47c56717a50a8ee8993707e79209,gwas_credible_sets,ENSG00000161179,YDJC,MONDO_0005011,0.35036587715148926,,,unknown,,2023-05-08
c2e7edd8e0b0ec382d7d0f3b733944414cc21dd3,gwas_credible_sets,ENSG00000175354,PTPN2,MONDO_0005011,0.34982961416244507,,,unknown,,2010-11-21
653456429a20581ccaf976e0ee07e6da3f33cafb,gwas_credible_sets,ENSG00000263001,GTF2I,MONDO_0005011,0.34929364919662476,,,unknown,,2023-05-08
bf6e38b9b69000ae3f71453e32469ccc15e30045,gwas_credible_sets,ENSG00000220201,ZGLP1,MONDO_0005011,0.348906546831131,,,unknown,,2010-11-21
dcb073198a3b72b20d497d7f3b29330beb092dd1,gwas_credible_sets,ENSG00000175093,SPSB4,MONDO_0005011,0.3483875095844269,,,unknown,,2024-07-19
28cad562256ad9e686d48842a4aa132a3dc7d639,gwas_credible_sets,ENSG00000104312,RIPK2,MONDO_0005011,0.3475179970264435,,,unknown,,2016-03-14
1341bbbae49b280c9b583be77dbbcccd7652b807,gwas_credible_sets,ENSG00000108094,CUL2,MONDO_0005011,0.3461165428161621,,,unknown,,2008-06-29
504e6061943ca65e902d4643ebfa1903aaf9d338,gwas_credible_sets,ENSG00000179630,LACC1,MONDO_0005011,0.34597933292388916,,,unknown,,2023-05-08
070143574d3421d46d9261304f2f9c1ec2124511,gwas_credible_sets,ENSG00000150594,ADRA2A,MONDO_0005011,0.3459623456001282,,,unknown,,2024-07-19
8365c813c387e173d2878b1ca5ac13a778f184bc,gwas_credible_sets,ENSG00000105656,ELL,MONDO_0005011,0.34583234786987305,,,unknown,,2023-05-08
f89a01b48952e2bcf5d29b76cf6be3f47409bfcf,gwas_credible_sets,ENSG00000203896,LIME1,MONDO_0005011,0.3458140790462494,,,unknown,,2010-11-21
36e8535e570c042623d467c3b0beeb57c68fdc47,gwas_credible_sets,ENSG00000162594,IL23R,MONDO_0005011,0.3452558219432831,,,unknown,,2025-01-09
16349a7cec5ddd17741805dae2222564f7f0c8f7,gwas_credible_sets,ENSG00000213066,CEP43,MONDO_0005011,0.34353750944137573,,,unknown,,2017-01-09
dec9f7f332fc38e97f67d2c27f11ace5132d8e99,gwas_credible_sets,ENSG00000108175,ZMIZ1,MONDO_0005011,0.341631144285202,,,unknown,,2015-08-24
9513e8b43ddc7a38cc0530c0675142f894a79c7e,gwas_credible_sets,ENSG00000154252,GAL3ST2,MONDO_0005011,0.34131646156311035,,,unknown,,2016-03-14
478e87d63dc64b095ce0ba6763b3b4c921f66804,gwas_credible_sets,ENSG00000185651,UBE2L3,MONDO_0005011,0.3407156765460968,,,unknown,,2010-11-21
4c2083935da3655c16a646b107d75797dc8a4a72,gwas_credible_sets,ENSG00000153790,SPMIP4,MONDO_0005011,0.3392165005207062,,,unknown,,2024-07-19
dbc98b9eb1af9ad9eb05f55b7bb5d03b7e2ff2f9,gwas_credible_sets,ENSG00000158636,EMSY,MONDO_0005011,0.33917781710624695,,,unknown,,2023-01-18
ca2a559cfc09ce69b57b1bb04237df7802147e6f,gwas_credible_sets,ENSG00000101216,GMEB2,MONDO_0005011,0.33824822306632996,,,unknown,,2023-05-08
a864de7e105e428d8e3db2e16f536f6ef319c168,gwas_credible_sets,ENSG00000181915,ADO,MONDO_0005011,0.3375089466571808,,,unknown,,2017-01-09
9a0b86bdd7a4886069619adf53168b3a307a51d5,gwas_credible_sets,ENSG00000113302,IL12B,MONDO_0005011,0.33633214235305786,,,unknown,,2023-05-08
b31ab412a3c1780a6194e9f285732e711ac63a9d,gwas_credible_sets,ENSG00000169567,HINT1,MONDO_0005011,0.33585143089294434,,,unknown,,2023-05-08
b234399791fe77cb0c221c3f1ba74ccd0b99ab3c,gwas_credible_sets,ENSG00000152518,ZFP36L2,MONDO_0005011,0.3340761363506317,,,unknown,,2023-05-08
aa8e80bceccbc74898a0ea138d5b812a03b96934,gwas_credible_sets,ENSG00000181915,ADO,MONDO_0005011,0.33288511633872986,,,unknown,,2023-05-08
73e5b3dc4082556d099b0ff2fbec70ae8cb7beea,gwas_credible_sets,ENSG00000237693,IRGM,MONDO_0005011,0.3318072557449341,,,unknown,,2023-01-18
535f3e4e6e7371d699ed5e3bc2fc23e5101c3e71,gwas_credible_sets,ENSG00000108175,ZMIZ1,MONDO_0005011,0.33113545179367065,,,unknown,,2012-04-01
a06784a1c509ceb5bde8ab50f1c2d932d2b8a8ed,gwas_credible_sets,ENSG00000213047,DENND1B,MONDO_0005011,0.33108583092689514,,,unknown,,2010-11-21
491a311e1b8a6457954831d4f832d7b40f228a41,gwas_credible_sets,ENSG00000220201,ZGLP1,MONDO_0005011,0.33100125193595886,,,unknown,,2017-01-09
79fdea665f52bd6732f25e436c67a62474fefcf0,gwas_credible_sets,ENSG00000178257,PRM3,MONDO_0005011,0.3306189179420471,,,unknown,,2023-05-08
6d5e993f042a08279448cfb2566336f8ab15b9f5,gwas_credible_sets,ENSG00000117500,TMED5,MONDO_0005011,0.3304244577884674,,,unknown,,2023-05-08
56b94d62717fac4aae3976a059046d0c8c3e90d7,gwas_credible_sets,ENSG00000018236,CNTN1,MONDO_0005011,0.3303491175174713,,,unknown,,2023-05-08
d265b92604be0ad736304fdb6deb75a17a975ca4,gwas_credible_sets,ENSG00000105376,ICAM5,MONDO_0005011,0.33008161187171936,,,unknown,,2023-05-08
58fc5c0133b386b555e9e3b4f8fac254ac706bdc,gwas_credible_sets,ENSG00000181915,ADO,MONDO_0005011,0.32986459136009216,,,unknown,,2023-05-08
491615bb764ae90587ffe32f6e8b34f7c0e3b7bb,gwas_credible_sets,ENSG00000148660,CAMK2G,MONDO_0005011,0.32840970158576965,,,unknown,,2017-01-09
5c27e89b2755bd5c06e3668b37c1bacbaf73074f,gwas_credible_sets,ENSG00000112486,CCR6,MONDO_0005011,0.32820096611976624,,,unknown,,2024-04-15
695774f5fd0d1c5cf9ca0bdd35174566f8915f36,gwas_credible_sets,ENSG00000164638,SLC29A4,MONDO_0005011,0.328147828578949,,,unknown,,2023-05-08
0abaeb5bf091ab7650722cd5ee069233a22e9564,gwas_credible_sets,ENSG00000132356,PRKAA1,MONDO_0005011,0.3279557228088379,,,unknown,,2007-06-01
668e0c62b6d89277b02b9207bb70fdc0a67b161e,gwas_credible_sets,ENSG00000065989,PDE4A,MONDO_0005011,0.3265109658241272,,,unknown,,2023-05-08
c3ac0979af96d513031015b79ad31e7757b09f12,gwas_credible_sets,ENSG00000162594,IL23R,MONDO_0005011,0.32532545924186707,,,unknown,,2023-05-08
fd4607c9f82fbdef0476deb6bbda236c852896e3,gwas_credible_sets,ENSG00000115604,IL18R1,MONDO_0005011,0.3252643942832947,,,unknown,,2017-01-09
e1160da9cbf3dbe04b7315c20553407d618a5a51,gwas_credible_sets,ENSG00000180251,SLC9A4,MONDO_0005011,0.32496634125709534,,,unknown,,2017-01-09
83f7fa4ce6f22f92c4bc4c43639bc123be083189,gwas_credible_sets,ENSG00000120658,ENOX1,MONDO_0005011,0.32425862550735474,,,unknown,,2023-05-08
d4317c4ff33a223f8d0b35ce8fcc20afa19a66e8,gwas_credible_sets,ENSG00000065882,TBC1D1,MONDO_0005011,0.323917418718338,,,unknown,,2023-05-08
a330410221ef9f8d03718363304a35d886c03684,gwas_credible_sets,ENSG00000157557,ETS2,MONDO_0005011,0.32357245683670044,,,unknown,,2016-03-14
4823c2c795b80b62154764e3f2d5d693be89279f,gwas_credible_sets,ENSG00000132356,PRKAA1,MONDO_0005011,0.32314348220825195,,,unknown,,2023-01-18
aea1dfa43a9be6e9ec965d906ed840204e7a033e,gwas_credible_sets,ENSG00000184677,ZBTB40,MONDO_0005011,0.32284101843833923,,,unknown,,2016-03-14
328238bcf8d56dfaba0fbca88f9fc592b5b96912,gwas_credible_sets,ENSG00000095794,CREM,MONDO_0005011,0.32213640213012695,,,unknown,,2016-03-14
af3392fba9c59f77e645724e72b5b7e28d9f2567,gwas_credible_sets,ENSG00000109471,IL2,MONDO_0005011,0.32087549567222595,,,unknown,,2023-07-31
cb43bc6b57114572f640816011fa9be3fd9333f2,gwas_credible_sets,ENSG00000167207,NOD2,MONDO_0005011,0.32081910967826843,,,unknown,,2017-01-09
2d3237a93ca02d80c1630b1ac531414ad251d8be,gwas_credible_sets,ENSG00000113638,TTC33,MONDO_0005011,0.32073238492012024,,,unknown,,2023-01-18
00802c5a03665e837da4bae3e75b0f336584e638,eva,ENSG00000167207,NOD2,MONDO_0005011,0.32,LoF,,unknown,RCV002547164,2023-02-07
009f164bacef7b638652d1c73f572340a816b56f,eva,ENSG00000167207,NOD2,MONDO_0005011,0.32,,,unknown,RCV002551120,2023-02-07
01c2010d5629acb6b8beb7e231443e804a2ad359,eva,ENSG00000167207,NOD2,MONDO_0005011,0.32,,,unknown,RCV002563246,2023-02-07
01cd9ac819e83f8d9a33a5291b743de2b6680d84,eva,ENSG00000167207,NOD2,MONDO_0005011,0.32,,,unknown,RCV002557641,2023-02-07
020f23d824d436ab065027a80ab58d7b27e7771c,eva,ENSG00000167207,NOD2,MONDO_0005011,0.32,,,unknown,RCV005208692,2025-03-04
025cb7efc52ca71ea4e85e61fc2f376e94a44b76,eva,ENSG00000167207,NOD2,MONDO_0005011,0.32,,,unknown,RCV005224321,2025-03-04
02db4bd9585d6e64c1e58431fc3a015b8d83c923,eva,ENSG00000167207,NOD2,MONDO_0005011,0.32,,,unknown,RCV002557654,2023-02-07
039cb2185f584aa80156cac265c52da971a59629,eva,ENSG00000167207,NOD2,MONDO_0005011,0.32,,,unknown,RCV002528897,2023-02-07
0428549bcfe35614ed92d7a3c117bc007070541a,eva,ENSG00000167207,NOD2,MONDO_0005011,0.32,,,unknown,RCV003780335,2024-02-28
047ad65a1245251ac25c534a64a5419a91415db6,eva,ENSG00000167207,NOD2,MONDO_0005011,0.32,LoF,,unknown,RCV002553173,2023-02-07
04ac5c6be069d39516c44c72973eed75212c1ae8,eva,ENSG00000167207,NOD2,MONDO_0005011,0.32,,,unknown,RCV003797905,2024-02-28
05f5d28f7e6d301a57e5c0ac5adc2f2474d63c7e,eva,ENSG00000167207,NOD2,MONDO_0005011,0.32,,,unknown,RCV002563461,2023-02-07
06972c03abc470af9b7b93a6d23b3ba204a1427c,eva,ENSG00000167207,NOD2,MONDO_0005011,0.32,,,unknown,RCV002552123,2023-02-07
06da59920281df9373ceba41802eaaa76f241bab,eva,ENSG00000167207,NOD2,MONDO_0005011,0.32,,,unknown,RCV002851385,2023-02-07
07e6364d99ef737f83dd0b9b4598e7632f1ac072,eva,ENSG00000167207,NOD2,MONDO_0005011,0.32,,,unknown,RCV002544896,2023-02-07
0826c9b1b8f023926b009621a839d747034ee1b6,eva,ENSG00000167207,NOD2,MONDO_0005011,0.32,,,unknown,RCV002535503,2023-02-07
087bfd9f06dd98584aa1632f1ce5090ce82c50f4,eva,ENSG00000167207,NOD2,MONDO_0005011,0.32,,,unknown,RCV002542350,2023-02-07
095bf638fa13fbab7321447b89e901fddbd74a92,eva,ENSG00000167207,NOD2,MONDO_0005011,0.32,,,unknown,RCV003781351,2024-02-28
097124f6f9fdd3d31a734bb459c3550e1ea5200d,eva,ENSG00000167207,NOD2,MONDO_0005011,0.32,,,unknown,RCV002551439,2023-02-07
09cf26c90e558e27a1a891c9ab410887ba932ed4,eva,ENSG00000167207,NOD2,MONDO_0005011,0.32,,,unknown,RCV002539466,2023-02-07
09cffcc69bd5f4f8cd9e136552d8ee16c1cb8c6f,eva,ENSG00000167207,NOD2,MONDO_0005011,0.32,,,unknown,RCV002564017,2023-02-07
0a50a8c26361b5916373025cf002877f01d18d2c,eva,ENSG00000167207,NOD2,MONDO_0005011,0.32,,,unknown,RCV002555831,2023-02-07
0ac962203d1e7c9f4209cb8b9efcb54b1ba29d48,eva,ENSG00000167207,NOD2,MONDO_0005011,0.32,,,unknown,RCV002514470,2023-02-07
0b0d55f4d990a248967e0bb7383e14c4a3a2a96d,eva,ENSG00000167207,NOD2,MONDO_0005011,0.32,,,unknown,RCV002555411,2023-02-07
0be7e486b21c9a97089c2d7874e6e917ad1e37ca,eva,ENSG00000167207,NOD2,MONDO_0005011,0.32,,,unknown,RCV002545150,2023-02-07
0daa8069862aec86d78e2aac50871181c8a269b0,eva,ENSG00000167207,NOD2,MONDO_0005011,0.32,,,unknown,RCV002592534,2023-02-07
0de522392fd27fdd9e78724ae06c0cc669336430,eva,ENSG00000167207,NOD2,MONDO_0005011,0.32,,,unknown,RCV006600053,2026-02-23
0e058154d5f4fff1df7c21ad0ad02fc791798a29,eva,ENSG00000167207,NOD2,MONDO_0005011,0.32,,,unknown,RCV002552894,2023-02-07
0e997f5b195e091a8e97327ee6a923186b22f684,eva,ENSG00000167207,NOD2,MONDO_0005011,0.32,,,unknown,RCV003104032,2023-02-13
0ef7de0ff19a8f06d1f96915e596f821acc308e7,eva,ENSG00000167207,NOD2,MONDO_0005011,0.32,,,unknown,RCV005214826,2025-03-04
0f256e839f5e7d081254bac765ab87e0223768f0,eva,ENSG00000167207,NOD2,MONDO_0005011,0.32,,,unknown,RCV002755368,2023-02-07
0f4c7b837dc3f0c200129a3fd19507278ac6eb16,eva,ENSG00000167207,NOD2,MONDO_0005011,0.32,,,unknown,RCV002514484,2023-02-07
0ff5985b0c6cf09bf70d331432b97a02f8c536ed,eva,ENSG00000167207,NOD2,MONDO_0005011,0.32,,,unknown,RCV002551475,2023-02-07
112d78304777644e8ecbc999065ec6a484412f4f,eva,ENSG00000167207,NOD2,MONDO_0005011,0.32,LoF,,unknown,RCV003782142,2024-02-28
122d09acc21c550a2c3256816c2ca8f887783f6f,eva,ENSG00000167207,NOD2,MONDO_0005011,0.32,,,unknown,RCV003799871,2024-02-28
12b3b720a3cba497700831c570e1eb6b5b40f664,eva,ENSG00000167207,NOD2,MONDO_0005011,0.32,LoF,,unknown,RCV002621468,2023-02-07
12e23bed80bd89b63ec8b38cae086bf9fdb50167,eva,ENSG00000167207,NOD2,MONDO_0005011,0.32,,,unknown,RCV005208695,2025-03-04
136c518797ae4af5e3e6ecd3e7795dcacd8ead16,eva,ENSG00000167207,NOD2,MONDO_0005011,0.32,,,unknown,RCV002751373,2023-02-07
136e435f2b3f91a041a7af2cb5d7874abe99ad73,eva,ENSG00000167207,NOD2,MONDO_0005011,0.32,,,unknown,RCV002552750,2023-02-07
13a3097095f934e610fd10cf3560007428c54334,eva,ENSG00000167207,NOD2,MONDO_0005011,0.32,,,unknown,RCV003810316,2024-02-28
13bcb47d5cb8a974aed6f72d103ae55dd4e7657a,eva,ENSG00000167207,NOD2,MONDO_0005011,0.32,,,unknown,RCV002546944,2023-02-07
148904623a6ad14164db55f952b3a75e06cd1c79,eva,ENSG00000167207,NOD2,MONDO_0005011,0.32,,,unknown,RCV002573487,2023-02-07
15571818e0070bfc3f1b7cefbc09108a612f9ff9,eva,ENSG00000167207,NOD2,MONDO_0005011,0.32,,,unknown,RCV002543469,2023-02-07
15a5971d7c7b79abf773e0b92dcb7b1d65d6b5d5,eva,ENSG00000167207,NOD2,MONDO_0005011,0.32,,,unknown,RCV002534786,2023-02-07
15c6d9556d6d57c5167a215ae9adf0fe3b53a6cd,eva,ENSG00000167207,NOD2,MONDO_0005011,0.32,,,unknown,RCV002554248,2023-02-07
1674453d6c6e8f4e3880a6b997acb32494c880db,eva,ENSG00000167207,NOD2,MONDO_0005011,0.32,,,unknown,RCV006596076,2026-02-23
1678a56251c761f0b5bcf9038525330e574bd7e0,eva,ENSG00000167207,NOD2,MONDO_0005011,0.32,,,unknown,RCV006592858,2026-02-23
171a25f61018c3dfa5e68df4347e6ac92f5fe5d2,eva,ENSG00000167207,NOD2,MONDO_0005011,0.32,,,unknown,RCV002561920,2023-02-07
176bc4ea4859e1a6ef234963cdf4a89521da9b4d,eva,ENSG00000167207,NOD2,MONDO_0005011,0.32,,,unknown,RCV002554859,2023-02-07
17736f5606a27cddf810059210e0073672464115,eva,ENSG00000167207,NOD2,MONDO_0005011,0.32,,,unknown,RCV005214187,2025-03-04
17a32713a6ab28d2fd01f4533c39c2d973833fc3,eva,ENSG00000167207,NOD2,MONDO_0005011,0.32,LoF,,unknown,RCV002535634,2023-02-07
17c5dbcd104b627b324b9aa848c6987e8c38e996,eva,ENSG00000167207,NOD2,MONDO_0005011,0.32,,,unknown,RCV002560633,2023-02-07
18fef09d48bb0cda44fc69b44a04f4df3522512c,eva,ENSG00000167207,NOD2,MONDO_0005011,0.32,,,unknown,RCV006600051,2026-02-23
19a64f5b0e7119e70d1a4a33aa94e760343ab62e,eva,ENSG00000167207,NOD2,MONDO_0005011,0.32,,,unknown,RCV002513887,2023-02-07
1b11aac5cf1139c660eb57f5ce71a5e389509b56,eva,ENSG00000167207,NOD2,MONDO_0005011,0.32,,,unknown,RCV003103979,2023-02-13
1c97467efe7a42b8f6b0e22b8a225c06d4236149,eva,ENSG00000167207,NOD2,MONDO_0005011,0.32,LoF,,unknown,RCV003796273,2024-02-28
1d52abc80262a3744c421d21e1c4d2277a965c7c,eva,ENSG00000167207,NOD2,MONDO_0005011,0.32,,,unknown,RCV002522867,2023-02-07
1f16edd3072c594b34cfac3108c5117b263ac01c,eva,ENSG00000167207,NOD2,MONDO_0005011,0.32,,,unknown,RCV002563939,2023-02-07
1f9f702d7311aeb9b4f4f6fd30694e2dffec64cc,eva,ENSG00000167207,NOD2,MONDO_0005011,0.32,,,unknown,RCV005214783,2025-03-04
1fbcbc2b7506b7e29c55cc7c7abf1b6c27aecd0f,eva,ENSG00000167207,NOD2,MONDO_0005011,0.32,,,unknown,RCV003015934,2023-02-07
203e5eac4fc56c11b7c44fa32964a076c91a53e6,eva,ENSG00000167207,NOD2,MONDO_0005011,0.32,,,unknown,RCV003107078,2023-02-13
210589b57de50c283f2812d918b60b1a15611e82,eva,ENSG00000167207,NOD2,MONDO_0005011,0.32,,,unknown,RCV003794252,2024-02-28
23f32be137a786dba9df83ef9f0e5fb162dd506a,eva,ENSG00000167207,NOD2,MONDO_0005011,0.32,,,unknown,RCV006591104,2026-02-23
24175bd3259f23be8bccf2f5e6766094795dad1d,eva,ENSG00000167207,NOD2,MONDO_0005011,0.32,,,unknown,RCV002545085,2023-02-07
241ff0f2291d62766c72e6669eea7e34587d125c,eva,ENSG00000167207,NOD2,MONDO_0005011,0.32,,,unknown,RCV003095917,2023-02-07
2498a89088406a296ab3e8770878e4190cfa2443,eva,ENSG00000167207,NOD2,MONDO_0005011,0.32,,,unknown,RCV002514477,2023-02-07
24c10dc07d30716d305b47524fdbdf19ea252c9d,eva,ENSG00000167207,NOD2,MONDO_0005011,0.32,,,unknown,RCV003064940,2023-02-07
24f661a44eff3c183eda2ca56a98e6947d89185e,eva,ENSG00000167207,NOD2,MONDO_0005011,0.32,,,unknown,RCV002536399,2023-02-07
26067bb383260df5e4180d57586718bef021dc26,eva,ENSG00000167207,NOD2,MONDO_0005011,0.32,,,unknown,RCV003794795,2024-02-28
26635b2f2af3533d5adf927e00570f8bbf6fdb02,eva,ENSG00000167207,NOD2,MONDO_0005011,0.32,,,unknown,RCV005209969,2025-03-04
26a31a7ff99de1ab2691ace703c958fb2494fcd6,eva,ENSG00000167207,NOD2,MONDO_0005011,0.32,,,unknown,RCV002558169,2023-02-07
27186df1ff953f3257aa3aa3e4b2566e8dce82c0,eva,ENSG00000167207,NOD2,MONDO_0005011,0.32,,,unknown,RCV002820982,2023-02-07
27484886a69ad02aa54af76890ae86a7b2a8ec76,eva,ENSG00000167207,NOD2,MONDO_0005011,0.32,LoF,,unknown,RCV002536731,2023-02-07
2807e9cc4418aed8e0bd082986698a621d4b70b7,eva,ENSG00000167207,NOD2,MONDO_0005011,0.32,,,unknown,RCV002548045,2023-02-07
282b9dfa66855ff936eaa02d54ee551f5b1396fb,eva,ENSG00000167207,NOD2,MONDO_0005011,0.32,,,unknown,RCV003787932,2024-02-28
296ecc70b6e8c7bf94d8e83384c56d1e8212d5ce,eva,ENSG00000167207,NOD2,MONDO_0005011,0.32,,,unknown,RCV002609233,2023-02-07
29a651fb9116f76193f4b26d94ed17db635668ed,eva,ENSG00000167207,NOD2,MONDO_0005011,0.32,,,unknown,RCV002647250,2023-02-07
2a61f5c0a558868d366a6839f920ca4df59d7ae5,eva,ENSG00000167207,NOD2,MONDO_0005011,0.32,LoF,,unknown,RCV002867771,2023-02-07
2b832db94c5abbe7fe817e7d29d028183cc1a8ba,eva,ENSG00000167207,NOD2,MONDO_0005011,0.32,,,unknown,RCV003028015,2023-02-07
2bb4727f1c2a74bf3d64776b5c47e34a47050e76,eva,ENSG00000167207,NOD2,MONDO_0005011,0.32,,,unknown,RCV002547036,2023-02-07
2c13e33e0e341a7151c2f77406e757c08008b590,eva,ENSG00000167207,NOD2,MONDO_0005011,0.32,,,unknown,RCV003807515,2024-02-28
2c8db373eecb6f749dc4566c780aefaa398d6374,eva,ENSG00000167207,NOD2,MONDO_0005011,0.32,,,unknown,RCV002571306,2023-02-07
2cebc42db8bbc089be255479301215ce74f0ab98,eva,ENSG00000167207,NOD2,MONDO_0005011,0.32,,,unknown,RCV005214785,2025-03-04
2df9ee6c5f258667bb080bc52f8ec05b00a7d1a7,eva,ENSG00000167207,NOD2,MONDO_0005011,0.32,,,unknown,RCV003095916,2023-02-07
2e6e8ad2f50f0c7ac72be071afb0f29f4ca08977,eva,ENSG00000167207,NOD2,MONDO_0005011,0.32,,,unknown,RCV002607400,2023-02-07
2e82fb33a9d746f76e7c4a04d5f8f96efd006f8b,eva,ENSG00000167207,NOD2,MONDO_0005011,0.32,,,unknown,RCV002552521,2023-02-07
2eecb6e0b668fbcef28a7aed717de77ea99fb74b,eva,ENSG00000167207,NOD2,MONDO_0005011,0.32,,,unknown,RCV002545394,2023-02-07
2fe2532b6cb5b0d75a4f77bb7592eb99b87a8598,eva,ENSG00000167207,NOD2,MONDO_0005011,0.32,,,unknown,RCV002555333,2023-02-07
300824f125a4986732156f15f9ecf44e78291281,eva,ENSG00000167207,NOD2,MONDO_0005011,0.32,,,unknown,RCV002541780,2023-02-07
30a7902e57f9ba43b3a26447b95df9263ec318a7,eva,ENSG00000167207,NOD2,MONDO_0005011,0.32,,,unknown,RCV003003331,2023-02-07
317da93161d3d3c21405a7683f9966961d22a5d7,eva,ENSG00000167207,NOD2,MONDO_0005011,0.32,,,unknown,RCV006604874,2026-02-23
31ac6e83d856b5ed35d26c9bbf86807860ebcf9e,eva,ENSG00000167207,NOD2,MONDO_0005011,0.32,,,unknown,RCV002533729,2023-02-07
31c5c0186868076843f4f77f9d30639921d82ef2,eva,ENSG00000167207,NOD2,MONDO_0005011,0.32,,,unknown,RCV002557672,2023-02-07
321f4b30584ec102c2fed293b063d6bac37196c4,eva,ENSG00000167207,NOD2,MONDO_0005011,0.32,,,unknown,RCV003781413,2024-02-28
32548fce20bcd5e2aff21d7cb3804f05eb7ad943,eva,ENSG00000167207,NOD2,MONDO_0005011,0.32,,,unknown,RCV002547405,2023-02-07
32887d6e55fd9b5b44b541f20528f1f19578495f,eva,ENSG00000167207,NOD2,MONDO_0005011,0.32,LoF,,unknown,RCV005218331,2025-03-04
32daadc451beb68d73e1fca1190bbf4ff2e5871c,eva,ENSG00000167207,NOD2,MONDO_0005011,0.32,,,unknown,RCV006600049,2026-02-23
33fe8387f7814c38b598d83285ce14594e70ce96,eva,ENSG00000167207,NOD2,MONDO_0005011,0.32,,,unknown,RCV002563705,2023-02-07
3502419f7744fec86e27d7d2c52b647175c10506,eva,ENSG00000167207,NOD2,MONDO_0005011,0.32,,,unknown,RCV003039058,2023-02-07
3589cb1c4695fe0ef845e573d74300893bafda68,eva,ENSG00000167207,NOD2,MONDO_0005011,0.32,,,unknown,RCV005222220,2025-03-04
35a8893c3202dcbf08fa4e0a01568a3958ef6af8,eva,ENSG00000167207,NOD2,MONDO_0005011,0.32,,,unknown,RCV003799851,2024-02-28
35e15b9d99e54a443d663c70a34dafa202c8a156,eva,ENSG00000167207,NOD2,MONDO_0005011,0.32,,,unknown,RCV002573441,2023-02-07
35f2d9bde2f385e54430c33f6c0c9920b125aaa5,eva,ENSG00000167207,NOD2,MONDO_0005011,0.32,,,unknown,RCV002917640,2023-02-07
363c688602f5b8a2bea72e33f3e506e2609420d5,eva,ENSG00000167207,NOD2,MONDO_0005011,0.32,,,unknown,RCV006596802,2026-02-23
36b915916865473e71ec1c7b5d60a8d7022ad28b,eva,ENSG00000167207,NOD2,MONDO_0005011,0.32,,,unknown,RCV002562484,2023-02-07
372f05a9966a9abc116d15ae85554cd7d981e8d0,eva,ENSG00000167207,NOD2,MONDO_0005011,0.32,,,unknown,RCV002529871,2023-02-07
37af51c6c8a1d9b45597c6affe0cd2b8f4656bfa,eva,ENSG00000167207,NOD2,MONDO_0005011,0.32,,,unknown,RCV002550087,2023-02-07
384a8bab33d0e3bc74dd724efe909a6f126ed358,eva,ENSG00000167207,NOD2,MONDO_0005011,0.32,,,unknown,RCV003780463,2024-02-28
39d287c1b558f01e4e3d2289bee05ad76665e3e2,eva,ENSG00000167207,NOD2,MONDO_0005011,0.32,,,unknown,RCV002537910,2023-02-07
39e504d651d4a6a4e1403bd48efcb49516e8818f,eva,ENSG00000167207,NOD2,MONDO_0005011,0.32,,,unknown,RCV002534357,2023-02-07
3a57cdf20b13b61131852a3fc815e875b2370174,eva,ENSG00000167207,NOD2,MONDO_0005011,0.32,,,unknown,RCV002546914,2023-02-07
3aac3e352bf5a5e287d3f0c2692de5840c00cd0d,eva,ENSG00000167207,NOD2,MONDO_0005011,0.32,,,unknown,RCV002736344,2023-02-07
3ad9ccce78610c8e28ec756b056b183093e2d07a,eva,ENSG00000167207,NOD2,MONDO_0005011,0.32,,,unknown,RCV003066133,2023-02-07
3bf44529de15887eb77d10c2490f5dedacf85bff,eva,ENSG00000167207,NOD2,MONDO_0005011,0.32,,,unknown,RCV002705353,2023-02-07
3c48afcfd647c38cfdda2d3d8b8f70ad77c723b7,eva,ENSG00000167207,NOD2,MONDO_0005011,0.32,,,unknown,RCV003783009,2024-02-28
3cab69bca73878d10f0e23c4d9526f80acafdf14,eva,ENSG00000167207,NOD2,MONDO_0005011,0.32,,,unknown,RCV002547014,2023-02-07
3d71029c4d57273f43d2ab6300e3383a2b143858,eva,ENSG00000167207,NOD2,MONDO_0005011,0.32,,,unknown,RCV002563166,2023-02-07
3e2046737529b3934776bcf532f3a9d3ab289349,eva,ENSG00000167207,NOD2,MONDO_0005011,0.32,LoF,,unknown,RCV003809237,2024-02-28
3e8b64d4ca1461367b730410071dd7a26d8a4484,eva,ENSG00000167207,NOD2,MONDO_0005011,0.32,,,unknown,RCV006569562,2026-02-23
3fff215265c2703aa98e4090e31427889751396e,eva,ENSG00000167207,NOD2,MONDO_0005011,0.32,,,unknown,RCV002548560,2023-02-07
40366e74bfd2be26df4f3f2a7fbe5105ad098066,eva,ENSG00000167207,NOD2,MONDO_0005011,0.32,,,unknown,RCV006591843,2026-02-23
4069ccab51319fbc0c3a50d46961d229dd7093c2,eva,ENSG00000167207,NOD2,MONDO_0005011,0.32,,,unknown,RCV002528346,2023-02-07
4138ea12fdd4c2906ef36fb45ce71544cca4c6f6,eva,ENSG00000167207,NOD2,MONDO_0005011,0.32,,,unknown,RCV003784404,2024-02-28
4170f314cbd3080182359fbc4592344ec6c0a6a8,eva,ENSG00000167207,NOD2,MONDO_0005011,0.32,,,unknown,RCV003788337,2024-02-28
41cfd9da0d7a744a95eb4c0b4c6a735643b7a15c,eva,ENSG00000167207,NOD2,MONDO_0005011,0.32,,,unknown,RCV002557693,2023-02-07
42755d8c00639e2d11f8d374ef5ceb4ba3efd023,eva,ENSG00000167207,NOD2,MONDO_0005011,0.32,,,unknown,RCV002551643,2023-02-07
4307a6adbacedc2815b9b835c29ff72befeb36b8,eva,ENSG00000167207,NOD2,MONDO_0005011,0.32,LoF,,unknown,RCV003783648,2024-02-28
430da0c72580fa272120f920d6e1305188f3a5b9,eva,ENSG00000167207,NOD2,MONDO_0005011,0.32,,,unknown,RCV002625344,2023-02-07
43ea4799fdd8da626643ed2a00cbb3afdbbbecc6,eva,ENSG00000167207,NOD2,MONDO_0005011,0.32,,,unknown,RCV002535911,2023-02-07
441ea5a0eb9d268e8f7233f3057e93bd476ef80c,eva,ENSG00000167207,NOD2,MONDO_0005011,0.32,,,unknown,RCV002551011,2023-02-07
44a6b9a97b8fca5245f21e89027b7292122f55c7,eva,ENSG00000167207,NOD2,MONDO_0005011,0.32,,,unknown,RCV003080559,2023-02-07
45063130fdada76a29d6033de9ba3a745bc56dc6,eva,ENSG00000167207,NOD2,MONDO_0005011,0.32,,,unknown,RCV005217134,2025-03-04
456875e598c4f5bbc2f144169d058fc6f22d7589,eva,ENSG00000167207,NOD2,MONDO_0005011,0.32,,,unknown,RCV006600054,2026-02-23
4624a700b0a6834b5cafde61e2d61e0b79ce9f5a,eva,ENSG00000167207,NOD2,MONDO_0005011,0.32,,,unknown,RCV002546226,2023-02-07
462ca9f31eb0396fa5c7f3f1e14db76a4207a9c2,eva,ENSG00000167207,NOD2,MONDO_0005011,0.32,,,unknown,RCV002534281,2023-02-07
463eaca4fa8bfd6376cc9c9a0bb208a6805aca16,eva,ENSG00000167207,NOD2,MONDO_0005011,0.32,,,unknown,RCV006596646,2026-02-23
466952ffc41a29fe2dd03023d4777fe6167a340f,eva,ENSG00000167207,NOD2,MONDO_0005011,0.32,,,unknown,RCV005213693,2025-03-04
46ea5a9451c170e1c035bceae5d1803a28602a6d,eva,ENSG00000167207,NOD2,MONDO_0005011,0.32,,,unknown,RCV002538110,2023-02-07
46f870838b3643e6832a98a8a7a7378fda197d03,eva,ENSG00000167207,NOD2,MONDO_0005011,0.32,LoF,,unknown,RCV002526525,2023-02-07
474f05197b3dd9febc1a36331263b81cb1ad6696,eva,ENSG00000167207,NOD2,MONDO_0005011,0.32,,,unknown,RCV005214506,2025-03-04
47e0b751f5c9e0523c813f344bff6be387c73489,eva,ENSG00000167207,NOD2,MONDO_0005011,0.32,,,unknown,RCV002943926,2023-02-07
48224536f839bb08bf3ab3a7eda07d4c57fd01d2,eva,ENSG00000167207,NOD2,MONDO_0005011,0.32,,,unknown,RCV005214828,2025-03-04
491620a6dbd524cf6c13aee5e8a644e595e4c957,eva,ENSG00000167207,NOD2,MONDO_0005011,0.32,,,unknown,RCV005220425,2025-03-04
4981f1ee4cce84fa51cf6c95651059d656298466,eva,ENSG00000167207,NOD2,MONDO_0005011,0.32,,,unknown,RCV003780525,2024-02-28
4a2e78226d9dfcc6b79f0a20718b7fb2843e4883,eva,ENSG00000167207,NOD2,MONDO_0005011,0.32,LoF,,unknown,RCV002547047,2023-02-07
4a7853e589027f6c8d0c9950d963966d17c98e6b,eva,ENSG00000167207,NOD2,MONDO_0005011,0.32,,,unknown,RCV003784754,2024-02-28
4a8d56f6bfab67c9b3b92938238202d351126d77,eva,ENSG00000167207,NOD2,MONDO_0005011,0.32,,,unknown,RCV002550380,2023-02-07
4b5ff97a170ecd46f118250c797ce3abed285e48,eva,ENSG00000167207,NOD2,MONDO_0005011,0.32,,,unknown,RCV002538183,2023-02-07
4bbdedf4b47db597220e6a7d08582bcb02de5750,eva,ENSG00000167207,NOD2,MONDO_0005011,0.32,,,unknown,RCV003002502,2023-02-07
4bfbe1b5f5aee2d2871eb62043cc803e746970a9,eva,ENSG00000167207,NOD2,MONDO_0005011,0.32,,,unknown,RCV006592166,2026-02-23
4c759e5618db3474c3dea95cf88848b5097f24cf,eva,ENSG00000167207,NOD2,MONDO_0005011,0.32,,,unknown,RCV005214827,2025-03-04
4d17893a5fed227ee117dd3c0db6684f1dd77f37,eva,ENSG00000167207,NOD2,MONDO_0005011,0.32,,,unknown,RCV005214821,2025-03-04
4d65cb8b4f58146e732b420990eb7b43f23820ff,eva,ENSG00000167207,NOD2,MONDO_0005011,0.32,,,unknown,RCV002551170,2023-02-07
4d8bcd696a3c2c86311bf629d969e53a3a92f9cc,eva,ENSG00000167207,NOD2,MONDO_0005011,0.32,,,unknown,RCV002550075,2023-02-07
4e0d465312ee9448269546c2cc4697133c6b6c92,eva,ENSG00000167207,NOD2,MONDO_0005011,0.32,,,unknown,RCV002513882,2023-02-07
4e22752cd1d79ee3708b32e0211edecf8b36e27b,eva,ENSG00000167207,NOD2,MONDO_0005011,0.32,LoF,,unknown,RCV002533160,2023-02-07
4e9d95ffc01dec874bab27eb11a99aa7eb28a9ff,eva,ENSG00000167207,NOD2,MONDO_0005011,0.32,LoF,,unknown,RCV006602344,2026-02-23
4f09be0a99c25e7e51d096c0cb5f5e0bc37510f6,eva,ENSG00000167207,NOD2,MONDO_0005011,0.32,,,unknown,RCV002548153,2023-02-07
4f359d4ecf7902f21f3e22bad88b2bca59fa00c3,eva,ENSG00000167207,NOD2,MONDO_0005011,0.32,,,unknown,RCV002553869,2023-02-07
4faf89c86f695f9e67cbad83bba867b2905a42fc,eva,ENSG00000167207,NOD2,MONDO_0005011,0.32,,,unknown,RCV002528896,2023-02-07
50366db19c2d9b8e87f6cf63486225927f1901c8,eva,ENSG00000167207,NOD2,MONDO_0005011,0.32,LoF,,unknown,RCV002553449,2023-02-07
503d75c0bfadfdee4facc64bb96686160554aeea,eva,ENSG00000167207,NOD2,MONDO_0005011,0.32,,,unknown,RCV005223539,2025-03-04
50918e769d67b5841778e7c444e38baea225fbd9,eva,ENSG00000167207,NOD2,MONDO_0005011,0.32,,,unknown,RCV002579641,2023-02-07
50e6f38116cbb4d48fec3cd5990615445b9ffff0,eva,ENSG00000167207,NOD2,MONDO_0005011,0.32,,,unknown,RCV002584595,2023-02-07
512452adce7380d93ed74d7678641a2365552c5c,eva,ENSG00000167207,NOD2,MONDO_0005011,0.32,,,unknown,RCV003783083,2024-02-28
51c15f5a8dbf9c9eb3463774a2e6cd77becff24a,eva,ENSG00000167207,NOD2,MONDO_0005011,0.32,,,unknown,RCV005214825,2025-03-04
53c6a75b56ef03a4ece278b71a8efdd6fb43fbd8,eva,ENSG00000167207,NOD2,MONDO_0005011,0.32,,,unknown,RCV002545422,2023-02-07
54852dbe71b01ce82cceb01baf7a537025f81826,eva,ENSG00000167207,NOD2,MONDO_0005011,0.32,,,unknown,RCV002543846,2023-02-07
54b72f60135330eeb47877c5c82b45db023e73c8,eva,ENSG00000167207,NOD2,MONDO_0005011,0.32,,,unknown,RCV002563021,2023-02-07
54bf6a0e6e4e8f01a5669eea462c02fd0aadde99,eva,ENSG00000167207,NOD2,MONDO_0005011,0.32,,,unknown,RCV005214820,2025-03-04
54d9678e6d9b89c663cf30a9491b5b95f0b4f3d8,eva,ENSG00000167207,NOD2,MONDO_0005011,0.32,LoF,,unknown,RCV005220171,2025-03-04
54e0013883aeb1a50d336faea3c8904d7ebf03f0,eva,ENSG00000167207,NOD2,MONDO_0005011,0.32,,,unknown,RCV005214830,2025-03-04
55a169d876decda13afa33b519ed7a48e7ecb671,eva,ENSG00000167207,NOD2,MONDO_0005011,0.32,,,unknown,RCV005214781,2025-03-04
55a5b8998448397a3d7aa9ae2293ffe71f666e23,eva,ENSG00000167207,NOD2,MONDO_0005011,0.32,,,unknown,RCV006597318,2026-02-23
564317f35ad5d3fef57bcbad249822da400ceceb,eva,ENSG00000167207,NOD2,MONDO_0005011,0.32,,,unknown,RCV003797431,2024-02-28
57e71b3db981d43053415d1137e8e146103ac1ea,eva,ENSG00000167207,NOD2,MONDO_0005011,0.32,,,unknown,RCV003788570,2024-02-28
582efe1fd6f4f197da3889cd75e44fa1b483167c,eva,ENSG00000167207,NOD2,MONDO_0005011,0.32,,,unknown,RCV002557827,2023-02-07
585bfbe007d284afb3e01c2379def4707636b6fd,eva,ENSG00000167207,NOD2,MONDO_0005011,0.32,,,unknown,RCV002550188,2023-02-07
5876bf2ebf5fbe151c31bc5163d413469fee9a7c,eva,ENSG00000167207,NOD2,MONDO_0005011,0.32,,,unknown,RCV006604144,2026-02-23
58d365b065355118417350e1c2de4706d893838e,eva,ENSG00000167207,NOD2,MONDO_0005011,0.32,,,unknown,RCV006604450,2026-02-23
594b37c0573fb206cbc12496fdcfef8132ffb608,eva,ENSG00000167207,NOD2,MONDO_0005011,0.32,,,unknown,RCV003768941,2024-02-28
5a0ae73657b4e1be05aa45e718c448a7ab60175d,eva,ENSG00000167207,NOD2,MONDO_0005011,0.32,,,unknown,RCV002579666,2023-02-07
5a6aa204dbb8eb14301d7838838f4c6e026104b6,eva,ENSG00000167207,NOD2,MONDO_0005011,0.32,,,unknown,RCV003780326,2024-02-28
5ae9f69e169975ad7ad357f1c1f86578265f3371,eva,ENSG00000167207,NOD2,MONDO_0005011,0.32,,,unknown,RCV002536343,2023-02-07
5b04870b38703d73ecce5602464682d54903a542,eva,ENSG00000167207,NOD2,MONDO_0005011,0.32,LoF,,unknown,RCV002534416,2023-02-07
5b2ebc01b30290448045eca0679763478849174c,eva,ENSG00000167207,NOD2,MONDO_0005011,0.32,LoF,,unknown,RCV005220275,2025-03-04
5b5f727026f6d91ea31232c3e83bd7e93b86c13a,eva,ENSG00000167207,NOD2,MONDO_0005011,0.32,,,unknown,RCV005210889,2025-03-04
5b997953bb72e2e04f79f9adcb67fcaf80c88539,eva,ENSG00000167207,NOD2,MONDO_0005011,0.32,,,unknown,RCV002675452,2023-02-07
5c447bbf6bfd955b9b2e6424a7ac3c40abfdce89,eva,ENSG00000167207,NOD2,MONDO_0005011,0.32,,,unknown,RCV003045334,2023-02-07
5c55baed54aa0b92edc7098b39230952aaf93a21,eva,ENSG00000167207,NOD2,MONDO_0005011,0.32,,,unknown,RCV002571264,2023-02-07
5c959954c0140071f278e5b756a5eaef1b9f7c3a,eva,ENSG00000167207,NOD2,MONDO_0005011,0.32,,,unknown,RCV003778660,2024-02-28
5cdb1f9aaf77e48c926bb0798d77294d99c54da6,eva,ENSG00000167207,NOD2,MONDO_0005011,0.32,,,unknown,RCV002537179,2023-02-07
5d0c5ffc0907c780a6019a3a2b8198e726e4919c,eva,ENSG00000167207,NOD2,MONDO_0005011,0.32,,,unknown,RCV002564298,2023-02-07
5e02837a86084d6cb86c270e2d0df46aa54db830,eva,ENSG00000167207,NOD2,MONDO_0005011,0.32,,,unknown,RCV003785121,2024-02-28
5e18a5d01f11b3bae0f04df780b8b38a3bd42383,eva,ENSG00000167207,NOD2,MONDO_0005011,0.32,,,unknown,RCV002562786,2023-02-07
5f2c954500b8b943818db36d291fe0713f8e3e4c,eva,ENSG00000167207,NOD2,MONDO_0005011,0.32,,,unknown,RCV002555896,2023-02-07
5fe9564697b3cc6f5902b1bf58cb3c04a1aad2c2,eva,ENSG00000167207,NOD2,MONDO_0005011,0.32,,,unknown,RCV003095952,2023-02-07
60d8bd9f9aafb73c8f8eb74a1b4ee2d0f58406c9,eva,ENSG00000167207,NOD2,MONDO_0005011,0.32,LoF,,unknown,RCV002527136,2023-02-07
61a6e3afd1a16f2eb240b61d9b9848fa2ec04a13,eva,ENSG00000167207,NOD2,MONDO_0005011,0.32,,,unknown,RCV005221231,2025-03-04
61af9314442b226489688ed321586d8f1d0693d0,eva,ENSG00000167207,NOD2,MONDO_0005011,0.32,,,unknown,RCV003778189,2024-02-28
62b6b1d023736081edca2ab1bf4e23bb22d0d828,eva,ENSG00000167207,NOD2,MONDO_0005011,0.32,,,unknown,RCV005214784,2025-03-04
631060c03749c665bed14f339ca89206ff3f65b0,eva,ENSG00000167207,NOD2,MONDO_0005011,0.32,,,unknown,RCV002563465,2023-02-07
63ead76c9953bf1ced2a63b5de1c4f6cb2befd2f,eva,ENSG00000167207,NOD2,MONDO_0005011,0.32,,,unknown,RCV002550930,2023-02-07
63fda1c2799b0e7e9fe527fa2ad4c5e0cc23a9ea,eva,ENSG00000167207,NOD2,MONDO_0005011,0.32,LoF,,unknown,RCV003770293,2024-02-28
640270060701e0110108051d1e013f25a00ff722,eva,ENSG00000167207,NOD2,MONDO_0005011,0.32,,,unknown,RCV003794082,2024-02-28
6489757e1d34fd14ccbbb1ae081e981607fdcb05,eva,ENSG00000167207,NOD2,MONDO_0005011,0.32,,,unknown,RCV003770277,2024-02-28
6501924653560cbf994a7b6ad21c6b1952af7401,eva,ENSG00000167207,NOD2,MONDO_0005011,0.32,,,unknown,RCV003022293,2023-02-07
6536bf91e1246373ee3042abde5e13a3f014db0b,eva,ENSG00000167207,NOD2,MONDO_0005011,0.32,,,unknown,RCV003793126,2024-02-28
65ce1d2acea1114963db774902b31521fda07767,eva,ENSG00000167207,NOD2,MONDO_0005011,0.32,,,unknown,RCV003795021,2024-02-28
65e2da3f9d304e3712d698bf022d712e476594fb,eva,ENSG00000167207,NOD2,MONDO_0005011,0.32,,,unknown,RCV002546068,2023-02-07
661f2454de77988f3af49566d9cbda97b692fb83,eva,ENSG00000167207,NOD2,MONDO_0005011,0.32,,,unknown,RCV002625377,2023-02-07
66273a08a55c35be7d453a329c72b5c39f9308b5,eva,ENSG00000167207,NOD2,MONDO_0005011,0.32,,,unknown,RCV002550425,2023-02-07
66a2f14062928516d34832493505d46b4a26f5b7,eva,ENSG00000167207,NOD2,MONDO_0005011,0.32,,,unknown,RCV006604239,2026-02-23
6759fdec54e6a473a6aaceecd85a7fc1b864dd79,eva,ENSG00000167207,NOD2,MONDO_0005011,0.32,,,unknown,RCV002548472,2023-02-07
6861ea5046bc166e442d161fa03f8299b2021571,eva,ENSG00000167207,NOD2,MONDO_0005011,0.32,,,unknown,RCV003778633,2024-02-28
68af2be7cdd0f79a17f0a89e47f0e32cd4eda2c2,eva,ENSG00000167207,NOD2,MONDO_0005011,0.32,,,unknown,RCV002513886,2023-02-07
68d27d59847deda5381a99eb2f4fd8008b89fd77,eva,ENSG00000167207,NOD2,MONDO_0005011,0.32,LoF,,unknown,RCV003803566,2024-02-28
690ec0ca159702f30852102cc3d492d01e3841c1,eva,ENSG00000167207,NOD2,MONDO_0005011,0.32,LoF,,unknown,RCV006596476,2026-02-23
69114e512f49c6d0a1c1f5bd526b29b0d07e2a5f,eva,ENSG00000167207,NOD2,MONDO_0005011,0.32,LoF,,unknown,RCV006565266,2026-02-23
693bd37cc5694d49a7f7b1348ffaac53f9ce8b16,eva,ENSG00000167207,NOD2,MONDO_0005011,0.32,,,unknown,RCV002563837,2023-02-07
694648de365c016134ceddb6a1b86bfe71d398aa,eva,ENSG00000167207,NOD2,MONDO_0005011,0.32,,,unknown,RCV005221111,2025-03-04
694cf7a545009c46e5677ea684f51f8bfb83373e,eva,ENSG00000167207,NOD2,MONDO_0005011,0.32,,,unknown,RCV005210874,2025-03-04
696415d5d6e1b787d7654b1eb5209155fe4e16b2,eva,ENSG00000167207,NOD2,MONDO_0005011,0.32,,,unknown,RCV003808468,2024-02-28
69ae81564024e36814d438f94d9bfdeb5292b64b,eva,ENSG00000167207,NOD2,MONDO_0005011,0.32,,,unknown,RCV002521044,2023-02-07
6a6d0285696908a3d5b47ecf71648e7117d6fdb2,eva,ENSG00000167207,NOD2,MONDO_0005011,0.32,,,unknown,RCV005210507,2025-03-04
6b1d05bd83e9f61217fb646fd54de8d21ca40a3d,eva,ENSG00000167207,NOD2,MONDO_0005011,0.32,,,unknown,RCV002514550,2023-02-07
6bed4062735dd4508a526090a43b5031083a2ce1,eva,ENSG00000167207,NOD2,MONDO_0005011,0.32,LoF,,unknown,RCV003799122,2024-02-28
6c6cd25a876b244bfd97e2401588a5a1b73bbf5b,eva,ENSG00000167207,NOD2,MONDO_0005011,0.32,LoF,,unknown,RCV002531906,2023-02-07
6cd1e1985fc38d42c7cc13034f9abcea82601ebc,eva,ENSG00000167207,NOD2,MONDO_0005011,0.32,,,unknown,RCV003107275,2023-02-13
6d3188352c28fee85844c8c00b9700c8343efcd7,eva,ENSG00000167207,NOD2,MONDO_0005011,0.32,,,unknown,RCV002562057,2023-02-07
6d8bfd51fce8bc4f5005f06eea28a4e064098918,eva,ENSG00000167207,NOD2,MONDO_0005011,0.32,,,unknown,RCV002522863,2023-02-07
6dce0edbb31ad6279d9206ceb6d0c158293e54ac,eva,ENSG00000167207,NOD2,MONDO_0005011,0.32,LoF,,unknown,RCV003074405,2023-02-07
6deeeed118be6ffcb997faf9ae6b94d9678d9a3b,eva,ENSG00000167207,NOD2,MONDO_0005011,0.32,,,unknown,RCV003803918,2024-02-28
6ed3539432ea56b191f6b37386b0e8b134839383,eva,ENSG00000167207,NOD2,MONDO_0005011,0.32,,,unknown,RCV002547466,2023-02-07
6f2e0c7d2623e1294524b3d4ff2913989da6cdef,eva,ENSG00000167207,NOD2,MONDO_0005011,0.32,,,unknown,RCV003784479,2024-02-28
703e61b6f68614fcaf688011d73a225d992ac6a9,eva,ENSG00000167207,NOD2,MONDO_0005011,0.32,,,unknown,RCV002538045,2023-02-07
705704160b940c2e0e2d8fe8d9a00001fbe297f4,eva,ENSG00000167207,NOD2,MONDO_0005011,0.32,LoF,,unknown,RCV003101276,2023-02-07
70f8c40aecb82c224fdca53d157556704f367f9c,eva,ENSG00000167207,NOD2,MONDO_0005011,0.32,,,unknown,RCV003799614,2024-02-28
71097d79f42fc0585c0c772befb9120904a31c9c,eva,ENSG00000167207,NOD2,MONDO_0005011,0.32,,,unknown,RCV002720300,2023-02-07
71ea28fe29b077d8dedbaa73fbb107b3cd042865,eva,ENSG00000167207,NOD2,MONDO_0005011,0.32,,,unknown,RCV006603261,2026-02-23
721efebfe2bf7e28b43ba9ee042b0c208b5e0168,eva,ENSG00000167207,NOD2,MONDO_0005011,0.32,,,unknown,RCV005210536,2025-03-04
7252aeedee57c80c2ee7bbe2dff715ceae035643,eva,ENSG00000167207,NOD2,MONDO_0005011,0.32,,,unknown,RCV002537090,2023-02-07
726daae973f4ad563410187af54000634f377364,eva,ENSG00000167207,NOD2,MONDO_0005011,0.32,LoF,,unknown,RCV006597339,2026-02-23
728868c80175aefb3c7720dfb98ca6aabbf4198b,eva,ENSG00000167207,NOD2,MONDO_0005011,0.32,,,unknown,RCV003010089,2023-02-07
72f53bab2d7dd032fc3ff9f3efd64e80c0aacabc,eva,ENSG00000167207,NOD2,MONDO_0005011,0.32,,,unknown,RCV002549043,2023-02-07
7349c25821502a1c1dacfa73b5ce254f84152b40,eva,ENSG00000167207,NOD2,MONDO_0005011,0.32,,,unknown,RCV005221230,2025-03-04
7363f6e0054907eccddaa9c22031c138d936e2e1,eva,ENSG00000167207,NOD2,MONDO_0005011,0.32,,,unknown,RCV002569197,2023-02-07
7373920eb26c59533aaaa74793c23b658bc15c82,eva,ENSG00000167207,NOD2,MONDO_0005011,0.32,,,unknown,RCV002716073,2023-02-07
73828b6d57e5e84fcb900b9203178a6122c57914,eva,ENSG00000167207,NOD2,MONDO_0005011,0.32,,,unknown,RCV002568637,2023-02-07
73a2dce74300d3c6261a4f5aa096ee13b59ca639,eva,ENSG00000167207,NOD2,MONDO_0005011,0.32,,,unknown,RCV002551209,2023-02-07
7435f31e5af45ff1219fad8e199401b3b707b86a,eva,ENSG00000167207,NOD2,MONDO_0005011,0.32,,,unknown,RCV006600037,2026-02-23
744b7a50f76c635bb5a403c87fe8b319744aaed5,eva,ENSG00000167207,NOD2,MONDO_0005011,0.32,,,unknown,RCV002556473,2023-02-07
74616904edf6c2666ec61369392d344bfef8287d,eva,ENSG00000167207,NOD2,MONDO_0005011,0.32,,,unknown,RCV006600039,2026-02-23
74751ebe376e89c87fb0147a2021621f4cc11730,eva,ENSG00000167207,NOD2,MONDO_0005011,0.32,,,unknown,RCV003805180,2024-02-28
74e63af453ea8ae245a0faa62ac0f7b4982c72a5,eva,ENSG00000167207,NOD2,MONDO_0005011,0.32,,,unknown,RCV002988743,2023-02-07
7547e60ff1edfb842b01f561350069cfb918126a,eva,ENSG00000167207,NOD2,MONDO_0005011,0.32,,,unknown,RCV002564058,2023-02-07
7635ae06a079c3606a32d315c9d1c01c8fecf08e,eva,ENSG00000167207,NOD2,MONDO_0005011,0.32,,,unknown,RCV002681632,2023-02-07
76ff7babf3c4cfff72b703b3728d961c972bcd2b,eva,ENSG00000167207,NOD2,MONDO_0005011,0.32,,,unknown,RCV003797469,2024-02-28
7719bdc9f140946e62771026c07f3d054e8343a8,eva,ENSG00000167207,NOD2,MONDO_0005011,0.32,,,unknown,RCV002534624,2023-02-07
7772e4daf39ffab7a791ef7a44c2ba79c73724f1,eva,ENSG00000167207,NOD2,MONDO_0005011,0.32,,,unknown,RCV003793458,2024-02-28
7789e0542cccc3753a4dfe9294a8ecb90271d459,eva,ENSG00000167207,NOD2,MONDO_0005011,0.32,,,unknown,RCV003780877,2024-02-28
77f16bbaf13a73a33b53dbe34368a496f227309c,eva,ENSG00000167207,NOD2,MONDO_0005011,0.32,,,unknown,RCV002533442,2023-02-07
781cc676b5d7ffae4ea55296d87bfba764ff261b,eva,ENSG00000167207,NOD2,MONDO_0005011,0.32,,,unknown,RCV002548112,2023-02-07
786849ee8e69f05db124e867452eac11bc0d8cac,eva,ENSG00000167207,NOD2,MONDO_0005011,0.32,,,unknown,RCV005209566,2025-03-04
787994dbdd29dc59c2eedd0d14e3491540bffb5d,eva,ENSG00000167207,NOD2,MONDO_0005011,0.32,,,unknown,RCV002543743,2023-02-07
7977eff9f8c6f5a95d5da6a9b48a44fe23686f01,eva,ENSG00000167207,NOD2,MONDO_0005011,0.32,,,unknown,RCV002534785,2023-02-07
79ae786ddb17e8b1e49e4aab8ce324ca939076ec,eva,ENSG00000167207,NOD2,MONDO_0005011,0.32,,,unknown,RCV002573502,2023-02-07
79af107facd6cbfb30ff4afd2d06e055e16d1fff,eva,ENSG00000167207,NOD2,MONDO_0005011,0.32,,,unknown,RCV006600052,2026-02-23
7ac357eefcfbf1fce391222ee72760b11a2f647a,eva,ENSG00000167207,NOD2,MONDO_0005011,0.32,,,unknown,RCV006595792,2026-02-23
7acbb84594c6923203db39c7fdadd2b8d1a2abe3,eva,ENSG00000167207,NOD2,MONDO_0005011,0.32,,,unknown,RCV002547378,2023-02-07
7ae04b7ad6b185a7a6a046db20b41a788897f774,eva,ENSG00000167207,NOD2,MONDO_0005011,0.32,,,unknown,RCV003047167,2023-02-07
7b20a97914008f728571cf39353453600e211b27,eva,ENSG00000167207,NOD2,MONDO_0005011,0.32,LoF,,unknown,RCV003793135,2024-02-28
7bd543dcade7bc96487d04da3868b545c407ff64,eva,ENSG00000167207,NOD2,MONDO_0005011,0.32,,,unknown,RCV005224697,2025-03-04
7c0bed6809b1382f66e74e692e73582930087c5a,eva,ENSG00000167207,NOD2,MONDO_0005011,0.32,LoF,,unknown,RCV005217327,2025-03-04
7d123a5f0f5c1dfa3af71a54b425ec9ebac6aa32,eva,ENSG00000167207,NOD2,MONDO_0005011,0.32,,,unknown,RCV005222399,2025-03-04
7d444b996bbbf84e83334bbe79a32cdb88d8d9f1,eva,ENSG00000167207,NOD2,MONDO_0005011,0.32,,,unknown,RCV002547867,2023-02-07
7df103e44e4d3ebd0059011b6abd402571b49e6a,eva,ENSG00000167207,NOD2,MONDO_0005011,0.32,,,unknown,RCV006568092,2026-02-23
7e022e5be09103aeef669d63a60c40857f172ddf,eva,ENSG00000167207,NOD2,MONDO_0005011,0.32,,,unknown,RCV003800596,2024-02-28
7e0c50e092e814a0830f7cbd326ec2433b0f01ec,eva,ENSG00000167207,NOD2,MONDO_0005011,0.32,,,unknown,RCV002567899,2023-02-07
7e214dbe708405e8f05eb78113091bd4c736a7f5,eva,ENSG00000167207,NOD2,MONDO_0005011,0.32,,,unknown,RCV005214857,2025-03-04
7e6458b7861a53c88e03c2b8761db023db20021e,eva,ENSG00000167207,NOD2,MONDO_0005011,0.32,,,unknown,RCV002675948,2023-02-07
7eabd35ffda70799b389334dc175ca4ce69698ab,eva,ENSG00000167207,NOD2,MONDO_0005011,0.32,,,unknown,RCV005214983,2025-03-04
80723b4d097f3dbf81cd9f4d1bd6aab5344e9f3f,eva,ENSG00000167207,NOD2,MONDO_0005011,0.32,,,unknown,RCV006594439,2026-02-23
80808110b1876d86aa8011c528c084cf1855759f,eva,ENSG00000167207,NOD2,MONDO_0005011,0.32,,,unknown,RCV002543705,2023-02-07
80b0cf23b268e31470f89dc93cea73fe82816e6e,eva,ENSG00000167207,NOD2,MONDO_0005011,0.32,,,unknown,RCV002657655,2023-02-07
80d1acf9ede62f661d431c94d663a4a42f6fa161,eva,ENSG00000167207,NOD2,MONDO_0005011,0.32,,,unknown,RCV002557673,2023-02-07
8141618dcaa5a762797acb974f6cf90947d9a21e,eva,ENSG00000167207,NOD2,MONDO_0005011,0.32,,,unknown,RCV002548481,2023-02-07
818d02ffaa5c777d563acc1282e8a6932a5e4880,eva,ENSG00000167207,NOD2,MONDO_0005011,0.32,,,unknown,RCV003095919,2023-02-07
828b342a08c5857b4aef58b4be6b895dd00641dd,eva,ENSG00000167207,NOD2,MONDO_0005011,0.32,,,unknown,RCV002552137,2023-02-07
82921abb651f29e61f624a573a3c54a08d2c29c7,eva,ENSG00000167207,NOD2,MONDO_0005011,0.32,,,unknown,RCV002533566,2023-02-07
8433609681c9fc44ab8d7e4ec3a518d620056f34,eva,ENSG00000167207,NOD2,MONDO_0005011,0.32,,,unknown,RCV002633969,2023-02-07
850a68121a58f6c0dabad526d62d14de2c7483e6,eva,ENSG00000167207,NOD2,MONDO_0005011,0.32,,,unknown,RCV002558416,2023-02-07
851dceeae3f7b07a8bec8a6ec717059b4e825f9d,eva,ENSG00000167207,NOD2,MONDO_0005011,0.32,,,unknown,RCV006596738,2026-02-23
857a900c7ddfe2e3a86e518b6f2825eacb5ae9a7,eva,ENSG00000167207,NOD2,MONDO_0005011,0.32,,,unknown,RCV002560670,2023-02-07
865ff2656692cea8df67bdf863e20b07596efb56,eva,ENSG00000167207,NOD2,MONDO_0005011,0.32,,,unknown,RCV003071323,2023-02-07
8668aaef662bd6540e3f0a31d014f4593ba03013,eva,ENSG00000167207,NOD2,MONDO_0005011,0.32,LoF,,unknown,RCV002555836,2023-02-07
86a1a89b230bace046c3e998e673e9e2b5047749,eva,ENSG00000167207,NOD2,MONDO_0005011,0.32,,,unknown,RCV005214782,2025-03-04
879f59a900f22ea48d2f3bf763080dfef6a3a7e1,eva,ENSG00000167207,NOD2,MONDO_0005011,0.32,,,unknown,RCV002642077,2023-02-07
87be31b3facd55c7cfcce86c06401f5623de30f4,eva,ENSG00000167207,NOD2,MONDO_0005011,0.32,,,unknown,RCV002642092,2023-02-07
87f001d80a4a5044bf19e309dff0fdc32c662fdf,eva,ENSG00000167207,NOD2,MONDO_0005011,0.32,,,unknown,RCV002563255,2023-02-07
8862e85942db067752f32d7b4df4a33fd0c352bc,eva,ENSG00000167207,NOD2,MONDO_0005011,0.32,,,unknown,RCV002696189,2023-02-07
899cff02f33e4c7e5a4a7fb06d91fab46cfc0bad,eva,ENSG00000167207,NOD2,MONDO_0005011,0.32,,,unknown,RCV002552981,2023-02-07
89ba4fa08ed5e3ee5296a045e3a8c7afc7e67738,eva,ENSG00000167207,NOD2,MONDO_0005011,0.32,,,unknown,RCV005229100,2025-03-04
8a6512119a8572424077e76afe77248d95df1c77,eva,ENSG00000167207,NOD2,MONDO_0005011,0.32,,,unknown,RCV003040118,2023-02-07
8ae6feb07fbd84268d1463643b82c3246e01d392,eva,ENSG00000167207,NOD2,MONDO_0005011,0.32,,,unknown,RCV002548718,2023-02-07
8c5926bec765f1ef0dd6d4fdf32c8786b8b86cb7,eva,ENSG00000167207,NOD2,MONDO_0005011,0.32,,,unknown,RCV006592918,2026-02-23
8cc71d3d05ffc5187da7b606b8abff0fce20134c,eva,ENSG00000167207,NOD2,MONDO_0005011,0.32,,,unknown,RCV003797939,2024-02-28
8ceead1b2365500f8d5fda4065339ca23a1e1bd8,eva,ENSG00000167207,NOD2,MONDO_0005011,0.32,,,unknown,RCV002513870,2023-02-07
8def1a86ba3f3e0c4c8e165de70216041bbebb82,eva,ENSG00000167207,NOD2,MONDO_0005011,0.32,,,unknown,RCV005213400,2025-03-04
8e046f042684d1dd6d06f3635c3a663d1a6edc5f,eva,ENSG00000167207,NOD2,MONDO_0005011,0.32,LoF,,unknown,RCV002608076,2023-02-07
8ec136cd30cfac107c96b8870f21e13cc1865ad2,eva,ENSG00000167207,NOD2,MONDO_0005011,0.32,,,unknown,RCV002596575,2023-02-07
8f2861d84c9503017d225f79600e95645627d1c8,eva,ENSG00000167207,NOD2,MONDO_0005011,0.32,LoF,,unknown,RCV002555841,2023-02-07
8f307fb88c4fa9faf030194516fdae695bdd61a4,eva,ENSG00000167207,NOD2,MONDO_0005011,0.32,,,unknown,RCV003079293,2023-02-07
8f6fe76a6b87ae5f856ca05632f112bfa7748c64,eva,ENSG00000167207,NOD2,MONDO_0005011,0.32,,,unknown,RCV002545631,2023-02-07
8fcd187ec4f4d9949bb15c3afee51548b8a3c089,eva,ENSG00000167207,NOD2,MONDO_0005011,0.32,,,unknown,RCV002552813,2023-02-07
901e213d5dbf6bc94c62e8c70f93714c8b87b3a2,eva,ENSG00000167207,NOD2,MONDO_0005011,0.32,,,unknown,RCV005219097,2025-03-04
908129e5f01a52ca9bdeba9b139cc84de9b8d50e,eva,ENSG00000167207,NOD2,MONDO_0005011,0.32,,,unknown,RCV003780584,2024-02-28
90e58ee53f187f3eb002b020d9165e88c24a6a97,eva,ENSG00000167207,NOD2,MONDO_0005011,0.32,LoF,,unknown,RCV002720091,2023-02-07
914c36a86753005946f6df8dcf49ccdf09b79116,eva,ENSG00000167207,NOD2,MONDO_0005011,0.32,,,unknown,RCV006600224,2026-02-23
918e0e41b08cabdcec4d8af65ae81585b6ef11f2,eva,ENSG00000167207,NOD2,MONDO_0005011,0.32,,,unknown,RCV002562054,2023-02-07
91a6f1eadab85789503efad360d378afa58006ea,eva,ENSG00000167207,NOD2,MONDO_0005011,0.32,,,unknown,RCV003025628,2023-02-07
926cb15f120e205b1c319ef6cff68e1727d85f5b,eva,ENSG00000167207,NOD2,MONDO_0005011,0.32,,,unknown,RCV003790637,2024-02-28
92778c28f4c37e2e4858f779c7269e9478a752fb,eva,ENSG00000167207,NOD2,MONDO_0005011,0.32,,,unknown,RCV002545572,2023-02-07
9309cff928836a72cb0e46ef07dd0aee1052222a,eva,ENSG00000167207,NOD2,MONDO_0005011,0.32,LoF,,unknown,RCV002571317,2023-02-07
946dee112e8972db7f025e592e8253dae9d33d59,eva,ENSG00000167207,NOD2,MONDO_0005011,0.32,,,unknown,RCV002533659,2023-02-07
94e0a74e35d3109d710691d007ccf1df7ed2db25,eva,ENSG00000167207,NOD2,MONDO_0005011,0.32,,,unknown,RCV005227041,2025-03-04
95241c38d9d842fd4f2727e459604fc2b59ea966,eva,ENSG00000167207,NOD2,MONDO_0005011,0.32,,,unknown,RCV002533208,2023-02-07
952a570eb187f7cb31a135142b969ef02a1d11ce,eva,ENSG00000167207,NOD2,MONDO_0005011,0.32,,,unknown,RCV002706371,2023-02-07
95615cc9f4d42d0bd07f1d7ec676742ac2b00a0e,eva,ENSG00000167207,NOD2,MONDO_0005011,0.32,,,unknown,RCV002538067,2023-02-07
967581898cdedae78cc00fff90836d817caaae8c,eva,ENSG00000167207,NOD2,MONDO_0005011,0.32,,,unknown,RCV002557714,2023-02-07
9684b32c5fccfa7a77886f8a021c4f21e8108c87,eva,ENSG00000167207,NOD2,MONDO_0005011,0.32,,,unknown,RCV003104042,2023-02-13
969c78a30f11373bd982d1992c18be916774bff4,eva,ENSG00000167207,NOD2,MONDO_0005011,0.32,,,unknown,RCV002528895,2023-02-07
96a22f5fc1ee9bc69cda61989537037c4bc091db,eva,ENSG00000167207,NOD2,MONDO_0005011,0.32,,,unknown,RCV006600036,2026-02-23
97465d477cef7322a8f55a85edfd5af507a1f1f4,eva,ENSG00000167207,NOD2,MONDO_0005011,0.32,LoF,,unknown,RCV002552943,2023-02-07
97dee2480fcc49257b0d9573d26d464d466a16d9,eva,ENSG00000167207,NOD2,MONDO_0005011,0.32,,,unknown,RCV003792488,2024-02-28
9811da29cb5ebd6a54e35f21351bc6235482d70e,eva,ENSG00000167207,NOD2,MONDO_0005011,0.32,LoF,,unknown,RCV002970795,2023-02-07
9871dd30cce5d65fbe526c256222626c6729eac7,eva,ENSG00000167207,NOD2,MONDO_0005011,0.32,,,unknown,RCV005214829,2025-03-04
98aee1996b758d21cc6e97560b731287f03cba06,eva,ENSG00000167207,NOD2,MONDO_0005011,0.32,,,unknown,RCV002899664,2023-02-07
98e4937008851db050383e63b48107031ddf387a,eva,ENSG00000167207,NOD2,MONDO_0005011,0.32,,,unknown,RCV002513888,2023-02-07
98ea60ca2830a776bcfb50dff5dd24c2a0f0494a,eva,ENSG00000167207,NOD2,MONDO_0005011,0.32,,,unknown,RCV003798455,2024-02-28
990529985bf659b9cd406681effa46a2f2bfe03c,eva,ENSG00000167207,NOD2,MONDO_0005011,0.32,,,unknown,RCV002304625,2022-11-05
993329368930c4e0e76d005cde4a46e4e3490f88,eva,ENSG00000167207,NOD2,MONDO_0005011,0.32,,,unknown,RCV003794077,2024-02-28
993fc1cb3a5767b75c5aea3b146c15201a1bf279,eva,ENSG00000167207,NOD2,MONDO_0005011,0.32,,,unknown,RCV003790111,2024-02-28
9946b3126fccc7b356e849003d35e86b28254278,eva,ENSG00000167207,NOD2,MONDO_0005011,0.32,,,unknown,RCV006599800,2026-02-23
9a4ab6680d45bf2d02ffeadf48e414cac316c71f,eva,ENSG00000167207,NOD2,MONDO_0005011,0.32,,,unknown,RCV002550192,2023-02-07
9a7f4acedb40cf9feef13062ce03eff48952c65b,eva,ENSG00000167207,NOD2,MONDO_0005011,0.32,,,unknown,RCV002543046,2023-02-07
9a8cd7ee435664de0b6fe44eef33d0a22c228472,eva,ENSG00000167207,NOD2,MONDO_0005011,0.32,,,unknown,RCV002563167,2023-02-07
9b7a85bd0ce7d45e77100013f28f77a19158c561,eva,ENSG00000167207,NOD2,MONDO_0005011,0.32,,,unknown,RCV003095915,2023-02-07
9b7b60ab6fbeb8da3acc7fbc6839f2f0c60d8ad0,eva,ENSG00000167207,NOD2,MONDO_0005011,0.32,,,unknown,RCV002561114,2023-02-07
9b97a3af8c9dde02fd480b9b690796cd5b391bba,eva,ENSG00000167207,NOD2,MONDO_0005011,0.32,LoF,,unknown,RCV002538386,2023-02-07
9bd22e8863c5add4801c49e11b641d2ccbd23ceb,eva,ENSG00000167207,NOD2,MONDO_0005011,0.32,,,unknown,RCV005214831,2025-03-04
9bd3d088142304a9761e99372f22ee70bcafff45,eva,ENSG00000167207,NOD2,MONDO_0005011,0.32,,,unknown,RCV003113040,2023-02-13
9bed9570996f7062fd1934ee5367e052f67e903e,eva,ENSG00000167207,NOD2,MONDO_0005011,0.32,,,unknown,RCV002933623,2023-02-07
9e311aa98c2d05052ad01448e5143da5570a8631,eva,ENSG00000167207,NOD2,MONDO_0005011,0.32,,,unknown,RCV005214493,2025-03-04
9e397701d9d144e1a1ad81a82c67577124bf9c67,eva,ENSG00000167207,NOD2,MONDO_0005011,0.32,,,unknown,RCV003806623,2024-02-28
9e39788fcb2a75608d8a0326a6172a6ea315ca6b,eva,ENSG00000167207,NOD2,MONDO_0005011,0.32,,,unknown,RCV002546214,2023-02-07
9f417555fb4dd771cb160bd3520fbf6bc9a4a30f,eva,ENSG00000167207,NOD2,MONDO_0005011,0.32,,,unknown,RCV003784683,2024-02-28
a012f9ec0ca98930199c3f6f47a6babb6ef41703,eva,ENSG00000167207,NOD2,MONDO_0005011,0.32,,,unknown,RCV003103920,2023-02-13
a0a7c13d2e7a1b9d1baae4d7ab7f79a77fd3239b,eva,ENSG00000167207,NOD2,MONDO_0005011,0.32,,,unknown,RCV002560705,2023-02-07
a106e0f4c4db4ad5912a4ce12a0bc0351904764c,eva,ENSG00000167207,NOD2,MONDO_0005011,0.32,LoF,,unknown,RCV002579607,2023-02-07
a16a808a7955d709da2d400683c50456440af3a6,eva,ENSG00000167207,NOD2,MONDO_0005011,0.32,,,unknown,RCV002571364,2023-02-07
a18eaff942f5be46b5c38a546ee40b01f29a8bbc,eva,ENSG00000167207,NOD2,MONDO_0005011,0.32,,,unknown,RCV002543794,2023-02-07
a24125ec58244317f34b1a544c4d3c5ad24cada0,eva,ENSG00000167207,NOD2,MONDO_0005011,0.32,,,unknown,RCV006592631,2026-02-23
a24bd357f1e02d904ec30f485b46816cb7099050,eva,ENSG00000167207,NOD2,MONDO_0005011,0.32,,,unknown,RCV002563658,2023-02-07
a309ebaa2fe72e3963cdf26e5c42c09c43c8e62f,eva,ENSG00000167207,NOD2,MONDO_0005011,0.32,,,unknown,RCV002553615,2023-02-07
a30d5b8cf501d59b143d7895eb8495007f29b96b,eva,ENSG00000167207,NOD2,MONDO_0005011,0.32,LoF,,unknown,RCV003790322,2024-02-28
a34faf0b20ab77ab01fe854966912270be1a6af6,eva,ENSG00000167207,NOD2,MONDO_0005011,0.32,LoF,,unknown,RCV003802601,2024-02-28
a36e4084107d6cfd566b9d1e8fd3542481abaaa0,eva,ENSG00000167207,NOD2,MONDO_0005011,0.32,LoF,,unknown,RCV003787445,2024-02-28
a3e5d6e85b5834086f2be3aa60a7f2d328e8f052,eva,ENSG00000167207,NOD2,MONDO_0005011,0.32,LoF,,unknown,RCV002529865,2023-02-07
a3e9b2a44a1562e60dfead8edf13deea5f3802bb,eva,ENSG00000167207,NOD2,MONDO_0005011,0.32,,,unknown,RCV005208694,2025-03-04
a58235db21f376048414ca6073da90e7e19f8788,eva,ENSG00000167207,NOD2,MONDO_0005011,0.32,,,unknown,RCV002555893,2023-02-07
a602644ca0dd49da37f697f192702b164089f8e7,eva,ENSG00000167207,NOD2,MONDO_0005011,0.32,,,unknown,RCV002537445,2023-02-07
a672a9d1c97dd381c16222ac8ba103c8a6102ff8,eva,ENSG00000167207,NOD2,MONDO_0005011,0.32,,,unknown,RCV003764778,2024-02-28
a72c30564dcf94e2c925e3be1a77c346221a12f5,eva,ENSG00000167207,NOD2,MONDO_0005011,0.32,,,unknown,RCV003798654,2024-02-28
a7b24b2c32dcecbf680601790dd2fc7a6d00148c,eva,ENSG00000167207,NOD2,MONDO_0005011,0.32,,,unknown,RCV002569251,2023-02-07
a8231b46663b1fba32dedf97d532b07bbc02d2db,eva,ENSG00000167207,NOD2,MONDO_0005011,0.32,,,unknown,RCV002562593,2023-02-07
a856a1834a4e0e004d9502698e03e8d58f54ab99,eva,ENSG00000167207,NOD2,MONDO_0005011,0.32,LoF,,unknown,RCV005219092,2025-03-04
a8b9e674023375ddf35b25587b398cf6b50bb0e0,eva,ENSG00000167207,NOD2,MONDO_0005011,0.32,,,unknown,RCV002554610,2023-02-07
a8c05be5d03de9e6d789caa615bad6041469b02b,eva,ENSG00000167207,NOD2,MONDO_0005011,0.32,,,unknown,RCV002550423,2023-02-07
a9720b0fd933daafa9fa468ca700c961ff8d6e31,eva,ENSG00000167207,NOD2,MONDO_0005011,0.32,,,unknown,RCV003806968,2024-02-28
a9ce504cc212547bfa5cc30eecda0b8d75bf5e3c,eva,ENSG00000167207,NOD2,MONDO_0005011,0.32,LoF,,unknown,RCV002561702,2023-02-07
ab06d41156646be04cc5801c18def34042890fc4,eva,ENSG00000167207,NOD2,MONDO_0005011,0.32,,,unknown,RCV003797150,2024-02-28
abcb42f64760ed7eb236263594da494bbbb3157f,eva,ENSG00000167207,NOD2,MONDO_0005011,0.32,,,unknown,RCV002531432,2023-02-07
abeb19a5570d2bebbc4862d44976b1bc7b965e93,eva,ENSG00000167207,NOD2,MONDO_0005011,0.32,,,unknown,RCV003790524,2024-02-28
ad88ee952275a173befa1f98b4563612073519f6,eva,ENSG00000167207,NOD2,MONDO_0005011,0.32,,,unknown,RCV002573414,2023-02-07
adc5bf4c3f68625887527329571212e3e5429707,eva,ENSG00000167207,NOD2,MONDO_0005011,0.32,,,unknown,RCV005211024,2025-03-04
aebc31a6dfcb52132f9542a5f4b75296e2fe96ee,eva,ENSG00000167207,NOD2,MONDO_0005011,0.32,,,unknown,RCV005214083,2025-03-04
afff42eff569e2f4f5fe9026e3604642c0fc9957,eva,ENSG00000167207,NOD2,MONDO_0005011,0.32,,,unknown,RCV002514488,2023-02-07
b059ba9a9cfa69424a37abe0c5d92eb58c66c7f6,eva,ENSG00000167207,NOD2,MONDO_0005011,0.32,,,unknown,RCV003059395,2023-02-07
b0aad8c9c6d5aadd8f1e7b58db05bb5b30e1e040,eva,ENSG00000167207,NOD2,MONDO_0005011,0.32,,,unknown,RCV003054115,2023-02-07
b0ad17c038c8112439b3f10b41d7abe1f30fefa3,eva,ENSG00000167207,NOD2,MONDO_0005011,0.32,LoF,,unknown,RCV002537440,2023-02-07
b0d8aa2adb40cdf3eac07fefc0c8310c9ebc90b4,eva,ENSG00000167207,NOD2,MONDO_0005011,0.32,,,unknown,RCV002537131,2023-02-07
b20dcb5f659d780dc6d16112f66af9fd7fde4e02,eva,ENSG00000167207,NOD2,MONDO_0005011,0.32,,,unknown,RCV003103954,2023-02-13
b20f1e4cbe112401138dc0a979a6e56034d9dabc,eva,ENSG00000167207,NOD2,MONDO_0005011,0.32,,,unknown,RCV006599221,2026-02-23
b29f57f4d0f3f96920d34db62d297d64a614cac0,eva,ENSG00000167207,NOD2,MONDO_0005011,0.32,,,unknown,RCV002529868,2023-02-07
b3a2e93c0cc21f57bb8a1c09d8574e8f273a16a4,eva,ENSG00000167207,NOD2,MONDO_0005011,0.32,,,unknown,RCV003801617,2024-02-28
b3beb5e164d5881f5a3bb6200f0087fc2173454e,eva,ENSG00000167207,NOD2,MONDO_0005011,0.32,,,unknown,RCV002552011,2023-02-07
b455be475b9f6c0d222d95687746ad71b9b655c5,eva,ENSG00000167207,NOD2,MONDO_0005011,0.32,,,unknown,RCV003120872,2023-02-13
b4571802721781805f13597bcb4efb3e5ee2af71,eva,ENSG00000167207,NOD2,MONDO_0005011,0.32,,,unknown,RCV002546146,2023-02-07
b466240813c135e6c04b4207a25be9e39c2ff910,eva,ENSG00000167207,NOD2,MONDO_0005011,0.32,LoF,,unknown,RCV002554608,2023-02-07
b479b603e45fc5f721818234ba831d5d2268c997,eva,ENSG00000167207,NOD2,MONDO_0005011,0.32,,,unknown,RCV002861604,2023-02-07
b4a2e794f18d103debed6b01476b1650afa8c032,eva,ENSG00000167207,NOD2,MONDO_0005011,0.32,LoF,,unknown,RCV002533736,2023-02-07
b575c465654e69e4a20a16c34263cc2e885f6f8a,eva,ENSG00000167207,NOD2,MONDO_0005011,0.32,LoF,,unknown,RCV005222478,2025-03-04
b701c8212174225e8131ce81aef1cb1e6edacdb5,eva,ENSG00000167207,NOD2,MONDO_0005011,0.32,,,unknown,RCV002539514,2023-02-07
b738863e6b7b52b77ea378f95fb2bebf5f4eb531,eva,ENSG00000167207,NOD2,MONDO_0005011,0.32,,,unknown,RCV002534438,2023-02-07
b7a7270a6aa9f07c761582e0a359de4789cf513e,eva,ENSG00000167207,NOD2,MONDO_0005011,0.32,,,unknown,RCV006603984,2026-02-23
b7ca672cdce81927e6cf88134c201c3001fa8fe9,eva,ENSG00000167207,NOD2,MONDO_0005011,0.32,,,unknown,RCV003791832,2024-02-28
b7fe1ee100057b4bbe9aa13c84c5430f4befb6b5,eva,ENSG00000167207,NOD2,MONDO_0005011,0.32,,,unknown,RCV002550692,2023-02-07
b842f994390eef0117f1546b9bb7f6476bca72fb,eva,ENSG00000167207,NOD2,MONDO_0005011,0.32,,,unknown,RCV003792243,2024-02-28
b86f6a2676d66bbc4f2a89f84d3cb68a93273e75,eva,ENSG00000167207,NOD2,MONDO_0005011,0.32,,,unknown,RCV002544727,2023-02-07
b8e675bf54ba8ea7c06045ea1cd0933e6661117f,eva,ENSG00000167207,NOD2,MONDO_0005011,0.32,,,unknown,RCV002554373,2023-02-07
b992020f147baf7b966e9a52f27a38beae2ff73b,eva,ENSG00000167207,NOD2,MONDO_0005011,0.32,,,unknown,RCV003798756,2024-02-28
ba2296e34618eed37290b7f8bddb635d1ede449d,eva,ENSG00000167207,NOD2,MONDO_0005011,0.32,LoF,,unknown,RCV005212641,2025-03-04
ba2f78308476a412a01c72a082edf1171ff812ed,eva,ENSG00000167207,NOD2,MONDO_0005011,0.32,,,unknown,RCV002553818,2023-02-07
bacd73799eb48ff5cd259710565e34bae67f0c74,eva,ENSG00000167207,NOD2,MONDO_0005011,0.32,,,unknown,RCV002550170,2023-02-07
bb2f2c22e32aa5638f486a8dfb06913b00916152,eva,ENSG00000167207,NOD2,MONDO_0005011,0.32,,,unknown,RCV002555240,2023-02-07
bb5f23d2c81c942de660227c24ebba0d3a338ff7,eva,ENSG00000167207,NOD2,MONDO_0005011,0.32,,,unknown,RCV002529866,2023-02-07
bbd92f698c2e7afb6eeeb07b64fd634626a00fcc,eva,ENSG00000167207,NOD2,MONDO_0005011,0.32,,,unknown,RCV003110303,2023-02-13
bd15c232795f30c0124ed172e15e28306bb31a72,eva,ENSG00000167207,NOD2,MONDO_0005011,0.32,,,unknown,RCV002561192,2023-02-07
be24b279a656cfa30fb8da76503874f2c4f1d822,eva,ENSG00000167207,NOD2,MONDO_0005011,0.32,,,unknown,RCV003803785,2024-02-28
be3e34f5c47f02c666f3958c76242ea0e2a912de,eva,ENSG00000167207,NOD2,MONDO_0005011,0.32,,,unknown,RCV003075969,2023-02-07
bec2da5255eed008b1cdc7eb4e05ce90f41fad1f,eva,ENSG00000167207,NOD2,MONDO_0005011,0.32,,,unknown,RCV006600050,2026-02-23
bee5d0d5c9a4e778fb6e84e24559d942983f4b85,eva,ENSG00000167207,NOD2,MONDO_0005011,0.32,,,unknown,RCV002552199,2023-02-07
c06df5d5cc8ae5d55e8beb758c413b78bd49c1ed,eva,ENSG00000167207,NOD2,MONDO_0005011,0.32,,,unknown,RCV002561898,2023-02-07
c1f40fcdd455cff62fbc55134080ceda60111d42,eva,ENSG00000167207,NOD2,MONDO_0005011,0.32,,,unknown,RCV003798153,2024-02-28
c1f80d1c3a34d96e030bbd0ba6ff51d986e502a7,eva,ENSG00000167207,NOD2,MONDO_0005011,0.32,LoF,,unknown,RCV002553764,2023-02-07
c2a37ebd4fba9af2769a120faea1f941335105c3,eva,ENSG00000167207,NOD2,MONDO_0005011,0.32,,,unknown,RCV003769386,2024-02-28
c2b490007ede1d00f32f873fb05127bfec543106,eva,ENSG00000167207,NOD2,MONDO_0005011,0.32,,,unknown,RCV003104150,2023-02-13
c3314be2aeb722de8270fc14eeb5954caf2573a2,eva,ENSG00000167207,NOD2,MONDO_0005011,0.32,,,unknown,RCV005222345,2025-03-04
c3395dee0479791adde7f646717bdb62e6aec294,eva,ENSG00000167207,NOD2,MONDO_0005011,0.32,,,unknown,RCV003079301,2023-02-07
c35fcb02fac6ddc4f01538791527e578010d020b,eva,ENSG00000167207,NOD2,MONDO_0005011,0.32,,,unknown,RCV002556554,2023-02-07
c368c73f92991b3aa87b2259fd65ca6edde36ad7,eva,ENSG00000167207,NOD2,MONDO_0005011,0.32,,,unknown,RCV002545524,2023-02-07
c3e13cb933d3fd54808e7881f9144623fe097613,eva,ENSG00000167207,NOD2,MONDO_0005011,0.32,,,unknown,RCV002545506,2023-02-07
c3ecd50940a6e73627de45d906c6e21ac6f03241,eva,ENSG00000167207,NOD2,MONDO_0005011,0.32,,,unknown,RCV002534359,2023-02-07
c4503845090c90c36afe89958ebccf56d9c3d1d6,eva,ENSG00000167207,NOD2,MONDO_0005011,0.32,,,unknown,RCV002573534,2023-02-07
c4f13f3d8c7518283acb557d80ac20ee6b4e8f33,eva,ENSG00000167207,NOD2,MONDO_0005011,0.32,,,unknown,RCV006600038,2026-02-23
c5a13f75c8a4a5b3b743c840769911f6f319056a,eva,ENSG00000167207,NOD2,MONDO_0005011,0.32,,,unknown,RCV003792658,2024-02-28
c6046cc5de35aeac4478bed1aa5e2c473f3430b6,eva,ENSG00000167207,NOD2,MONDO_0005011,0.32,,,unknown,RCV002824583,2023-02-07
c68202545dfd1980dbff650e96c128b7480d7580,eva,ENSG00000167207,NOD2,MONDO_0005011,0.32,,,unknown,RCV002522851,2023-02-07
c6baff578d17e86af26fbf4e593434f2ade5df3c,eva,ENSG00000167207,NOD2,MONDO_0005011,0.32,,,unknown,RCV003806273,2024-02-28
c7aea33de4ae5af88bd12dea9f310f8198c22feb,eva,ENSG00000167207,NOD2,MONDO_0005011,0.32,,,unknown,RCV005208590,2025-03-04
c82ea6b8b34e14cd0be02c7efc498161598c2fbf,eva,ENSG00000167207,NOD2,MONDO_0005011,0.32,,,unknown,RCV002551654,2023-02-07
c9a33b2446eae44d9204fc85e1bde0121840540e,eva,ENSG00000167207,NOD2,MONDO_0005011,0.32,,,unknown,RCV003794632,2024-02-28
ca6eabde9b9d2954dd6ad60ee1f9b40d0d34e6eb,eva,ENSG00000167207,NOD2,MONDO_0005011,0.32,LoF,,unknown,RCV005222279,2025-03-04
ca893babc66aab8ca24e3779b68fa79781a94758,eva,ENSG00000167207,NOD2,MONDO_0005011,0.32,,,unknown,RCV002513875,2023-02-07
cac650edb7ce339b76f26dbd0c7fcf456a338e1a,eva,ENSG00000167207,NOD2,MONDO_0005011,0.32,LoF,,unknown,RCV005215458,2025-03-04
cb63fa4070778574f31664142392ab771cd73423,eva,ENSG00000167207,NOD2,MONDO_0005011,0.32,,,unknown,RCV002600925,2023-02-07
cb84bcb8e63b443766910fbaf8e7d0c6a1a71586,eva,ENSG00000167207,NOD2,MONDO_0005011,0.32,,,unknown,RCV003118913,2023-02-13
cc213ee7c7ba33d7fa4ef46343566aa538990797,eva,ENSG00000167207,NOD2,MONDO_0005011,0.32,,,unknown,RCV003103921,2023-02-13
cc53633e841a860dce9edd8fd881fe033adc2ac4,eva,ENSG00000167207,NOD2,MONDO_0005011,0.32,,,unknown,RCV002552522,2023-02-07
cda87af5fcab4cc3241e4db70c2633758395510d,eva,ENSG00000167207,NOD2,MONDO_0005011,0.32,,,unknown,RCV002560299,2023-02-07
cdcd6f4f5f1a68c8029e26dcafc17e8e735fed2c,eva,ENSG00000167207,NOD2,MONDO_0005011,0.32,,,unknown,RCV002811436,2023-02-07
cdd97610471202ffd2a487245498517a0263543c,eva,ENSG00000167207,NOD2,MONDO_0005011,0.32,,,unknown,RCV002534725,2023-02-07
cde25e4c6e29bf2b451519f7c3e80b89d0327300,eva,ENSG00000167207,NOD2,MONDO_0005011,0.32,,,unknown,RCV002572911,2023-02-07
cde4b5522606337e1fbda58a82c1ca7c5f538a97,eva,ENSG00000167207,NOD2,MONDO_0005011,0.32,,,unknown,RCV002553150,2023-02-07
cee5a32650d33e04e5c99b76f8384a4c7a8efe85,eva,ENSG00000167207,NOD2,MONDO_0005011,0.32,,,unknown,RCV003790535,2024-02-28
cef01338b745bfd9611222d56f786f3caa63a05a,eva,ENSG00000167207,NOD2,MONDO_0005011,0.32,,,unknown,RCV003121959,2023-02-13
cf4836a707290cc7296f704816934ed779559842,eva,ENSG00000167207,NOD2,MONDO_0005011,0.32,,,unknown,RCV002681825,2023-02-07
d014262a175fe0bdf2229daf9e37cd08878226f9,eva,ENSG00000167207,NOD2,MONDO_0005011,0.32,,,unknown,RCV003800825,2024-02-28
d06f7e05f0a0c862f018c5efefbdd3dc1327c847,eva,ENSG00000167207,NOD2,MONDO_0005011,0.32,,,unknown,RCV002537372,2023-02-07
d0891909595c0ad1a331d556376b816546fd0734,eva,ENSG00000167207,NOD2,MONDO_0005011,0.32,,,unknown,RCV002513890,2023-02-07
d0a30493995ff7c5a87557e5dbfabfd4e0a87cb3,eva,ENSG00000167207,NOD2,MONDO_0005011,0.32,,,unknown,RCV002545766,2023-02-07
d1ac95b6222138c0657ed62bd2ff5266de154875,eva,ENSG00000167207,NOD2,MONDO_0005011,0.32,,,unknown,RCV006600048,2026-02-23
d28a4cc5134491d04d17bd6ca65495eeafaa12a3,eva,ENSG00000167207,NOD2,MONDO_0005011,0.32,,,unknown,RCV006597481,2026-02-23
d2fb0cd2e79e3f7901fba8c5468891416ca8bdf6,eva,ENSG00000167207,NOD2,MONDO_0005011,0.32,,,unknown,RCV005218836,2025-03-04
d31659170f29067e9cf4bf5b859d1b133f607fec,eva,ENSG00000167207,NOD2,MONDO_0005011,0.32,,,unknown,RCV002554449,2023-02-07
d6690f85d44d54c84d05c2fe71f0728ba962fd15,eva,ENSG00000167207,NOD2,MONDO_0005011,0.32,LoF,,unknown,RCV002563882,2023-02-07
d69c5d8175770d9d4654ba796f64b70938e24fd8,eva,ENSG00000167207,NOD2,MONDO_0005011,0.32,LoF,,unknown,RCV006599061,2026-02-23
d719cbc001aa0c671c3b0c8cf899bf7a95ce5700,eva,ENSG00000167207,NOD2,MONDO_0005011,0.32,,,unknown,RCV002530838,2023-02-07
d76da17f4a4e19c0da4cb9d924ae4433b2b55f06,eva,ENSG00000167207,NOD2,MONDO_0005011,0.32,,,unknown,RCV006596195,2026-02-23
d98516409d5677240f8bb130f2f02de73ef38458,eva,ENSG00000167207,NOD2,MONDO_0005011,0.32,,,unknown,RCV002571366,2023-02-07
da291665cceeaee980fc3e860b2ad863e68f6175,eva,ENSG00000167207,NOD2,MONDO_0005011,0.32,LoF,,unknown,RCV002957590,2023-02-07
da6106deadab0f879d672024fdd327bdbab2b4b5,eva,ENSG00000167207,NOD2,MONDO_0005011,0.32,,,unknown,RCV002533209,2023-02-07
db0fc913c2f3aad06aa2d2e81d076c79899c3088,eva,ENSG00000167207,NOD2,MONDO_0005011,0.32,,,unknown,RCV002553796,2023-02-07
db5f172f85ecd2f4a07a30b3bf0d5d7d5f331c4e,eva,ENSG00000167207,NOD2,MONDO_0005011,0.32,,,unknown,RCV002550317,2023-02-07
db9ed2d300865f560b5f8b7307ed340e9be84c1c,eva,ENSG00000167207,NOD2,MONDO_0005011,0.32,,,unknown,RCV002584128,2023-02-07
dbb3009772c253feef638d05b1b15c4e717a29c1,eva,ENSG00000167207,NOD2,MONDO_0005011,0.32,,,unknown,RCV002553232,2023-02-07
dca60b67dbbc06e54de1771c0f42bed731407190,eva,ENSG00000167207,NOD2,MONDO_0005011,0.32,,,unknown,RCV005214623,2025-03-04
dd5a3784abbd4335ac5975436d525f065da5572a,eva,ENSG00000167207,NOD2,MONDO_0005011,0.32,,,unknown,RCV002522855,2023-02-07
dd916195f2330c9a81eb9e7997bddebb28c4d10d,eva,ENSG00000167207,NOD2,MONDO_0005011,0.32,,,unknown,RCV002537363,2023-02-07
de5ab247fb49d7df178c3b4e3e45cf4df64ba50e,eva,ENSG00000167207,NOD2,MONDO_0005011,0.32,,,unknown,RCV002550295,2023-02-07
de8cb59f45c1818f7479247c1464cbf41ac041c2,eva,ENSG00000167207,NOD2,MONDO_0005011,0.32,,,unknown,RCV005211594,2025-03-04
de9c9d985fa20078351a11428aad09b22449cc23,eva,ENSG00000167207,NOD2,MONDO_0005011,0.32,,,unknown,RCV006598347,2026-02-23
df32af13fc2b95e68f1a4b29a4cd3d9d411c13cc,eva,ENSG00000167207,NOD2,MONDO_0005011,0.32,,,unknown,RCV002562527,2023-02-07
e06416b1172500c29ff8105899b4b7646c4c8488,eva,ENSG00000167207,NOD2,MONDO_0005011,0.32,,,unknown,RCV003804722,2024-02-28
e08177e1b3bca6395fb04225c2c0523e753efb31,eva,ENSG00000167207,NOD2,MONDO_0005011,0.32,,,unknown,RCV006600531,2026-02-23
e10fec67767e44af047ea436796e31f146a68b0d,eva,ENSG00000167207,NOD2,MONDO_0005011,0.32,,,unknown,RCV003792452,2024-02-28
e1bcdf9f0436d7f30a1f414f92d6600746df73ef,eva,ENSG00000167207,NOD2,MONDO_0005011,0.32,,,unknown,RCV003780024,2024-02-28
e2c22857c05c937c56f56c253503138316f22466,eva,ENSG00000167207,NOD2,MONDO_0005011,0.32,,,unknown,RCV005224791,2025-03-04
e687a908405bf87223723125b8a6d310304364d1,eva,ENSG00000167207,NOD2,MONDO_0005011,0.32,,,unknown,RCV002821010,2023-02-07
e712376f46c2a5591a1b6b8a92f389c983115046,eva,ENSG00000167207,NOD2,MONDO_0005011,0.32,,,unknown,RCV002533743,2023-02-07
e73979635b84ad40f8c5f29c7583e08d8c8f9f30,eva,ENSG00000167207,NOD2,MONDO_0005011,0.32,,,unknown,RCV006598348,2026-02-23
e799395a40ae0e067df0e1bb1a50e713680a4eb3,eva,ENSG00000167207,NOD2,MONDO_0005011,0.32,LoF,,unknown,RCV002568617,2023-02-07
e7a4a68cbbcd71fb6adf8e50b0b0d14320b31730,eva,ENSG00000167207,NOD2,MONDO_0005011,0.32,,,unknown,RCV002558417,2023-02-07
e831a4ba5486c5fc3f4306b31a751ec00e474fa7,eva,ENSG00000167207,NOD2,MONDO_0005011,0.32,,,unknown,RCV003786514,2024-02-28
e8d16e919f7007f61cf91490032df7143c1f709b,eva,ENSG00000167207,NOD2,MONDO_0005011,0.32,,,unknown,RCV003791203,2024-02-28
e9ac2f43a6014bee93206bf4771583a9d94f3b6c,eva,ENSG00000167207,NOD2,MONDO_0005011,0.32,,,unknown,RCV002514486,2023-02-07
ea466d5980fd42681e32c1c32a41a0c7e6cad4e4,eva,ENSG00000167207,NOD2,MONDO_0005011,0.32,,,unknown,RCV005214832,2025-03-04
eb73eb30c5b35968d42d147f3334fcd1da12b649,eva,ENSG00000167207,NOD2,MONDO_0005011,0.32,,,unknown,RCV002534921,2023-02-07
ebb49939b5bc9a27b8d7dbae60ed34d2587bcdf2,eva,ENSG00000167207,NOD2,MONDO_0005011,0.32,,,unknown,RCV002545372,2023-02-07
ebd215b0aea86ebefe9a1bec8f02104943a41533,eva,ENSG00000167207,NOD2,MONDO_0005011,0.32,,,unknown,RCV002996642,2023-02-07
ec0f293b5c906e4ec998b0e9d4b51dfa10605ac9,eva,ENSG00000167207,NOD2,MONDO_0005011,0.32,LoF,,unknown,RCV002561252,2023-02-07
ec1eb91c36048ab2ab17e6b86fd108db0bebded0,eva,ENSG00000167207,NOD2,MONDO_0005011,0.32,,,unknown,RCV003799053,2024-02-28
ec3b8b88d0ea349fc0acbb8f9452445fcfcc7272,eva,ENSG00000167207,NOD2,MONDO_0005011,0.32,,,unknown,RCV002672037,2023-02-07
ec8e29565f70ad3bbf6530389f47b5ac2151d7d4,eva,ENSG00000167207,NOD2,MONDO_0005011,0.32,,,unknown,RCV002568662,2023-02-07
eccd54b43bbd0dea8aa3cd453fe03fcc79c1652c,eva,ENSG00000167207,NOD2,MONDO_0005011,0.32,,,unknown,RCV003103969,2023-02-13
ed4834128148fbefd8884312333a76eeb340b98f,eva,ENSG00000167207,NOD2,MONDO_0005011,0.32,,,unknown,RCV006600046,2026-02-23
ee21a4b9950b51416395f4a4811bc9e02364bd7b,eva,ENSG00000167207,NOD2,MONDO_0005011,0.32,,,unknown,RCV003801397,2024-02-28
eecf57b9cb95d2639560d9d471ab0de0294bf527,eva,ENSG00000167207,NOD2,MONDO_0005011,0.32,,,unknown,RCV002545368,2023-02-07
eed40ed67f5ff127f446e1893ea44bb8cbe9495d,eva,ENSG00000167207,NOD2,MONDO_0005011,0.32,,,unknown,RCV005214822,2025-03-04
ef09c1d76a07a78a8b6df9438d37bbdf3d86a9ec,eva,ENSG00000167207,NOD2,MONDO_0005011,0.32,,,unknown,RCV002690623,2023-02-07
ef898c23aabfe942a8dcff0cb9439b29fb6cfcbf,eva,ENSG00000167207,NOD2,MONDO_0005011,0.32,,,unknown,RCV005227061,2025-03-04
f02abe089bf9b7e8b126abacbec69df38381138a,eva,ENSG00000167207,NOD2,MONDO_0005011,0.32,,,unknown,RCV002514473,2023-02-07
f06223988cf4691d02d47fb214df3e64938589e4,eva,ENSG00000167207,NOD2,MONDO_0005011,0.32,LoF,,unknown,RCV003103898,2023-02-13
f0b60dbc16d4cb4db7285a2bbb58dc22101dd0b1,eva,ENSG00000167207,NOD2,MONDO_0005011,0.32,,,unknown,RCV002553188,2023-02-07
f129edb4c45468b804af54870200155640bce886,eva,ENSG00000167207,NOD2,MONDO_0005011,0.32,,,unknown,RCV003777695,2024-02-28
f1a899645e1d9bb1c39f64fa8e449b85588169d4,eva,ENSG00000167207,NOD2,MONDO_0005011,0.32,,,unknown,RCV003798755,2024-02-28
f23a66db755910ec3b875eab9f68353b55f7ce1b,eva,ENSG00000167207,NOD2,MONDO_0005011,0.32,,,unknown,RCV006603421,2026-02-23
f23d3c0b270e067ed71e009a863a9c4ac1d8f8e1,eva,ENSG00000167207,NOD2,MONDO_0005011,0.32,,,unknown,RCV005214823,2025-03-04
f31969a0498a5d5ac95917071512fec5150e95cc,eva,ENSG00000023445,BIRC3,MONDO_0005011,0.32,,,unknown,RCV006264491,2025-12-14
f36d37aa816230d0a78a4ee1012230cf0b509208,eva,ENSG00000167207,NOD2,MONDO_0005011,0.32,,,unknown,RCV002564299,2023-02-07
f4538885f4288c9bfe27e9fb00515ad400cb715c,eva,ENSG00000167207,NOD2,MONDO_0005011,0.32,,,unknown,RCV002825093,2023-02-07
f4625b297814238c9f300d66479161eb343b793f,eva,ENSG00000167207,NOD2,MONDO_0005011,0.32,,,unknown,RCV002521041,2023-02-07
f4715eae1d42587ba3ef099e52e809d4f4b10682,eva,ENSG00000167207,NOD2,MONDO_0005011,0.32,,,unknown,RCV002551032,2023-02-07
f4b7965417524474c58f2c5af6d525a8f71bfe5a,eva,ENSG00000167207,NOD2,MONDO_0005011,0.32,,,unknown,RCV005218402,2025-03-04
f56cc9c631e891cc456f008f00a79b51f07aef5b,eva,ENSG00000167207,NOD2,MONDO_0005011,0.32,,,unknown,RCV003799592,2024-02-28
f67f68033c84081989bae5652bb364843dcc3cb6,eva,ENSG00000167207,NOD2,MONDO_0005011,0.32,LoF,,unknown,RCV002562985,2023-02-07
f69065cf3b08d67a550cb32cac665f11f5ed5ecf,eva,ENSG00000167207,NOD2,MONDO_0005011,0.32,,,unknown,RCV002573392,2023-02-07
f713f14900906d2f49557f6dcb6617fa43d8cffa,eva,ENSG00000167207,NOD2,MONDO_0005011,0.32,,,unknown,RCV002561127,2023-02-07
f73716e6cc5bad975d03e43bcad64a66f3800176,eva,ENSG00000167207,NOD2,MONDO_0005011,0.32,,,unknown,RCV002537502,2023-02-07
f7f9bc56e345aa79782496c85c5b285100cce1d2,eva,ENSG00000167207,NOD2,MONDO_0005011,0.32,LoF,,unknown,RCV002529863,2023-02-07
f880daee5ff11c5148dad4111a9054019bc03ee3,eva,ENSG00000167207,NOD2,MONDO_0005011,0.32,,,unknown,RCV003789353,2024-02-28
f8b6dd1a4dcca6cc9a7809394564420f32828b7e,eva,ENSG00000167207,NOD2,MONDO_0005011,0.32,,,unknown,RCV003807987,2024-02-28
f95761336c82bfc324710753bbd93dc7516fa92b,eva,ENSG00000167207,NOD2,MONDO_0005011,0.32,,,unknown,RCV003802738,2024-02-28
f9696021ad4b50b599fd670d24619037c684d608,eva,ENSG00000167207,NOD2,MONDO_0005011,0.32,,,unknown,RCV002514474,2023-02-07
f9d88fc0778f7ca29fd78dee49d953614ec12d79,eva,ENSG00000167207,NOD2,MONDO_0005011,0.32,LoF,,unknown,RCV002550086,2023-02-07
f9fa253e943e23aa22b962ab006a09d7b3451bc2,eva,ENSG00000167207,NOD2,MONDO_0005011,0.32,,,unknown,RCV002545101,2023-02-07
fa95b408f3450e821589bfb0a584a1385cb5962b,eva,ENSG00000167207,NOD2,MONDO_0005011,0.32,,,unknown,RCV002596125,2023-02-07
fa9c40be3a6326c8a4a2f8b9cdcf26ee4f28fb86,eva,ENSG00000167207,NOD2,MONDO_0005011,0.32,,,unknown,RCV002552235,2023-02-07
faa8ccf402af5d222c51301aa49c93f13ce4c6c3,eva,ENSG00000167207,NOD2,MONDO_0005011,0.32,,,unknown,RCV003104041,2023-02-13
fae0f498210e9a6ffb13a5bf8f1f1326d6289857,eva,ENSG00000167207,NOD2,MONDO_0005011,0.32,,,unknown,RCV002525125,2023-02-07
fae3fcc6923544792f7fcdbefea2d49d12ae8f97,eva,ENSG00000167207,NOD2,MONDO_0005011,0.32,,,unknown,RCV002572505,2023-02-07
fb1150a147bb24be9bebaa4a1b574ebe25ce36a8,eva,ENSG00000167207,NOD2,MONDO_0005011,0.32,,,unknown,RCV003815745,2024-02-28
fb8044e0697ebbe2a2305c6cc46ca967d5a3f6be,eva,ENSG00000167207,NOD2,MONDO_0005011,0.32,,,unknown,RCV002513878,2023-02-07
fb9eb478b59664e9be6d3fc7210e7c33549e6023,eva,ENSG00000167207,NOD2,MONDO_0005011,0.32,,,unknown,RCV005214824,2025-03-04
fc98c67448e7a505fbe007c321bd8db0e544e736,eva,ENSG00000167207,NOD2,MONDO_0005011,0.32,,,unknown,RCV003809626,2024-02-28
fcdb8df8cf42207beb632088d5d2ce09e15304c5,eva,ENSG00000167207,NOD2,MONDO_0005011,0.32,,,unknown,RCV002557833,2023-02-07
fda4a449ee744ff1b51bd8d13d2a85122f6de6e5,eva,ENSG00000167207,NOD2,MONDO_0005011,0.32,,,unknown,RCV002514479,2023-02-07
fda4ab0e3091eef9365b60c50c70ad207020f9b7,eva,ENSG00000167207,NOD2,MONDO_0005011,0.32,,,unknown,RCV006596621,2026-02-23
fe438c4dbaa286cecd72674899d7eb1640ea3edb,eva,ENSG00000167207,NOD2,MONDO_0005011,0.32,,,unknown,RCV002563187,2023-02-07
ff0dfc1b2b827115415ccd54e3afe4e3860cd804,eva,ENSG00000167207,NOD2,MONDO_0005011,0.32,,,unknown,RCV002562376,2023-02-07
ff0e97bc029107e6601e3ac6cdced46d74e53022,eva,ENSG00000167207,NOD2,MONDO_0005011,0.32,,,unknown,RCV005229058,2025-03-04
ff6394b5b0d3814475232d458f4e5d17ccd9b3b2,eva,ENSG00000167207,NOD2,MONDO_0005011,0.32,,,unknown,RCV003053721,2023-02-07
ffe54bb61f66d8acf1fc1b7fae6c25544a011b82,eva,ENSG00000167207,NOD2,MONDO_0005011,0.32,,,unknown,RCV002514468,2023-02-07
1a98f5bc6ce2aa38a3b75ed251fd2fd12e0f2977,gwas_credible_sets,ENSG00000100330,MTMR3,MONDO_0005011,0.3192686438560486,,,unknown,,2010-11-21
369145a9f7c3fc21599ce29fd0eb3339f74576f2,gwas_credible_sets,ENSG00000172575,RASGRP1,MONDO_0005011,0.31850454211235046,,,unknown,,2023-12-26
a84a56864ac3b4bb45498e7ad0bb62e4abc5f368,gwas_credible_sets,ENSG00000122687,MRM2,MONDO_0005011,0.31848248839378357,,,unknown,,2023-12-26
8c7a0d4a2e29845193f2184cdcaaf9b133d5a317,gwas_credible_sets,ENSG00000124160,NCOA5,MONDO_0005011,0.31819236278533936,,,unknown,,2023-05-08
6f8e168b80a533db7a06de2c6870ce2ed4952996,gwas_credible_sets,ENSG00000132356,PRKAA1,MONDO_0005011,0.3180942237377167,,,unknown,,2008-06-29
6937d2b0cc07e3071753cf1549326c65e6426d10,gwas_credible_sets,ENSG00000137507,LRRC32,MONDO_0005011,0.3177470862865448,,,unknown,,2017-01-09
1c08266dba44e438baf96886d4a5c108753bc83a,gwas_credible_sets,ENSG00000095794,CREM,MONDO_0005011,0.3176696002483368,,,unknown,,2023-01-18
e6e84b6f19a88307e2c4d9af82130c51fc336582,gwas_credible_sets,ENSG00000181915,ADO,MONDO_0005011,0.3160313069820404,,,unknown,,2007-04-15
d3383ffa8c750696cf1513118b8443f4d1e3a49e,gwas_credible_sets,ENSG00000140030,GPR65,MONDO_0005011,0.315788596868515,,,unknown,,2017-01-09
50a5b4bee7cb4429781792edfac19b0feed216cb,gwas_credible_sets,ENSG00000105376,ICAM5,MONDO_0005011,0.31577053666114807,,,unknown,,2016-03-14
cd3f3bab0c23ffb751b848b4f51a035527e5ae4f,gwas_credible_sets,ENSG00000161395,PGAP3,MONDO_0005011,0.31522461771965027,,,unknown,,2023-06-01
3eda2f280d522710ce8f16a8ea8d818bf2ffe298,gwas_credible_sets,ENSG00000168071,CCDC88B,MONDO_0005011,0.31411558389663696,,,unknown,,2023-01-18
3803cde1df5ed321cdd11f7233bbae162a658a44,gwas_credible_sets,ENSG00000181915,ADO,MONDO_0005011,0.31041982769966125,,,unknown,,2012-03-08
eac7905524347b2da9dac0f780d777feddd776e5,gwas_credible_sets,ENSG00000172179,PRL,MONDO_0005011,0.3100704550743103,,,unknown,,2023-01-18
3a039a1998c676e9478dffb994b36659fc23c875,gwas_credible_sets,ENSG00000088305,DNMT3B,MONDO_0005011,0.30950185656547546,,,unknown,,2016-03-14
1917c74b46bc16c34987d4a17f0f1513981ab8f7,gwas_credible_sets,ENSG00000119919,NKX2-3,MONDO_0005539,0.3092487156391144,,,unknown,,2023-01-18
383d3fc028a916be3bee124c312cf8e2ad0f736e,gwas_credible_sets,ENSG00000137507,LRRC32,MONDO_0005011,0.30785948038101196,,,unknown,,2010-11-21
384607ad9c681134331dcdfcf73728b7b1dfa5ef,gwas_credible_sets,ENSG00000183960,KCNH8,MONDO_0005011,0.30646374821662903,,,unknown,,2023-05-08
434110063b5d26dfbf66dc02e0b6aa77a8ccb282,gwas_credible_sets,ENSG00000250254,PTTG2,MONDO_0005011,0.30615973472595215,,,unknown,,2023-07-31
70a0a67d0f6a493dc4c9857a3c8c3cc1dce0c98f,gwas_credible_sets,ENSG00000161847,RAVER1,MONDO_0005011,0.3051908314228058,,,unknown,,2016-03-14
e989f55680378a6d727ced3b8bc6477937008f31,gwas_credible_sets,ENSG00000137960,GIPC2,MONDO_0005011,0.3049473762512207,,,unknown,,2012-11-01
e6a955940cbd5bb64e92d0fe99f05a674dfd4878,gwas_credible_sets,ENSG00000196502,SULT1A1,MONDO_0005011,0.30426329374313354,,,unknown,,2024-04-15
a96652ee9131abce1576ce51584e85532897167f,gwas_credible_sets,ENSG00000293584,ENSG00000293584,MONDO_0005011,0.30398187041282654,,,unknown,,2023-01-18
4b0d9715b79e066924841197268ca2eea2a9c1ed,gwas_credible_sets,ENSG00000160218,TRAPPC10,MONDO_0005011,0.30394577980041504,,,unknown,,2023-05-08
56b55996ec65002573169f5cc3b2a3c11f519c6d,gwas_credible_sets,ENSG00000171522,PTGER4,MONDO_0005011,0.30363571643829346,,,unknown,,2023-05-23
37565681554f16323ea496cca49e398160e0994b,gwas_credible_sets,ENSG00000176046,NUPR1,MONDO_0005011,0.3020591735839844,,,unknown,,2023-05-08
d7d84eec9c4b8534048a6bae387d1d4e6caf4eb1,gwas_credible_sets,ENSG00000038532,CLEC16A,MONDO_0005011,0.3016262650489807,,,unknown,,2023-01-18
186db32a1f147618401731a75fe640b32ef309d6,gwas_credible_sets,ENSG00000143294,PRCC,MONDO_0005011,0.29825079441070557,,,unknown,,2023-01-18
aba959507b34573714cb54779e81254394d6baee,gwas_credible_sets,ENSG00000105855,ITGB8,MONDO_0005011,0.29678425192832947,,,unknown,,2023-01-18
1cd862a5ed8c6b947a46e439e5d0fb7077b02352,gwas_credible_sets,ENSG00000197375,SLC22A5,MONDO_0005011,0.2959742546081543,,,unknown,,2017-01-09
b1494db4f2b5abfea93c154dacceb40df13c53cb,gwas_credible_sets,ENSG00000161847,RAVER1,MONDO_0005011,0.2959730625152588,,,unknown,,2023-05-08
e5de1d651d63282d9a60f84280d0cdf3f9ea1aa2,gwas_credible_sets,ENSG00000137507,LRRC32,MONDO_0005011,0.2950706481933594,,,unknown,,2016-03-14
6ecc8ae38ef155991e9afe8ece43f14f5ecb6b3a,gwas_credible_sets,ENSG00000152527,PLEKHH2,MONDO_0005011,0.2944696545600891,,,unknown,,2017-01-09
a33e693e445a25be95cea3870d33b63affffb362,gwas_credible_sets,ENSG00000230601,TEX48,MONDO_0005539,0.29428818821907043,,,unknown,,2023-01-18
70f877b9b16e6944b8f8db720979abe2eca778a3,gwas_credible_sets,ENSG00000081985,IL12RB2,MONDO_0005011,0.2940802574157715,,,unknown,,2023-05-08
3ef919e3be1861121267acf9f31cbd082875c02e,gwas_credible_sets,ENSG00000065882,TBC1D1,MONDO_0005011,0.2921386957168579,,,unknown,,2023-07-31
e7473f73c0567e2a7b04af512edbe3d9d0edf627,gwas_credible_sets,ENSG00000130876,SLC7A10,MONDO_0005011,0.29204362630844116,,,unknown,,2010-11-21
61fd1b8e6498be261d9956440ebfdf91b59ba81b,gwas_credible_sets,ENSG00000157954,WIPI2,MONDO_0005011,0.2912830114364624,,,unknown,,2023-05-08
3cff841f5b71820163977237dcc813fdb1f57630,gwas_credible_sets,ENSG00000157557,ETS2,MONDO_0005534,0.29100465774536133,,,unknown,,2023-01-18
f4112d1e94da2b6fe7d0a87332ad7783367d7ffb,gwas_credible_sets,ENSG00000178257,PRM3,MONDO_0005011,0.2901909053325653,,,unknown,,2016-03-14
5a860d0ed2c8f90e359ae976605d6c705e156d77,gwas_credible_sets,ENSG00000151773,CCDC122,MONDO_0005011,0.28719183802604675,,,unknown,,2023-05-08
adcec048c939e347a7530859c4c8675997742d71,gwas_credible_sets,ENSG00000146535,GNA12,MONDO_0005011,0.2857200801372528,,,unknown,,2016-03-14
331e4be01db6b50972b5b2b3054e764ad8c5a345,gwas_credible_sets,ENSG00000160221,GATD3,MONDO_0005011,0.2855304181575775,,,unknown,,2023-05-08
4e943bdb6ab18c2d8cd818ee4b54c82ad2152b29,gwas_credible_sets,ENSG00000145908,ZNF300,MONDO_0005011,0.28404900431632996,,,unknown,,2024-04-15
33441e6a5bd5c50d196b88dfc73dd49784c6f695,gwas_credible_sets,ENSG00000197375,SLC22A5,MONDO_0005011,0.283907413482666,,,unknown,,2017-01-09
89c3d2952e149a6ac68b1c56b2702a4f9a59b850,gwas_credible_sets,ENSG00000111245,MYL2,MONDO_0005011,0.2824367582798004,,,unknown,,2023-05-08
f6638ea11eeefcf299eaaeea49c9809a277d6995,gwas_credible_sets,ENSG00000081985,IL12RB2,MONDO_0005011,0.2822839617729187,,,unknown,,2024-07-19
560bbb71f3311f09bea7f3a5abe0d08affbceba6,gwas_credible_sets,ENSG00000178279,TNP2,MONDO_0005011,0.2820388972759247,,,unknown,,2016-03-14
0925556abdea635c9fa1d57b636dd649845ed2aa,gwas_credible_sets,ENSG00000081985,IL12RB2,MONDO_0005011,0.28167393803596497,,,unknown,,2023-01-18
151aa0ce8b7a79a598884fb963277d94bedbc7fe,gwas_credible_sets,ENSG00000152894,PTPRK,MONDO_0005011,0.28084757924079895,,,unknown,,2016-03-14
6c5cfbd943fd449c3b520eee7916857cd8db42ec,gwas_credible_sets,ENSG00000122877,EGR2,MONDO_0005011,0.28057488799095154,,,unknown,,2023-05-08
986ab48b9e4f08c3ae01fa0d4be609b4bbb89d25,gwas_credible_sets,ENSG00000138684,IL21,MONDO_0005011,0.2794530391693115,,,unknown,,2023-05-08
7b376bfdfee8a6a7f435ca9d317836354ad19538,gwas_credible_sets,ENSG00000185962,LCE3A,MONDO_0005011,0.2787393629550934,,,unknown,,2016-03-14
f2eac1da6349f504e004ca21f1b72370e37794bd,gwas_credible_sets,ENSG00000101246,ARFRP1,MONDO_0005011,0.27689507603645325,,,unknown,,2017-01-09
5e65bbb6aec6d355933474a569c468409922c883,gwas_credible_sets,ENSG00000085978,ATG16L1,MONDO_0005011,0.2768796384334564,,,unknown,,2023-07-31
c74f29224f556fab0ec276993ba35abd6890f190,gwas_credible_sets,ENSG00000152527,PLEKHH2,MONDO_0005011,0.2762041687965393,,,unknown,,2010-11-21
bdbf2e23ea40a69f218ffd634e05d68352a647ae,gwas_credible_sets,ENSG00000065882,TBC1D1,MONDO_0005011,0.2756921350955963,,,unknown,,2023-05-08
828dc75eb4fa816df0349ee75712436270d9561c,gwas_credible_sets,ENSG00000134825,TMEM258,MONDO_0005011,0.27528777718544006,,,unknown,,2010-11-21
072106a2ed7f7c93a1991a9f2e55a5ebbd2201aa,gene_burden,ENSG00000008710,PKD1,MONDO_0005011,0.27506735869604654,LoF,risk,activate,,2021-08-10
ac6a9bd0e5a22413bbc3e42ea336309d23ba8c93,gene_burden,ENSG00000008710,PKD1,MONDO_0005011,0.27506735869604654,LoF,risk,activate,,2021-08-10
2fec3aec7f5b71b56496f59cb83e83abd608f9ac,gwas_credible_sets,ENSG00000139531,SUOX,MONDO_0005011,0.27392250299453735,,,unknown,,2015-08-24
6ac8f679c05aa146dc49548378d67a278cce53dc,gwas_credible_sets,ENSG00000250254,PTTG2,MONDO_0005011,0.27337056398391724,,,unknown,,2023-05-08
84d9f45d01be0746564492fbfb7504e619feb34a,gwas_credible_sets,ENSG00000108688,CCL7,MONDO_0005011,0.27080628275871277,,,unknown,,2017-01-09
205e737aa5460c42fea59a2845ea7da4623a925a,gwas_credible_sets,ENSG00000172179,PRL,MONDO_0005011,0.2697913348674774,,,unknown,,2023-01-18
f192500df66646ac05d7896c74f4fe054f9c07a0,gwas_credible_sets,ENSG00000128789,PSMG2,MONDO_0005011,0.2695053219795227,,,unknown,,2023-05-08
46e7d41dada50f6500bfdcd3c00c0057de5f4a86,gene_burden,ENSG00000167207,NOD2,MONDO_0005011,0.2693427698272567,LoF,risk,activate,,2021-08-10
697af1c947611b36103db85221fe0aea2adf24ca,gwas_credible_sets,ENSG00000110237,ARHGEF17,MONDO_0005011,0.2691853642463684,,,unknown,,2023-01-18
ef9b64011b923ad5e7a9fb5e1c28f34c1a7d4cc4,gwas_credible_sets,ENSG00000197375,SLC22A5,MONDO_0005539,0.26908621191978455,,,unknown,,2023-01-18
81b95ef21fe26fc2cd36358433137a287eefcf7c,gwas_credible_sets,ENSG00000155903,RASA2,MONDO_0005011,0.26871585845947266,,,unknown,,2023-05-08
20cd2381b906ea2c58f72e89c33f1d5cd0a63579,gwas_credible_sets,ENSG00000163935,SFMBT1,MONDO_0005011,0.26861879229545593,,,unknown,,2017-01-09
43f853bdcb4148281163dc32c90f029c003b6588,gwas_credible_sets,ENSG00000122877,EGR2,MONDO_0005011,0.2686121165752411,,,unknown,,2010-11-21
78c0d00ebaf81e00d20d6ab6799604e7ebd42fdd,gwas_credible_sets,ENSG00000112486,CCR6,MONDO_0005011,0.26854923367500305,,,unknown,,2023-01-18
a5ea8a04aa0de03a84be0905de155b6ef495d621,gwas_credible_sets,ENSG00000091490,SEL1L3,MONDO_0005011,0.2680049240589142,,,unknown,,2023-01-18
9c65ace5e067e79b887f5080bf28248927efd188,gwas_credible_sets,ENSG00000081985,IL12RB2,MONDO_0005011,0.267943799495697,,,unknown,,2023-01-18
8b393c60d6c6361c948b0e83a097b3feb15d2727,gwas_credible_sets,ENSG00000106952,TNFSF8,MONDO_0005011,0.2673003673553467,,,unknown,,2023-05-08
0c6c3221015ce6af3781e2e2fe7aebc9f1ff64c7,gwas_credible_sets,ENSG00000196502,SULT1A1,MONDO_0005011,0.26692649722099304,,,unknown,,2023-01-18
c2db9d4d59792393761fa5126a8cd7a4f66812ba,gwas_credible_sets,ENSG00000197375,SLC22A5,MONDO_0005011,0.26685693860054016,,,unknown,,2023-01-18
b91b546b21d259fe289614de5346579ecda77e9c,gwas_credible_sets,ENSG00000243509,TNFRSF6B,MONDO_0005011,0.2664340138435364,,,unknown,,2016-03-14
65b21900d00605abe92f7e26a71b009ea17540aa,gwas_credible_sets,ENSG00000197375,SLC22A5,MONDO_0005011,0.26505929231643677,,,unknown,,2010-11-21
649248b2360843bc372e78ea8b5f2e463b6d3344,gwas_credible_sets,ENSG00000237693,IRGM,MONDO_0005011,0.26443350315093994,,,unknown,,2008-06-29
7a4bc10c3a331c69e863036ce0addc97a199df0e,gwas_credible_sets,ENSG00000081985,IL12RB2,MONDO_0005011,0.26365599036216736,,,unknown,,2023-01-18
09de079df2dc1d9a73d0b6aa7be6ec10a964c1b1,gwas_credible_sets,ENSG00000138386,NAB1,MONDO_0005011,0.26325955986976624,,,unknown,,2023-05-08
9083d2f51d4dc418783c3616b6aadfaba37622b7,gwas_credible_sets,ENSG00000108688,CCL7,MONDO_0005011,0.2631632387638092,,,unknown,,2010-11-21
e510df0cd4a3fb7bd572c47d126157ff4d698a66,gwas_credible_sets,ENSG00000108175,ZMIZ1,MONDO_0005011,0.26286622881889343,,,unknown,,2023-05-08
83ab2a405c9afe4562f46b20dd3232b24a0c70a8,gwas_credible_sets,ENSG00000113638,TTC33,MONDO_0005539,0.2622832953929901,,,unknown,,2023-01-18
ecb998a2e8a90a1fba91c9edacb43b3e5cfb5ccb,gwas_credible_sets,ENSG00000113302,IL12B,MONDO_0005011,0.2619371712207794,,,unknown,,2023-05-08
197f129dedf154a3ead56b8c44475b71394a75fb,gwas_credible_sets,ENSG00000163202,LCE3D,MONDO_0005011,0.2619346082210541,,,unknown,,2016-03-14
3c3307376d4ba9f57382f77219d7fbae2801cb95,gwas_credible_sets,ENSG00000197375,SLC22A5,MONDO_0005011,0.2616594433784485,,,unknown,,2023-01-18
e79f0488f78e27595f8c262900a322502c18e988,gwas_credible_sets,ENSG00000263001,GTF2I,MONDO_0005011,0.26149851083755493,,,unknown,,2023-05-08
69b1fe98c51b70d625ed97fc63305db905733a28,gwas_credible_sets,ENSG00000213066,CEP43,MONDO_0005011,0.2606295347213745,,,unknown,,2010-11-21
e4941793353bcae0dc836ead79e9e943a4cce843,gwas_credible_sets,ENSG00000185651,UBE2L3,MONDO_0005011,0.2601314187049866,,,unknown,,2016-03-14
dbb00cb6406db7dbb71e3a61e36d8e36bb40437b,gwas_credible_sets,ENSG00000137507,LRRC32,MONDO_0005011,0.25978654623031616,,,unknown,,2023-05-08
bfe51dfa50549bc00c111d7d54d08cb366bc1a67,gwas_credible_sets,ENSG00000167207,NOD2,MONDO_0005011,0.25963637232780457,,,unknown,,2025-08-06
21852f2cb4acc70c342529543e98a29d790f6c16,gwas_credible_sets,ENSG00000160767,ENTREP3,MONDO_0005011,0.25958651304244995,,,unknown,,2010-11-21
59b97953d19f763e00abca7b06967d76e53b712d,gwas_credible_sets,ENSG00000185651,UBE2L3,MONDO_0005011,0.2594687044620514,,,unknown,,2023-05-08
a73bdc1df60a6b6574ed56902d7cfa7c24f4cd9e,gwas_credible_sets,ENSG00000168961,LGALS9,MONDO_0005011,0.25876709818840027,,,unknown,,2023-05-08
71f76af42ad0bb3a28fb6f93595bc21b5e8940e9,gwas_credible_sets,ENSG00000181634,TNFSF15,MONDO_0005011,0.25812333822250366,,,unknown,,2023-05-08
94a779c59a36b7ce33fdd827a7ed6958fc3027fa,gwas_credible_sets,ENSG00000153208,MERTK,MONDO_0005011,0.2581113874912262,,,unknown,,2023-01-18
44d90cbaa70ca3f4f73da0a058501821c7937659,gwas_credible_sets,ENSG00000185966,LCE3E,MONDO_0005011,0.25757288932800293,,,unknown,,2016-03-14
63a6ddb10d315c335c876e276f00f79b26c9baf6,gwas_credible_sets,ENSG00000115896,PLCL1,MONDO_0005011,0.2569604516029358,,,unknown,,2023-12-26
6b57f65ea034dbfe0dfca337bfb92e9f52804cb2,gwas_credible_sets,ENSG00000132356,PRKAA1,MONDO_0005011,0.25625500082969666,,,unknown,,2023-05-08
ccb204fe243e5d3bbb8a1b60dfd42956f4a39c5e,gwas_credible_sets,ENSG00000221968,FADS3,MONDO_0005011,0.25404804944992065,,,unknown,,2023-05-08
7a94e773bb0120bf9ba38afdd7c2280676e30be0,gwas_credible_sets,ENSG00000138166,DUSP5,MONDO_0005011,0.253921240568161,,,unknown,,2023-07-31
962071779f4e963db8d65b70f1f1410e3b29b0bf,gwas_credible_sets,ENSG00000185651,UBE2L3,MONDO_0005011,0.25337013602256775,,,unknown,,2017-01-09
d6b347ced14d3e8027608c2e9906d212023c6a9f,gwas_credible_sets,ENSG00000179630,LACC1,MONDO_0005011,0.25319433212280273,,,unknown,,2023-05-08
8d44975fe911967f731b7c892114394a14e67446,gwas_credible_sets,ENSG00000197375,SLC22A5,MONDO_0005011,0.2531110942363739,,,unknown,,2015-08-24
13280e0fa428d94f0e133d0e618478491022d3b2,gwas_credible_sets,ENSG00000230601,TEX48,MONDO_0005011,0.25264447927474976,,,unknown,,2023-01-18
dde81b44ae01440ca4031e810794afffe73cad52,gwas_credible_sets,ENSG00000078808,SDF4,MONDO_0005011,0.2518979012966156,,,unknown,,2016-03-14
909c9ee1997d80d28dd25cd516028189413a90a8,gwas_credible_sets,ENSG00000113638,TTC33,MONDO_0005011,0.25029855966567993,,,unknown,,2023-05-08
fbf506b58ffc499df8035f9f44466f8a2ae0d51d,gwas_credible_sets,ENSG00000138085,ATRAID,MONDO_0005011,0.25021958351135254,,,unknown,,2023-01-18
0374afab61b65fec2a11455c731f0bdba13bc450,gene_burden,ENSG00000112763,BTN2A1,MONDO_0005011,0.25,LoF,risk,activate,,2023-01-18
bfc32671884595d5a0641ea00e03507c4bb78521,gene_burden,ENSG00000117408,IPO13,MONDO_0005011,0.25,LoF,risk,activate,,2023-01-18
0e08c918de7b7b26993fafc7e171d1bbbdd96608,gwas_credible_sets,ENSG00000151773,CCDC122,MONDO_0005011,0.2495177835226059,,,unknown,,2023-07-31
8ed55c314ed553a3ffece974e65396fb7a6270c5,gwas_credible_sets,ENSG00000119408,NEK6,MONDO_0005011,0.2490950971841812,,,unknown,,2023-01-18
5d7740c51a6b0a08e618227a1efab5fb1195b92f,gwas_credible_sets,ENSG00000158517,NCF1,MONDO_0005011,0.24885566532611847,,,unknown,,2023-05-08
16b26d5cee4de0b6724128f9b6205aafd8f8abbd,gwas_credible_sets,ENSG00000178217,SH2D4B,MONDO_0005011,0.2488393634557724,,,unknown,,2017-01-09
9c52b8ba69ca603d3edcdf614136c94a8c48b24a,gwas_credible_sets,ENSG00000167207,NOD2,MONDO_0005011,0.24855440855026245,,,unknown,,2023-05-08
bc8871f7bca2ee4bd2ad4cf36e2473a9c0bc5c2a,gwas_credible_sets,ENSG00000120658,ENOX1,MONDO_0005011,0.24805022776126862,,,unknown,,2023-05-08
d1d35f9e8fc4183ffe3c23df57e821fccc19e377,gwas_credible_sets,ENSG00000109471,IL2,MONDO_0005011,0.24738110601902008,,,unknown,,2023-05-08
680aa0f4f3f9a2c79d99ff63082610a896d21e10,gwas_credible_sets,ENSG00000140030,GPR65,MONDO_0005011,0.24734346568584442,,,unknown,,2023-05-08
fdaf63ab30446ee7972b40ee479450c92ab2a80f,gwas_credible_sets,ENSG00000243646,IL10RB,MONDO_0005011,0.2472216933965683,,,unknown,,2023-05-08
32b1c9ddb2063a11a9fbdd5882485cc802567d64,gwas_credible_sets,ENSG00000177692,DNAJC28,MONDO_0005011,0.2470434606075287,,,unknown,,2023-05-08
cb1cbe27f6e6a3964cfbd5511a183c1d44bd8fa1,gwas_credible_sets,ENSG00000235173,HGH1,MONDO_0005011,0.24630732834339142,,,unknown,,2023-05-08
1ff2354532ea3485a861793b2a23b9c426cc726b,gwas_credible_sets,ENSG00000132356,PRKAA1,MONDO_0005539,0.2447448968887329,,,unknown,,2023-01-18
e036172efc8d7164872a1205333e89b05b5f7478,gwas_credible_sets,ENSG00000120658,ENOX1,MONDO_0005011,0.24465394020080566,,,unknown,,2023-05-08
7e56f7ca5f3112a8f443b74f973b48208f3600df,gwas_credible_sets,ENSG00000186283,TOR3A,MONDO_0005011,0.24424044787883759,,,unknown,,2023-05-08
dad9590270448029a9f4c553969cb76145768799,gwas_credible_sets,ENSG00000113638,TTC33,MONDO_0005011,0.24330490827560425,,,unknown,,2023-01-18
540b6af822a7f9898ba25dc6a6d105a512cac97c,gwas_credible_sets,ENSG00000118503,TNFAIP3,MONDO_0005011,0.24311575293540955,,,unknown,,2023-01-18
df94d83d36ecacfdbb8eb409f03d8644835e792f,gwas_credible_sets,ENSG00000172156,CCL11,MONDO_0005011,0.24302591383457184,,,unknown,,2010-11-21
313ef5c0c9070b9706e064067f40f06a84afad03,gwas_credible_sets,ENSG00000177628,GBA1,MONDO_0005011,0.2428901046514511,,,unknown,,2025-08-06
edf7b124290629f92c14f4dac3f73c55103da2fc,gwas_credible_sets,ENSG00000095794,CREM,MONDO_0005011,0.24287046492099762,,,unknown,,2023-01-18
ce636436f89c31ed9996efe19e0c457b7c542249,gwas_credible_sets,ENSG00000151773,CCDC122,MONDO_0005011,0.24219220876693726,,,unknown,,2008-06-29
9edaa9463b89a36e3500c711a32dd2c4051ea2fa,gwas_credible_sets,ENSG00000124920,MYRF,MONDO_0005011,0.24074512720108032,,,unknown,,2016-03-14
d0310cf9ef5c111c89f72a74ba342b1f39814454,gwas_credible_sets,ENSG00000182095,TNRC18,MONDO_0005011,0.23985406756401062,,,unknown,,2023-05-08
1439fba47b95093b9278ec8c05970c126cf87726,gwas_credible_sets,ENSG00000138166,DUSP5,MONDO_0005011,0.2398339807987213,,,unknown,,2023-05-08
ce32707992b58d0d5c7bd2534606fea1cd4d68d9,gwas_credible_sets,ENSG00000120210,INSL6,MONDO_0005011,0.23969626426696777,,,unknown,,2023-05-08
5c616cbb52aed81e3a7e4ca804c9b5bfddc36f86,gwas_credible_sets,ENSG00000167207,NOD2,MONDO_0005011,0.23951435089111328,,,unknown,,2023-05-08
f915523dc8bea2acfcd3361ee94ee2e2c28a0cf4,gwas_credible_sets,ENSG00000167207,NOD2,MONDO_0005011,0.23951435089111328,,,unknown,,2017-01-09
b20f5f9d99ccaa973f4b5023fcf12271b5b7564d,gwas_credible_sets,ENSG00000102245,CD40LG,MONDO_0005011,0.23914439976215363,,,unknown,,2015-08-24
4c247a2f12adbe59e9c0e29052d37bf3551ff148,gwas_credible_sets,ENSG00000241945,PWP2,MONDO_0005011,0.23911261558532715,,,unknown,,2023-05-08
34c0db8b3965b65d67ca5394adf8966150148395,gwas_credible_sets,ENSG00000108175,ZMIZ1,MONDO_0005011,0.23875290155410767,,,unknown,,2023-05-08
eb213aaa9d85cb7b7c9e6e299842481f62886c1a,gwas_credible_sets,ENSG00000120337,TNFSF18,MONDO_0005011,0.23873275518417358,,,unknown,,2023-05-08
3d5d9982e7cc7233364df1bd5641dac87a4d6b2f,gwas_credible_sets,ENSG00000138684,IL21,MONDO_0005011,0.23788760602474213,,,unknown,,2023-05-08
3e1a73197e883fa20f8d20232d23559eebdca01f,gwas_credible_sets,ENSG00000108179,PPIF,MONDO_0005011,0.23776160180568695,,,unknown,,2023-05-08
14df5a275f9b398b3260f2d57470677ba1932f60,gwas_credible_sets,ENSG00000197728,RPS26,MONDO_0005011,0.23740674555301666,,,unknown,,2015-08-24
4cf587115b845e8aa19c5b863d4ed0a3389c2650,gwas_credible_sets,ENSG00000113638,TTC33,MONDO_0005011,0.23737037181854248,,,unknown,,2023-05-08
aea0e98940a6394e42af4a0bb7d9585cdd0c86ab,gwas_credible_sets,ENSG00000181915,ADO,MONDO_0005011,0.23711857199668884,,,unknown,,2008-06-29
d5e22f90b4715c959d6c16b0e67c9b07561ab882,gwas_credible_sets,ENSG00000181915,ADO,MONDO_0005011,0.23541060090065002,,,unknown,,2015-08-24
2990da32c1f8c18819d7c7613c08959d26e786c7,gwas_credible_sets,ENSG00000081985,IL12RB2,MONDO_0005011,0.23538166284561157,,,unknown,,2021-11-04
fd6d03f3dbdefd45e622af4113eae5a3f0d01416,gwas_credible_sets,ENSG00000116285,ERRFI1,MONDO_0005011,0.23477913439273834,,,unknown,,2023-07-31
aba890a01149be9e72e52d84fa37b5c27755e605,gwas_credible_sets,ENSG00000196502,SULT1A1,MONDO_0005011,0.2347213625907898,,,unknown,,2010-11-21
319fe2754dee6a22b05a5327cec7ea7737837ddd,gwas_credible_sets,ENSG00000187764,SEMA4D,MONDO_0005011,0.23421210050582886,,,unknown,,2024-07-19
84cba0f54b61cb066f22b7e68d7384b5a0b8bf61,gwas_credible_sets,ENSG00000067066,SP100,MONDO_0005011,0.23345370590686798,,,unknown,,2016-03-14
78db72bbdbf4212422eb7037520a2a724ef72686,gwas_credible_sets,ENSG00000251493,FOXD1,MONDO_0005011,0.23260140419006348,,,unknown,,2010-11-21
6e7afc7bc7aa2c2aea0b19a61fb41a0011a870f8,gwas_credible_sets,ENSG00000113638,TTC33,MONDO_0005011,0.23186759650707245,,,unknown,,2023-01-18
1a2d3acbd59e11c66fcf2cef833dc297d79d4969,gwas_credible_sets,ENSG00000113638,TTC33,MONDO_0005011,0.23172663152217865,,,unknown,,2007-06-01
6bcff4bde02a1b5e98d34328e664f16b0a02c6ef,gwas_credible_sets,ENSG00000184730,APOBR,MONDO_0005011,0.23167507350444794,,,unknown,,2010-11-21
8d2129dda7075d43f9e0e2171db7649267257a01,gwas_credible_sets,ENSG00000103591,AAGAB,MONDO_0005011,0.23163771629333496,,,unknown,,2023-05-08
957ebc7a4324a013346fd4031a0ae73c50a75978,gwas_credible_sets,ENSG00000125520,SLC2A4RG,MONDO_0005011,0.23146657645702362,,,unknown,,2017-01-09
b9e00132a58f7e43080ac7adff98db059d6ef6ef,gwas_credible_sets,ENSG00000151702,FLI1,MONDO_0005011,0.23131364583969116,,,unknown,,2016-03-14
fffeb677b90e93b1b10e818f732feb846d39aefc,gwas_credible_sets,ENSG00000081985,IL12RB2,MONDO_0005011,0.23115919530391693,,,unknown,,2023-05-08
40730f654b345c78104358f37d973276b81b9520,gwas_credible_sets,ENSG00000169567,HINT1,MONDO_0005011,0.2310464233160019,,,unknown,,2017-01-09
910c92bf2f58734e7936630986d035e5c5abe63c,gwas_credible_sets,ENSG00000115241,PPM1G,MONDO_0005011,0.2307456135749817,,,unknown,,2023-05-08
b92c9f1a4fa8b289f0211fdf0372f54d961642eb,gwas_credible_sets,ENSG00000168610,STAT3,MONDO_0005011,0.22973620891571045,,,unknown,,2023-05-08
39207aefa005d4aee2e4c130fa2f0c5ef6c59ecd,gwas_credible_sets,ENSG00000153064,BANK1,MONDO_0005011,0.229453444480896,,,unknown,,2023-05-08
5f176fe3c3ef6d27229f7350aea7f5ae55c68507,gwas_credible_sets,ENSG00000132356,PRKAA1,MONDO_0005011,0.22931799292564392,,,unknown,,2023-05-08
f72f38cdfc15d3834a57528b6242fc463b0fc2a2,gwas_credible_sets,ENSG00000113525,IL5,MONDO_0005011,0.22904638946056366,,,unknown,,2023-01-18
e899d92848dae4b81cb66c4a56b283c423be8bbc,gwas_credible_sets,ENSG00000122877,EGR2,MONDO_0005011,0.2290210872888565,,,unknown,,2007-04-15
88e33087bd0b16054eaf1def6c7360b2d8cd99c6,gwas_credible_sets,ENSG00000065882,TBC1D1,MONDO_0005011,0.22803862392902374,,,unknown,,2012-12-21
3062920ac228a77be54962fc6fd5b9f925300d8c,gwas_credible_sets,ENSG00000174123,TLR10,MONDO_0005011,0.22801442444324493,,,unknown,,2023-05-08
ef7d41de33ade007e98febf9ed03d330e675ebae,gwas_credible_sets,ENSG00000108175,ZMIZ1,MONDO_0005011,0.22798332571983337,,,unknown,,2023-05-08
e11cee6d4d63f536d469c074b2cddf5b671853a5,gwas_credible_sets,ENSG00000250254,PTTG2,MONDO_0005011,0.22788973152637482,,,unknown,,2012-12-21
eb2782253a605b00e04017c6c8e037b22ee9cb0a,gwas_credible_sets,ENSG00000167207,NOD2,MONDO_0005011,0.2265569418668747,,,unknown,,2023-05-08
246e28c9681bb8ae267486aa3e3c16b94f699204,gwas_credible_sets,ENSG00000134249,ADAM30,MONDO_0005011,0.22633427381515503,,,unknown,,2012-11-01
cb35e0dd1960ce3d8f52bad716ae994a80be44a1,gwas_credible_sets,ENSG00000081985,IL12RB2,MONDO_0005011,0.2259216010570526,,,unknown,,2023-05-23
b0eedd5046368b2c674efc654b4dd35077a8cba7,gwas_credible_sets,ENSG00000205592,MUC19,MONDO_0005011,0.22587205469608307,,,unknown,,2016-03-14
63ee44d794aa3a3ecddc90b2a65f793bee903107,gwas_credible_sets,ENSG00000164062,APEH,MONDO_0005011,0.22579267621040344,,,unknown,,2023-01-18
ffb81a8416107bf90763ed32945b0c594b2146d5,gwas_credible_sets,ENSG00000205592,MUC19,MONDO_0005011,0.22560767829418182,,,unknown,,2015-08-24
062667608c9e64e78ad1315d9bb84364dc145734,gwas_credible_sets,ENSG00000187238,LCE3B,MONDO_0005011,0.22480274736881256,,,unknown,,2016-03-14
60d797a9853bd5e00d7ec679de356c27888ec9c6,gwas_credible_sets,ENSG00000132356,PRKAA1,MONDO_0005011,0.224542498588562,,,unknown,,2016-03-14
010e24ef93d33791507cc581af17d3d3c4db86c7,gwas_credible_sets,ENSG00000237693,IRGM,MONDO_0005011,0.2235594540834427,,,unknown,,2010-11-21
23ee313ca11c237dbcce9d26b8fe6ba2afebf8fa,gwas_credible_sets,ENSG00000065989,PDE4A,MONDO_0005011,0.2232787162065506,,,unknown,,2023-01-18
4508b75697086f588d2f627b8de13a1192926116,gwas_credible_sets,ENSG00000151773,CCDC122,MONDO_0005011,0.2228493094444275,,,unknown,,2016-03-14
5f3331836362685f330177110e2ae1fec3276d35,gwas_credible_sets,ENSG00000026297,RNASET2,MONDO_0005011,0.22268466651439667,,,unknown,,2024-04-15
18b3244cdef5dbbfeba5417bf47eeb5c758c4972,gwas_credible_sets,ENSG00000150907,FOXO1,MONDO_0005011,0.22240741550922394,,,unknown,,2016-03-14
2f063c42e7a33582e596e3816847994e5ed8a529,gwas_credible_sets,ENSG00000168610,STAT3,MONDO_0005011,0.22232361137866974,,,unknown,,2023-05-08
afdc986ab6681cfc82102f5fdf5b034f001ccdea,gwas_credible_sets,ENSG00000179914,ITLN1,MONDO_0005011,0.2220321148633957,,,unknown,,2016-03-14
f072f8fd1764de4bff29500101acd6efd309b845,gwas_credible_sets,ENSG00000065882,TBC1D1,MONDO_0005011,0.22039514780044556,,,unknown,,2023-05-08
facfa1762bb4e7001d29a9b87bc78d5acf7c2e85,gwas_credible_sets,ENSG00000113638,TTC33,MONDO_0005011,0.22013802826404572,,,unknown,,2023-01-18
046c8c324b31796c3bcb70dd1588477b85e53d2d,gwas_credible_sets,ENSG00000168961,LGALS9,MONDO_0005011,0.22010314464569092,,,unknown,,2017-01-09
654aa52a82c3cba64d80bcd0fcb83389d6befee1,gwas_credible_sets,ENSG00000172156,CCL11,MONDO_0005011,0.21988236904144287,,,unknown,,2023-05-08
d62710617d43dc2b699dadcced95ce4a5eacb6b6,gwas_credible_sets,ENSG00000143436,MRPL9,MONDO_0005011,0.2193252444267273,,,unknown,,2023-05-08
f281087502e4f12fef04e63a66c1032903a9a95d,gwas_credible_sets,ENSG00000132356,PRKAA1,MONDO_0005011,0.21924161911010742,,,unknown,,2010-11-21
115181c77efc48e8320316aa1affaf0fa4f965b5,gwas_credible_sets,ENSG00000115241,PPM1G,MONDO_0005011,0.2191787213087082,,,unknown,,2012-11-01
32e690c2ca0b646bf3bbdfb8854008f9831c056b,gwas_credible_sets,ENSG00000172115,CYCS,MONDO_0005011,0.21899086236953735,,,unknown,,2024-07-19
93e21086fd7c4b0b54e537230bc6f6b343d032e9,gwas_credible_sets,ENSG00000170345,FOS,MONDO_0005011,0.218877911567688,,,unknown,,2023-05-08
125152f91e4ea93201f85d339e85e9525b361857,gwas_credible_sets,ENSG00000145592,RPL37,MONDO_0005011,0.2186073213815689,,,unknown,,2023-01-18
4c5c6e525c29767a1925a1126ecd78deb5c0d7b7,gwas_credible_sets,ENSG00000164113,ADAD1,MONDO_0005011,0.21778224408626556,,,unknown,,2023-07-31
40e4ab1dd6d266ab2b2ebc1fc9de154117e0c0d6,gwas_credible_sets,ENSG00000162594,IL23R,MONDO_0005011,0.2170945256948471,,,unknown,,2023-05-23
91494041d858855b1dcd5c2a71938e1d1822571a,gwas_credible_sets,ENSG00000108179,PPIF,MONDO_0005011,0.2167753130197525,,,unknown,,2023-05-08
982f4bc671a04bedb410809a58707b57e68fdf6f,gwas_credible_sets,ENSG00000132357,CARD6,MONDO_0005011,0.21610112488269806,,,unknown,,2010-11-21
97ca01a98a7e6bacc10787088e0098c24c2ffc6a,gwas_credible_sets,ENSG00000162595,DIRAS3,MONDO_0005011,0.21582552790641785,,,unknown,,2023-01-18
247a22edb6720ba6b34a5f6096b2954a23ea9137,gwas_credible_sets,ENSG00000134242,PTPN22,MONDO_0005011,0.21468661725521088,,,unknown,,2023-05-08
81fb34e01a73a3f4c14c6f8685d2973930ef9c91,gwas_credible_sets,ENSG00000186687,LYRM7,MONDO_0005011,0.21431010961532593,,,unknown,,2017-01-09
aebf74c225ef3f4322f29d6962d9a04a68c8d7c0,gwas_credible_sets,ENSG00000179914,ITLN1,MONDO_0005011,0.2138347327709198,,,unknown,,2008-06-29
d154dcd25e87f29a59b312dcba0a700cdfde7013,gwas_credible_sets,ENSG00000108175,ZMIZ1,MONDO_0005011,0.21307937800884247,,,unknown,,2023-05-08
1150eb3c36aa42c1080f207e74df5ee2c390d51e,gwas_credible_sets,ENSG00000186687,LYRM7,MONDO_0005011,0.21234315633773804,,,unknown,,2023-05-08
406b66bb809482a0653dd26dda6e8933bc1c274f,gwas_credible_sets,ENSG00000183527,PSMG1,MONDO_0005011,0.21231992542743683,,,unknown,,2016-03-14
cbc13bad67a563c7e9adf78ca5faa1cbd12b14f8,gwas_credible_sets,ENSG00000096395,MLN,MONDO_0005011,0.21224671602249146,,,unknown,,2013-07-14
fb6a24702b25c00647cf89d2dd267dc29f11787f,gwas_credible_sets,ENSG00000117560,FASLG,MONDO_0005011,0.212183877825737,,,unknown,,2023-05-08
3e3469f086cc13ebd819f7d86d876ba1052cad75,gwas_credible_sets,ENSG00000163803,PLB1,MONDO_0005011,0.21215426921844482,,,unknown,,2023-05-08
5ae638019724e5170abe9efcd8a03d1eeae18e09,gwas_credible_sets,ENSG00000100319,ZMAT5,MONDO_0005011,0.21106623113155365,,,unknown,,2016-03-14
c72ba710f96905d23f555cc193403120a4aead99,gwas_credible_sets,ENSG00000162594,IL23R,MONDO_0005011,0.21078993380069733,,,unknown,,2021-11-04
fb13376c8f3cee50bd5639346ff64aa95a255892,gwas_credible_sets,ENSG00000183527,PSMG1,MONDO_0005534,0.21059347689151764,,,unknown,,2023-01-18
eac9fdcc2c584f06b1a274d1b4734ece03185487,gwas_credible_sets,ENSG00000113525,IL5,MONDO_0005011,0.21017013490200043,,,unknown,,2017-01-09
b04fc6aa1fce3b9bcf9c167705fe0178b5d408c9,gwas_credible_sets,ENSG00000185811,IKZF1,MONDO_0005011,0.20977632701396942,,,unknown,,2008-06-29
1e447506432601f8c2f20727d829f21546f29a2f,gwas_credible_sets,ENSG00000106952,TNFSF8,MONDO_0005011,0.2094666063785553,,,unknown,,2023-05-08
184a7140b193ac786e3888b7bbfcb1ff92e117b5,gwas_credible_sets,ENSG00000133106,EPSTI1,MONDO_0005011,0.20898829400539398,,,unknown,,2010-11-21
cc77f21425474b1a7c0e7b2e9d664554955700e4,gwas_credible_sets,ENSG00000103599,IQCH,MONDO_0005011,0.20896996557712555,,,unknown,,2023-05-08
76948ed9db3349106d5a2dcf92fa283b3834467b,gwas_credible_sets,ENSG00000113525,IL5,MONDO_0005011,0.20874238014221191,,,unknown,,2008-06-29
ef23e558f3acda5c04638d441319d7099af36d04,gwas_credible_sets,ENSG00000172156,CCL11,MONDO_0005011,0.20851142704486847,,,unknown,,2024-04-15
d4dfe7fc174d9e797ce65c8d7729c16108e87e0d,gwas_credible_sets,ENSG00000101624,CEP76,MONDO_0005011,0.2072039097547531,,,unknown,,2023-05-08
be538dc1d78ff39add186fd8ba066d41bbcf3213,gwas_credible_sets,ENSG00000197375,SLC22A5,MONDO_0005011,0.20696552097797394,,,unknown,,2016-03-14
8be29c2ef73a8af659c064bae5cd6f3a249a42ff,gwas_credible_sets,ENSG00000134825,TMEM258,MONDO_0005011,0.2067626565694809,,,unknown,,2016-03-14
4d03e8f4467a1ca1f2f223be0b29643ba27a3611,gwas_credible_sets,ENSG00000169914,OTUD3,MONDO_0005011,0.20676085352897644,,,unknown,,2016-03-14
17cd9a616ab3920258eeba7287772de845bb49c6,gwas_credible_sets,ENSG00000143457,GOLPH3L,MONDO_0005011,0.206626296043396,,,unknown,,2023-05-08
d366f0a132096b953c779108ec467f003bd3775b,gwas_credible_sets,ENSG00000113638,TTC33,MONDO_0005011,0.2061377614736557,,,unknown,,2008-06-29
3679822cdf3a16bf82ea386b4811353422dc8f0c,gwas_credible_sets,ENSG00000083799,CYLD,MONDO_0005011,0.2055658996105194,,,unknown,,2017-01-09
e393e700a3e70e91a55ad7cab05655a02acc7f5d,gwas_credible_sets,ENSG00000178257,PRM3,MONDO_0005011,0.20502552390098572,,,unknown,,2017-01-09
30b6e2cf2257a5dd0f3c68351af1605c6d6e0416,gwas_credible_sets,ENSG00000162598,C1orf87,MONDO_0005011,0.20369479060173035,,,unknown,,2024-07-19
52f053fdc51e83ea4220bcc84f582768508cf7a2,gwas_credible_sets,ENSG00000162598,C1orf87,MONDO_0005011,0.20369479060173035,,,unknown,,2024-07-19
0db0637f615b1ce2d30a9a0d2df367ab39bed504,gwas_credible_sets,ENSG00000174945,AMZ1,MONDO_0005011,0.20348533987998962,,,unknown,,2016-03-14
7164bccbb37b1f97330fbf154199772206c9d130,gwas_credible_sets,ENSG00000175646,PRM1,MONDO_0005011,0.2033568024635315,,,unknown,,2017-01-09
f0d3f0cdbecb589fa2fdb3f8f922ac4bf4fd7f4b,gwas_credible_sets,ENSG00000111252,SH2B3,MONDO_0005011,0.20280881226062775,,,unknown,,2023-05-08
b4dc82419822a674f9df238f458be18997418652,gwas_credible_sets,ENSG00000180530,NRIP1,MONDO_0005011,0.2023090124130249,,,unknown,,2023-05-08
93b14b194d30c8bda20e01591f4899028fc7eaa6,gwas_credible_sets,ENSG00000158517,NCF1,MONDO_0005011,0.20127414166927338,,,unknown,,2023-05-08
912e3916f891b8a9bda57c165f0575a77d024390,gwas_credible_sets,ENSG00000096395,MLN,MONDO_0005011,0.20105084776878357,,,unknown,,2023-05-08
70cfcc1dcb5cc688dd3dd9a9adf20dbaf317ddf7,gwas_credible_sets,ENSG00000182108,DEXI,MONDO_0005011,0.2009211629629135,,,unknown,,2023-01-18
c0c6420ad4f77ddf723ebba11611edd40230eb0e,gwas_credible_sets,ENSG00000100883,SRP54,MONDO_0005011,0.20083388686180115,,,unknown,,2023-07-31
f9d830f80f1661063702a44243c2a30c61ebcaf5,gwas_credible_sets,ENSG00000113638,TTC33,MONDO_0005011,0.20078058540821075,,,unknown,,2024-07-19
1e010565d23d94dfac0405ce5813bde9f0582714,gwas_credible_sets,ENSG00000111319,SCNN1A,MONDO_0005011,0.20031023025512695,,,unknown,,2017-01-09
6cd37c9e169fe3fede4c87f96d5ae38c7b6f0672,gwas_credible_sets,ENSG00000155034,FBXL18,MONDO_0005011,0.19974598288536072,,,unknown,,2023-05-08
860c2b6ed57d78e39fe9f0729e3b95c8a295749f,gwas_credible_sets,ENSG00000145592,RPL37,MONDO_0005011,0.19972538948059082,,,unknown,,2023-05-08
90aa02c11550e4c8398b52b115c6cc1123e4b968,gwas_credible_sets,ENSG00000145592,RPL37,MONDO_0005011,0.1993500292301178,,,unknown,,2024-07-19
93d2e24b4e79cd7a25f6940846fa48488b14702b,gwas_credible_sets,ENSG00000180530,NRIP1,MONDO_0005011,0.1991715431213379,,,unknown,,2023-05-08
6f2f1abe019b60bb84e1f196ab8d135db1da88d1,gwas_credible_sets,ENSG00000160223,ICOSLG,MONDO_0005011,0.19842922687530518,,,unknown,,2023-05-08
d7bcafc07a9d0a3f47d71cf98ac80223c8a55dd3,gwas_credible_sets,ENSG00000153107,ANAPC1,MONDO_0005011,0.19815100729465485,,,unknown,,2023-01-18
501fcbe2a7c0891c61eaa9332065fa0294c6fa7a,gwas_credible_sets,ENSG00000115211,EIF2B4,MONDO_0005011,0.19783659279346466,,,unknown,,2023-05-08
d7d9539712c57b54cae5e5a21a4f9fb24d74b81e,gwas_credible_sets,ENSG00000162302,RPS6KA4,MONDO_0005011,0.19728955626487732,,,unknown,,2016-03-14
439125a36625348520fd565d9b4992e34fce0149,gwas_credible_sets,ENSG00000164694,FNDC1,MONDO_0005011,0.19712822139263153,,,unknown,,2016-03-14
04b244c041d4ad677d3bbe953be197c708520b95,gwas_credible_sets,ENSG00000185404,SP140L,MONDO_0005011,0.19691354036331177,,,unknown,,2017-01-09
d9cdfb07b2b6849c7165c94cd5bc6e1117ed8623,gwas_credible_sets,ENSG00000108179,PPIF,MONDO_0005011,0.19687937200069427,,,unknown,,2017-01-09
542d93e7dce69af0479e0822f4a0895e6be8485f,gwas_credible_sets,ENSG00000137507,LRRC32,MONDO_0005011,0.19682186841964722,,,unknown,,2008-06-29
0b363a01bc24ae8d1ab723de0a89468b754033ec,gwas_credible_sets,ENSG00000124205,EDN3,MONDO_0005011,0.19680455327033997,,,unknown,,2023-01-18
6cc8dfccbaf0b7467c0c5b593bf791bffb916130,gwas_credible_sets,ENSG00000107643,MAPK8,MONDO_0005011,0.19665315747261047,,,unknown,,2023-05-08
b3e509ebd0dbbc6c54a45a473be8e19cbbdffa52,gwas_credible_sets,ENSG00000188322,SBK1,MONDO_0005011,0.1963835060596466,,,unknown,,2017-01-09
f929e1e25fec488c98c3fad422995d8cc5423897,gwas_credible_sets,ENSG00000113638,TTC33,MONDO_0005011,0.19629257917404175,,,unknown,,2017-01-09
ca3432194c8933bd231cfd7a9c60ab552b41d444,gwas_credible_sets,ENSG00000122877,EGR2,MONDO_0005011,0.1959923952817917,,,unknown,,2023-07-31
64cf3862639d40d3db0187f9225896109c809277,gwas_credible_sets,ENSG00000124920,MYRF,MONDO_0005011,0.19586870074272156,,,unknown,,2010-11-21
1ad9627ba6f7846ad65441d3c63bfcdfa7cee380,gwas_credible_sets,ENSG00000123411,IKZF4,MONDO_0005011,0.19580693542957306,,,unknown,,2015-08-24
a20620aa46fc35d21be93606e4189ff02a32911d,gwas_credible_sets,ENSG00000169508,GPR183,MONDO_0005011,0.19572700560092926,,,unknown,,2016-03-14
53f261881fc0e266e8dd23a3cac888893afc1c5d,gwas_credible_sets,ENSG00000151773,CCDC122,MONDO_0005011,0.1955845057964325,,,unknown,,2012-11-01
37239e0934b2d17e5c52683c0593f690252f2290,gwas_credible_sets,ENSG00000083799,CYLD,MONDO_0005011,0.19553083181381226,,,unknown,,2023-12-26
67e01de6153cf6472e19706673a15d5c3a1d543d,gwas_credible_sets,ENSG00000122877,EGR2,MONDO_0005011,0.19521896541118622,,,unknown,,2023-05-08
a8fdf38439ac58c24fc34606e7de99e37f958428,gwas_credible_sets,ENSG00000113525,IL5,MONDO_0005011,0.1951669603586197,,,unknown,,2010-11-21
b17c9d9cf72a9337b3c881ef2c1940a8c4b124da,gwas_credible_sets,ENSG00000145592,RPL37,MONDO_0005011,0.19464226067066193,,,unknown,,2023-01-18
245a07e4fffc631f6f3c8c09a63a204adce80159,gwas_credible_sets,ENSG00000184076,UQCR10,MONDO_0005011,0.1945459246635437,,,unknown,,2016-03-14
f145ad103c63b18df5db782b3de924095a80ea81,gwas_credible_sets,ENSG00000185404,SP140L,MONDO_0005011,0.19362184405326843,,,unknown,,2023-05-08
3385cf052f5aaeaf6cf035485f18119a788d7ce2,gwas_credible_sets,ENSG00000108179,PPIF,MONDO_0005011,0.19334086775779724,,,unknown,,2023-05-08
d95967157c809dd22099d8818e8aa51d1bf77c1e,gwas_credible_sets,ENSG00000162944,RFTN2,MONDO_0005011,0.19320039451122284,,,unknown,,2010-11-21
5deab6c323440dc1c199cd53abebebc1e320d86d,gwas_credible_sets,ENSG00000167207,NOD2,MONDO_0005011,0.19246241450309753,,,unknown,,2025-01-09
d3b394e05d495fb5036352825e887c71e3925291,gwas_credible_sets,ENSG00000095794,CREM,MONDO_0005011,0.19155171513557434,,,unknown,,2010-11-21
b832f77df009dd2c159b220d3c2c7e637a13864b,gwas_credible_sets,ENSG00000103591,AAGAB,MONDO_0005011,0.19143761694431305,,,unknown,,2023-05-08
5aa0e68e1beaef06ac9ec597d0149e56a0e7f0a9,gwas_credible_sets,ENSG00000186889,TMEM17,MONDO_0005011,0.1904752552509308,,,unknown,,2016-03-14
c7cbd798de2de553be802dcc227bbc2d9f2c8010,gwas_credible_sets,ENSG00000113638,TTC33,MONDO_0005011,0.19045235216617584,,,unknown,,2010-11-21
24fa63e5c5286630706b4b74345acdedabe66233,gwas_credible_sets,ENSG00000155893,PXYLP1,MONDO_0005011,0.18986861407756805,,,unknown,,2024-07-19
5c98e77efb8874acfeb3b0ee1cf9182b51a7beaf,gwas_credible_sets,ENSG00000162616,DNAJB4,MONDO_0005011,0.18949124217033386,,,unknown,,2012-11-01
96776b909bec147a43c380d7edef4b5e88c975e8,gwas_credible_sets,ENSG00000189050,RNFT1,MONDO_0005011,0.18923501670360565,,,unknown,,2016-03-14
970466035677b5a27348147f9d66fa8af6809665,gwas_credible_sets,ENSG00000198517,MAFK,MONDO_0005011,0.18845629692077637,,,unknown,,2023-12-26
ef15b34fe6004268ee24047f8c2e8ef56bd852d6,gwas_credible_sets,ENSG00000113638,TTC33,MONDO_0005539,0.18839210271835327,,,unknown,,2023-01-18
bc908e481d46f13d1954573759ea48d3550db22a,gwas_credible_sets,ENSG00000122877,EGR2,MONDO_0005011,0.1882300078868866,,,unknown,,2012-03-08
d59b7465aa1cb588b8788ffd02811d56b5d30df9,gwas_credible_sets,ENSG00000105550,FGF21,MONDO_0005011,0.1877393275499344,,,unknown,,2023-05-08
072fb4b089cf31665152dd32377b23302df15a30,gwas_credible_sets,ENSG00000180251,SLC9A4,MONDO_0005011,0.18746431171894073,,,unknown,,2010-11-21
1552c3ba72c019794f7e667d703ad44c2995ca86,gwas_credible_sets,ENSG00000084734,GCKR,MONDO_0005011,0.1874345988035202,,,unknown,,2023-05-08
c1586c20301a26b694ef6a77f39f38b0172005b9,gwas_credible_sets,ENSG00000138311,ZNF365,MONDO_0005011,0.18730640411376953,,,unknown,,2012-03-08
a247eeda4cf9382f07dcb48173aa7a525e5356f1,gwas_credible_sets,ENSG00000119919,NKX2-3,MONDO_0005011,0.18728594481945038,,,unknown,,2023-05-08
b1448ffb2d61626ef649aa7b49fee43793cb1cb7,gwas_credible_sets,ENSG00000109320,NFKB1,MONDO_0005011,0.18696372210979462,,,unknown,,2023-05-08
ace69bc2b3c54fbee7183d65b2cdb8d7be310dc9,gwas_credible_sets,ENSG00000256235,SMIM3,MONDO_0005011,0.18644487857818604,,,unknown,,2024-04-15
720cbcdf09ccd9f9958af815e6d6dede7c0d41d4,gwas_credible_sets,ENSG00000174951,FUT1,MONDO_0005011,0.1859072595834732,,,unknown,,2023-05-08
f6b80813d76802a7a9ca674080d45363d9d07c17,gwas_credible_sets,ENSG00000197375,SLC22A5,MONDO_0005011,0.18585540354251862,,,unknown,,2008-06-29
3ea516fa77c564ab8fab3af856c90fbd56206917,gwas_credible_sets,ENSG00000245848,CEBPA,MONDO_0005011,0.18577519059181213,,,unknown,,2017-01-09
57dcdeddcbec322e4caf38529bf615831ebbfe6d,gwas_credible_sets,ENSG00000113638,TTC33,MONDO_0005011,0.18514324724674225,,,unknown,,2016-03-14
2a713276641065ec8b9259fdaeb4a786e14025fa,gwas_credible_sets,ENSG00000130522,JUND,MONDO_0005011,0.18483176827430725,,,unknown,,2023-05-08
188608b4a20eb6dbb7e5b0c19ed5e4246f1ec20f,gwas_credible_sets,ENSG00000163803,PLB1,MONDO_0005011,0.18474741280078888,,,unknown,,2023-01-18
a0e40f01f918bc94e6ce1b2f2e202870af69e089,gwas_credible_sets,ENSG00000108179,PPIF,MONDO_0005011,0.1843383014202118,,,unknown,,2023-05-08
8bcb3e75cd878189c3437e7ae245c4993d7cd5e9,gwas_credible_sets,ENSG00000113638,TTC33,MONDO_0005011,0.18373386561870575,,,unknown,,2023-01-18
1567460382f6a7fda196f9eb17cc6f1297b0a06b,gwas_credible_sets,ENSG00000171988,JMJD1C,MONDO_0005011,0.1835448443889618,,,unknown,,2023-07-31
0a55f5e758130a249a7109ecf65f47a47cfd0d9d,gwas_credible_sets,ENSG00000132356,PRKAA1,MONDO_0005011,0.18344418704509735,,,unknown,,2017-01-09
180486d3fc1d53b2bbdf0422c901a5ab31ca8b8a,gwas_credible_sets,ENSG00000172380,GNG12,MONDO_0005011,0.18341036140918732,,,unknown,,2023-01-18
14e671bea85c07fe47d4ba408561254ee71487c7,gwas_credible_sets,ENSG00000171988,JMJD1C,MONDO_0005011,0.18303030729293823,,,unknown,,2022-05-05
6b5737e895d04a73aa0dcc0a463118383043c55b,gwas_credible_sets,ENSG00000148384,INPP5E,MONDO_0005011,0.18282215297222137,,,unknown,,2023-05-08
ee2ab95ad1733d5b1563433f8675b192e3aaaab6,gwas_credible_sets,ENSG00000106952,TNFSF8,MONDO_0005011,0.18224556744098663,,,unknown,,2023-05-08
6d4faa86662a194f8ee9b97282615228e947628f,gwas_credible_sets,ENSG00000250317,SMIM20,MONDO_0005011,0.1815788745880127,,,unknown,,2023-01-18
121a895b3589fc6353f69e7a8a50b9db0c07448b,gwas_credible_sets,ENSG00000103599,IQCH,MONDO_0005011,0.1814899444580078,,,unknown,,2023-01-18
66adb4ec7e8937cadc736e195f36020ac86493a6,gwas_credible_sets,ENSG00000164325,TMEM174,MONDO_0005011,0.18115900456905365,,,unknown,,2016-03-14
69629d8ee34851c100fc026ad312cce694e56f52,gwas_credible_sets,ENSG00000245848,CEBPA,MONDO_0005011,0.18109068274497986,,,unknown,,2010-11-21
7a3a672de6bb88c97ba1ad2ddd8179218316ec1b,gwas_credible_sets,ENSG00000130561,SAG,MONDO_0005011,0.18079717457294464,,,unknown,,2023-07-31
464d2f147fa87943019471bf8b00cdbd88683c08,gwas_credible_sets,ENSG00000113638,TTC33,MONDO_0005011,0.18057185411453247,,,unknown,,2023-05-08
be19cb81450ada46a29f6e16216367b372bd11a5,gwas_credible_sets,ENSG00000145777,TSLP,MONDO_0005011,0.18046829104423523,,,unknown,,2023-01-18
95d7d66982399afd641eb9276bdd6cba4f65f88e,gwas_credible_sets,ENSG00000108179,PPIF,MONDO_0005011,0.17958156764507294,,,unknown,,2012-04-01
c31b519b344ef3f7d72eb0a4c381c8059b0e8c13,gwas_credible_sets,ENSG00000106052,TAX1BP1,MONDO_0005011,0.17860862612724304,,,unknown,,2016-03-14
6ced7bd1c93871ce83403694a112b1df6cffd631,gwas_credible_sets,ENSG00000174130,TLR6,MONDO_0005011,0.17841438949108124,,,unknown,,2023-05-08
e3f371bc89b444d0c167fea29c96518d08a1d3c8,gwas_credible_sets,ENSG00000197959,DNM3,MONDO_0005011,0.17812272906303406,,,unknown,,2010-11-21
f252c90f077cf071d63d873e34309e4acb8c9b40,gwas_credible_sets,ENSG00000163362,INAVA,MONDO_0005011,0.17803607881069183,,,unknown,,2008-06-29
12a5d1e3be122c83ee58fe858a2cf96802f74604,gwas_credible_sets,ENSG00000105538,RASIP1,MONDO_0005011,0.17771956324577332,,,unknown,,2023-05-08
a60b779a4c7cadf4eb230fcff4511720fd6c2e54,gwas_credible_sets,ENSG00000076067,RBMS2,MONDO_0005011,0.17744112014770508,,,unknown,,2024-07-19
dfb411c2d46553b5e86cd8d94351593c3920ede8,gwas_credible_sets,ENSG00000076067,RBMS2,MONDO_0005011,0.17744112014770508,,,unknown,,2024-07-19
45b8427c9b350776aeea7f70f40d3eaedd896521,gwas_credible_sets,ENSG00000132855,ANGPTL3,MONDO_0005011,0.17694243788719177,,,unknown,,2023-05-08
da8b9f319b14facf0a8f0ba3b47ee98bc9945c60,gwas_credible_sets,ENSG00000162594,IL23R,MONDO_0005539,0.17642562091350555,,,unknown,,2023-01-18
50604e895b0b2603290f3b879218cda7ce59365b,gwas_credible_sets,ENSG00000119402,FBXW2,MONDO_0005011,0.1764175146818161,,,unknown,,2023-01-18
771afbba2c3c53f6efd49b48ab84a4f734b8a95c,gwas_credible_sets,ENSG00000155313,USP25,MONDO_0005011,0.1763548105955124,,,unknown,,2023-05-08
d61130dfd7d1b2e78252d6413a0b71699e6f99ae,gwas_credible_sets,ENSG00000130208,APOC1,MONDO_0005011,0.17608340084552765,,,unknown,,2023-01-18
ab0767f7d1ef870436beadfb859a8d25460892b9,gwas_credible_sets,ENSG00000095794,CREM,MONDO_0005011,0.1760016679763794,,,unknown,,2017-01-09
299754fa459a1234a7377d721e6746cef2243fa8,gwas_credible_sets,ENSG00000108179,PPIF,MONDO_0005011,0.17588946223258972,,,unknown,,2016-03-14
de04eec526330b0ffc78b6568ddccb6e819086c2,gwas_credible_sets,ENSG00000173171,MTX1,MONDO_0005011,0.17575284838676453,,,unknown,,2023-05-08
e02544ad252a09fc418a316bf7ea41a637fe1c96,gwas_credible_sets,ENSG00000173171,MTX1,MONDO_0005011,0.17575284838676453,,,unknown,,2017-01-09
8d5648e3dd36d5a4e0120b2f0e800c7f8ccd63c2,gwas_credible_sets,ENSG00000081985,IL12RB2,MONDO_0005011,0.17561109364032745,,,unknown,,2016-03-14
0d69399a010fe1fa69269c336ccced2f0bbaf15c,gwas_credible_sets,ENSG00000065361,ERBB3,MONDO_0005011,0.17514777183532715,,,unknown,,2015-08-24
9ddda708d682de966dedb240d73d6b35462d9fae,gwas_credible_sets,ENSG00000124120,TTPAL,MONDO_0005011,0.1745852380990982,,,unknown,,2016-03-14
0b0f0ba164791695b5f6300ebf4124c25b7efdf4,gwas_credible_sets,ENSG00000167207,NOD2,MONDO_0005011,0.17429684102535248,,,unknown,,2023-05-23
ebb35d2237a5c66fd8e7f97637a95956f260ce9c,gwas_credible_sets,ENSG00000116288,PARK7,MONDO_0005011,0.17419417202472687,,,unknown,,2023-05-08
7fa31dc53b189e2b28016e1a3af089a390067cff,gwas_credible_sets,ENSG00000174123,TLR10,MONDO_0005011,0.17415305972099304,,,unknown,,2023-05-08
56d7ab216e842fc9e13db2a954655dd908cf2a07,gwas_credible_sets,ENSG00000138160,KIF11,MONDO_0005011,0.17411507666110992,,,unknown,,2016-03-14
2b5ea4b41eb89a10af4ed2586e19b6621483dd85,gwas_credible_sets,ENSG00000237693,IRGM,MONDO_0005011,0.17399054765701294,,,unknown,,2023-05-08
8beb50c624fffe67caeda1eea7d80253318d4442,gwas_credible_sets,ENSG00000083799,CYLD,MONDO_0005011,0.17395786941051483,,,unknown,,2024-07-19
a3c1972f9b965c4a4f2e94b76ba7df95a423e14b,gwas_credible_sets,ENSG00000132357,CARD6,MONDO_0005011,0.17365328967571259,,,unknown,,2016-03-14
04340e3c7ca0024c0dca79d697f7414497b2e0e4,gwas_credible_sets,ENSG00000178257,PRM3,MONDO_0005011,0.17307046055793762,,,unknown,,2012-04-01
f884da43d869908c4b2941a0e433f508fccd4d22,gwas_credible_sets,ENSG00000251493,FOXD1,MONDO_0005011,0.17148500680923462,,,unknown,,2012-11-01
a2d4a23fd7c9d51edae42d59a8242a336c6d6b0c,gwas_credible_sets,ENSG00000108179,PPIF,MONDO_0005011,0.17091962695121765,,,unknown,,2015-08-24
2eaa49bebfa091768910d07db32e66eaa91000f6,gwas_credible_sets,ENSG00000174437,ATP2A2,MONDO_0005011,0.17045804858207703,,,unknown,,2023-05-08
3310eef9ed80fbd01b5bbe69df575baa13027b70,gwas_credible_sets,ENSG00000174437,ATP2A2,MONDO_0005011,0.17045804858207703,,,unknown,,2023-05-08
159810ce7be48a4a8116b8f49df2ae3fe0126484,gwas_credible_sets,ENSG00000197375,SLC22A5,MONDO_0005011,0.17041811347007751,,,unknown,,2024-04-15
14c2fd33e46f9861e003af99d02c5604b7cc4d61,gwas_credible_sets,ENSG00000115604,IL18R1,MONDO_0005011,0.17012420296669006,,,unknown,,2023-05-08
b01c994d2b670297e76ae1b0b15a4a3afc0ecb9a,gwas_credible_sets,ENSG00000112936,C7,MONDO_0005011,0.16969065368175507,,,unknown,,2023-07-31
7d17eef20aeee1595c885eb3e6e834f86e6d9634,gwas_credible_sets,ENSG00000103599,IQCH,MONDO_0005011,0.1696891337633133,,,unknown,,2015-08-24
4db509d5a7fdbcc9302f5e8be555c6652a783087,gwas_credible_sets,ENSG00000106052,TAX1BP1,MONDO_0005011,0.1695171594619751,,,unknown,,2012-11-01
97c177a47d885713e990d21d3ade0f9957243ab9,gwas_credible_sets,ENSG00000143226,FCGR2A,MONDO_0005011,0.1692199856042862,,,unknown,,2016-03-14
8fb2a836df5aea66739ae7423670127d9d846692,gwas_credible_sets,ENSG00000145592,RPL37,MONDO_0005011,0.16887526214122772,,,unknown,,2010-11-21
bf4753779c1fa504b3920123a91014a4c40c4e4f,gwas_credible_sets,ENSG00000171262,TSLIG3B,MONDO_0005011,0.1686943918466568,,,unknown,,2023-12-26
eee1438bb6099e1187c72293d8eec9aa05884c0d,gwas_credible_sets,ENSG00000162928,PEX13,MONDO_0005011,0.1684931069612503,,,unknown,,2023-05-08
21d7170164da667507ca730ad5c668e2a1e906ea,gwas_credible_sets,ENSG00000245848,CEBPA,MONDO_0005011,0.16830749809741974,,,unknown,,2023-05-08
fa2f8a51e09ea6eb7148e29ce58062ea01904095,gwas_credible_sets,ENSG00000164068,RNF123,MONDO_0005011,0.16825740039348602,,,unknown,,2023-01-18
4feee55d1e6602c5f39ec3e32c312431f607de6b,gwas_credible_sets,ENSG00000145592,RPL37,MONDO_0005011,0.1680174022912979,,,unknown,,2007-06-01
6a19b68ec50346c2108f47578bed6884628eedba,gwas_credible_sets,ENSG00000103599,IQCH,MONDO_0005011,0.16785487532615662,,,unknown,,2023-05-08
d57292759040774d19575eb73d38a45a546509e8,gwas_credible_sets,ENSG00000197050,ZNF420,MONDO_0005011,0.16785217821598053,,,unknown,,2023-05-08
511db0a76d7b1af6c34990d4a53f2e33c75c609d,gwas_credible_sets,ENSG00000180251,SLC9A4,MONDO_0005011,0.16772952675819397,,,unknown,,2023-05-08
f5c9e47be994cbb2e50fc6edce4e0e9e8de0687b,gwas_credible_sets,ENSG00000169194,IL13,MONDO_0005011,0.16749903559684753,,,unknown,,2023-05-08
66482f0577ec38bf95a6884961be2d255bacca0e,gwas_credible_sets,ENSG00000185338,SOCS1,MONDO_0005011,0.16747912764549255,,,unknown,,2016-03-14
1db1c10bf7e41947d0458b58322c6fdb6469561c,gwas_credible_sets,ENSG00000108094,CUL2,MONDO_0005011,0.16746583580970764,,,unknown,,2016-03-14
672b43906d6eda79d9072aec705e8766d6b94bb0,gwas_credible_sets,ENSG00000197959,DNM3,MONDO_0005011,0.16743701696395874,,,unknown,,2016-03-14
11a5af93e274d5850a796232bafe1e4df3c405a7,gwas_credible_sets,ENSG00000131471,AOC3,MONDO_0005011,0.16650186479091644,,,unknown,,2017-01-09
06cb387861f9897b71bbf8c41f75312fc03704ea,gwas_credible_sets,ENSG00000108179,PPIF,MONDO_0005011,0.16648392379283905,,,unknown,,2010-11-21
a4ed3316d59997c4f99834b458451be157069064,gwas_credible_sets,ENSG00000164855,TMEM184A,MONDO_0005011,0.16633647680282593,,,unknown,,2023-12-26
7abf8bc1e724f844d92da4c7f7d0a05702c1abb4,gwas_credible_sets,ENSG00000078098,FAP,MONDO_0005011,0.1661214679479599,,,unknown,,2016-03-14
2b607756e875d32ed21966457824ec0a7e615d51,gwas_credible_sets,ENSG00000106952,TNFSF8,MONDO_0005011,0.16573838889598846,,,unknown,,2023-01-18
182a085b7a690f439fa5b8bfdab6cfa918c4a353,gwas_credible_sets,ENSG00000145592,RPL37,MONDO_0005011,0.16569869220256805,,,unknown,,2016-03-14
2083e8d94a6fdf00db37499612bfc5fa3b9f650c,gwas_credible_sets,ENSG00000119953,SMNDC1,MONDO_0005011,0.1655329465866089,,,unknown,,2013-07-14
7811db8b94f60541244dc4e7d3e4c6a138797ce6,gwas_credible_sets,ENSG00000145632,PLK2,MONDO_0005011,0.16528122127056122,,,unknown,,2024-07-19
15975fd5e9c84f25d96f7a60ac2ae9435ced0a0b,gwas_credible_sets,ENSG00000103599,IQCH,MONDO_0005011,0.16502709686756134,,,unknown,,2016-03-14
19132d4018ddd8b37fb1b11a8ec3ee0506504990,gwas_credible_sets,ENSG00000167208,SNX20,MONDO_0005011,0.16499900817871094,,,unknown,,2017-01-09
84ac57748b52390a36cc73ec799bdf81a41a737b,gwas_credible_sets,ENSG00000111540,RAB5B,MONDO_0005011,0.16476750373840332,,,unknown,,2015-08-24
7a16265dee139ba0628a18d2bb4b6f1fc25fe7bf,gwas_credible_sets,ENSG00000105991,HOXA1,MONDO_0005011,0.1647253781557083,,,unknown,,2016-03-14
1ab905f2382b2469f46f3ad09d9cffd0540749ca,gwas_credible_sets,ENSG00000237693,IRGM,MONDO_0005011,0.1633482277393341,,,unknown,,2024-04-15
42eedf6279bb089e8ea2c5416b716969996a73eb,gwas_credible_sets,ENSG00000171988,JMJD1C,MONDO_0005011,0.1633342206478119,,,unknown,,2015-01-01
dfed797e07089aaef0f79698c7683c880e660685,gwas_credible_sets,ENSG00000100321,SYNGR1,MONDO_0005011,0.16326187551021576,,,unknown,,2017-01-09
0ab99d7f3ea58081e44141c39516cc5e507975dd,gwas_credible_sets,ENSG00000023516,AKAP11,MONDO_0005011,0.16324909031391144,,,unknown,,2023-05-08
408f319111376756a71b3b1d1df559ec758bed9e,gwas_credible_sets,ENSG00000102743,SLC25A15,MONDO_0005011,0.16293242573738098,,,unknown,,2016-03-14
e532cd080ed94776962a8d4f19cdee637490c725,gwas_credible_sets,ENSG00000138311,ZNF365,MONDO_0005011,0.16286014020442963,,,unknown,,2017-01-09
d0a28418c896ccf565c3689b3473cab3c53adcb8,gwas_credible_sets,ENSG00000178279,TNP2,MONDO_0005011,0.16263295710086823,,,unknown,,2023-05-08
ca2e2568eadbfd01507aa32ca288eeedb6e885f6,gwas_credible_sets,ENSG00000152430,BOLL,MONDO_0005011,0.16248072683811188,,,unknown,,2010-11-21
e22b82f36053f1ace84bb2c8719c37cad6d1c785,gwas_credible_sets,ENSG00000169508,GPR183,MONDO_0005011,0.1623469591140747,,,unknown,,2023-05-08
0e7336fc0c783b685d91f678088c5878f4cff12c,gwas_credible_sets,ENSG00000108688,CCL7,MONDO_0005011,0.1622026562690735,,,unknown,,2016-03-14
90e402caa46fbe72455623c16fb3b3bc0122adf6,gwas_credible_sets,ENSG00000113525,IL5,MONDO_0005011,0.16195368766784668,,,unknown,,2016-03-14
1626f7547157fbef8c5d42c5d6e8fd2a297d989a,gwas_credible_sets,ENSG00000167207,NOD2,MONDO_0005011,0.16179624199867249,,,unknown,,2021-11-04
57bed18d9142bae24718ffa08869635afb546fb1,gwas_credible_sets,ENSG00000175643,RMI2,MONDO_0005011,0.16111226379871368,,,unknown,,2017-01-09
88beab50bfd201d1a37e47d6a493ae43a02d428f,gwas_credible_sets,ENSG00000176046,NUPR1,MONDO_0005011,0.16100600361824036,,,unknown,,2016-03-14
8132a039cc373d14f7cb50d96b4c4f36a38b355a,gwas_credible_sets,ENSG00000171988,JMJD1C,MONDO_0005011,0.16055656969547272,,,unknown,,2008-06-29
df91081b1346b356e6cc331faf3c4572d4bd62b9,gwas_credible_sets,ENSG00000234906,APOC2,MONDO_0005011,0.1604130119085312,,,unknown,,2023-01-18
f700117a433fcde2b8499a0926eac8267d39f63e,gwas_credible_sets,ENSG00000115616,SLC9A2,MONDO_0005011,0.1603265106678009,,,unknown,,2022-05-05
4d31ef53306e6a8d5e02c019f00e475203a8764d,gwas_credible_sets,ENSG00000153093,ACOXL,MONDO_0005011,0.16026856005191803,,,unknown,,2023-01-18
3c85d346da2133a7231236b9d20921a718590016,gwas_credible_sets,ENSG00000186075,ZPBP2,MONDO_0005011,0.16023103892803192,,,unknown,,2008-06-29
52e335a2ab27727828c88b3d3b64a3255258a899,gwas_credible_sets,ENSG00000186075,ZPBP2,MONDO_0005011,0.16023103892803192,,,unknown,,2010-11-21
0cb1e2e506cfd766f79187dec149bcde6c566a9c,gwas_credible_sets,ENSG00000247626,MARS2,MONDO_0005011,0.16015808284282684,,,unknown,,2010-11-21
80ee81deca6879f753ca80cbbffd7f33d23e76e0,gwas_credible_sets,ENSG00000145592,RPL37,MONDO_0005539,0.15966813266277313,,,unknown,,2023-01-18
ee5f6a9451bd0edeb0939cac4ff8f67ffb5a6de3,gwas_credible_sets,ENSG00000157778,PSMG3,MONDO_0005011,0.15966303646564484,,,unknown,,2023-12-26
e8a5e944803dc01e7e96e243f0550d1da60e33f7,gwas_credible_sets,ENSG00000083799,CYLD,MONDO_0005011,0.15946432948112488,,,unknown,,2007-08-08
a28d1e327e517eeeec03d00d3ff57874988c12f8,gwas_credible_sets,ENSG00000146540,CHLSN,MONDO_0005011,0.15880876779556274,,,unknown,,2023-05-08
fc4738e5377f461c5a0045588719aed3f0cd6951,gwas_credible_sets,ENSG00000162928,PEX13,MONDO_0005011,0.15870866179466248,,,unknown,,2017-01-09
82730520a6639d6569caebb91b5c31ba1e0c5638,gwas_credible_sets,ENSG00000145020,AMT,MONDO_0005011,0.15839484333992004,,,unknown,,2017-01-09
82e654d9cb9e4fed42e1ad98132cdef81866bf96,gwas_credible_sets,ENSG00000251493,FOXD1,MONDO_0005011,0.15837717056274414,,,unknown,,2016-03-14
9a891f983ca4ae51fda088432e3ace2b8d164db7,gwas_credible_sets,ENSG00000064601,CTSA,MONDO_0005011,0.15826092660427094,,,unknown,,2023-05-08
b22b15bdc4a6634c503fd4d9724ce23c745e8825,gwas_credible_sets,ENSG00000167244,IGF2,MONDO_0005011,0.1579779088497162,,,unknown,,2015-08-24
b6282318969b7810211622529ce85a16321033de,gwas_credible_sets,ENSG00000213066,CEP43,MONDO_0005011,0.15783697366714478,,,unknown,,2023-01-18
c020f3e7dfd4ffea6ecdd6521a91a9e651156099,gwas_credible_sets,ENSG00000188603,CLN3,MONDO_0005011,0.157819464802742,,,unknown,,2023-01-18
c0d870ce3df3c447503339362960e7850fe56def,gwas_credible_sets,ENSG00000203896,LIME1,MONDO_0005011,0.15746638178825378,,,unknown,,2023-05-08
61f5a1ae22ad2d6766581b64df1456520089966c,gwas_credible_sets,ENSG00000175354,PTPN2,MONDO_0005011,0.1573304533958435,,,unknown,,2008-06-29
f4e79f0eddfb709b766a3f8fe1b6dd5f050528bf,gwas_credible_sets,ENSG00000152430,BOLL,MONDO_0005011,0.15710113942623138,,,unknown,,2023-05-08
16a106122aabe7018af77b48a8995c2b539778ad,gwas_credible_sets,ENSG00000103599,IQCH,MONDO_0005011,0.15612538158893585,,,unknown,,2010-11-21
b07c78d72ad3008ec2ca3297c57926bbe88c1384,gwas_credible_sets,ENSG00000106266,SNX8,MONDO_0005011,0.15605176985263824,,,unknown,,2023-12-26
b3a6763cb05f4a3f4baf2f381f99b1f23ccac364,gwas_credible_sets,ENSG00000142789,CELA3A,MONDO_0005011,0.15524809062480927,,,unknown,,2023-05-08
3137636cd8668ca723d7c8185b8324153049c219,gwas_credible_sets,ENSG00000109471,IL2,MONDO_0005011,0.15519656240940094,,,unknown,,2023-12-26
dbed4b2db42a6beb8c8c60e1e7ef7a9ac14dbab3,gwas_credible_sets,ENSG00000213066,CEP43,MONDO_0005011,0.1551094651222229,,,unknown,,2024-04-15
7c89b777858ed3768c5c68535efed73b7f00c4c4,gwas_credible_sets,ENSG00000108094,CUL2,MONDO_0005011,0.15454289317131042,,,unknown,,2023-01-18
dde67d82f5b38a560dbe520c2882aa564d5376ad,gwas_credible_sets,ENSG00000145592,RPL37,MONDO_0005011,0.15452773869037628,,,unknown,,2023-05-08
a3f1b7877ea105be2fcabab42b2de4bf14e008b5,gwas_credible_sets,ENSG00000106263,EIF3B,MONDO_0005011,0.15432655811309814,,,unknown,,2023-12-26
20de05d20bfdbcf87d765df1db646736468c4ffe,gwas_credible_sets,ENSG00000155903,RASA2,MONDO_0005011,0.15417051315307617,,,unknown,,2023-05-08
c3f27787c094a996fb84b7222bac09082d276a11,gwas_credible_sets,ENSG00000162928,PEX13,MONDO_0005011,0.1540166139602661,,,unknown,,2011-01-27
edf2e5ad504d432bb5af28765c01aad1206092c8,gwas_credible_sets,ENSG00000168961,LGALS9,MONDO_0005011,0.1539650708436966,,,unknown,,2016-03-14
6732f2d6ad54b48b293f416f65d779ab5008e4a7,gwas_credible_sets,ENSG00000122378,PRXL2A,MONDO_0005011,0.1538747400045395,,,unknown,,2016-03-14
5e166e674187e96ed53422306119973d4787e0f4,gwas_credible_sets,ENSG00000105401,CDC37,MONDO_0005011,0.153358593583107,,,unknown,,2023-05-08
c1fcdcc284f884016260fb846767bc713c8eb2b6,gwas_credible_sets,ENSG00000171988,JMJD1C,MONDO_0005011,0.15320855379104614,,,unknown,,2015-08-24
a40bbefec1c2a4c3070f3036d86c955cd6e01d0b,gwas_credible_sets,ENSG00000168496,FEN1,MONDO_0005011,0.15300865471363068,,,unknown,,2010-11-21
bba64784cf6534e619e3202e50f3ab81f302ec74,gwas_credible_sets,ENSG00000081985,IL12RB2,MONDO_0005011,0.15282690525054932,,,unknown,,2008-06-29
97592ea82fd9dc8fb32e40f3d7444bc57d11494a,gwas_credible_sets,ENSG00000049247,UTS2,MONDO_0005011,0.152669757604599,,,unknown,,2010-11-21
e8623e1550863f5a93fbce65be3616e2ad4f8b7e,gwas_credible_sets,ENSG00000117560,FASLG,MONDO_0005011,0.15236927568912506,,,unknown,,2017-01-09
f9f0ee0ef94717111e165de9970d6def71199a11,gwas_credible_sets,ENSG00000117560,FASLG,MONDO_0005011,0.15207180380821228,,,unknown,,2012-11-01
c27e06962371f972e27fecba83fa652398abcaf7,gwas_credible_sets,ENSG00000172977,KAT5,MONDO_0005011,0.15200293064117432,,,unknown,,2023-01-18
6c5b58fa3a8faf6c3c7fe91f1308854325a4b9fd,gwas_credible_sets,ENSG00000160752,FDPS,MONDO_0005011,0.151676744222641,,,unknown,,2010-11-21
f79aa96329c58ddba3b4990117b2248d98bc7b76,gwas_credible_sets,ENSG00000256235,SMIM3,MONDO_0005011,0.15137822926044464,,,unknown,,2010-11-21
493f9715f84d09ea70afe99a5d00b586e440561a,gwas_credible_sets,ENSG00000119953,SMNDC1,MONDO_0005011,0.1513163298368454,,,unknown,,2023-07-31
1cb3cc242ae21ff0160b1bd62920bd64e8b87fc2,gwas_credible_sets,ENSG00000117560,FASLG,MONDO_0005011,0.15099407732486725,,,unknown,,2010-11-21
41034a8dacbd57b0da50e8cc7b96c485a429c19d,gwas_credible_sets,ENSG00000132356,PRKAA1,MONDO_0005011,0.15072742104530334,,,unknown,,2023-01-18
592bd80be98cbd7d0c833718e31d5562716c0457,gwas_credible_sets,ENSG00000239732,TLR9,MONDO_0005011,0.14989006519317627,,,unknown,,2023-12-26
a1c12801010403c6a32fbab15c9e560fabcaaabb,gwas_credible_sets,ENSG00000100330,MTMR3,MONDO_0005011,0.14964132010936737,,,unknown,,2016-03-14
58c30d1b28d0e447b81aa7881a37404d9f1384e8,gwas_credible_sets,ENSG00000157111,TMEM171,MONDO_0005011,0.1492801308631897,,,unknown,,2012-11-01
c041b1d6fc82237db8b652aadd3c7416f46b32d8,gwas_credible_sets,ENSG00000132357,CARD6,MONDO_0005011,0.14915348589420319,,,unknown,,2007-06-01
aab9eb890418acc057edd2a9619a5309c53ab02b,gwas_credible_sets,ENSG00000026297,RNASET2,MONDO_0005011,0.14901942014694214,,,unknown,,2023-05-08
a233e4d4ae429cbe12f60257f00dc50b927c1410,gwas_credible_sets,ENSG00000042813,ZPBP,MONDO_0005011,0.14900122582912445,,,unknown,,2008-06-29
867eae0259c5453120a45db718ecea174296af3d,gwas_credible_sets,ENSG00000119953,SMNDC1,MONDO_0005011,0.14879637956619263,,,unknown,,2023-05-08
246794c67b64b032e22d84a4edf6c3291b4e3585,gwas_credible_sets,ENSG00000119953,SMNDC1,MONDO_0005011,0.14877136051654816,,,unknown,,2017-01-09
0cb047802ce915f0603e7f9d047e266358713e96,gwas_credible_sets,ENSG00000161904,LEMD2,MONDO_0005011,0.14862608909606934,,,unknown,,2023-05-08
277ec16f7fcd4e4291f70243cb61bff89619b34e,gwas_credible_sets,ENSG00000167208,SNX20,MONDO_0005011,0.14846861362457275,,,unknown,,2023-05-08
e07cde3a48eb71434855c530c22dcf2106ac0674,gwas_credible_sets,ENSG00000167208,SNX20,MONDO_0005011,0.14846861362457275,,,unknown,,2017-01-09
452e08f7775c4112109d45feb48e4bf27d3cf8a5,gwas_credible_sets,ENSG00000160223,ICOSLG,MONDO_0005011,0.14841066300868988,,,unknown,,2017-01-09
f805c4c687405e4e9679ae89bb0cd2775c94a37e,gwas_credible_sets,ENSG00000101624,CEP76,MONDO_0005011,0.14829716086387634,,,unknown,,2008-06-29
08955ddba427cad9aadcbe6d4bbec10018059b1b,gwas_credible_sets,ENSG00000136213,CHST12,MONDO_0005011,0.1480225771665573,,,unknown,,2023-12-26
7fd2e7e63b1df04cb346052bbcedb8f1f29ab3f1,gwas_credible_sets,ENSG00000113525,IL5,MONDO_0005539,0.14796707034111023,,,unknown,,2023-01-18
a6d37c05626919ca6b076b0cb6ad59a124e6217c,gwas_credible_sets,ENSG00000163599,CTLA4,MONDO_0005011,0.14766450226306915,,,unknown,,2023-01-18
24cf3e61da61faa0f40e124b44c3bed4086174e8,gwas_credible_sets,ENSG00000162552,WNT4,MONDO_0005011,0.14762744307518005,,,unknown,,2016-03-14
fefbb6a321445d42b1dd6b535de347f27b175da5,gwas_credible_sets,ENSG00000162928,PEX13,MONDO_0005011,0.14760558307170868,,,unknown,,2012-03-08
c17228b4166f50e0c0934a005ca69f71bbce6f50,gwas_credible_sets,ENSG00000174123,TLR10,MONDO_0005011,0.14755259454250336,,,unknown,,2023-05-08
0af9332600b1b1ffffe44da69ddc6ee362649cec,gwas_credible_sets,ENSG00000103599,IQCH,MONDO_0005011,0.14738038182258606,,,unknown,,2017-01-09
04980936df224d1cdd4e970c0225c70d60079b49,gwas_credible_sets,ENSG00000108688,CCL7,MONDO_0005011,0.1471853107213974,,,unknown,,2023-06-01
e8d956e97d77cbb09063f64f1301d465497c3b99,gwas_credible_sets,ENSG00000173369,C1QB,MONDO_0005011,0.14700333774089813,,,unknown,,2016-03-14
bb5aa96f6a024163d5a88b5e9ec8762a962c1049,gwas_credible_sets,ENSG00000070831,CDC42,MONDO_0005011,0.14698822796344757,,,unknown,,2023-05-08
b2b84745536da1e25e64df3b220867fb4ef8336f,gwas_credible_sets,ENSG00000162928,PEX13,MONDO_0005011,0.14682108163833618,,,unknown,,2016-03-14
81841b6c7e21d012dec93e4639c82a83b6e9ed2b,gwas_credible_sets,ENSG00000135845,PIGC,MONDO_0005011,0.1464056372642517,,,unknown,,2023-05-08
8e65f57408f001671f75d408f5da22d3ff534c37,gwas_credible_sets,ENSG00000132357,CARD6,MONDO_0005011,0.14636434614658356,,,unknown,,2023-01-18
cc821dd5c14f188a3eb69f64febdebaa56fb3bb1,gwas_credible_sets,ENSG00000134278,SPIRE1,MONDO_0005011,0.14636020362377167,,,unknown,,2023-05-08
7377a279ac1eb920fe576c90a0a75d665839f34d,gwas_credible_sets,ENSG00000142224,IL19,MONDO_0005011,0.14632253348827362,,,unknown,,2023-01-18
52c0e7329c95986a79f2b3abacf61940dcb25e2b,gwas_credible_sets,ENSG00000159128,IFNGR2,MONDO_0005011,0.1459321230649948,,,unknown,,2023-05-08
f253a913da75a3569d667e9fffadfdcd7228ddbc,gwas_credible_sets,ENSG00000106052,TAX1BP1,MONDO_0005011,0.14586414396762848,,,unknown,,2023-05-08
7d63d00ef78bccfef19e64e37e39073b5cced1f5,gwas_credible_sets,ENSG00000167208,SNX20,MONDO_0005011,0.1458350270986557,,,unknown,,2007-06-01
66b6328750ac1896e8baa0531fdaf06b9b213206,gwas_credible_sets,ENSG00000132357,CARD6,MONDO_0005011,0.14580395817756653,,,unknown,,2008-06-29
47ea5aa0bac7862b9548b6e260753fda61eb5b50,gwas_credible_sets,ENSG00000124226,RNF114,MONDO_0005011,0.14573536813259125,,,unknown,,2016-03-14
01ffb9b50c83d10a4139266e4efc72dac379d053,gwas_credible_sets,ENSG00000172179,PRL,MONDO_0005011,0.1455308198928833,,,unknown,,2023-01-18
eb3aa3a47c944d4f92dc187d4fea25866069854e,gwas_credible_sets,ENSG00000151773,CCDC122,MONDO_0005011,0.14523980021476746,,,unknown,,2017-01-09
b0733c5191b254691af5fd819dac27433a3d22c9,gwas_credible_sets,ENSG00000116285,ERRFI1,MONDO_0005011,0.1451532393693924,,,unknown,,2016-03-14
6fd55507d95a72c67c42975d1d1fc57af839504a,gwas_credible_sets,ENSG00000151773,CCDC122,MONDO_0005011,0.14483676850795746,,,unknown,,2023-05-08
37d4f98e12955fe0b5f7fff61d7bc7516ec9cf5f,gwas_credible_sets,ENSG00000175646,PRM1,MONDO_0005011,0.1447409838438034,,,unknown,,2016-03-14
776c685160f19548b539855ffc5619d40de4a01b,gwas_credible_sets,ENSG00000122877,EGR2,MONDO_0005011,0.144492968916893,,,unknown,,2018-11-29
371a16e3b758b7b710f3e9336aa10e739715ae47,gwas_credible_sets,ENSG00000186889,TMEM17,MONDO_0005011,0.14448778331279755,,,unknown,,2023-05-08
f12df2b2a593831190a0d73e71d4004222c39bf8,gwas_credible_sets,ENSG00000108179,PPIF,MONDO_0005011,0.1443285197019577,,,unknown,,2023-05-08
cf39b8b030cd547f3a1fddaa284681d4d000a5d3,gwas_credible_sets,ENSG00000174125,TLR1,MONDO_0005011,0.14425398409366608,,,unknown,,2023-05-08
42af6222d5d90df99af8924393a598b5b064a042,gwas_credible_sets,ENSG00000128789,PSMG2,MONDO_0005011,0.14413295686244965,,,unknown,,2008-06-29
bbc6f5ecc0fa87f0884398cb8a63f44b9247019c,gwas_credible_sets,ENSG00000173402,DAG1,MONDO_0005011,0.1434285044670105,,,unknown,,2008-06-29
e6e7da1e9dbf3531df6451b3a08ca7e7c3e8a74a,gwas_credible_sets,ENSG00000134352,IL6ST,MONDO_0005011,0.1433534026145935,,,unknown,,2012-11-01
932838a416e4166a61f411710e3f3cccae68140b,gwas_credible_sets,ENSG00000157111,TMEM171,MONDO_0005011,0.14304499328136444,,,unknown,,2016-03-14
6be5732db317d44f4962052b93d9e158be99e27b,gwas_credible_sets,ENSG00000178279,TNP2,MONDO_0005011,0.14303714036941528,,,unknown,,2017-01-09
611e7b270d41f71c68aa808c0fe7236ec691394e,gwas_credible_sets,ENSG00000167208,SNX20,MONDO_0005011,0.14278869330883026,,,unknown,,2025-01-09
80fac25ccc3611483ac7b7a49ba87b67a46e4579,gwas_credible_sets,ENSG00000197375,SLC22A5,MONDO_0005011,0.1426660269498825,,,unknown,,2020-02-05
bdcd0fe6fc034b163e972a1d22f92afa5e26b107,gwas_credible_sets,ENSG00000145592,RPL37,MONDO_0005011,0.14242962002754211,,,unknown,,2017-01-09
1e42922a8850cfa7ee3b8b1f3700800a3cb18b1c,gwas_credible_sets,ENSG00000185056,C5orf47,MONDO_0005011,0.1422564834356308,,,unknown,,2016-03-14
38f1dce5a2f5b983e6424b365bd6ab33e8425788,gwas_credible_sets,ENSG00000170128,GPR25,MONDO_0005011,0.14222176373004913,,,unknown,,2023-05-08
b65a201e9b5b489fa917ebc074daf86d84faf7fb,gwas_credible_sets,ENSG00000164638,SLC29A4,MONDO_0005011,0.14217786490917206,,,unknown,,2023-05-08
403e47475fde431916b041dafeb9cae6b1055a36,gwas_credible_sets,ENSG00000145020,AMT,MONDO_0005011,0.14210952818393707,,,unknown,,2008-06-29
068c945f65375694ca63d241e518d800fcf3e7c5,gwas_credible_sets,ENSG00000174123,TLR10,MONDO_0005011,0.14185091853141785,,,unknown,,2023-07-31
b68a3b628e3ca2f7c2e4234470e5aa64f6364c1b,gwas_credible_sets,ENSG00000188603,CLN3,MONDO_0005011,0.14165617525577545,,,unknown,,2015-08-24
257eccc58964857298fa2ffab289fc2892ac0231,gwas_credible_sets,ENSG00000115970,THADA,MONDO_0005011,0.1413770169019699,,,unknown,,2016-03-14
96b326e458d656c8d30e4c493d2e915d00e87411,gwas_credible_sets,ENSG00000122877,EGR2,MONDO_0005011,0.14088401198387146,,,unknown,,2023-05-08
34d7a027d30fc1bf6eb39867ce7e50eb2f4d5510,gwas_credible_sets,ENSG00000169231,THBS3,MONDO_0005011,0.1405647099018097,,,unknown,,2016-03-14
6d8535ba39fa3ef3809c78b3d98aa4bab5a78ff5,gwas_credible_sets,ENSG00000157870,PRXL2B,MONDO_0005011,0.14040490984916687,,,unknown,,2016-03-14
9566dd98ce9154b849049805f1450f90522e9c6f,gwas_credible_sets,ENSG00000113520,IL4,MONDO_0005011,0.13983705639839172,,,unknown,,2023-01-18
03aeaa977f181c1119f99722cc0b919149178026,gwas_credible_sets,ENSG00000049245,VAMP3,MONDO_0005011,0.13966867327690125,,,unknown,,2010-11-21
b3a83dd26e410dff78f523cae897b216ecd0c96a,gwas_credible_sets,ENSG00000145592,RPL37,MONDO_0005011,0.1393132209777832,,,unknown,,2023-01-18
ff4496d71347dcfdd67f7622ea142cef2ee407b8,gwas_credible_sets,ENSG00000174125,TLR1,MONDO_0005011,0.13919945061206818,,,unknown,,2023-05-08
ab52abb34f529b585f4bdd3e280bb735902e2ae8,gwas_credible_sets,ENSG00000132357,CARD6,MONDO_0005011,0.13893559575080872,,,unknown,,2023-01-18
077c8346520ebf7869f288966fba18a134e53b7e,gwas_credible_sets,ENSG00000181634,TNFSF15,MONDO_0005011,0.13881994783878326,,,unknown,,2023-01-18
a1a066f90feaa094745bccec55fda975760c758d,gwas_credible_sets,ENSG00000181634,TNFSF15,MONDO_0005011,0.13881994783878326,,,unknown,,2023-01-18
1c9211ad573591d22c5d0563b5ac2ac754092001,gwas_credible_sets,ENSG00000145020,AMT,MONDO_0005011,0.1384306401014328,,,unknown,,2010-11-21
2cf4f00a5e4eb13c94aee1fc6599a837386302ee,gwas_credible_sets,ENSG00000135845,PIGC,MONDO_0005011,0.1381578892469406,,,unknown,,2016-03-14
727d4a8614536a16662c23a327b2bbbe863fa59d,gwas_credible_sets,ENSG00000267467,APOC4,MONDO_0005011,0.1372402459383011,,,unknown,,2023-01-18
acc4ff4042a7c89c00c9a3900a116f8f195a07db,gwas_credible_sets,ENSG00000173264,GPR137,MONDO_0005011,0.13712872564792633,,,unknown,,2010-11-21
2c49eb2dad2acde1ba8757dc23eee3c3f0275df2,gwas_credible_sets,ENSG00000145592,RPL37,MONDO_0005011,0.13674327731132507,,,unknown,,2023-01-18
14ede570874b6ef5cca28e09e462475aac736b7d,gwas_credible_sets,ENSG00000151033,LYZL2,MONDO_0005011,0.13671384751796722,,,unknown,,2017-01-09
398d947cb5036c39950d3ed68932edb29de002e9,gwas_credible_sets,ENSG00000177469,CAVIN1,MONDO_0005011,0.13650573790073395,,,unknown,,2017-01-09
7540df610f7c426a479a329777f58e10116b7208,gwas_credible_sets,ENSG00000135926,TMBIM1,MONDO_0005011,0.1362716108560562,,,unknown,,2023-05-08
c858c1fd45d13c14a0dcaf43ce56091dbb29c798,gwas_credible_sets,ENSG00000083799,CYLD,MONDO_0005011,0.1361750215291977,,,unknown,,2017-01-09
a152b3ae79563a1ec7bc6bbdea73ef1c5475d328,gwas_credible_sets,ENSG00000186889,TMEM17,MONDO_0005011,0.13612252473831177,,,unknown,,2012-11-01
3f578fa7b4c6eee5a42ac24da9177d4f813f8bf8,gwas_credible_sets,ENSG00000083799,CYLD,MONDO_0005011,0.13607940077781677,,,unknown,,2022-05-05
88437e0dc180b55e3ae44ac2606aefcb7be68e95,gwas_credible_sets,ENSG00000196502,SULT1A1,MONDO_0005011,0.1358773559331894,,,unknown,,2015-08-24
ff914916a076778f908ba58dd75a10f21120be22,gwas_credible_sets,ENSG00000143630,HCN3,MONDO_0005011,0.13568459451198578,,,unknown,,2010-11-21
0bfb54ccb6a20448acdf48c9a50da74111556cda,gwas_credible_sets,ENSG00000186583,SPATC1,MONDO_0005011,0.13568373024463654,,,unknown,,2017-01-09
bb37b686e4a54983ddeff2295d8d6cb3dd04c592,gwas_credible_sets,ENSG00000124205,EDN3,MONDO_0005011,0.13555963337421417,,,unknown,,2016-03-14
9d21866c69f9c829036976b5582f98a2205350e9,gwas_credible_sets,ENSG00000167208,SNX20,MONDO_0005011,0.13555702567100525,,,unknown,,2007-09-05
a7c83bc757c7bdc13f916555c9969a21d45ca9f5,gwas_credible_sets,ENSG00000179914,ITLN1,MONDO_0005011,0.13552159070968628,,,unknown,,2023-05-08
c1c3ca39872a25c0221ddcfca92c218fd946894d,gwas_credible_sets,ENSG00000258366,RTEL1,MONDO_0005011,0.13540537655353546,,,unknown,,2017-01-09
5640a2f49df1c99f8e1199f95a749245225750fc,gwas_credible_sets,ENSG00000101624,CEP76,MONDO_0005011,0.1350489854812622,,,unknown,,2010-11-21
46a91735949b4a68300d222b158b49c8a89caa88,gwas_credible_sets,ENSG00000179813,FAM216B,MONDO_0005011,0.1343943327665329,,,unknown,,2010-11-21
b9db20ca26ad427544fa3aa2a0455f8f8f67e9ce,gwas_credible_sets,ENSG00000132357,CARD6,MONDO_0005011,0.13438408076763153,,,unknown,,2023-05-08
f17ec53b644ab08b055d0ce37dc7bf82981f5163,gwas_credible_sets,ENSG00000169223,LMAN2,MONDO_0005011,0.1339007169008255,,,unknown,,2023-01-18
287c53e6bebc1b6380fb3e35608dc5832791b555,gwas_credible_sets,ENSG00000197114,ZGPAT,MONDO_0005011,0.1337641179561615,,,unknown,,2010-11-21
ea6370649bd56d7f74442d1f144bb0c4b9d5b162,gwas_credible_sets,ENSG00000145592,RPL37,MONDO_0005011,0.13354673981666565,,,unknown,,2023-01-18
4a455ac17652684a805378c8d095ef31ec92eda1,gwas_credible_sets,ENSG00000185404,SP140L,MONDO_0005011,0.1335367113351822,,,unknown,,2010-11-21
9aec60d7f0dc9fbbb55c679148b64760cd3ec409,gwas_credible_sets,ENSG00000132356,PRKAA1,MONDO_0005011,0.1333891898393631,,,unknown,,2023-01-18
ed9c3c3cbc073c1376e4292fd5d7286036572138,gwas_credible_sets,ENSG00000198933,TBKBP1,MONDO_0005011,0.13298675417900085,,,unknown,,2016-03-14
9c6ffedcfe1dd159af1b25bb94390eb9cbbfcbf8,gwas_credible_sets,ENSG00000163599,CTLA4,MONDO_0005011,0.13298456370830536,,,unknown,,2016-03-14
dc3ff5f2c6ca3025fe4d24c8bce66244cc0ef509,gwas_credible_sets,ENSG00000081985,IL12RB2,MONDO_0005011,0.13286040723323822,,,unknown,,2023-01-18
71b5f4c34b4adcf5f6d271b96278e5d06e33942e,gwas_credible_sets,ENSG00000185585,OLFML2A,MONDO_0005011,0.13281650841236115,,,unknown,,2023-01-18
53a12286a913bb0adf3b115d7bcd04ca519ee9e6,gwas_credible_sets,ENSG00000172156,CCL11,MONDO_0005011,0.13256919384002686,,,unknown,,2017-01-09
87f8a18f666df4e754a43732653bd75a1be1ba5f,gwas_credible_sets,ENSG00000165632,TAF3,MONDO_0005011,0.1323000192642212,,,unknown,,2023-01-18
aab75af117817f3cd187f29a07e8d3a1c8ed06fe,gwas_credible_sets,ENSG00000178217,SH2D4B,MONDO_0005011,0.13225388526916504,,,unknown,,2023-05-08
4ba932ac3d4279154acdb2c627371c2d4563c461,gwas_credible_sets,ENSG00000160223,ICOSLG,MONDO_0005011,0.1320759356021881,,,unknown,,2010-11-21
21329573fddaa41a04aef55557a675c94ef2ac75,gwas_credible_sets,ENSG00000170889,RPS9,MONDO_0005011,0.13205352425575256,,,unknown,,2023-05-08
40bb89969f294e35440787618143c987ffb99aaf,gwas_credible_sets,ENSG00000170889,RPS9,MONDO_0005011,0.13205352425575256,,,unknown,,2023-05-08
145bb0ca5b2ad4918cb530b35099f84e4a9058c0,gwas_credible_sets,ENSG00000130561,SAG,MONDO_0005011,0.13194046914577484,,,unknown,,2012-08-30
1dd574bb08e9997502a449e80ac51edfff8b2b6e,gwas_credible_sets,ENSG00000117560,FASLG,MONDO_0005011,0.13149456679821014,,,unknown,,2016-03-14
6b7fb35f6f5ded98073e314a9605f5d713548173,gwas_credible_sets,ENSG00000138311,ZNF365,MONDO_0005011,0.13123993575572968,,,unknown,,2015-08-24
1d2f4643c13b47c4fd41e0df861d305d8962c998,gwas_credible_sets,ENSG00000083799,CYLD,MONDO_0005011,0.1311711221933365,,,unknown,,2010-11-21
5313a362dcb4a9c0237d1f3702dafdc9c07490eb,gwas_credible_sets,ENSG00000083799,CYLD,MONDO_0005011,0.13110260665416718,,,unknown,,2007-09-05
da22551219bb8eb1942bb3c55fb4a67349d6f8c2,gwas_credible_sets,ENSG00000160223,ICOSLG,MONDO_0005011,0.13090020418167114,,,unknown,,2016-03-14
56a9c2e4f5e0f4e5ba2dfbe75ca6998fbf011667,gwas_credible_sets,ENSG00000197208,SLC22A4,MONDO_0005011,0.13085737824440002,,,unknown,,2023-05-08
8cb9bc78dcfb5b00dce0b0d9d5dccc23d75d06de,gwas_credible_sets,ENSG00000100368,CSF2RB,MONDO_0005011,0.13085637986660004,,,unknown,,2023-05-08
61d9bc083878242e9129427fc05e055e21ac6e8c,gwas_credible_sets,ENSG00000122304,PRM2,MONDO_0005011,0.13082978129386902,,,unknown,,2017-01-09
76e681000b450e76055c19b5bc79ec8af66fbbf0,gwas_credible_sets,ENSG00000197959,DNM3,MONDO_0005011,0.13064664602279663,,,unknown,,2023-05-08
84bef20e4df6c1cb6cd64276ab3d312ccd5ec329,gwas_credible_sets,ENSG00000197165,SULT1A2,MONDO_0005011,0.13044849038124084,,,unknown,,2010-11-21
ed48f6ca3735e959e77d6542794781a1b40a5c8d,gwas_credible_sets,ENSG00000171988,JMJD1C,MONDO_0005011,0.13036136329174042,,,unknown,,2010-11-21
d872604863ed2d469a674737dd4338d5e709999c,gwas_credible_sets,ENSG00000164325,TMEM174,MONDO_0005011,0.1302570104598999,,,unknown,,2012-11-01
0b1b3af9a0b3e0324e54f71dbdb396bdc7645d2f,gwas_credible_sets,ENSG00000132357,CARD6,MONDO_0005011,0.13025131821632385,,,unknown,,2023-01-18
96f5bd74df6e633fe8acf9fc84f135baaceb1c8a,gwas_credible_sets,ENSG00000101624,CEP76,MONDO_0005011,0.13023146986961365,,,unknown,,2017-01-09
ea50c8b963959e27a6571cdd448e99f6a81405d3,gwas_credible_sets,ENSG00000132356,PRKAA1,MONDO_0005011,0.13020235300064087,,,unknown,,2023-05-08
10a4f8dd9478e3616002eb1d16bfa4e653edb2de,gwas_credible_sets,ENSG00000083799,CYLD,MONDO_0005011,0.12990321218967438,,,unknown,,2012-03-08
f70b997d1e639204ddffb6b09d2ddd1ff566b1c4,gwas_credible_sets,ENSG00000119953,SMNDC1,MONDO_0005011,0.12983714044094086,,,unknown,,2023-05-08
aa3ea518b978ad5a2d4bb640fec053d4f4009356,gwas_credible_sets,ENSG00000160223,ICOSLG,MONDO_0005011,0.12979131937026978,,,unknown,,2008-06-29
be325b560119cb2da3df30bbf7aa3303c16b4caa,gwas_credible_sets,ENSG00000132356,PRKAA1,MONDO_0005011,0.12972219288349152,,,unknown,,2023-01-18
76afa2a183a83c3afd4b746718fa9b95b1dfb316,gwas_credible_sets,ENSG00000145020,AMT,MONDO_0005011,0.12932629883289337,,,unknown,,2015-08-24
5313bb0cbee97b4eba2b162ac10474ac4988e907,gwas_credible_sets,ENSG00000174123,TLR10,MONDO_0005011,0.1293097585439682,,,unknown,,2023-05-08
8935b1fdb90b86b6b2e98dd8b3cc0166dc17b532,gwas_credible_sets,ENSG00000184730,APOBR,MONDO_0005011,0.1291714906692505,,,unknown,,2024-04-15
e1abfdbfa949d2321f7d2f467bd31ba1e5faa457,gwas_credible_sets,ENSG00000143322,ABL2,MONDO_0005011,0.1291539967060089,,,unknown,,2023-05-08
361dd2423c4e8ab181399522516fbcf23230cf64,gwas_credible_sets,ENSG00000132356,PRKAA1,MONDO_0005011,0.12905511260032654,,,unknown,,2007-03-05
3885ff2f386e3f9989fd6c9a179a9d83072c5753,gwas_credible_sets,ENSG00000132356,PRKAA1,MONDO_0005011,0.12905511260032654,,,unknown,,2007-06-06
83f37c511fb04161dda8940de1d18c6c7cd366ea,gwas_credible_sets,ENSG00000132356,PRKAA1,MONDO_0005011,0.12905511260032654,,,unknown,,2012-03-08
906911953f76a0c75c7540f43056d6b2d3913be5,gwas_credible_sets,ENSG00000135845,PIGC,MONDO_0005011,0.12901461124420166,,,unknown,,2010-11-21
62b20ac074c9c1b05ff2801822b988e19682bdfc,gwas_credible_sets,ENSG00000162302,RPS6KA4,MONDO_0005011,0.1283760517835617,,,unknown,,2023-01-18
477d42e807162793ae3ea7295ad08d3c5880b383,gwas_credible_sets,ENSG00000197208,SLC22A4,MONDO_0005539,0.12783193588256836,,,unknown,,2023-01-18
f737f9e20eb1d67c7ad2f5051bf1a3e07794fa2b,gwas_credible_sets,ENSG00000143727,ACP1,MONDO_0005011,0.12774531543254852,,,unknown,,2024-07-19
02a98e4badd563f1ae0f9a89481d9b20531578c5,gwas_credible_sets,ENSG00000213066,CEP43,MONDO_0005011,0.1276801973581314,,,unknown,,2023-05-08
229b8953b55122db9fbcfc1da72e7880b269f10d,gwas_credible_sets,ENSG00000113520,IL4,MONDO_0005011,0.12743116915225983,,,unknown,,2023-05-08
0e4e110b71b6d0b53d08e428191a87baacac5c63,gwas_credible_sets,ENSG00000165684,SNAPC4,MONDO_0005011,0.12724828720092773,,,unknown,,2016-03-14
fcbf783e5f06e22131530416361d4b77ac7bf3e6,gwas_credible_sets,ENSG00000117560,FASLG,MONDO_0005011,0.12722861766815186,,,unknown,,2008-06-29
285d674449148c678b3ab0bae37d6fce2fa08584,gwas_credible_sets,ENSG00000132357,CARD6,MONDO_0005539,0.12715880572795868,,,unknown,,2023-01-18
e2e90e1b801aafb745c23a99332a9e6a6c8a3d21,gwas_credible_sets,ENSG00000138311,ZNF365,MONDO_0005011,0.12708760797977448,,,unknown,,2023-05-08
43070dc829ba84d06bd94f13d6c49b79ced17c22,gwas_credible_sets,ENSG00000173264,GPR137,MONDO_0005011,0.12697748839855194,,,unknown,,2022-05-05
c0884f45c87abd4658d143f3024e8a186c107d75,gwas_credible_sets,ENSG00000169194,IL13,MONDO_0005011,0.12663577497005463,,,unknown,,2023-01-18
453e28b0088fa2670d090c00fc8c20019f9f0db8,gwas_credible_sets,ENSG00000174951,FUT1,MONDO_0005011,0.12644700706005096,,,unknown,,2023-05-08
8e9c2191c4f26eefaec0a291523c98f34659e6bc,gwas_credible_sets,ENSG00000132356,PRKAA1,MONDO_0005011,0.12644004821777344,,,unknown,,2025-08-06
35b42a9cd124cd99cca2ca737e6f20d2241bb7f9,gwas_credible_sets,ENSG00000151773,CCDC122,MONDO_0005011,0.12627795338630676,,,unknown,,2022-05-05
7f926f08e1559754d8e2cc3a01ad937632760b37,gwas_credible_sets,ENSG00000094975,SUCO,MONDO_0005011,0.1261952668428421,,,unknown,,2016-03-14
30215386703bd00a5162766119527b2594091064,gwas_credible_sets,ENSG00000135148,TRAFD1,MONDO_0005011,0.1259077936410904,,,unknown,,2017-01-09
50be176825b8b4041f6192330cfdb7eae8017d5e,gwas_credible_sets,ENSG00000185404,SP140L,MONDO_0005011,0.12572437524795532,,,unknown,,2012-11-01
79eaea892c11a4af57a4fa21d5fb9ecc90023849,gwas_credible_sets,ENSG00000138688,BLTP1,MONDO_0005011,0.1253996640443802,,,unknown,,2023-12-26
3cd79525eded993231081f58d23e86dd0770371a,gwas_credible_sets,ENSG00000142224,IL19,MONDO_0005011,0.12517563998699188,,,unknown,,2016-03-14
1b97c48d4ec938d705deacdc5a7b08518ad377d1,gwas_credible_sets,ENSG00000144381,HSPD1,MONDO_0005011,0.12503278255462646,,,unknown,,2023-05-08
4519fedf436a48d71cda7f019bb6b0e105c4717c,gwas_credible_sets,ENSG00000186583,SPATC1,MONDO_0005011,0.12503154575824738,,,unknown,,2023-05-08
42093c51f20f5075c54497392037bfbcd2eb725d,gwas_credible_sets,ENSG00000134824,FADS2,MONDO_0005011,0.12502452731132507,,,unknown,,2023-05-08
faedd2a4d6dee800ec3448070fe79852d0c1012f,gwas_credible_sets,ENSG00000115009,CCL20,MONDO_0005011,0.12478083372116089,,,unknown,,2023-05-08
e4e5ec125c523b750c2c7eb4fee48d2411862d7d,gwas_credible_sets,ENSG00000140807,NKD1,MONDO_0005011,0.12477422505617142,,,unknown,,2017-01-09
ed3ef1ae07888f9d3ae997815b5e68b4d10915c0,gwas_credible_sets,ENSG00000132912,DCTN4,MONDO_0005011,0.12468937039375305,,,unknown,,2023-05-08
8a3c4d90f5d5f1358da66905f07bb03a5883cf86,gwas_credible_sets,ENSG00000124205,EDN3,MONDO_0005011,0.1242041066288948,,,unknown,,2023-05-08
cc40de8b6cf371e63761565b00221665a2ceca92,gwas_credible_sets,ENSG00000160221,GATD3,MONDO_0005011,0.12412560731172562,,,unknown,,2023-05-08
b402d84cc793c37e451f4aa3f66b8a0631d34e27,gwas_credible_sets,ENSG00000155903,RASA2,MONDO_0005011,0.12394357472658157,,,unknown,,2023-07-31
191cdaefcb32ac2eef1cb3595f47b3415af9b7ad,gwas_credible_sets,ENSG00000145020,AMT,MONDO_0005011,0.12384944409132004,,,unknown,,2023-05-08
d8c4f5bf2d633c31016891a450a990b980117199,gwas_credible_sets,ENSG00000142188,TMEM50B,MONDO_0005011,0.12377225607633591,,,unknown,,2023-05-08
134b633ba7c37460abfc91d5cffc2d9d2ec6d550,gwas_credible_sets,ENSG00000164113,ADAD1,MONDO_0005011,0.1237151250243187,,,unknown,,2023-01-18
5e7c887de9e959d38064ef23574a8d471f5d31d8,gwas_credible_sets,ENSG00000132356,PRKAA1,MONDO_0005011,0.12368158996105194,,,unknown,,2023-05-23
d6aa87cc82e0791a0355170ab38be5d58e96148a,gwas_credible_sets,ENSG00000035115,SH3YL1,MONDO_0005011,0.12351195514202118,,,unknown,,2024-07-19
8835a085a6bfc2e998f0e142669e9cf4388e9aa3,gwas_credible_sets,ENSG00000163935,SFMBT1,MONDO_0005011,0.1234496608376503,,,unknown,,2023-05-08
95369f459de7dc25c2dea15e9f356331da0bbdd9,gwas_credible_sets,ENSG00000083799,CYLD,MONDO_0005011,0.12292858213186264,,,unknown,,2017-01-09
002cc6a5eec72ccd60caccbe917f8b2e3e1b570a,gwas_credible_sets,ENSG00000142224,IL19,MONDO_0005011,0.12279744446277618,,,unknown,,2023-05-08
cdcf4ae2beb6c7dd15c610f23eb7727c4ee798fb,gwas_credible_sets,ENSG00000122877,EGR2,MONDO_0005011,0.12279001623392105,,,unknown,,2022-05-05
68d7d9e25a7e7b88985b8e384ca1963b97998459,gwas_credible_sets,ENSG00000145592,RPL37,MONDO_0005011,0.12268991768360138,,,unknown,,2008-06-29
50828dd7826775d2ed6142698f438381e57c7a3e,gwas_credible_sets,ENSG00000049249,TNFRSF9,MONDO_0005011,0.12247690558433533,,,unknown,,2023-07-31
330a6dc34fdc61327ab9cfc64cec3fdefdbde60a,gwas_credible_sets,ENSG00000108061,SHOC2,MONDO_0005011,0.12232014536857605,,,unknown,,2024-07-19
fef7f901a814649d60c5ee87a141f4fca42a760f,gwas_credible_sets,ENSG00000174123,TLR10,MONDO_0005011,0.12193722277879715,,,unknown,,2013-07-14
b36296cc8c9b6f37377e273986a5abd3604f236c,gwas_credible_sets,ENSG00000164400,CSF2,MONDO_0005011,0.12178413569927216,,,unknown,,2010-11-21
c2143d2d6ef7c9791009e196b8e7a85bf2b0322f,gwas_credible_sets,ENSG00000083799,CYLD,MONDO_0005539,0.12177331000566483,,,unknown,,2023-01-18
e78388d1585436a308a0fcff74207922af65e928,gwas_credible_sets,ENSG00000164068,RNF123,MONDO_0005011,0.12117326259613037,,,unknown,,2008-06-29
135c73076e9547940b7065e0529c5ff98bc16d6e,gwas_credible_sets,ENSG00000178279,TNP2,MONDO_0005011,0.12099979817867279,,,unknown,,2012-04-01
5fa33cad380475d6132d43c697c243e5a7688142,gwas_credible_sets,ENSG00000225968,ELFN1,MONDO_0005011,0.12091559171676636,,,unknown,,2023-12-26
d632a0456d100da63279fd327b04213169592fe4,gwas_credible_sets,ENSG00000161896,IP6K3,MONDO_0005011,0.12089979648590088,,,unknown,,2013-07-14
2412922f77eb74e32dc090902e9fd4b248629256,gwas_credible_sets,ENSG00000163803,PLB1,MONDO_0005011,0.12089391052722931,,,unknown,,2016-03-14
0f5ba4e61f104e471db01f2ad209f48faad84ac2,gwas_credible_sets,ENSG00000120688,WBP4,MONDO_0005011,0.12075794488191605,,,unknown,,2023-05-08
8dbab60682c261dafac3b3e865c74d2594a64e3c,gwas_credible_sets,ENSG00000164325,TMEM174,MONDO_0005011,0.12051618099212646,,,unknown,,2010-11-21
0300f7e9f4c6caa61e2c2f0cdc6c3e06e7ac75aa,gwas_credible_sets,ENSG00000197959,DNM3,MONDO_0005011,0.1200936958193779,,,unknown,,2017-01-09
3d39649179ffe2b4a77116163f8c14a63ef60fef,gwas_credible_sets,ENSG00000103591,AAGAB,MONDO_0005011,0.12008080631494522,,,unknown,,2015-08-24
1509199c8c36b5944f2bec59f8bb08c5a7c762a4,gwas_credible_sets,ENSG00000255524,NPIPB8,MONDO_0005011,0.1200331524014473,,,unknown,,2010-11-21
269c86c5aecdf79cf88130ce07170c9897522f19,gwas_credible_sets,ENSG00000164068,RNF123,MONDO_0005011,0.11988082528114319,,,unknown,,2016-03-14
65c7e6230d049579a6f22115e0df198b5672954a,gwas_credible_sets,ENSG00000095794,CREM,MONDO_0005011,0.11978266388177872,,,unknown,,2023-05-08
183999b2438ceeaa1260ed95cb149c0d0828a33e,gwas_credible_sets,ENSG00000172922,RNASEH2C,MONDO_0005011,0.1197277382016182,,,unknown,,2023-01-18
c6303c928cd01cb9f98a74ffccf72119c596632a,gwas_credible_sets,ENSG00000106004,HOXA5,MONDO_0005011,0.11958213150501251,,,unknown,,2016-03-14
e23ebf621f167c9cb01aac03ef8ebb64ff4ff247,gwas_credible_sets,ENSG00000117586,TNFSF4,MONDO_0005011,0.11916334927082062,,,unknown,,2023-05-08
ca939a21ad3a2c550f8705885bcbbc30ff7005f9,gwas_credible_sets,ENSG00000119919,NKX2-3,MONDO_0005011,0.11916112899780273,,,unknown,,2023-05-08
a7eb949b6d3e4dcbd729432f2cca43c7c1a6330a,gwas_credible_sets,ENSG00000132357,CARD6,MONDO_0005011,0.1191093847155571,,,unknown,,2023-05-08
938c5d366b12d1aefa040c878c720d7e0e384c90,gwas_credible_sets,ENSG00000258366,RTEL1,MONDO_0005011,0.11891024559736252,,,unknown,,2010-11-21
60d3dfb691fd8b2262eec71c92925f115c2908aa,gwas_credible_sets,ENSG00000122877,EGR2,MONDO_0005011,0.11890857666730881,,,unknown,,2015-01-01
1274ff4d0c32d0c2dd07454ced7b58294aa3cfcc,gwas_credible_sets,ENSG00000072682,P4HA2,MONDO_0005011,0.11869136244058609,,,unknown,,2008-06-29
460a4d0e89c8c9ce317b2320938fe20c5549fdf0,gwas_credible_sets,ENSG00000174125,TLR1,MONDO_0005011,0.11859796941280365,,,unknown,,2023-05-08
f9a58ba940e842f53234475968786e4cf267c5e8,gwas_credible_sets,ENSG00000122304,PRM2,MONDO_0005011,0.1182297095656395,,,unknown,,2016-03-14
52a977f57bd7c6694db5aad51912cbe82b0be0b6,gwas_credible_sets,ENSG00000138311,ZNF365,MONDO_0005011,0.11791366338729858,,,unknown,,2023-01-18
7bc90e34391fbe7724ac80764987996076d149c4,gwas_credible_sets,ENSG00000169679,BUB1,MONDO_0005011,0.11789058148860931,,,unknown,,2023-01-18
eeec1766539a11b12916969807dea8aed728ce32,gwas_credible_sets,ENSG00000106541,AGR2,MONDO_0005011,0.11784876137971878,,,unknown,,2016-03-14
d13cfb33354a85c6ab7e2ee4e91879db433c15ac,gwas_credible_sets,ENSG00000072682,P4HA2,MONDO_0005011,0.11735626310110092,,,unknown,,2017-01-09
ee14c064d01b16c767f0b3dc5644f78f9dcd7d15,gwas_credible_sets,ENSG00000153093,ACOXL,MONDO_0005011,0.11687076836824417,,,unknown,,2023-01-18
b3bdc5fd16c92760d39dd591854754b287b00bab,gwas_credible_sets,ENSG00000188322,SBK1,MONDO_0005011,0.11671102792024612,,,unknown,,2010-11-21
845709fdb0dd9b223e2dfe9393a9ba4c1a6b5955,gwas_credible_sets,ENSG00000112159,MDN1,MONDO_0005011,0.11668531596660614,,,unknown,,2017-01-09
3aa92789b5b608230c5d3d864976d7d3a5415194,gwas_credible_sets,ENSG00000142224,IL19,MONDO_0005011,0.11615749448537827,,,unknown,,2010-11-21
346062c65145d2401d5c21db71590350879ac314,gwas_credible_sets,ENSG00000181634,TNFSF15,MONDO_0005011,0.11606086045503616,,,unknown,,2023-01-18
fb526fdc68f6f8103779a42ed32c1d8d3fbc15ac,gwas_credible_sets,ENSG00000182093,GET1,MONDO_0005011,0.11593892425298691,,,unknown,,2016-03-14
819702ccff4bc41f6365952a20b817749c8214db,gwas_credible_sets,ENSG00000112242,E2F3,MONDO_0005011,0.1158958449959755,,,unknown,,2023-05-08
7ec62a61046785de8da5e3de21d35f61ffae396b,gwas_credible_sets,ENSG00000134352,IL6ST,MONDO_0005011,0.11575039476156235,,,unknown,,2023-01-18
cc462a8fef390ba2da05505e061b1da1b4d2d737,gwas_credible_sets,ENSG00000138311,ZNF365,MONDO_0005011,0.11561953276395798,,,unknown,,2008-06-29
1d79501ce88fde3100cdc14818bcc85ccab38702,gwas_credible_sets,ENSG00000164399,IL3,MONDO_0005011,0.11548430472612381,,,unknown,,2023-05-08
569d3aac367ef18f93cf6a950ef8773a3e3431bb,gwas_credible_sets,ENSG00000113441,LNPEP,MONDO_0005011,0.11539500951766968,,,unknown,,2017-01-09
c25d88982fbf0cd686709da5209aced3374b32ba,gwas_credible_sets,ENSG00000132357,CARD6,MONDO_0005011,0.11523980647325516,,,unknown,,2024-07-19
77d730b43b193c86cbadd0ec2fee32fe167c7000,gwas_credible_sets,ENSG00000177628,GBA1,MONDO_0005011,0.11476385593414307,,,unknown,,2010-11-21
adac6b8700f4fc3c715dd79e14fba73259e2d59e,gwas_credible_sets,ENSG00000099377,HSD3B7,MONDO_0005011,0.11473628133535385,,,unknown,,2016-03-14
db186b7953d80dad0ba401f5aa382f8d780b5db1,gwas_credible_sets,ENSG00000142677,IL22RA1,MONDO_0005011,0.11453025043010712,,,unknown,,2016-03-14
ba21c61d06a79be124392eb8580c179226d87d13,gwas_credible_sets,ENSG00000156222,SLC28A1,MONDO_0005011,0.11439433693885803,,,unknown,,2024-07-19
7636e77efa21e401ca811fe6be9bf09616e7652c,gwas_credible_sets,ENSG00000167208,SNX20,MONDO_0005011,0.11403495073318481,,,unknown,,2010-11-21
f374231901f4fd5103eb9d799300bb5cd8584ae1,gwas_credible_sets,ENSG00000072110,ACTN1,MONDO_0005011,0.11382369697093964,,,unknown,,2023-05-08
4dfcd15ac4a215729b460c805b091b7ba9ce6d00,gwas_credible_sets,ENSG00000134352,IL6ST,MONDO_0005011,0.11376385390758514,,,unknown,,2023-01-18
1965d63c81f3d37d62a207cf7c426baec334d7ac,gwas_credible_sets,ENSG00000258366,RTEL1,MONDO_0005011,0.11348751932382584,,,unknown,,2016-03-14
04672f7faf4705c8db7e1f785a1d04b35fb51b72,gwas_credible_sets,ENSG00000083799,CYLD,MONDO_0005011,0.1129666417837143,,,unknown,,2021-11-04
adba937d115b473dc31f15c39d3b344be40c8c58,gwas_credible_sets,ENSG00000134352,IL6ST,MONDO_0005011,0.11273941397666931,,,unknown,,2015-08-24
66d85879f8fc6a06bd4eb996f0b53bae59856287,gwas_credible_sets,ENSG00000174123,TLR10,MONDO_0005011,0.11252417415380478,,,unknown,,2012-12-21
e4bcf6bee08fdde7adf3459c7e1c998af8817892,gwas_credible_sets,ENSG00000247596,TWF2,MONDO_0005011,0.11232863366603851,,,unknown,,2023-12-26
dff0072bbd539ae3c572439207ea1a371c3504cf,gwas_credible_sets,ENSG00000185963,BICD2,MONDO_0005011,0.11222412437200546,,,unknown,,2023-05-08
82e303669d727da84eac09bb76e53af0f542ca38,gwas_credible_sets,ENSG00000055130,CUL1,MONDO_0005011,0.1122235506772995,,,unknown,,2016-03-14
2978e0763ee926309c91b0538e400830379fb28c,gwas_credible_sets,ENSG00000182010,RTKN2,MONDO_0005011,0.11216110736131668,,,unknown,,2023-05-08
bd9eb4edabc3f468ded530cabd156449888de051,gwas_credible_sets,ENSG00000113525,IL5,MONDO_0005011,0.11201893538236618,,,unknown,,2015-08-24
f62fe46af4bf1e0b46fe219f1484d154363ee1a9,gwas_credible_sets,ENSG00000106537,TSPAN13,MONDO_0005011,0.11174499988555908,,,unknown,,2016-03-14
464651ead2aabf6b07e4b3e489c6c96f993934ee,gwas_credible_sets,ENSG00000167208,SNX20,MONDO_0005011,0.11167062819004059,,,unknown,,2023-05-23
88fb8cb2a4a19547a95fed683dd21a7f8ca965cf,gwas_credible_sets,ENSG00000135926,TMBIM1,MONDO_0005011,0.11120288074016571,,,unknown,,2016-03-14
56f6168bd3aec860a53a4ebad47b09aac3789f4e,gwas_credible_sets,ENSG00000148572,NRBF2,MONDO_0005011,0.11119026690721512,,,unknown,,2007-04-15
40e9d9ce39c1351aa44660901d83c0152d3b7c9e,gwas_credible_sets,ENSG00000099385,BCL7C,MONDO_0005011,0.11072918027639389,,,unknown,,2016-03-14
af563b3f01496255451f16420d64202d6968a41a,gwas_credible_sets,ENSG00000236444,UBE2L5,MONDO_0005011,0.11071202158927917,,,unknown,,2024-07-19
c2dcf3fcb146dc951e9e36fb47c5b5e081f2e16e,gwas_credible_sets,ENSG00000167208,SNX20,MONDO_0005011,0.11064738780260086,,,unknown,,2025-08-06
78bc1e05cb288c8b42ea387d9c6a75e3bfaaa816,gwas_credible_sets,ENSG00000148572,NRBF2,MONDO_0005011,0.11018597334623337,,,unknown,,2023-05-08
36368175f2e436d51a0d559a5d1d7f83dacf1b83,gwas_credible_sets,ENSG00000132356,PRKAA1,MONDO_0005011,0.11014591157436371,,,unknown,,2024-07-19
148fb83d1650749775d769c9594ac3a112d92a9f,gwas_credible_sets,ENSG00000165689,ENTR1,MONDO_0005011,0.11008905619382858,,,unknown,,2010-11-21
94935721416ed14d2c35eb9a690dc3856e78216d,gwas_credible_sets,ENSG00000167208,SNX20,MONDO_0005011,0.11008411645889282,,,unknown,,2012-03-08
725be6de8707839bf855ceae023f73681d6667e5,gwas_credible_sets,ENSG00000171988,JMJD1C,MONDO_0005011,0.1100323423743248,,,unknown,,2016-03-14
e039d8afd141c301ad19e10263e4b76b6c1fedc1,gwas_credible_sets,ENSG00000100311,PDGFB,MONDO_0005011,0.11002765595912933,,,unknown,,2023-05-08
db31a9fb656f6bd1ac8a7fcdfbf8b3042c35cc44,gwas_credible_sets,ENSG00000112378,PERP,MONDO_0005011,0.10976403206586838,,,unknown,,2023-01-18
327fe6f64caba316d80761d2d8d0aba2b5012da6,gwas_credible_sets,ENSG00000115137,DNAJC27,MONDO_0005011,0.1097307875752449,,,unknown,,2023-05-08
5a496047519b771824d7b0d526a880f7c569f332,gwas_credible_sets,ENSG00000163131,CTSS,MONDO_0005011,0.10960158705711365,,,unknown,,2023-05-08
cddb4ce8ba0f116e24c7461ba22c8eb8b4995d59,gwas_credible_sets,ENSG00000198768,APCDD1L,MONDO_0005011,0.10909493267536163,,,unknown,,2023-01-18
020dcc50e34817c5b2e66116d00d770694c03653,gwas_credible_sets,ENSG00000174123,TLR10,MONDO_0005011,0.10890983045101166,,,unknown,,2023-05-08
77ef1406bcd91d5d41d5f796a43ded2360e0c014,gwas_credible_sets,ENSG00000138311,ZNF365,MONDO_0005011,0.10875201225280762,,,unknown,,2016-03-14
000b24403200a32d1de2e306b75ab40d33b60c69,gwas_credible_sets,ENSG00000073861,TBX21,MONDO_0005011,0.10864192247390747,,,unknown,,2016-03-14
3e16b18940f3e45511ba1958507320ce83e2bf24,gwas_credible_sets,ENSG00000108688,CCL7,MONDO_0005011,0.10836005955934525,,,unknown,,2024-04-15
de3013e5dcbf4f3d8ebe71c39f9864e6ca2234f8,gwas_credible_sets,ENSG00000132356,PRKAA1,MONDO_0005011,0.10803069919347763,,,unknown,,2025-01-09
6bb7ff2cf9d7c9365c1bbf0a601ce294ff7eaca2,gwas_credible_sets,ENSG00000148572,NRBF2,MONDO_0005011,0.10775721818208694,,,unknown,,2018-11-29
884a6217839172d8dbd27fa397447f6a69b83cab,gwas_credible_sets,ENSG00000083799,CYLD,MONDO_0005011,0.10767919570207596,,,unknown,,2023-05-23
810d29e4ad743f6d5b1b46319b362b572e01a9ca,gwas_credible_sets,ENSG00000164325,TMEM174,MONDO_0005011,0.10763192176818848,,,unknown,,2023-05-08
347d32f01fbc54511384f52dcf10daed83a60be5,gwas_credible_sets,ENSG00000186367,MINAR2,MONDO_0005011,0.10735300183296204,,,unknown,,2023-05-08
b8d776c0e28d124749546190c0a546c968834fa8,gwas_credible_sets,ENSG00000197712,FAM114A1,MONDO_0005011,0.10717330127954483,,,unknown,,2023-05-08
3cdc590466015b5b2631486c9089b4d9d58a2c3f,gwas_credible_sets,ENSG00000113525,IL5,MONDO_0005011,0.10657393932342529,,,unknown,,2023-01-18
b67d869ca728d788ffa89c457780175bbc911759,gwas_credible_sets,ENSG00000244057,LCE3C,MONDO_0005011,0.10604812949895859,,,unknown,,2016-03-14
e55087a638619fb8650c7e6e91df7784eaaa19f5,gwas_credible_sets,ENSG00000197114,ZGPAT,MONDO_0005011,0.10603184998035431,,,unknown,,2017-01-09
a2c5eebf40a97028550d1576b34138b0e063831f,gwas_credible_sets,ENSG00000158636,EMSY,MONDO_0005011,0.10597886890172958,,,unknown,,2023-05-08
346c85147b617fb458fc1596b7e083f86ba7b118,gwas_credible_sets,ENSG00000128342,LIF,MONDO_0005011,0.10596143454313278,,,unknown,,2010-11-21
4d0870330c3914dd18ee090140c26e3e6bcea479,gwas_credible_sets,ENSG00000136261,BZW2,MONDO_0005011,0.1058971956372261,,,unknown,,2016-03-14
da3b204ea755a5e34dd76d467db6ee5d3616c04d,gwas_credible_sets,ENSG00000214654,B3GALT9,MONDO_0005011,0.10573899000883102,,,unknown,,2023-01-18
b975ab31f75560282bd135a25774adb0ee435803,gwas_credible_sets,ENSG00000113520,IL4,MONDO_0005011,0.10549797117710114,,,unknown,,2010-11-21
920d8a131d647e9d625a0440d802e09de8053746,gwas_credible_sets,ENSG00000112159,MDN1,MONDO_0005011,0.10527604818344116,,,unknown,,2010-11-21
87ea4b82a19dfbdf32a5c77f15d7029d7da0a71e,gwas_credible_sets,ENSG00000164068,RNF123,MONDO_0005011,0.10513721406459808,,,unknown,,2010-11-21
7a7f3e38809f51d678b6d2c3031434bc5dfbebf1,gwas_credible_sets,ENSG00000101076,HNF4A,MONDO_0005011,0.10486334562301636,,,unknown,,2016-03-14
c471e1073631f952a90709c034013551243ce374,gwas_credible_sets,ENSG00000250254,PTTG2,MONDO_0005011,0.10463804006576538,,,unknown,,2023-05-08
7b707c51bb7a5e0e40c89053b42ec409682ff97f,gwas_credible_sets,ENSG00000184730,APOBR,MONDO_0005011,0.10442814975976944,,,unknown,,2023-01-18
08d5096290513e0df68a8bc84632417e6dd87fad,gwas_credible_sets,ENSG00000165689,ENTR1,MONDO_0005011,0.10432004928588867,,,unknown,,2016-03-14
d870fbb2ad2fc6677b898f57a735a3901875959a,gwas_credible_sets,ENSG00000132356,PRKAA1,MONDO_0005011,0.10418864339590073,,,unknown,,2023-01-18
0555f0d9c0e3b2644ed45ca98e5b9eabf7a189a5,gwas_credible_sets,ENSG00000185869,ZNF829,MONDO_0005011,0.1038353219628334,,,unknown,,2023-05-08
caef6f5b317049be15d5b29f25303a5159e2c651,gwas_credible_sets,ENSG00000161179,YDJC,MONDO_0005011,0.10374066233634949,,,unknown,,2010-11-21
b1a4a32fd2755df2430f8767e3bf39334d3322aa,gwas_credible_sets,ENSG00000125347,IRF1,MONDO_0005011,0.10347345471382141,,,unknown,,2010-11-21
bfc91b3957dbcae62f913c57826388357b22cf52,gwas_credible_sets,ENSG00000124140,SLC12A5,MONDO_0005011,0.10345576703548431,,,unknown,,2017-01-09
2d9d1ba5cead588b2738cb796cbd888e2e757a62,gwas_credible_sets,ENSG00000132357,CARD6,MONDO_0005011,0.10340848565101624,,,unknown,,2007-03-05
cf0197048ed799ebfa55e16caf846ffb6bd6f6e0,gwas_credible_sets,ENSG00000184110,EIF3C,MONDO_0005011,0.10340848565101624,,,unknown,,2015-08-24
2c50d4f71ab01e2eed0b4de4dfc8f196f145578d,gwas_credible_sets,ENSG00000072682,P4HA2,MONDO_0005011,0.10338372737169266,,,unknown,,2017-01-09
ea06b17a747dfc11d9ee89ab2da9c205c510de6c,gwas_credible_sets,ENSG00000115602,IL33R,MONDO_0005011,0.1032835990190506,,,unknown,,2016-03-14
c7d314730f41087adfbd08e6847962583760fdfb,gwas_credible_sets,ENSG00000115211,EIF2B4,MONDO_0005011,0.10316839069128036,,,unknown,,2023-01-18
28735fd64cc3214f59953443a1e0a75110061f17,gwas_credible_sets,ENSG00000173531,MST1,MONDO_0005011,0.10309960693120956,,,unknown,,2015-08-24
480b1a251143e82a24f043c3531b573f8279283b,gwas_credible_sets,ENSG00000109323,MANBA,MONDO_0005011,0.10307072103023529,,,unknown,,2023-05-08
95a8ac41cc32b2ab1187506391002f64331cd563,gwas_credible_sets,ENSG00000176046,NUPR1,MONDO_0005011,0.10305386781692505,,,unknown,,2023-01-18
daba11625cdd8409ff7bd565a0aa9c6f06fef19c,gwas_credible_sets,ENSG00000178217,SH2D4B,MONDO_0005011,0.10304895788431168,,,unknown,,2016-03-14
82b9178ecfef7925c7bdd6b51364899b55ac6aea,gwas_credible_sets,ENSG00000145908,ZNF300,MONDO_0005011,0.10280328243970871,,,unknown,,2023-05-08
18e5c7136562d6954e9ca9931cd06fdccf018ba9,gwas_credible_sets,ENSG00000115970,THADA,MONDO_0005011,0.10246943682432175,,,unknown,,2017-01-09
d002778cbab56195f927fd37e87630bf6e7a61fd,gwas_credible_sets,ENSG00000094975,SUCO,MONDO_0005011,0.10237396508455276,,,unknown,,2023-05-08
4f00cc91b3c688b14bf9c13f579698f3024d692d,gwas_credible_sets,ENSG00000102743,SLC25A15,MONDO_0005011,0.10229489952325821,,,unknown,,2023-01-18
bb193ce6b96fbf4b066e6e0a77a28504db40f9c0,gwas_credible_sets,ENSG00000128228,SDF2L1,MONDO_0005011,0.10219508409500122,,,unknown,,2023-05-08
6909e2bc4fca5aecf6d2000d6175cf21cef78606,gwas_credible_sets,ENSG00000162869,PPP1R21,MONDO_0005011,0.10195516049861908,,,unknown,,2024-07-19
5761531646cc70ee5ff6e9a930bef4107c999311,gwas_credible_sets,ENSG00000258366,RTEL1,MONDO_0005011,0.1015973910689354,,,unknown,,2023-05-08
d442e949cca52ff6b65844cbed70bf8eea5ca835,gwas_credible_sets,ENSG00000132357,CARD6,MONDO_0005011,0.10132931172847748,,,unknown,,2017-01-09
060c94d1346a45c519a48f2e02f9108e1d154da9,gwas_credible_sets,ENSG00000198324,PHETA1,MONDO_0005011,0.1012021005153656,,,unknown,,2023-05-08
1cc54cafa47fb425a0a265c908a29ba35b35d53e,gwas_credible_sets,ENSG00000117586,TNFSF4,MONDO_0005011,0.10108764469623566,,,unknown,,2016-03-14
7d6f72f07838e3da3795b1baf1499e387e809cec,gwas_credible_sets,ENSG00000124440,HIF3A,MONDO_0005011,0.10102780908346176,,,unknown,,2023-05-08
825dedd05ee25ad7c57827f7d4d0aa67ac34c9db,gwas_credible_sets,ENSG00000203963,C1orf141,MONDO_0005011,0.10071620345115662,,,unknown,,2016-03-14
83a66b66f6d8589259f32f4b2972fb6a34912ce7,gwas_credible_sets,ENSG00000111537,IFNG,MONDO_0005011,0.10064572095870972,,,unknown,,2016-03-14
6dadc7f63b326e49e51ca3897df8d20a689e6c15,gwas_credible_sets,ENSG00000164402,SEPTIN8,MONDO_0005011,0.1005343347787857,,,unknown,,2023-05-08
f2d1d284270844f6a1464c12b20a9423f0125ea0,gwas_credible_sets,ENSG00000132357,CARD6,MONDO_0005011,0.1004004254937172,,,unknown,,2025-08-06
f805e372cb177b5343951dad758a9064b39fc9a1,gwas_credible_sets,ENSG00000132357,CARD6,MONDO_0005011,0.10030726343393326,,,unknown,,2023-05-23
8b3ef290936d13fabeae734300bc9810f734dfde,gwas_credible_sets,ENSG00000138311,ZNF365,MONDO_0005011,0.10015567392110825,,,unknown,,2023-07-31
05415b39c3a91c019bd785d262beeaea3973b673,gwas_credible_sets,ENSG00000171988,JMJD1C,MONDO_0005011,0.10009819269180298,,,unknown,,2023-05-08
24399e60566fa04c9f79ca1e9e139725eb7f059a,gwas_credible_sets,ENSG00000130363,RSPH3,MONDO_0005011,0.1000916138291359,,,unknown,,2023-05-08
8c4fc6cefde77a18977669e763f4b3774d77a0b0,gwas_credible_sets,ENSG00000179240,GVQW3,MONDO_0005011,0.10000381618738174,,,unknown,,2023-01-18
0094f52971ecb03c582d0c18321a8e69cf782b71,gwas_credible_sets,ENSG00000182010,RTKN2,MONDO_0005011,0.09996359050273895,,,unknown,,2010-11-21
aa0688f56d4b60c44c66d9c8b52d3e86f34383eb,gwas_credible_sets,ENSG00000164400,CSF2,MONDO_0005011,0.09994621574878693,,,unknown,,2023-05-08
c215ecc2d1e1826596fd9537b037d1f44aef819d,gwas_credible_sets,ENSG00000185437,SH3BGR,MONDO_0005011,0.09994177520275116,,,unknown,,2016-03-14
f15c4be1709b3fccea37755c5e7a1b0731aaa2be,gwas_credible_sets,ENSG00000134365,CFHR4,MONDO_0005011,0.09987138956785202,,,unknown,,2023-05-08
a011b7b0a42c6d40a3f053b1f1c544dc9742e40e,gwas_credible_sets,ENSG00000167208,SNX20,MONDO_0005011,0.09983472526073456,,,unknown,,2017-01-09
db6bc3edea7dc2a558a2cc54067c16c60f66c58e,gwas_credible_sets,ENSG00000164078,MST1R,MONDO_0005011,0.09964508563280106,,,unknown,,2008-06-29
47d07ef369406f2148d11ba486a3b9f4e42369cb,gwas_credible_sets,ENSG00000122877,EGR2,MONDO_0005011,0.09961102157831192,,,unknown,,2017-01-09
c930f639bdf617e752bb898f02fe47311d978794,gwas_credible_sets,ENSG00000138311,ZNF365,MONDO_0005011,0.09955531358718872,,,unknown,,2017-01-09
8e5deb246df0885e8272f0ca9cc0918cf16dc26f,gwas_credible_sets,ENSG00000083799,CYLD,MONDO_0005011,0.0995153933763504,,,unknown,,2007-04-15
671c9669755b4ec90f5101eb7db83360c8154231,gwas_credible_sets,ENSG00000182093,GET1,MONDO_0005534,0.09915731102228165,,,unknown,,2023-01-18
aa13c60a3afbf4edb73a3b871c58f1eadbf435c5,gwas_credible_sets,ENSG00000122304,PRM2,MONDO_0005011,0.099036306142807,,,unknown,,2012-04-01
65ce4eb4a0173910a5c52eb0b44cb96666884c2d,gwas_credible_sets,ENSG00000113638,TTC33,MONDO_0005011,0.09899893403053284,,,unknown,,2023-05-23
977aeedb0a72e475a328e2c4d4f1e13a1382f9bb,gwas_credible_sets,ENSG00000182264,IZUMO1,MONDO_0005011,0.09885836392641068,,,unknown,,2023-05-08
bf8083a398d38a89f38ea05b74f6652e8e90d550,gwas_credible_sets,ENSG00000135845,PIGC,MONDO_0005011,0.09876282513141632,,,unknown,,2017-01-09
8c49d4cc3a81797a933685c8b234f11637795a3f,gwas_credible_sets,ENSG00000006704,GTF2IRD1,MONDO_0005011,0.09875132143497467,,,unknown,,2023-05-08
f20d4be8409060733590583affe0182b7cc73ac9,gwas_credible_sets,ENSG00000182010,RTKN2,MONDO_0005011,0.0987190306186676,,,unknown,,2007-04-15
abbaeeb10c489d44e2d2d775043aec15fc949889,gwas_credible_sets,ENSG00000117586,TNFSF4,MONDO_0005011,0.09850753098726273,,,unknown,,2010-11-21
b22538aaf4e9ed41f45f14e1bbf9f6a21b41cd4c,gwas_credible_sets,ENSG00000161180,CCDC116,MONDO_0005011,0.09839368611574173,,,unknown,,2023-05-08
718c602d4b6de185fee97f7d8ff6bffe524c49e5,gwas_credible_sets,ENSG00000186710,CFAP73,MONDO_0005011,0.09818581491708755,,,unknown,,2017-01-09
144910e863c2affc1b26ef9b4d47af58719dd3e5,gwas_credible_sets,ENSG00000197959,DNM3,MONDO_0005011,0.09794114530086517,,,unknown,,2012-11-01
9ef518dadcedc8f140f26cc897e90a1388c789b5,gwas_credible_sets,ENSG00000196502,SULT1A1,MONDO_0005011,0.09782208502292633,,,unknown,,2023-05-08
f81225e8f825247d96b422c63674affe4cf25073,gwas_credible_sets,ENSG00000245848,CEBPA,MONDO_0005011,0.09763722866773605,,,unknown,,2023-05-08
2a98c5f700ae7c3e266c63c3b3c6e0400efe8793,gwas_credible_sets,ENSG00000049249,TNFRSF9,MONDO_0005011,0.09749054163694382,,,unknown,,2023-05-08
a6db853d377367a3778c1b19cb1b948ff3aac64f,gwas_credible_sets,ENSG00000196993,NPIPB9,MONDO_0005011,0.09747371822595596,,,unknown,,2024-04-15
f93aade790802a7d6cb85a56ecf995c89c96bc28,gwas_credible_sets,ENSG00000145908,ZNF300,MONDO_0005011,0.09745831787586212,,,unknown,,2010-11-21
7cf615ab87c67f2d772d739574bb74cd6cbad4fa,gwas_credible_sets,ENSG00000198156,NPIPB6,MONDO_0005011,0.09739002585411072,,,unknown,,2023-07-31
abc74783cba89de0149bc6679f88c0bf49c8ec65,gwas_credible_sets,ENSG00000115207,GTF3C2,MONDO_0005011,0.09738589078187943,,,unknown,,2023-05-08
22b4252888d1de7774a0cd1218db8c5f245121ee,gwas_credible_sets,ENSG00000073605,GSDMB,MONDO_0005011,0.09719409048557281,,,unknown,,2017-01-09
574ec3bc0c1636d7c5347509c9a3bef3b20ce2b5,gwas_credible_sets,ENSG00000130363,RSPH3,MONDO_0005011,0.09714493900537491,,,unknown,,2023-05-08
822a5da53a60f634e01dbb786488205a9a8f6178,gwas_credible_sets,ENSG00000197165,SULT1A2,MONDO_0005011,0.09705071151256561,,,unknown,,2023-01-18
ebe0039f87af82bc2eb2333b812ac92c29eb7395,gwas_credible_sets,ENSG00000165684,SNAPC4,MONDO_0005011,0.0969773381948471,,,unknown,,2010-11-21
9450765819e7bfa00fb06f7228dea012be35a5a2,gwas_credible_sets,ENSG00000169299,PGM2,MONDO_0005011,0.0969463586807251,,,unknown,,2023-07-31
1b37b6e43f4c50b063fa46d0ac3514c078fbe84a,gwas_credible_sets,ENSG00000164062,APEH,MONDO_0005011,0.09681489318609238,,,unknown,,2010-11-21
34d2936e35cca057999107d533b26e523183f1a6,gwas_credible_sets,ENSG00000130561,SAG,MONDO_0005011,0.09678231924772263,,,unknown,,2008-06-29
a6887e3de97e77d8295133d36be7732c47bfb9c6,gwas_credible_sets,ENSG00000176909,MAMSTR,MONDO_0005011,0.09676268696784973,,,unknown,,2023-05-08
2e2f090886a201933aab4e139a5511b14f468d06,gwas_credible_sets,ENSG00000073605,GSDMB,MONDO_0005011,0.09674406051635742,,,unknown,,2023-05-08
7868132f6f3d203e7f9443bd478dc657193a257b,gwas_credible_sets,ENSG00000162594,IL23R,MONDO_0005011,0.09666094183921814,,,unknown,,2023-05-08
8f64bdd18f39eaf1fce92aa1722ef9fabf74a4e5,gwas_credible_sets,ENSG00000132356,PRKAA1,MONDO_0005011,0.09645020216703415,,,unknown,,2015-08-24
ba80bfa57eacc2bac37dc31bfcdf057e066e1467,gwas_credible_sets,ENSG00000213221,DNLZ,MONDO_0005011,0.09618855267763138,,,unknown,,2016-03-14
6f619fbe3c356bfc1e244c688c41a0b8414d1d96,gwas_credible_sets,ENSG00000130584,ZBTB46,MONDO_0005011,0.09614785760641098,,,unknown,,2010-11-21
cad8ff712a37f85c7e0f51842163c4ec6bdfab03,gwas_credible_sets,ENSG00000100321,SYNGR1,MONDO_0005011,0.09588854759931564,,,unknown,,2023-05-08
c1d59ada97d24c8c8494fdfb99750e335f31d413,gwas_credible_sets,ENSG00000109471,IL2,MONDO_0005011,0.09567458927631378,,,unknown,,2023-05-08
d8489b08d24532aee3725ee5e1c5ad1d16b9eba8,gwas_credible_sets,ENSG00000161180,CCDC116,MONDO_0005011,0.09566643834114075,,,unknown,,2010-11-21
db367cc89860e9267084867531f55efbf2f1219b,gwas_credible_sets,ENSG00000173402,DAG1,MONDO_0005011,0.0954626202583313,,,unknown,,2010-11-21
78d87c509b128348f4fa85fe17b8efdd31661680,gwas_credible_sets,ENSG00000105655,ISYNA1,MONDO_0005011,0.09541043639183044,,,unknown,,2023-05-08
37e899fbb6f1b5e136f5b131b5b66a26627b2317,gwas_credible_sets,ENSG00000145022,TCTA,MONDO_0005011,0.09525229036808014,,,unknown,,2023-05-08
074ecc41b6ea1c43dc28b282f53a40088e85802d,gwas_credible_sets,ENSG00000180999,C1orf105,MONDO_0005011,0.0951928049325943,,,unknown,,2016-03-14
d98f21c128d89789195609f40b48b0faecd2817c,gwas_credible_sets,ENSG00000116641,DOCK7,MONDO_0005011,0.09516925364732742,,,unknown,,2023-05-08
398ee19a34add1a8ce96c8a61aaa1b14a6c14f44,gwas_credible_sets,ENSG00000151773,CCDC122,MONDO_0005011,0.09507578611373901,,,unknown,,2023-05-08
f186f884dc4d2e080b159a04755245f66ef29aa2,gwas_credible_sets,ENSG00000130363,RSPH3,MONDO_0005011,0.09506084769964218,,,unknown,,2023-05-08
b204bc639f6a008ca8489556273989201b1289c0,gwas_credible_sets,ENSG00000170091,NSG2,MONDO_0005011,0.09479013830423355,,,unknown,,2012-11-01
d50cf93520ce1f8047f95de67248c1ed8179022d,gwas_credible_sets,ENSG00000148572,NRBF2,MONDO_0005011,0.09471254795789719,,,unknown,,2023-07-31
c4b4ba8d7104848e927c3748ceab080e6c1b0567,gwas_credible_sets,ENSG00000132357,CARD6,MONDO_0005011,0.09464447945356369,,,unknown,,2023-01-18
3864bbdf49853aaae56e2299c4d5cb4ada69ca99,gwas_credible_sets,ENSG00000100325,ASCC2,MONDO_0005011,0.09455923736095428,,,unknown,,2016-03-14
26a74d58a4a2537cc182e9aaabb406f6340460b6,gwas_credible_sets,ENSG00000196275,GTF2IRD2,MONDO_0005011,0.09437207877635956,,,unknown,,2023-05-08
686f86977c1c21466576873624ae2e9cc5ddff6b,gwas_credible_sets,ENSG00000180999,C1orf105,MONDO_0005011,0.09416484832763672,,,unknown,,2010-11-21
e474ca40c8b90884b36983e6bb433662140c337b,gwas_credible_sets,ENSG00000108055,SMC3,MONDO_0005011,0.09414288401603699,,,unknown,,2013-07-14
d899a183b2ead22a7e32de24288ce9d55482497e,gwas_credible_sets,ENSG00000213047,DENND1B,MONDO_0005011,0.09401290118694305,,,unknown,,2023-05-08
243278fe5ec675a293479762719542b1dd2b5f69,gwas_credible_sets,ENSG00000171988,JMJD1C,MONDO_0005011,0.09395847469568253,,,unknown,,2018-11-29
90ef271704af84e7f1791d38f08036ec7f8f9e01,gwas_credible_sets,ENSG00000132357,CARD6,MONDO_0005011,0.0939236506819725,,,unknown,,2015-08-24
2b76a79a9f748289e53115aab46f9b5edb98cc8d,gwas_credible_sets,ENSG00000086300,SNX10,MONDO_0005011,0.09377052634954453,,,unknown,,2016-03-14
5910d90ab4de253dd9ee88e353661e5784da8031,gwas_credible_sets,ENSG00000083799,CYLD,MONDO_0005011,0.09369800984859467,,,unknown,,2012-08-30
5429ce025eeccc1e1bef6662d8e8e8462309cb73,gwas_credible_sets,ENSG00000100368,CSF2RB,MONDO_0005011,0.09335950762033463,,,unknown,,2023-05-08
2a451bd936307129b1b2a47245823b1d40ceb658,gwas_credible_sets,ENSG00000171988,JMJD1C,MONDO_0005011,0.09335377812385559,,,unknown,,2023-01-18
4efed5b80bfe02c75cb2b4e7040879d48cbb6af5,gwas_credible_sets,ENSG00000130584,ZBTB46,MONDO_0005011,0.09332060813903809,,,unknown,,2023-07-31
0a377059948a48ed5893915e54818f3ceebec6dd,gwas_credible_sets,ENSG00000167208,SNX20,MONDO_0005539,0.09326649457216263,,,unknown,,2023-01-18
36c15aa024b4c4e2028c881397c9984209e337ad,gwas_credible_sets,ENSG00000127837,AAMP,MONDO_0005011,0.0932292640209198,,,unknown,,2016-03-14
c9f77a5047591995837bd37917a515f9971431f2,gwas_credible_sets,ENSG00000108424,KPNB1,MONDO_0005011,0.09295672178268433,,,unknown,,2016-03-14
f23700099bf584a3ddc0a306e202ed544aed8327,gwas_credible_sets,ENSG00000132357,CARD6,MONDO_0005011,0.09280774742364883,,,unknown,,2025-01-09
240d8a46907122e5b4fbb9a0a390100fc469810d,gwas_credible_sets,ENSG00000198156,NPIPB6,MONDO_0005011,0.0928058996796608,,,unknown,,2022-05-05
12552e48091e66444864e302b398e82fa3ecad34,gwas_credible_sets,ENSG00000174125,TLR1,MONDO_0005011,0.09276913106441498,,,unknown,,2023-05-08
2c96c9291f11fbbcf29c74762c7062bd911488b8,gwas_credible_sets,ENSG00000174130,TLR6,MONDO_0005011,0.09274150431156158,,,unknown,,2023-07-31
fe15011370784df0b0b956934d6029aeebf86b92,gwas_credible_sets,ENSG00000256235,SMIM3,MONDO_0005011,0.09273376315832138,,,unknown,,2016-03-14
3b2486249a9c35c32b61ecd13df05a21ae9ec817,gwas_credible_sets,ENSG00000112159,MDN1,MONDO_0005011,0.0924505963921547,,,unknown,,2023-05-08
a78bfcd6d1535f38bd888afdb80ebf9defce2245,gwas_credible_sets,ENSG00000105550,FGF21,MONDO_0005011,0.09244519472122192,,,unknown,,2023-05-08
eb227a5c19840748402d515f5e5f0a2a0a164f0d,gwas_credible_sets,ENSG00000111331,OAS3,MONDO_0005011,0.09241021424531937,,,unknown,,2017-01-09
6b6321b5b5e1d1604254375b24068741daba67f2,gwas_credible_sets,ENSG00000171988,JMJD1C,MONDO_0005011,0.09239791333675385,,,unknown,,2007-04-15
c83fab01c7f53c14caea37b5619292ecabcd5619,gwas_credible_sets,ENSG00000197712,FAM114A1,MONDO_0005011,0.09234706312417984,,,unknown,,2023-05-08
7a8751a3f3a1222d7aebf2d8e8b25639d2ca6a7e,gwas_credible_sets,ENSG00000145592,RPL37,MONDO_0005011,0.0923258438706398,,,unknown,,2023-01-18
afb8bd75844a07146d2043fcbf14ee61151e3c8c,gwas_credible_sets,ENSG00000213066,CEP43,MONDO_0005011,0.09203001111745834,,,unknown,,2013-07-14
bdb9f228fe1f5441204ceec743f10d9aaf7dd1bb,gwas_credible_sets,ENSG00000130561,SAG,MONDO_0005011,0.09184424579143524,,,unknown,,2010-11-21
b442274e62bdcf0731b8edc3f362a8ea2dd9c0f1,gwas_credible_sets,ENSG00000159753,CARMIL2,MONDO_0005011,0.09179050475358963,,,unknown,,2023-01-18
7c8170597e782022cbdf2d89340543b8ad64de32,gwas_credible_sets,ENSG00000118412,CASP8AP2,MONDO_0005011,0.09164352715015411,,,unknown,,2023-05-08
e0ba5fa6f5101b3beda7b09e100ee6ed27c8b3a2,gwas_credible_sets,ENSG00000197165,SULT1A2,MONDO_0005011,0.09155687689781189,,,unknown,,2023-05-08
aca9d856974aa75529c8311fc5fd52278bb074f4,gwas_credible_sets,ENSG00000130561,SAG,MONDO_0005011,0.09140340238809586,,,unknown,,2017-01-09
087eb6d08df005239f3b3a7b836e3f27676bb09c,gwas_credible_sets,ENSG00000108055,SMC3,MONDO_0005011,0.09134659916162491,,,unknown,,2023-07-31
b65b13ff712ae8355ddf8935dd1d7682de19d66b,gwas_credible_sets,ENSG00000142182,DNMT3L,MONDO_0005011,0.09130694717168808,,,unknown,,2023-05-08
1f1d98ed8ef753bd4a0673fb2cbefb8600d6ebee,gwas_credible_sets,ENSG00000049247,UTS2,MONDO_0005011,0.09129683673381805,,,unknown,,2023-07-31
09b1953df308802feeb89968e4a983302cfeb716,gwas_credible_sets,ENSG00000055130,CUL1,MONDO_0005011,0.09128568321466446,,,unknown,,2023-05-08
9402f6f2671e44991a19445b2d8e123ae3916cee,gwas_credible_sets,ENSG00000122490,SLC66A2,MONDO_0005011,0.09108325839042664,,,unknown,,2024-07-19
b03fd3061f390b8730dcc17a76c8ba1c5ba008a1,gwas_credible_sets,ENSG00000081985,IL12RB2,MONDO_0005011,0.0910150557756424,,,unknown,,2023-01-18
0248368570633d055921337362ab58f4d7143f2b,gwas_credible_sets,ENSG00000100325,ASCC2,MONDO_0005011,0.09098630398511887,,,unknown,,2023-05-08
8f8fe2096455d22714e61147536c654f109508b8,gwas_credible_sets,ENSG00000071242,RPS6KA2,MONDO_0005011,0.09098610281944275,,,unknown,,2010-11-21
e068d28cce2b0d57f276a646c425c72f7ccf99ce,gwas_credible_sets,ENSG00000203867,RBM20,MONDO_0005011,0.09073586016893387,,,unknown,,2023-05-08
ef0a4ae63e6f4a5a97ab5579bf0595d71689c646,gwas_credible_sets,ENSG00000119919,NKX2-3,MONDO_0005011,0.09049428254365921,,,unknown,,2023-05-08
c05a73b79c353f4b0b30250ccd262da37b510497,gwas_credible_sets,ENSG00000106038,EVX1,MONDO_0005011,0.09047958999872208,,,unknown,,2016-03-14
600fcf92b505ccc4f4da569f644d033c3786a5dc,gwas_credible_sets,ENSG00000197208,SLC22A4,MONDO_0005011,0.0903586819767952,,,unknown,,2017-01-09
167405087f9094b267af1643a18201874a0d8820,gwas_credible_sets,ENSG00000132356,PRKAA1,MONDO_0005011,0.0903417319059372,,,unknown,,2023-07-31
75bd11a9321898dd205dfa2522a5977382137a1d,gwas_credible_sets,ENSG00000161180,CCDC116,MONDO_0005011,0.09030511975288391,,,unknown,,2023-05-08
83d05980640a612eec3adcdf72e9f8624215e07f,gwas_credible_sets,ENSG00000164068,RNF123,MONDO_0005534,0.09030034393072128,,,unknown,,2023-01-18
d11f43fef1c87d764b0e7481d403b3c84cfaffac,gwas_credible_sets,ENSG00000148396,SEC16A,MONDO_0005011,0.09025058895349503,,,unknown,,2010-11-21
09467eff387f2c9d2faf0a64374ea6044675f672,gwas_credible_sets,ENSG00000256235,SMIM3,MONDO_0005011,0.09020759165287018,,,unknown,,2008-06-29
cd001bb35294d13eaf226eeb103d18feead91a1a,gwas_credible_sets,ENSG00000070814,TCOF1,MONDO_0005011,0.09019475430250168,,,unknown,,2008-06-29
880b3865ed4c19da5c9b4c11bc90f9fef28a5196,gwas_credible_sets,ENSG00000132207,SLX1A,MONDO_0005011,0.09019310772418976,,,unknown,,2016-03-14
5af269e609ec182cebffe7efb1e86abe020031a5,gwas_credible_sets,ENSG00000072110,ACTN1,MONDO_0005011,0.09018950909376144,,,unknown,,2010-11-21
19f7603938bf1da6516b99e0862440064bb4aa95,gwas_credible_sets,ENSG00000167208,SNX20,MONDO_0005011,0.09013821184635162,,,unknown,,2021-11-04
895e131ee13d2f8a0e5ec96f06c628c27acdc2d3,gwas_credible_sets,ENSG00000145022,TCTA,MONDO_0005011,0.09010764956474304,,,unknown,,2015-08-24
715db49f09e8a81a22e8f1a4cc7009714d4ac239,gwas_credible_sets,ENSG00000108788,MLX,MONDO_0005011,0.09009106457233429,,,unknown,,2017-01-09
805ee15a755a03ecc29b29190dd9b4a7f6286a00,gwas_credible_sets,ENSG00000083799,CYLD,MONDO_0005011,0.09005025774240494,,,unknown,,2025-01-09
ce857ed6efe7c208219fbb477854530f8186d542,gwas_credible_sets,ENSG00000180999,C1orf105,MONDO_0005011,0.09003584831953049,,,unknown,,2023-05-08
c2759d591d7cca245798001570aa6173c26cc3ab,gwas_credible_sets,ENSG00000169299,PGM2,MONDO_0005011,0.08989813178777695,,,unknown,,2013-07-14
87372a9049e61e141738da982cc44d048a1d4318,gwas_credible_sets,ENSG00000203867,RBM20,MONDO_0005011,0.08978992700576782,,,unknown,,2023-07-31
d91b5ae583946a7ed75c741698b5a3c02085ba21,gwas_credible_sets,ENSG00000284635,SCYGR8,MONDO_0005011,0.08965985476970673,,,unknown,,2023-05-08
d23068ce579117bf2b66a0d9bd7f15c704762cad,gwas_credible_sets,ENSG00000240230,COX19,MONDO_0005011,0.08962449431419373,,,unknown,,2023-05-08
b2b071f648be2bd15dc600dfdbdf122080c7541f,gwas_credible_sets,ENSG00000158517,NCF1,MONDO_0005011,0.08958487212657928,,,unknown,,2023-05-08
bea855afad6d4926110f68814cd3b8e762b5bb49,gwas_credible_sets,ENSG00000132824,SERINC3,MONDO_0005011,0.0895410031080246,,,unknown,,2016-03-14
ea0a6cf826528e5ffd760b3903b640dac3507702,gwas_credible_sets,ENSG00000170128,GPR25,MONDO_0005011,0.08951414376497269,,,unknown,,2008-06-29
969dcceaf6e6580c1f72fe8f950c438dedb46001,gwas_credible_sets,ENSG00000187037,GPR141,MONDO_0005011,0.08946134150028229,,,unknown,,2023-05-08
b2590533b59eb911cb999d90bc1ea65a605cc4b9,gwas_credible_sets,ENSG00000175354,PTPN2,MONDO_0005011,0.08946108818054199,,,unknown,,2023-05-08
29b135093da03ded4ca3da3c79364c9ed8959e1d,gwas_credible_sets,ENSG00000250254,PTTG2,MONDO_0005011,0.08936861157417297,,,unknown,,2023-05-08
2dbe0b6598123a6d0a6413685816dc8773c46e10,gwas_credible_sets,ENSG00000197208,SLC22A4,MONDO_0005011,0.08931931853294373,,,unknown,,2008-06-29
7fda4baa0398cd834d1f835e8ddaeed8f66e7b45,gwas_credible_sets,ENSG00000169299,PGM2,MONDO_0005011,0.08916299790143967,,,unknown,,2023-05-08
21751233c3edc582caa8cdda0aad80baaddd75fb,gwas_credible_sets,ENSG00000134825,TMEM258,MONDO_0005011,0.08905923366546631,,,unknown,,2023-12-26
6bd542fc289029cedfec5c37d3297266d2e65bf7,gwas_credible_sets,ENSG00000132356,PRKAA1,MONDO_0005011,0.08885373920202255,,,unknown,,2023-01-18
1c98e0e9c1a150619ce5f6344413bf887e88cb17,gwas_credible_sets,ENSG00000118412,CASP8AP2,MONDO_0005011,0.08873573690652847,,,unknown,,2010-11-21
863a7e4a6f09bdc2ce9ed0d498f425293a811a89,gwas_credible_sets,ENSG00000173402,DAG1,MONDO_0005011,0.08870185166597366,,,unknown,,2015-08-24
06b43bb76706f2a3202e6c28867cf238c96a88e3,gwas_credible_sets,ENSG00000241945,PWP2,MONDO_0005011,0.08860563486814499,,,unknown,,2023-05-08
977dfb74ef137a25b522682395e9af585cace691,gwas_credible_sets,ENSG00000122877,EGR2,MONDO_0005011,0.08835967630147934,,,unknown,,2016-03-14
a33c9276ae8825ca93a629438ce8d67a67c9a35d,gwas_credible_sets,ENSG00000162928,PEX13,MONDO_0005011,0.08822187781333923,,,unknown,,2010-11-21
fc80345c2f9f3cfeeb76b1b72a3373921b267928,gwas_credible_sets,ENSG00000176046,NUPR1,MONDO_0005011,0.08821886032819748,,,unknown,,2023-07-31
75b43b02064704e59324a47be0dba7f3cae6f22c,gwas_credible_sets,ENSG00000164062,APEH,MONDO_0005011,0.08803989738225937,,,unknown,,2008-06-29
1688ca26be71fa45ba6a73cd65080e47d14fe590,gwas_credible_sets,ENSG00000145592,RPL37,MONDO_0005011,0.08792483806610107,,,unknown,,2015-08-24
f1e5813e8a1873d09882859dae51e075feb2cb06,gwas_credible_sets,ENSG00000164113,ADAD1,MONDO_0005011,0.08783232420682907,,,unknown,,2016-03-14
d8f6c793c5e89ab95dbe2d0b97209916f68d5f2a,gwas_credible_sets,ENSG00000133106,EPSTI1,MONDO_0005011,0.08769255876541138,,,unknown,,2023-05-08
d819f7137533c5884b93d9419d9b5d01c31ebc0c,gwas_credible_sets,ENSG00000183246,RIMBP3C,MONDO_0005011,0.08767524361610413,,,unknown,,2023-05-08
3c455bef9e03afc4164317d122d068a4d0cfdf1f,gwas_credible_sets,ENSG00000189050,RNFT1,MONDO_0005011,0.08744172006845474,,,unknown,,2023-05-08
e528cc9d86cfa7b773ca7f4b61c8e92da423bef6,gwas_credible_sets,ENSG00000130561,SAG,MONDO_0005011,0.08740603178739548,,,unknown,,2007-04-15
1f2b4d1eeba0eef26aae2129a6562d0f935075fe,gwas_credible_sets,ENSG00000167208,SNX20,MONDO_0005011,0.0873793363571167,,,unknown,,2023-05-08
722c70ca0d2987dbe6f34df6ca2ead1b882523f2,gwas_credible_sets,ENSG00000165689,ENTR1,MONDO_0005011,0.0872647613286972,,,unknown,,2023-05-08
648f8cd897eeffbd83109aa0715c7010e2af92bd,gwas_credible_sets,ENSG00000100316,RPL3,MONDO_0005011,0.08721993118524551,,,unknown,,2017-01-09
c45c23e95cc16d937be82928a9a80876f763994b,gwas_credible_sets,ENSG00000041515,MYO16,MONDO_0005011,0.08706516772508621,,,unknown,,2024-07-19
c5f4b124f9ae20dd9ff7e0695be7b84a66645bb4,gwas_credible_sets,ENSG00000108622,ICAM2,MONDO_0005011,0.08696532249450684,,,unknown,,2016-03-14
07060ef1f3ad698a3386ed9ae03620b229ca5f37,gwas_credible_sets,ENSG00000176046,NUPR1,MONDO_0005011,0.08683043718338013,,,unknown,,2022-05-05
a5a976253cf4ba129aaae744f6a043cbc0170d0f,gwas_credible_sets,ENSG00000081985,IL12RB2,MONDO_0005011,0.08656986802816391,,,unknown,,2025-01-09
fe36fbcc409da30005f0816791c2a7d671f7d6e3,gwas_credible_sets,ENSG00000130561,SAG,MONDO_0005011,0.08648379147052765,,,unknown,,2015-08-24
3a32708f033a97b71d708aaefe8da80c672f8811,gwas_credible_sets,ENSG00000203797,DDO,MONDO_0005011,0.08646435290575027,,,unknown,,2024-07-19
5f0e634536a8c4a35df9e1e05b4630380dc51a40,gwas_credible_sets,ENSG00000196502,SULT1A1,MONDO_0005011,0.08622076362371445,,,unknown,,2023-05-08
6512fe180d65f712a01953eca5bd4532e61288f6,gwas_credible_sets,ENSG00000256235,SMIM3,MONDO_0005011,0.0859934613108635,,,unknown,,2007-06-06
87d4d4f00202bb108677e06d9fe85e954e0e4f07,gwas_credible_sets,ENSG00000185056,C5orf47,MONDO_0005011,0.08593911677598953,,,unknown,,2012-11-01
117d38ad1a27b460a2a8edaa1b3e0addbbbbc5d3,gwas_credible_sets,ENSG00000135899,SP110,MONDO_0005011,0.08589747548103333,,,unknown,,2016-03-14
f555b92e782175f1725f1fd6e2544862a56f7543,gwas_credible_sets,ENSG00000214413,BBIP1,MONDO_0005011,0.08588189631700516,,,unknown,,2024-07-19
8a7a2670fdb0f4c1d3cc756e63bbfeaa7886a4d1,gwas_credible_sets,ENSG00000154153,RETREG1,MONDO_0005011,0.08571753650903702,,,unknown,,2024-07-19
b3232dc54c0b0f68e713c2b071f7c10e31da6c97,gwas_credible_sets,ENSG00000067560,RHOA,MONDO_0005011,0.08561863005161285,,,unknown,,2008-06-29
6708ee1e00488f76a5a9739af72f65df3d25ebf8,gwas_credible_sets,ENSG00000111300,NAA25,MONDO_0005011,0.0856160819530487,,,unknown,,2017-01-09
eeaa0e4b6a71c6fd7f344e579fd0393469cd11b7,gwas_credible_sets,ENSG00000117586,TNFSF4,MONDO_0005011,0.08551912754774094,,,unknown,,2017-01-09
95f75b8ebc7ef2a6fed7cc162cda2e35dc52f6ce,gwas_credible_sets,ENSG00000130561,SAG,MONDO_0005011,0.08550279587507248,,,unknown,,2012-03-08
e636ca84a33aafcdfd7bf13a3b3a098238596c18,gwas_credible_sets,ENSG00000151033,LYZL2,MONDO_0005011,0.085448257625103,,,unknown,,2023-05-08
dba8c4090001312925b5f4e9e6d2e056b1384dea,gwas_credible_sets,ENSG00000164236,ANKRD33B,MONDO_0005011,0.08538778126239777,,,unknown,,2023-05-08
72688c2894ae9f7bc2b7a425fcb18e23cc8a15fb,gwas_credible_sets,ENSG00000135253,KCP,MONDO_0005011,0.08531605452299118,,,unknown,,2023-01-18
019bac62654492e0a66cf70a33cc05c5e6491782,gwas_credible_sets,ENSG00000101367,MAPRE1,MONDO_0005011,0.08521615713834763,,,unknown,,2016-03-14
60c1e49ee93fa10ae9cec3176363cf555d3ebbdf,gwas_credible_sets,ENSG00000173467,AGR3,MONDO_0005011,0.08515431731939316,,,unknown,,2016-03-14
e4f750a1ed2850d5a5efefcdeeed9c6952b061ea,gwas_credible_sets,ENSG00000183621,ZNF438,MONDO_0005011,0.08496998995542526,,,unknown,,2023-05-08
00d186e5f46c16a944ca3fd64dd58f07802b8ef0,gwas_credible_sets,ENSG00000132357,CARD6,MONDO_0005011,0.08491577208042145,,,unknown,,2007-06-06
8b3960a81ae30e7099e39a1ea8a73cb45f4b9644,gwas_credible_sets,ENSG00000132357,CARD6,MONDO_0005011,0.08491577208042145,,,unknown,,2012-03-08
f1e8dd5a1f089d0b7024533d07f771ca886aafd5,gwas_credible_sets,ENSG00000119919,NKX2-3,MONDO_0005011,0.08490780740976334,,,unknown,,2023-05-08
1a55a0d3c6c7cf234cae4e4072f5c6227a77f40e,gwas_credible_sets,ENSG00000075618,FSCN1,MONDO_0005011,0.08487263321876526,,,unknown,,2023-05-08
16b702b18b3895f8c0715571924adaeb5e7a2854,gwas_credible_sets,ENSG00000081985,IL12RB2,MONDO_0005011,0.08487042784690857,,,unknown,,2017-01-09
0e079507016bb36ad30ece728ac3bc810fceb5b5,gwas_credible_sets,ENSG00000175643,RMI2,MONDO_0005011,0.08479990065097809,,,unknown,,2023-05-08
60d2f91a13912228702b7d6a67045bfc92e7a180,gwas_credible_sets,ENSG00000111275,ALDH2,MONDO_0005011,0.0846843495965004,,,unknown,,2023-01-18
c3ed74eaa0f47db252e20bc34836c274c8504dc9,gwas_credible_sets,ENSG00000169242,EFNA1,MONDO_0005011,0.0845533236861229,,,unknown,,2016-03-14
3d27a61c1d60bd49061f8b01afb1cb30ebe04b52,gwas_credible_sets,ENSG00000145592,RPL37,MONDO_0005011,0.08410211652517319,,,unknown,,2023-01-18
180a92ac55c559fc65b0b40e232ff408192555b1,gwas_credible_sets,ENSG00000145020,AMT,MONDO_0005534,0.08395499736070633,,,unknown,,2023-01-18
e8bf1e7b8946df358fa97a385b8953ae488e868d,gwas_credible_sets,ENSG00000185338,SOCS1,MONDO_0005011,0.08394095301628113,,,unknown,,2023-05-08
f39575d70025dee14eafe525b713644365bc931b,gwas_credible_sets,ENSG00000092445,TYRO3,MONDO_0005011,0.0839373767375946,,,unknown,,2023-01-18
de801f4ae5204d7c489646c973307d052cc3616e,gwas_credible_sets,ENSG00000171988,JMJD1C,MONDO_0005011,0.08392372727394104,,,unknown,,2023-05-08
29e0b281ef4e9c7d283beb1c36603969a264fa89,gwas_credible_sets,ENSG00000108055,SMC3,MONDO_0005011,0.08383997529745102,,,unknown,,2023-05-08
00f52dc93f3a2346c6777519d7e8952d724f25b4,gwas_credible_sets,ENSG00000099817,POLR2E,MONDO_0005011,0.08381487429141998,,,unknown,,2023-05-08
843c003387ba87514331b98c8e347678e57ee0a3,gwas_credible_sets,ENSG00000101246,ARFRP1,MONDO_0005011,0.08380737155675888,,,unknown,,2023-05-08
f72b682833ae5f49bcbd7cf29f03236e9656de59,gwas_credible_sets,ENSG00000125347,IRF1,MONDO_0005011,0.0836356058716774,,,unknown,,2015-08-24
44112c5119dc9aba325cb13d850f04ec572fb57a,gwas_credible_sets,ENSG00000138311,ZNF365,MONDO_0005011,0.08362316340208054,,,unknown,,2015-01-01
eb97b4becb5e77dd91e34b76d828ad7655eac33b,gwas_credible_sets,ENSG00000179295,PTPN11,MONDO_0005011,0.08329679816961288,,,unknown,,2017-01-09
74c161766b625e8e0bf59c10ffe1d9dee5d8008c,gwas_credible_sets,ENSG00000149485,FADS1,MONDO_0005011,0.08323253691196442,,,unknown,,2023-05-08
558d2047a2d968b2ffbbaa3dcb397886300e3982,gwas_credible_sets,ENSG00000197457,STMN3,MONDO_0005011,0.08309151232242584,,,unknown,,2010-11-21
004f83c1fdf2d4b9e8ef9b602865eb7a42854347,gwas_credible_sets,ENSG00000145592,RPL37,MONDO_0005011,0.08307896554470062,,,unknown,,2007-03-05
3bc6a543c47374a58e34c1f49ee5589cdcc15e7f,gwas_credible_sets,ENSG00000182010,RTKN2,MONDO_0005011,0.08304070681333542,,,unknown,,2018-11-29
efa1b6795388c7c6657e867937f0e946718a9234,gwas_credible_sets,ENSG00000155903,RASA2,MONDO_0005011,0.08296873420476913,,,unknown,,2023-05-08
bce6956389254a93d4ecb300efb40b92fe9dfada,gwas_credible_sets,ENSG00000173402,DAG1,MONDO_0005534,0.08293149620294571,,,unknown,,2023-01-18
20e0e35c71db2a4514041b82f1defa05a7012792,gwas_credible_sets,ENSG00000284779,ENSG00000284779,MONDO_0005011,0.0829010009765625,,,unknown,,2015-08-24
0c16ad7d1ddac1ab6cb458e09720959ef32c13dd,gwas_credible_sets,ENSG00000196993,NPIPB9,MONDO_0005011,0.08278749138116837,,,unknown,,2015-08-24
95296ab5a1902f915e138573217a7e1c3447db60,gwas_credible_sets,ENSG00000174130,TLR6,MONDO_0005011,0.08276853710412979,,,unknown,,2023-05-08
c4d0ef9217a7572aae9893224a875b5697da23c3,gwas_credible_sets,ENSG00000263001,GTF2I,MONDO_0005011,0.08264055103063583,,,unknown,,2023-01-18
bfc0a2ac7f45535dc17638f67c2c3407242dfddb,gwas_credible_sets,ENSG00000115419,GLS,MONDO_0005011,0.0826011374592781,,,unknown,,2023-05-08
d7d4add46d63ea638b79bf0cec44bb03b8e585b4,gwas_credible_sets,ENSG00000167208,SNX20,MONDO_0005011,0.08257502317428589,,,unknown,,2012-08-30
4ce24b0204831f89cb6c88a4081578c2ca995074,gwas_credible_sets,ENSG00000203963,C1orf141,MONDO_0005011,0.08252209424972534,,,unknown,,2008-06-29
a23b856d7771f037906fa28506d568b917af2f4d,gwas_credible_sets,ENSG00000176909,MAMSTR,MONDO_0005011,0.08250734955072403,,,unknown,,2023-05-08
dae0f6a98935863819875915ada6cc8793ad5c6f,gwas_credible_sets,ENSG00000102738,MRPS31,MONDO_0005011,0.0824321061372757,,,unknown,,2016-03-14
343e28aa21526cb2f6d27b401b62f0751c154876,gwas_credible_sets,ENSG00000145592,RPL37,MONDO_0005539,0.08237778395414352,,,unknown,,2023-01-18
1056f8ec97eaea1cf9afee5b13f31c3dedbf77a2,gwas_credible_sets,ENSG00000164500,SPMIP7,MONDO_0005011,0.08212145417928696,,,unknown,,2008-06-29
50457756799e2abb1f134b0b2642ce2c658f6007,gwas_credible_sets,ENSG00000164850,GPER1,MONDO_0005011,0.08200478553771973,,,unknown,,2023-05-08
35a369a4fc408e12a64c9b215f9f5c4f92d0f654,gwas_credible_sets,ENSG00000122378,PRXL2A,MONDO_0005011,0.0819452702999115,,,unknown,,2017-01-09
9353616bbe201e38b8e8bbe2613a46c82b1d4fd1,gwas_credible_sets,ENSG00000115602,IL33R,MONDO_0005011,0.0818251371383667,,,unknown,,2010-11-21
b95776d4e5fae9b00047a1fb2c248d743cc310ea,gwas_credible_sets,ENSG00000081985,IL12RB2,MONDO_0005011,0.08179229497909546,,,unknown,,2024-07-19
792a609701f4dace1ff5059974612d3ed6e9f348,gwas_credible_sets,ENSG00000169299,PGM2,MONDO_0005011,0.08177298307418823,,,unknown,,2012-12-21
256b289a65ef4144e005a03bddddefbba286f099,gwas_credible_sets,ENSG00000108784,NAGLU,MONDO_0005011,0.0817229375243187,,,unknown,,2017-01-09
d343e55a14ff18535146f682652a781201d87fde,gwas_credible_sets,ENSG00000181634,TNFSF15,MONDO_0005011,0.08166547119617462,,,unknown,,2023-01-18
b26f17dde83862ae032dbd09e209ac504c2513d3,gwas_credible_sets,ENSG00000132912,DCTN4,MONDO_0005011,0.0814937874674797,,,unknown,,2010-11-21
c83a3f96ecf1c90adfb882f6b38dc0785b81c03e,gwas_credible_sets,ENSG00000132356,PRKAA1,MONDO_0005011,0.08135984092950821,,,unknown,,2023-05-23
e625af76dcbec1031b7a77260735841711948361,gwas_credible_sets,ENSG00000196968,POFUT4,MONDO_0005011,0.08132565766572952,,,unknown,,2017-01-09
01f466815f4cc2c31759653c9f7baac329930949,gwas_credible_sets,ENSG00000107951,MTPAP,MONDO_0005011,0.08126243948936462,,,unknown,,2023-05-08
7f34a7417c6916f12ae0064d014a95062a09eca2,gwas_credible_sets,ENSG00000197959,DNM3,MONDO_0005011,0.08109518885612488,,,unknown,,2008-06-29
839263e4bce44efcb5ebec9b813e958027ba274c,gwas_credible_sets,ENSG00000115216,NRBP1,MONDO_0005011,0.08109433948993683,,,unknown,,2023-05-08
e6e3227bd7f9f4657377e03610fc31d41845d52a,gwas_credible_sets,ENSG00000256235,SMIM3,MONDO_0005011,0.0808497965335846,,,unknown,,2017-01-09
3e919cd000a992be1e59e876a3179b8d47b49b50,gwas_credible_sets,ENSG00000256235,SMIM3,MONDO_0005011,0.08077152073383331,,,unknown,,2023-05-08
7dc8fd5357977df3e4f053f1fe24db39a4a2c434,gwas_credible_sets,ENSG00000164849,GPR146,MONDO_0005011,0.08061303943395615,,,unknown,,2023-05-08
f578c0a11d01788672cb8f3273b7a7a28344b93e,gwas_credible_sets,ENSG00000145592,RPL37,MONDO_0005011,0.08060909807682037,,,unknown,,2025-08-06
936f568c806771eb6e436526791aeb41104e9078,gwas_credible_sets,ENSG00000119919,NKX2-3,MONDO_0005011,0.08057138323783875,,,unknown,,2023-05-08
08363035133f3a32d458465bdcf2790a2be4c38d,gwas_credible_sets,ENSG00000138092,CENPO,MONDO_0005011,0.08056896179914474,,,unknown,,2023-05-08
9b552b3ee40b2ecc15b4f421bded541cb2d1b4ae,gwas_credible_sets,ENSG00000113638,TTC33,MONDO_0005011,0.08047185838222504,,,unknown,,2015-08-24
436f4a6aa796110811e528451e3af3b01b03ccb1,gwas_credible_sets,ENSG00000206052,DOK6,MONDO_0005011,0.08044973760843277,,,unknown,,2023-01-18
05d499b09f1a4dac4e86e4cdb7cb27d425782681,gwas_credible_sets,ENSG00000184730,APOBR,MONDO_0005011,0.08040539175271988,,,unknown,,2017-01-09
e0de11707893daa6184b3ee111896ffa323c075d,gwas_credible_sets,ENSG00000148572,NRBF2,MONDO_0005011,0.08032100647687912,,,unknown,,2015-01-01
52edf09559947551d552f557651b1fbe21be72d2,gwas_credible_sets,ENSG00000122877,EGR2,MONDO_0005011,0.08018871396780014,,,unknown,,2017-01-09
a899da16544ce21c6ecf25b0ec9b39dd468abed1,gwas_credible_sets,ENSG00000136888,ATP6V1G1,MONDO_0005539,0.0801161378622055,,,unknown,,2023-01-18
35d0cadeaea0d8a343585af07f2312dfe42c4224,gwas_credible_sets,ENSG00000178952,TUFM,MONDO_0005011,0.08007067441940308,,,unknown,,2024-04-15
bdb3a359ec28a9fd8f2d396382d72770b182a7ec,gwas_credible_sets,ENSG00000178796,RIIAD1,MONDO_0005011,0.08006010204553604,,,unknown,,2023-05-08
c38ffef0e267c0cbe20b7591bc3b18c29ca450cb,gwas_credible_sets,ENSG00000124140,SLC12A5,MONDO_0005011,0.0800318568944931,,,unknown,,2023-05-08
f7758c58224362a590f2a90020758b507390f436,gwas_credible_sets,ENSG00000071242,RPS6KA2,MONDO_0005011,0.0800216943025589,,,unknown,,2013-07-14
b600a259189b02c2713fc2fb38c578fa7d9e09a4,gwas_credible_sets,ENSG00000145908,ZNF300,MONDO_0005011,0.07999765872955322,,,unknown,,2007-06-06
90e0392757188903c7cd0b1056dabb4d9eafc23e,gwas_credible_sets,ENSG00000174130,TLR6,MONDO_0005011,0.07997680455446243,,,unknown,,2012-12-21
f46f001f03a788539abf3b2732db385f3b394be7,gwas_credible_sets,ENSG00000157693,TMEM268,MONDO_0005539,0.07988838106393814,,,unknown,,2023-01-18
205312b0d55352ef13f4707c613500e13637cde8,gwas_credible_sets,ENSG00000149600,COMMD7,MONDO_0005011,0.07983692735433578,,,unknown,,2016-03-14
8317c30e8682b05a8a4131fafa67fcebbe073acc,gwas_credible_sets,ENSG00000164236,ANKRD33B,MONDO_0005011,0.07974252104759216,,,unknown,,2023-05-08
51d04288d601c6953d98cf7fac2daa623a8c74f9,gwas_credible_sets,ENSG00000145592,RPL37,MONDO_0005011,0.07969395816326141,,,unknown,,2007-06-06
5d981e9f9ab53a3a2244fabe00644d7b5a82e1e2,gwas_credible_sets,ENSG00000145592,RPL37,MONDO_0005011,0.07969395816326141,,,unknown,,2012-03-08
49878ff00a71ea2e9c3010c81e51f66df82acd0e,gwas_credible_sets,ENSG00000132357,CARD6,MONDO_0005011,0.07964419573545456,,,unknown,,2017-01-09
d5d2aaf69d7337fa8e062f674e7d1e6d23cb40ca,gwas_credible_sets,ENSG00000219073,CELA3B,MONDO_0005011,0.07954376190900803,,,unknown,,2023-05-08
0d14358e692002c051c5eefe4710628ec49916d1,gwas_credible_sets,ENSG00000145029,NICN1,MONDO_0005011,0.07945491373538971,,,unknown,,2017-01-09
09d8104f9d295b497567ed8ddeadc8caee174cbf,gwas_credible_sets,ENSG00000130881,LRP3,MONDO_0005011,0.07944419980049133,,,unknown,,2023-05-08
8124a586335a3503cd504a040de558c35f278277,gwas_credible_sets,ENSG00000112936,C7,MONDO_0005011,0.07942651957273483,,,unknown,,2015-08-24
df7b0cfd460577b40048d61e901c02449dc4159d,gwas_credible_sets,ENSG00000152527,PLEKHH2,MONDO_0005011,0.07938742637634277,,,unknown,,2016-03-14
1a6d7cb92c68c876b73239bed929a2969633031f,gwas_credible_sets,ENSG00000120658,ENOX1,MONDO_0005011,0.07937388122081757,,,unknown,,2023-05-08
09c25bc3b753714f4673caa8bc228530e2a36ce7,gwas_credible_sets,ENSG00000104312,RIPK2,MONDO_0005011,0.07925022393465042,,,unknown,,2012-11-01
d772d82ee90ac7f2f6bca4157bdbc4541ef424cd,gwas_credible_sets,ENSG00000100362,PVALB,MONDO_0005011,0.07922741770744324,,,unknown,,2023-05-08
b54c09df128af3c1014b7252a516376121596d7f,gwas_credible_sets,ENSG00000176986,SEC24C,MONDO_0005011,0.07905007153749466,,,unknown,,2023-05-08
82655692c33a1c83575485f59ee5ade905f98012,gwas_credible_sets,ENSG00000174951,FUT1,MONDO_0005011,0.07896152883768082,,,unknown,,2023-05-08
f13ef80d06384b8932c3e8c060312ff193dd7ac2,gwas_credible_sets,ENSG00000162542,TMCO4,MONDO_0005011,0.07883530110120773,,,unknown,,2016-03-14
d9aa0d5a9490ed265fc17902becacb66e3ecb34e,gwas_credible_sets,ENSG00000164332,UBLCP1,MONDO_0005011,0.07875625044107437,,,unknown,,2023-05-08
eedc4006e3d0dcf5aeb8f34ce95e2530f580c9eb,gwas_credible_sets,ENSG00000164332,UBLCP1,MONDO_0005011,0.07875625044107437,,,unknown,,2023-05-08
f1779953174b334d554aef062650e0ee593cd1c8,gwas_credible_sets,ENSG00000142789,CELA3A,MONDO_0005011,0.07869328558444977,,,unknown,,2023-05-08
9ad1adb43daca8bbd880f4310acf8fcf73f0a2b9,gwas_credible_sets,ENSG00000185338,SOCS1,MONDO_0005011,0.07868582010269165,,,unknown,,2023-01-18
7b2befd9dba5e627bd8891f92f742fffa452329d,gwas_credible_sets,ENSG00000184110,EIF3C,MONDO_0005011,0.07860101759433746,,,unknown,,2017-01-09
a61004300b65a33cd4c55b1a8f45e64f57580804,gwas_credible_sets,ENSG00000082898,XPO1,MONDO_0005011,0.07854779809713364,,,unknown,,2023-06-01
ac09ffda28524f810722e2473eb16088930f73e7,gwas_credible_sets,ENSG00000082898,XPO1,MONDO_0005011,0.07854779809713364,,,unknown,,2023-06-01
5be7de99a109d2834f9b22bd87ed96e19e93f69a,gwas_credible_sets,ENSG00000138002,IFT172,MONDO_0005011,0.07836542278528214,,,unknown,,2023-05-08
7da503f7493318494630496bff3368fc83fc443b,gwas_credible_sets,ENSG00000171988,JMJD1C,MONDO_0005011,0.07812783122062683,,,unknown,,2017-01-09
d47aad17b3d882cdbba84ba099b13c9dc3ddd473,gwas_credible_sets,ENSG00000067560,RHOA,MONDO_0005011,0.0780966505408287,,,unknown,,2010-11-21
e4b5644c6f889278939776b350c2dd4de417425f,gwas_credible_sets,ENSG00000164062,APEH,MONDO_0005011,0.07803772389888763,,,unknown,,2017-01-09
db22dc03203d789f99956b4c56babe6c59333f48,gwas_credible_sets,ENSG00000102780,DGKH,MONDO_0005011,0.07788358628749847,,,unknown,,2010-11-21
47de6c288d5d48ce77c766b8a1a6eccd2f18339d,gwas_credible_sets,ENSG00000145860,RNF145,MONDO_0005011,0.0778430923819542,,,unknown,,2023-01-18
3712b9645ee399e1b4cc67626ee5bf8f3b8ca4b6,gwas_credible_sets,ENSG00000164400,CSF2,MONDO_0005011,0.07776621729135513,,,unknown,,2023-01-18
c0bd96cc5a1716a7af244e659d8f7a1a579095e5,gwas_credible_sets,ENSG00000116852,KIF21B,MONDO_0005011,0.07769880443811417,,,unknown,,2008-06-29
a044d9509c0555ff2e789f6c12fedd275cbad705,gwas_credible_sets,ENSG00000135148,TRAFD1,MONDO_0005011,0.07759615778923035,,,unknown,,2023-05-08
6c006e85fed40eef2c7b6bce7e911c9fcea50a23,gwas_credible_sets,ENSG00000113525,IL5,MONDO_0005011,0.07730413228273392,,,unknown,,2023-05-08
fa9f9be1319ab8ad0a18bd0244078de79b5e0943,gwas_credible_sets,ENSG00000240230,COX19,MONDO_0005011,0.07725487649440765,,,unknown,,2023-05-08
95452698b2f269205410d47a8458240e3e834fb0,gwas_credible_sets,ENSG00000072682,P4HA2,MONDO_0005011,0.07722873240709305,,,unknown,,2023-01-18
22ccc7d5fe807f7262b100b9ee2daa242a81aa31,gwas_credible_sets,ENSG00000120690,ELF1,MONDO_0005011,0.07720427960157394,,,unknown,,2023-05-08
cff232138894fab791ca2a5d108098ca41f6afaf,gwas_credible_sets,ENSG00000143321,HDGF,MONDO_0005011,0.07709674537181854,,,unknown,,2023-01-18
79652579517850bd4acfd36c4821616d53b8ac71,gwas_credible_sets,ENSG00000132357,CARD6,MONDO_0005539,0.07706218212842941,,,unknown,,2023-01-18
9ba7e5005c924e3db2322976ae88969b22c3c62c,gwas_credible_sets,ENSG00000145592,RPL37,MONDO_0005011,0.07699185609817505,,,unknown,,2023-01-18
527a395c182e1e78259a652b7e0a047be880c739,gwas_credible_sets,ENSG00000164062,APEH,MONDO_0005534,0.07697409391403198,,,unknown,,2023-01-18
738d921c9ed16bcdd3f77f1bc9c36d775a5f84df,gwas_credible_sets,ENSG00000170889,RPS9,MONDO_0005011,0.0769258514046669,,,unknown,,2023-07-31
aea44d5b8b34a1f27d807723d932dff814903f0c,gwas_credible_sets,ENSG00000182010,RTKN2,MONDO_0005011,0.0768129751086235,,,unknown,,2023-01-18
be29cbb14a91bcb2120a6a81aec7de5a27adfe10,gwas_credible_sets,ENSG00000164068,RNF123,MONDO_0005011,0.07665354013442993,,,unknown,,2017-01-09
f1369d06d7d113dc3811831116bc216853ce18b2,gwas_credible_sets,ENSG00000105996,HOXA2,MONDO_0005011,0.07661325484514236,,,unknown,,2016-03-14
21a4abb6689a82769b9a86358d0df67c76646987,gwas_credible_sets,ENSG00000125520,SLC2A4RG,MONDO_0005011,0.07653384655714035,,,unknown,,2023-05-08
fd599d8338844e30fa549c77adfe4e6d210a4c8c,gwas_credible_sets,ENSG00000081985,IL12RB2,MONDO_0005011,0.07645609974861145,,,unknown,,2015-08-24
55861a4d09b7e12f2cd49065ca999a2cfd271a12,gwas_credible_sets,ENSG00000149485,FADS1,MONDO_0005011,0.07637248933315277,,,unknown,,2016-03-14
29a7893c027274c981da74fc7a80114d2d5a7bf2,gwas_credible_sets,ENSG00000174125,TLR1,MONDO_0005011,0.07631339877843857,,,unknown,,2023-05-08
b2990c9f137b287500433814e9318ba42404b0e8,gwas_credible_sets,ENSG00000108443,RPS6KB1,MONDO_0005011,0.07617097347974777,,,unknown,,2016-03-14
f531f92f834b391441907d47118874016c6aa35a,gwas_credible_sets,ENSG00000072682,P4HA2,MONDO_0005539,0.07602016627788544,,,unknown,,2023-01-18
d60bc47f021c756d00a942009a0e2d7ad7e8cce0,gwas_credible_sets,ENSG00000134882,UBAC2,MONDO_0005011,0.07599329203367233,,,unknown,,2016-03-14
8c9313c2a996c85e55c84c43c6bc9cc993b20332,gwas_credible_sets,ENSG00000164113,ADAD1,MONDO_0005011,0.0759817510843277,,,unknown,,2023-12-26
46fe6ece4a00ec71a71c710d2bd6de7718a28369,gwas_credible_sets,ENSG00000218336,TENM3,MONDO_0005011,0.07588501274585724,,,unknown,,2015-08-24
47ddb8b989845751fc1f9429bd93ef019ed44427,gwas_credible_sets,ENSG00000186075,ZPBP2,MONDO_0005011,0.07579220086336136,,,unknown,,2023-05-08
82b5539bc7fa86dacce2a3f90dff683bbe38d400,gwas_credible_sets,ENSG00000179813,FAM216B,MONDO_0005011,0.0755745992064476,,,unknown,,2023-05-08
f93dc8289de4287caad8f96a643d0894c61ac206,gwas_credible_sets,ENSG00000205581,HMGN1,MONDO_0005534,0.07547802478075027,,,unknown,,2023-01-18
9f04069e508b9df4c5db139eb2feb0a39d78c02d,gwas_credible_sets,ENSG00000142789,CELA3A,MONDO_0005011,0.07546380907297134,,,unknown,,2023-05-08
0da8fa478ec6acb7680b35fe42015c34f1abcef0,gwas_credible_sets,ENSG00000167208,SNX20,MONDO_0005011,0.07543125748634338,,,unknown,,2023-05-08
e36393555738e0bc24a497693ca3fc1c84eea036,gwas_credible_sets,ENSG00000185437,SH3BGR,MONDO_0005534,0.07536523789167404,,,unknown,,2023-01-18
b13a0a4b60454d6efdc4447ec20467ee86b0a2e3,gwas_credible_sets,ENSG00000180999,C1orf105,MONDO_0005011,0.07525954395532608,,,unknown,,2017-01-09
74912004d955f41422ef84bcb4e5283d241f5963,gwas_credible_sets,ENSG00000142798,HSPG2,MONDO_0005011,0.0752498134970665,,,unknown,,2023-05-08
4597154e74783fec75ffff49214cbd2ee007cad8,gwas_credible_sets,ENSG00000205581,HMGN1,MONDO_0005011,0.075230672955513,,,unknown,,2016-03-14
9078ede99787c1c25d9faadbed6db0ec29a0ffc0,gwas_credible_sets,ENSG00000115137,DNAJC27,MONDO_0005011,0.07519637793302536,,,unknown,,2016-03-14
754e129db680ab16918cee51df357820cc4cf5ed,gwas_credible_sets,ENSG00000160221,GATD3,MONDO_0005011,0.07511371374130249,,,unknown,,2010-11-21
9f0edf50059948c4d2173392ce907b789c6c1b0d,gwas_credible_sets,ENSG00000167207,NOD2,MONDO_0005011,0.07509446144104004,,,unknown,,2015-08-24
d367943387990908da87a4ca609446169402972c,gwas_credible_sets,ENSG00000130589,HELZ2,MONDO_0005011,0.07501613348722458,,,unknown,,2023-01-18
bcd8fedf02436fb1f1d6f4b9433ed3b8661989ca,gwas_credible_sets,ENSG00000125347,IRF1,MONDO_0005011,0.07500702142715454,,,unknown,,2016-03-14
ee1370aaf188623a0a96f74701ee9b8faa458b85,gwas_credible_sets,ENSG00000172057,ORMDL3,MONDO_0005011,0.0749768540263176,,,unknown,,2023-01-18
fac1f0469b525311652558d185a08214ebacf24a,gwas_credible_sets,ENSG00000130363,RSPH3,MONDO_0005011,0.07486636936664581,,,unknown,,2016-03-14
29106f8485b5b2306f67fbb8708c62b685c51989,gwas_credible_sets,ENSG00000198156,NPIPB6,MONDO_0005011,0.07469532638788223,,,unknown,,2017-01-09
15b47852f80c0d5df0c7ae06e68d7845cac2adb6,gwas_credible_sets,ENSG00000170917,NUDT6,MONDO_0005011,0.07465752214193344,,,unknown,,2023-05-08
de36cd983dc5177f3a4f28c07af06b85609fded6,gwas_credible_sets,ENSG00000188312,CENPP,MONDO_0005011,0.07464024424552917,,,unknown,,2023-05-08
6420fb9e366865ce3d01d78d9cf3c5e9ea106f79,gwas_credible_sets,ENSG00000203963,C1orf141,MONDO_0005011,0.07458131015300751,,,unknown,,2024-07-19
67f2d1bcfaa26f1d769e4351189512d6c4114ac0,gwas_credible_sets,ENSG00000164400,CSF2,MONDO_0005011,0.07455679774284363,,,unknown,,2016-03-14
f8ee9194f0d32606e68944b6a6b6b2a17baa330c,gwas_credible_sets,ENSG00000115607,IL18RAP,MONDO_0005011,0.07454057782888412,,,unknown,,2016-03-14
3c546fc98718ae2831fafb1a27e7aa9d78ef3dfe,gwas_credible_sets,ENSG00000160224,AIRE,MONDO_0005011,0.07453304529190063,,,unknown,,2023-05-08
78eb79c050feca9b56e9f96aaa8d66b6c92c6151,gwas_credible_sets,ENSG00000184110,EIF3C,MONDO_0005011,0.07443404942750931,,,unknown,,2010-11-21
8f192ca06f701fc3c522dc59d120716c967c2511,gwas_credible_sets,ENSG00000101216,GMEB2,MONDO_0005011,0.07437397539615631,,,unknown,,2023-01-18
ed295b286ef6ff4c63a0917d62245b6c1378844c,gwas_credible_sets,ENSG00000134389,CFHR5,MONDO_0005011,0.07436365634202957,,,unknown,,2023-05-08
985061007421900421a05979e5e275a59c11e0d6,gwas_credible_sets,ENSG00000070814,TCOF1,MONDO_0005011,0.07429788261651993,,,unknown,,2016-03-14
431f7a0ae6f7b44ac7324fbd3a3ad4612d2f1c92,gwas_credible_sets,ENSG00000164694,FNDC1,MONDO_0005011,0.07418999075889587,,,unknown,,2023-05-08
9a9f171962d6ca2d57c125cae78178bc1a857b4c,gwas_credible_sets,ENSG00000125347,IRF1,MONDO_0005011,0.07416849583387375,,,unknown,,2023-01-18
9e3c00ba6f4c609c935b3b5f8c5e40e59d715db1,gwas_credible_sets,ENSG00000253293,HOXA10,MONDO_0005011,0.07400564849376678,,,unknown,,2016-03-14
8a4e5b73d4e995483429dd39789b15ff3ec63f0e,gwas_credible_sets,ENSG00000168496,FEN1,MONDO_0005011,0.07398328185081482,,,unknown,,2016-03-14
949622b4355bf6260ccbd99a7bb8fcb22d784037,gwas_credible_sets,ENSG00000067560,RHOA,MONDO_0005011,0.07397418469190598,,,unknown,,2015-08-24
427092c3059055f8c1d0a5ab87337456442a8a6d,gwas_credible_sets,ENSG00000138071,ACTR2,MONDO_0005011,0.07397136092185974,,,unknown,,2023-06-01
2395c291ad34ddd4076012e58a50547aee0054fc,gwas_credible_sets,ENSG00000081985,IL12RB2,MONDO_0005539,0.07397060841321945,,,unknown,,2023-01-18
11e7a95b681eda9bbdb773e6ac3bf5550c208985,gwas_credible_sets,ENSG00000173511,VEGFB,MONDO_0005011,0.07395238429307938,,,unknown,,2010-11-21
09df946903583bbdb12ed565293b85523c7162e8,gwas_credible_sets,ENSG00000113638,TTC33,MONDO_0005011,0.07393411546945572,,,unknown,,2012-03-08
d1d2cd59ae851df45672369f487b44e432567591,gwas_credible_sets,ENSG00000113638,TTC33,MONDO_0005011,0.07393411546945572,,,unknown,,2007-03-05
2225c61222acd54262c149302dcdfb9b8ed3f8bf,gwas_credible_sets,ENSG00000213047,DENND1B,MONDO_0005011,0.07386571913957596,,,unknown,,2023-05-08
8f01d54502a409fa167324b7465bd1fa8142e536,gwas_credible_sets,ENSG00000167208,SNX20,MONDO_0005011,0.07382243871688843,,,unknown,,2023-01-18
6b32492bed5538e7c98278fb908dcad2741502f5,gwas_credible_sets,ENSG00000187037,GPR141,MONDO_0005011,0.07378246635198593,,,unknown,,2023-05-08
ec687dfeb67e278db80344412aa8d111c0bba7ca,gwas_credible_sets,ENSG00000197165,SULT1A2,MONDO_0005011,0.07369568198919296,,,unknown,,2015-08-24
c7f84fda44cbb2fde1b8c13627005eba22e9ab80,gwas_credible_sets,ENSG00000113638,TTC33,MONDO_0005011,0.07354553788900375,,,unknown,,2007-06-06
d3b7a567efe321647dae57fa7f67ecafad3a7fea,gwas_credible_sets,ENSG00000138002,IFT172,MONDO_0005011,0.07354532182216644,,,unknown,,2023-05-08
043da8cdd23d7f0bcb2d9a14ddb1d87336fd5fa5,gwas_credible_sets,ENSG00000233232,NPIPB7,MONDO_0005011,0.07347827404737473,,,unknown,,2015-08-24
0a338faea3f57730be29ecaaefc8c2b17aa41455,gwas_credible_sets,ENSG00000163463,KRTCAP2,MONDO_0005011,0.07341509312391281,,,unknown,,2025-08-06
0ff2eb494f0e8e5720d8e80b8c109cd8040f7801,gwas_credible_sets,ENSG00000233232,NPIPB7,MONDO_0005011,0.0733104720711708,,,unknown,,2010-11-21
f257d20b3bd08855d598b4bb64b4a1010b61aebe,gwas_credible_sets,ENSG00000177888,ZBTB41,MONDO_0005011,0.07322998344898224,,,unknown,,2023-05-08
44a1b69b138c01b9d8a8427658972b190f6b771d,gwas_credible_sets,ENSG00000176476,SGF29,MONDO_0005011,0.07305169850587845,,,unknown,,2022-05-05
3070a00b5ab4911b18fc2b8f17cebda4eb415b3a,gwas_credible_sets,ENSG00000100883,SRP54,MONDO_0005011,0.07304565608501434,,,unknown,,2023-05-08
e10db5814f57025839a1ba1c72dbec5f9b3986d6,gwas_credible_sets,ENSG00000115226,FNDC4,MONDO_0005011,0.07303234189748764,,,unknown,,2023-05-08
81b36ddfd8c931296684ecec5f0ab57b68b1065c,gwas_credible_sets,ENSG00000145908,ZNF300,MONDO_0005011,0.07284323871135712,,,unknown,,2008-06-29
dd10690dc09189a85caa0084f1858e3977e8e126,gwas_credible_sets,ENSG00000167208,SNX20,MONDO_0005011,0.07276873290538788,,,unknown,,2007-08-08
a6e48f32f8ab8d3a5f5970ea3fcdbb664c160d32,gwas_credible_sets,ENSG00000142798,HSPG2,MONDO_0005011,0.0727565586566925,,,unknown,,2023-05-08
f26231efce8def97652d442a60e94b5be369be47,gwas_credible_sets,ENSG00000164111,ANXA5,MONDO_0005011,0.07275346666574478,,,unknown,,2023-05-08
3a3e57aae47c2c5810f565a1eecc75458c6d2fc3,gwas_credible_sets,ENSG00000124920,MYRF,MONDO_0005011,0.0727529525756836,,,unknown,,2023-05-08
af74af38ee57cf2852213fc23604cfa2d2911bd1,gwas_credible_sets,ENSG00000065882,TBC1D1,MONDO_0005011,0.07266544550657272,,,unknown,,2023-05-08
a706e503482a76090ba09a8ea34ab7e3374da682,gwas_credible_sets,ENSG00000187796,CARD9,MONDO_0005011,0.07248575985431671,,,unknown,,2023-05-08
4ef7041a88964a8633d5bb13953f627e5031ca34,gwas_credible_sets,ENSG00000167208,SNX20,MONDO_0005011,0.07239808142185211,,,unknown,,2023-12-26
a48333e15f75bdf42a748c3665fefb6c6cc61613,gwas_credible_sets,ENSG00000142606,MMEL1,MONDO_0005011,0.07235628366470337,,,unknown,,2016-03-14
6995ca6f8569738f20ac05910a8f1b24d9f462ee,gwas_credible_sets,ENSG00000164399,IL3,MONDO_0005011,0.07230087369680405,,,unknown,,2017-01-09
482b8033ed097796b3b3b61839966f84b660c810,gwas_credible_sets,ENSG00000070814,TCOF1,MONDO_0005011,0.07229861617088318,,,unknown,,2023-05-08
e161a83029c9e251fc427abccaa11febd3e26c6c,gwas_credible_sets,ENSG00000197165,SULT1A2,MONDO_0005011,0.07224921882152557,,,unknown,,2022-05-05
8b1aabd7978a25b7c0f1ca958c51e86d28c1a34f,gwas_credible_sets,ENSG00000130561,SAG,MONDO_0005011,0.07216181606054306,,,unknown,,2023-05-08
1dad8b71bfe67d46de8ea57654e9d3acbccc01e9,gwas_credible_sets,ENSG00000042813,ZPBP,MONDO_0005011,0.07204178720712662,,,unknown,,2023-05-23
866d574e58a6c0c0db35e76dc036fe1ffd5d04b9,gwas_credible_sets,ENSG00000089127,OAS1,MONDO_0005011,0.07202277332544327,,,unknown,,2017-01-09
736ec3bfae03dbc7557b40beb138f654345e2f5b,gwas_credible_sets,ENSG00000184163,C1QTNF12,MONDO_0005011,0.07198766618967056,,,unknown,,2016-03-14
c753e35b2054ca49411b2d743ed583d8c5b3ed66,gwas_credible_sets,ENSG00000113638,TTC33,MONDO_0005011,0.07192377001047134,,,unknown,,2023-01-18
a826e2599ab3ad487e761ddba7d6d7383c3ff87b,gwas_credible_sets,ENSG00000132912,DCTN4,MONDO_0005011,0.07191404700279236,,,unknown,,2008-06-29
0186b21e97a1076e71c446a732adddc63605e5fe,gwas_credible_sets,ENSG00000164961,WASHC5,MONDO_0005011,0.07188180088996887,,,unknown,,2010-11-21
19bfb10222c545dfbe7363053ae26c94f87aa78a,gwas_credible_sets,ENSG00000086288,NME8,MONDO_0005011,0.07186015695333481,,,unknown,,2023-05-08
05b33d6395c4c9b40079e5a501dc010d614a2026,gwas_credible_sets,ENSG00000113638,TTC33,MONDO_0005011,0.0717148557305336,,,unknown,,2025-08-06
5b5e8b24c1dd3831631b09786c461bdffcb3345b,gwas_credible_sets,ENSG00000070831,CDC42,MONDO_0005011,0.07167423516511917,,,unknown,,2023-05-08
11444f666ece846b70b9ab8038427dfef14cf499,gwas_credible_sets,ENSG00000130584,ZBTB46,MONDO_0005011,0.07165532559156418,,,unknown,,2023-05-08
cd0d3f2c8b489c8035112bef806d330eebc47b19,gwas_credible_sets,ENSG00000164332,UBLCP1,MONDO_0005011,0.07161712646484375,,,unknown,,2023-05-08
08ef390696ca46653d7e58a13a3f4bbcf82c0bc3,gwas_credible_sets,ENSG00000070814,TCOF1,MONDO_0005011,0.07156309485435486,,,unknown,,2007-06-06
34e60f6ab23de40abd4ad7b8944e354660af6cf8,gwas_credible_sets,ENSG00000241484,ARHGAP8,MONDO_0005011,0.07150520384311676,,,unknown,,2016-03-14
aca20280bb5254fbe38126b40720250e278b634a,gwas_credible_sets,ENSG00000152484,USP12,MONDO_0005011,0.07144864648580551,,,unknown,,2016-03-14
15eaa302bdd5c8dc3198fbad9131f98f49cb432a,gwas_credible_sets,ENSG00000164332,UBLCP1,MONDO_0005011,0.0714004635810852,,,unknown,,2023-05-08
84a7770fa3b8b68b250dd9fda8482daa329f4744,gwas_credible_sets,ENSG00000148396,SEC16A,MONDO_0005011,0.07126370817422867,,,unknown,,2016-03-14
783a2a1fb7be258a33defe9f2f11758ae1d8d78e,gwas_credible_sets,ENSG00000182010,RTKN2,MONDO_0005011,0.07123800367116928,,,unknown,,2012-03-08
d0ccaf371927197e6b15f0d2d5388e1f332c8e16,gwas_credible_sets,ENSG00000125347,IRF1,MONDO_0005011,0.07120974361896515,,,unknown,,2017-01-09
f063af5c85d27b94d430689dae078531215b7015,gwas_credible_sets,ENSG00000184110,EIF3C,MONDO_0005011,0.0711849108338356,,,unknown,,2023-05-08
c8defc27a215562ac1c7a26bfff3e09fda8adb08,gwas_credible_sets,ENSG00000102738,MRPS31,MONDO_0005011,0.07111819833517075,,,unknown,,2023-01-18
925849d0d6454d91b8ed88d4ca63c76812384020,gwas_credible_sets,ENSG00000163932,PRKCD,MONDO_0005011,0.07109083980321884,,,unknown,,2023-05-08
c48ffdd4a84486ab1f20fea3d7cb01e849dd2cd4,gwas_credible_sets,ENSG00000120211,INSL4,MONDO_0005011,0.07100226730108261,,,unknown,,2023-05-08
822ee0bb87ec360076ee7a8a2881312b143f4c4e,gwas_credible_sets,ENSG00000172156,CCL11,MONDO_0005011,0.0707479864358902,,,unknown,,2023-06-01
b1227a80975982f727ab9ff4518050573a361b19,gwas_credible_sets,ENSG00000105376,ICAM5,MONDO_0005011,0.07069003582000732,,,unknown,,2010-11-21
6564a6dfd03ddb6051202a8920fb2a17409a109d,gwas_credible_sets,ENSG00000182010,RTKN2,MONDO_0005011,0.07067955285310745,,,unknown,,2023-05-08
312e603574040c509c611c83b61649e410947ddc,gwas_credible_sets,ENSG00000117586,TNFSF4,MONDO_0005011,0.07056258618831635,,,unknown,,2012-11-01
8dd4c671da471833fe198733987637c8035eccd3,gwas_credible_sets,ENSG00000178188,SH2B1,MONDO_0005011,0.07054365426301956,,,unknown,,2023-05-08
0394d3e82650409c3d8a19e880ac74eac4f179d2,gwas_credible_sets,ENSG00000145730,PAM,MONDO_0005011,0.07048264145851135,,,unknown,,2023-01-18
eaf12ad7a579111d3de6f30c0e54c5bcf39bfb31,gwas_credible_sets,ENSG00000136888,ATP6V1G1,MONDO_0005011,0.07043962180614471,,,unknown,,2023-01-18
9a4a5e6acb9623fe182457de712b7a1b9ba3775a,gwas_credible_sets,ENSG00000143537,ADAM15,MONDO_0005011,0.07041619718074799,,,unknown,,2016-03-14
069bd9a0e5a4da43c90048ab81c2d5144d5f8d9c,gwas_credible_sets,ENSG00000142798,HSPG2,MONDO_0005011,0.07039770483970642,,,unknown,,2023-05-08
62e893cf00eee9683312e6701ac9c11be653ed8f,gwas_credible_sets,ENSG00000132357,CARD6,MONDO_0005011,0.07030517607927322,,,unknown,,2023-05-23
c9c7cd22aef0bb93a81b0943975030ff51415dc7,gwas_credible_sets,ENSG00000160221,GATD3,MONDO_0005011,0.07022346556186676,,,unknown,,2017-01-09
f0f9984cc931f37b294e9fa1cee8e69482b5fa2b,gwas_credible_sets,ENSG00000174130,TLR6,MONDO_0005011,0.0702117457985878,,,unknown,,2023-05-08
805e6147d252e8c8e7b87f15d6541cc29cc0804f,gwas_credible_sets,ENSG00000072682,P4HA2,MONDO_0005011,0.0701565146446228,,,unknown,,2010-11-21
b9e252e12d62b7b794de3bf102a9a2a954deef06,gwas_credible_sets,ENSG00000183246,RIMBP3C,MONDO_0005011,0.07015085220336914,,,unknown,,2010-11-21
53b0411aecdca21bd5e58c15c59424b12e0d41c8,gwas_credible_sets,ENSG00000076043,REXO2,MONDO_0005011,0.07014786452054977,,,unknown,,2016-03-14
9f7a48b2646a96a15c3fac5648a73998e0d7f713,gwas_credible_sets,ENSG00000164338,UTP15,MONDO_0005011,0.07006999105215073,,,unknown,,2012-11-01
a0d30ee6e3aa6d753c3ef2e4a0bd51734ce139d3,gwas_credible_sets,ENSG00000134376,CRB1,MONDO_0005011,0.07006832957267761,,,unknown,,2010-11-21
baa703c9f40370cbc4a47fc2f5fc924432c2b6e8,gwas_credible_sets,ENSG00000094975,SUCO,MONDO_0005011,0.06983632594347,,,unknown,,2010-11-21
ac59995b71745ed838760184e53bc5d3f3dde7f3,gwas_credible_sets,ENSG00000106683,LIMK1,MONDO_0005011,0.06976993381977081,,,unknown,,2023-05-08
e0091cc124ed6dafb180d1c89dc0dbdff455d24a,gwas_credible_sets,ENSG00000100902,PSMA6,MONDO_0005011,0.06938116252422333,,,unknown,,2016-03-14
9653b29318460a7d6231c70000c7683e14e69dbb,gwas_credible_sets,ENSG00000107951,MTPAP,MONDO_0005011,0.06934157013893127,,,unknown,,2016-03-14
fb99fe0b116cb48ba9f65bfe0295d49d3e309e91,gwas_credible_sets,ENSG00000183054,RGPD6,MONDO_0005011,0.06923546642065048,,,unknown,,2023-01-18
30318ddd54191c3e4c9e8668b8cc9c4938ccb2e7,gwas_credible_sets,ENSG00000197208,SLC22A4,MONDO_0005011,0.06920932978391647,,,unknown,,2023-01-18
c8dd6d32fa90a37895e8c67242bb5c93b5c4f7ff,gwas_credible_sets,ENSG00000152518,ZFP36L2,MONDO_0005011,0.06913437694311142,,,unknown,,2016-03-14
0d97ffe1f72eac4b180b01d8cf7976c0c3cb4d0a,gwas_credible_sets,ENSG00000185499,MUC1,MONDO_0005011,0.0690668448805809,,,unknown,,2025-08-06
b273fd8371bc139f16d1438d2103f712133b5c0b,gwas_credible_sets,ENSG00000164961,WASHC5,MONDO_0005011,0.06901644915342331,,,unknown,,2008-06-29
e59f9e314069a874e372ddcc5637df42f6be98e3,gwas_credible_sets,ENSG00000112297,CRYBG1,MONDO_0005011,0.0690012201666832,,,unknown,,2008-06-29
d78642913a8999bed13a6402f6bd58999fab394f,gwas_credible_sets,ENSG00000125347,IRF1,MONDO_0005011,0.06892149895429611,,,unknown,,2008-06-29
9b8aae90e77f5e3dc33887fea7db12f62095faf4,gwas_credible_sets,ENSG00000158517,NCF1,MONDO_0005011,0.06890736520290375,,,unknown,,2023-05-08
5e0adf902b30910623a5eb813b853060e9fca2fa,gwas_credible_sets,ENSG00000112378,PERP,MONDO_0005011,0.06881652772426605,,,unknown,,2016-03-14
252594ec9fa9e70f64e79336ddc4bd3d27858862,gwas_credible_sets,ENSG00000176909,MAMSTR,MONDO_0005011,0.0688086524605751,,,unknown,,2010-11-21
41ae3c78f5ab3b2e4d097fa6e486286d521b903d,gwas_credible_sets,ENSG00000113638,TTC33,MONDO_0005011,0.0687832459807396,,,unknown,,2023-07-31
d5d376c743afa95b6596d74256e0d4bef87c534d,gwas_credible_sets,ENSG00000151033,LYZL2,MONDO_0005011,0.06876389682292938,,,unknown,,2023-05-08
a409393eb213b73675f5e3dfe13590bffda88bea,gwas_credible_sets,ENSG00000182010,RTKN2,MONDO_0005011,0.06868782639503479,,,unknown,,2023-05-08
8ceb93c54b098e4af2a9eb5ce897756b2e4b8256,gwas_credible_sets,ENSG00000151418,ATP6V1G3,MONDO_0005011,0.06868020445108414,,,unknown,,2023-01-18
fabd1ed0baba4236b1657eb8e0a66a2dac0e2ac8,gwas_credible_sets,ENSG00000148572,NRBF2,MONDO_0005011,0.06865594536066055,,,unknown,,2010-11-21
2c467492072dfe94cedadcc06532c752d4b0791a,gwas_credible_sets,ENSG00000122877,EGR2,MONDO_0005011,0.06857887655496597,,,unknown,,2023-01-18
2141913eaf3f514b27aaa2a2237e49a26a3ee753,gwas_credible_sets,ENSG00000130561,SAG,MONDO_0005011,0.06848594546318054,,,unknown,,2023-05-08
1c0322f0e69c64458b019c5cd714d98bbbceb395,gwas_credible_sets,ENSG00000118518,RNF146,MONDO_0005011,0.06836681067943573,,,unknown,,2023-05-08
852cae289bc62dc1c316135080874639c9d7d34f,gwas_credible_sets,ENSG00000182010,RTKN2,MONDO_0005011,0.06835328042507172,,,unknown,,2008-06-29
7e13ad9b79a14a2c9e8ca79e8580a3092cf9729f,gwas_credible_sets,ENSG00000264717,NPY4R2,MONDO_0005011,0.06834413856267929,,,unknown,,2023-05-08
8696e14dc2ce7f170c0741fd26d82d808d6986f5,gwas_credible_sets,ENSG00000081985,IL12RB2,MONDO_0005011,0.06828709691762924,,,unknown,,2007-04-15
c9fbf5c8c851a6cf13a8f91baf1ee3864bd5bbb5,gwas_credible_sets,ENSG00000184110,EIF3C,MONDO_0005011,0.06827323138713837,,,unknown,,2023-05-08
816f1fedc5875c857831d5bc547e151e6cfd709f,gwas_credible_sets,ENSG00000164399,IL3,MONDO_0005011,0.06822298467159271,,,unknown,,2023-05-08
0b4535b404cf61c757f1830ee8acafe5e6481c95,gwas_credible_sets,ENSG00000130363,RSPH3,MONDO_0005011,0.068219393491745,,,unknown,,2011-01-27
2e89a80c8f2ecf4af0bbd3cbf5eb981cea434d83,gwas_credible_sets,ENSG00000130363,RSPH3,MONDO_0005011,0.068219393491745,,,unknown,,2010-11-21
52344a4ffba69d0528d3c68c4203db1f8172f92f,gwas_credible_sets,ENSG00000130363,RSPH3,MONDO_0005011,0.068219393491745,,,unknown,,2012-11-01
423bf06ce5f52f6311f8ad9085bfc061940b273d,gwas_credible_sets,ENSG00000145860,RNF145,MONDO_0005011,0.06808706372976303,,,unknown,,2023-05-08
93f8ebcee4f193b23f1b68c8eba2550e3fbd4bb8,gwas_credible_sets,ENSG00000254647,INS,MONDO_0005011,0.06807950884103775,,,unknown,,2015-08-24
fe8d0b8ff0208a2a9efbde2562df8c4590e171ef,gwas_credible_sets,ENSG00000115504,EHBP1,MONDO_0005011,0.06807652115821838,,,unknown,,2012-03-08
9bc0d69076e4543bff0ed05a7c0218798c64451f,gwas_credible_sets,ENSG00000184986,TMEM121,MONDO_0005011,0.06806683540344238,,,unknown,,2023-01-18
470c8bada198b3cbb3c7c2868ee9b6297bb1a31f,gwas_credible_sets,ENSG00000145908,ZNF300,MONDO_0005011,0.06787692755460739,,,unknown,,2017-01-09
c55e93c187a939d212f74915dab572933b29aa60,gwas_credible_sets,ENSG00000099817,POLR2E,MONDO_0005011,0.0678032785654068,,,unknown,,2023-05-08
8f9a9c8683bde79d7c096224b69919f6b2421a1f,gwas_credible_sets,ENSG00000182010,RTKN2,MONDO_0005011,0.06779011338949203,,,unknown,,2016-03-14
90f943031f13184f2fc793e878020a57c57be88a,gwas_credible_sets,ENSG00000179698,WDR97,MONDO_0005011,0.0677870512008667,,,unknown,,2023-05-08
288b12fbfa8a49e5d9c63ee6756720b1fb13f9ca,gwas_credible_sets,ENSG00000135845,PIGC,MONDO_0005011,0.06778515130281448,,,unknown,,2012-11-01
5222b2b507bc45ef30dd1824330461af65542de5,gwas_credible_sets,ENSG00000177888,ZBTB41,MONDO_0005011,0.06776944547891617,,,unknown,,2023-05-08
d45228e3a148b436d062bf0d3c66d27b19a7edc6,gwas_credible_sets,ENSG00000138311,ZNF365,MONDO_0005011,0.0676758885383606,,,unknown,,2010-11-21
0b081ea65bbbc63ac797060c84c01f06a1ea0adb,gwas_credible_sets,ENSG00000137634,NXPE4,MONDO_0005011,0.06758266687393188,,,unknown,,2016-03-14
da7dfba08208eacf9bc550f737d8edd1d9faa2ae,gwas_credible_sets,ENSG00000165688,PMPCA,MONDO_0005011,0.06753197312355042,,,unknown,,2023-05-08
2debb7c81cf82826cc277e6aadad33bdd56f442e,gwas_credible_sets,ENSG00000158985,CDC42SE2,MONDO_0005011,0.06749098747968674,,,unknown,,2023-05-08
994d079e6a076db776a831f453a28b4e9c24acd2,gwas_credible_sets,ENSG00000134278,SPIRE1,MONDO_0005011,0.06744679063558578,,,unknown,,2008-06-29
f4772b28dd2fa9554e60954e376ccae3c3b1e370,gwas_credible_sets,ENSG00000197457,STMN3,MONDO_0005011,0.0673602893948555,,,unknown,,2017-01-09
b14e9eb5e4061a93aecb0a489e43f55213fca541,gwas_credible_sets,ENSG00000162594,IL23R,MONDO_0005539,0.06734628230333328,,,unknown,,2023-01-18
1f68873135194049736917e720810d7fc674d27b,gwas_credible_sets,ENSG00000132357,CARD6,MONDO_0005011,0.0672508105635643,,,unknown,,2023-01-18
9a3aa19380cb507f9b1d8a54363acbb6d12ee99d,gwas_credible_sets,ENSG00000042813,ZPBP,MONDO_0005011,0.06719569861888885,,,unknown,,2016-03-14
ac30c6600be9508f5001ca3341c6fa50a2ce632c,gwas_credible_sets,ENSG00000111300,NAA25,MONDO_0005011,0.06718192249536514,,,unknown,,2023-05-08
dc925e19a221078a03f8405f4925df324b1f496b,gwas_credible_sets,ENSG00000185338,SOCS1,MONDO_0005011,0.06703439354896545,,,unknown,,2017-01-09
27b26ae485413383680957899575e80293d4da90,gwas_credible_sets,ENSG00000174125,TLR1,MONDO_0005011,0.06698398292064667,,,unknown,,2012-12-21
6d47035ffb72047402440c146b4733a2c8364122,gwas_credible_sets,ENSG00000072682,P4HA2,MONDO_0005011,0.06693573296070099,,,unknown,,2023-01-18
8171c5e8c31416c939a30f2466bd49d11d4d5e95,gwas_credible_sets,ENSG00000055955,ITIH4,MONDO_0005011,0.06692077219486237,,,unknown,,2023-05-08
e681cc6f5e4c8b65351ca34ac2d1c256ffef3bdd,gwas_credible_sets,ENSG00000169194,IL13,MONDO_0005011,0.06681354343891144,,,unknown,,2010-11-21
5d4e0aad50b4668888519b63a2d9a58c745d213d,gwas_credible_sets,ENSG00000077238,IL4R,MONDO_0005011,0.06674010306596756,,,unknown,,2023-01-18
3a7b7493d13a5a6c5a16ffb8cae05ad94a775107,gwas_credible_sets,ENSG00000122378,PRXL2A,MONDO_0005011,0.06672899425029755,,,unknown,,2023-05-08
00f4f28cfdd69363443b95b3d5000c412b7830ac,gwas_credible_sets,ENSG00000164961,WASHC5,MONDO_0005011,0.06669466197490692,,,unknown,,2016-03-14
669f6bd91a868dc08993d1894a3119f76a8e7234,gwas_credible_sets,ENSG00000183960,KCNH8,MONDO_0005011,0.06666973233222961,,,unknown,,2010-11-21
9e59e66973e70dfd1fde877a17c82b26d33d51bc,gwas_credible_sets,ENSG00000141279,NPEPPS,MONDO_0005011,0.06662866473197937,,,unknown,,2016-03-14
f3791d0a442e3358d879d8de024252f5046195f2,gwas_credible_sets,ENSG00000188603,CLN3,MONDO_0005011,0.06657123565673828,,,unknown,,2024-04-15
a9616eeb0c561447c61fe2dab2e82c76f773abf3,gwas_credible_sets,ENSG00000179921,GPBAR1,MONDO_0005011,0.06644812226295471,,,unknown,,2023-05-08
c533a64d6ab930fc345a6912060d09eee595ba8a,gwas_credible_sets,ENSG00000205609,EIF3CL,MONDO_0005011,0.06644714623689651,,,unknown,,2023-07-31
c62a34a46943de9450c5488ea583af1baed5bb38,gwas_credible_sets,ENSG00000205609,EIF3CL,MONDO_0005011,0.06644714623689651,,,unknown,,2022-05-05
ed41526b8d5eae4ace239284394c9d06765f6010,gwas_credible_sets,ENSG00000197165,SULT1A2,MONDO_0005011,0.06643284112215042,,,unknown,,2024-04-15
b6a3fdb07bb24aaa5ea656538ce9c5e89893d13b,gwas_credible_sets,ENSG00000167208,SNX20,MONDO_0005011,0.0664239153265953,,,unknown,,2007-04-15
5bc5219a912f03621e370bf822ea5f8ad610932e,gwas_credible_sets,ENSG00000167208,SNX20,MONDO_0005011,0.0661955177783966,,,unknown,,2023-05-23
1f097212dcd388586cd08232ffce50b4a6542b4e,gwas_credible_sets,ENSG00000134453,RBM17,MONDO_0005011,0.06619329005479813,,,unknown,,2010-11-21
50e55a76b4f36a373b275f4f11a835d25220eb19,gwas_credible_sets,ENSG00000102241,HTATSF1,MONDO_0005011,0.06595952808856964,,,unknown,,2015-08-24
0a7e57ee64a379ac6a04c1d6fae2db3846085be6,gwas_credible_sets,ENSG00000106823,ECM2,MONDO_0005011,0.06568394601345062,,,unknown,,2023-05-08
a57b488371741584a909cbe2c4b8f26c34e7022f,gwas_credible_sets,ENSG00000113638,TTC33,MONDO_0005011,0.06561189889907837,,,unknown,,2023-01-18
bb3d0fa38c8b2a525894fe4b0dee4362e4143a3f,gwas_credible_sets,ENSG00000145592,RPL37,MONDO_0005011,0.06556513905525208,,,unknown,,2023-05-23
1c5b118daa9f284f2f6da7b2352f0214fde9e7f1,gwas_credible_sets,ENSG00000117643,MAN1C1,MONDO_0005011,0.06555604189634323,,,unknown,,2023-05-08
9d4ffee0ed81cc97a2b1171cf7c7cab82bdb3d36,gwas_credible_sets,ENSG00000113520,IL4,MONDO_0005011,0.06553387641906738,,,unknown,,2016-03-14
cec5a271c15f955c2ed0014bef2694bccbd5b19f,gwas_credible_sets,ENSG00000145860,RNF145,MONDO_0005011,0.06552546471357346,,,unknown,,2023-05-08
d5a724ac6f64c12469606a9ade22054b0a0a7b75,gwas_credible_sets,ENSG00000145723,GIN1,MONDO_0005011,0.06546767801046371,,,unknown,,2023-01-18
50977e060f42cef2cab2593bed399fbb28ef8b27,gwas_credible_sets,ENSG00000006704,GTF2IRD1,MONDO_0005011,0.0654086098074913,,,unknown,,2023-05-08
15c2c0fefafcd4105f1482f811b5be0ff5e6feb4,gwas_credible_sets,ENSG00000118412,CASP8AP2,MONDO_0005011,0.06539807468652725,,,unknown,,2016-03-14
4a57a97f1b0b0a8acb612676994e7330d94b2b9a,gwas_credible_sets,ENSG00000164078,MST1R,MONDO_0005011,0.06537189334630966,,,unknown,,2010-11-21
040610a707dabbf06145bd144dd854315f2fa5ef,gwas_credible_sets,ENSG00000163462,TRIM46,MONDO_0005011,0.06533052027225494,,,unknown,,2025-08-06
dc9f7ae827876d3e1b66c3cee1cea85f115eb865,gwas_credible_sets,ENSG00000117643,MAN1C1,MONDO_0005011,0.06516672670841217,,,unknown,,2017-01-09
fca5ccad7bda97854bb20620726f17a8325a39c3,gwas_credible_sets,ENSG00000152527,PLEKHH2,MONDO_0005011,0.06516481935977936,,,unknown,,2023-05-08
4f53f849ee1928188a691b459a5f4b7fb99da9d2,gwas_credible_sets,ENSG00000042813,ZPBP,MONDO_0005011,0.06515851616859436,,,unknown,,2025-08-06
d75dec20e564ec87849f491f6f24f074a9d3df4a,gwas_credible_sets,ENSG00000151229,SLC2A13,MONDO_0005011,0.06515106558799744,,,unknown,,2008-06-29
a3fc1a80f9ab3068ea05da100fcece38421d82fd,gwas_credible_sets,ENSG00000135253,KCP,MONDO_0005011,0.06500697880983353,,,unknown,,2023-01-18
3f0d9dd4407e4d53eb73dd89241a17ec5f94d07f,gwas_credible_sets,ENSG00000170955,CAVIN3,MONDO_0005011,0.06496579200029373,,,unknown,,2024-07-19
cbdd8011c4adeaaa1c6ca62f6291951d2b5f5550,gwas_credible_sets,ENSG00000138092,CENPO,MONDO_0005011,0.06496088951826096,,,unknown,,2016-03-14
5ca60e43c5868ac65d60bee13a8d7cdf3da854dd,gwas_credible_sets,ENSG00000174123,TLR10,MONDO_0005011,0.06495902687311172,,,unknown,,2023-05-08
8318551e89072327a784ed19c9ffdaedb1ddfeb1,gwas_credible_sets,ENSG00000174123,TLR10,MONDO_0005011,0.06495902687311172,,,unknown,,2023-05-08
366fa54c11085e9c48f632b0932b0ba82610963a,gwas_credible_sets,ENSG00000197165,SULT1A2,MONDO_0005011,0.06492436677217484,,,unknown,,2023-07-31
0d1036f9526098188f45ce2b60fda4952c0b15d4,gwas_credible_sets,ENSG00000132356,PRKAA1,MONDO_0005011,0.06488480418920517,,,unknown,,2023-05-08
211a1d63854228840dc8bd182ad62a1046daeeb9,gwas_credible_sets,ENSG00000145029,NICN1,MONDO_0005011,0.06488023698329926,,,unknown,,2015-08-24
90ba50e49ed405ed2c754e3b079db66dafc895c4,gwas_credible_sets,ENSG00000205592,MUC19,MONDO_0005011,0.06486859172582626,,,unknown,,2008-06-29
989582266ea7379f6d9d8698dbc18ab4df212551,gwas_credible_sets,ENSG00000203867,RBM20,MONDO_0005011,0.06483428180217743,,,unknown,,2013-07-14
652ee3452b84a3ce21b53cc2ea6e5c3dec7bf459,gwas_credible_sets,ENSG00000164332,UBLCP1,MONDO_0005011,0.06470590084791183,,,unknown,,2023-05-08
04a602b0dca9da30cde7343e0930d48282011df9,gwas_credible_sets,ENSG00000169299,PGM2,MONDO_0005011,0.064652219414711,,,unknown,,2023-05-08
56e32917c353be58261b8019c6e58519d2f3f27e,gwas_credible_sets,ENSG00000179295,PTPN11,MONDO_0005011,0.06460864841938019,,,unknown,,2023-05-08
4cbecc32a2fe74de1dd03f11170ad8b44014bd8c,gwas_credible_sets,ENSG00000184110,EIF3C,MONDO_0005011,0.06448888778686523,,,unknown,,2023-01-18
7b54f1fd378910c5697ac6613f8d0c2371de0e5c,gwas_credible_sets,ENSG00000155660,PDIA4,MONDO_0005011,0.06434977799654007,,,unknown,,2016-03-14
fa26f9d7accfb38d9686ad3eda48458fee867522,gwas_credible_sets,ENSG00000115540,MOB4,MONDO_0005011,0.06424744427204132,,,unknown,,2023-12-26
0cac09ee65bc7cc198be299c4512073dccf5f8b6,gwas_credible_sets,ENSG00000188897,APOLTP,MONDO_0005011,0.06419111788272858,,,unknown,,2023-05-08
da2535feba28807fb6a5b5204073127a961d8e93,gwas_credible_sets,ENSG00000164332,UBLCP1,MONDO_0005011,0.06417171657085419,,,unknown,,2023-01-18
1548d034bdd0c15f1fd459409badd1cec1aeb607,gwas_credible_sets,ENSG00000119919,NKX2-3,MONDO_0005011,0.06396934390068054,,,unknown,,2023-07-31
b53aa2885d400ad9a81f1c951d60b9809b2efe29,gwas_credible_sets,ENSG00000142789,CELA3A,MONDO_0005011,0.06393644958734512,,,unknown,,2023-05-08
27e48b392cd5a407a9bdc049d52e3aacb7acceb6,gwas_credible_sets,ENSG00000183621,ZNF438,MONDO_0005011,0.06389524787664413,,,unknown,,2016-03-14
87086b32aa27dcb0a7130ea5fb5bbfbd03e7fda7,gwas_credible_sets,ENSG00000115137,DNAJC27,MONDO_0005011,0.06380468606948853,,,unknown,,2017-01-09
a9999305227948dbca0efbceea2cb1238e36f37d,gwas_credible_sets,ENSG00000105371,ICAM4,MONDO_0005011,0.06376226991415024,,,unknown,,2010-11-21
ea74d2d2d7fa35b3f9dc3868aba5a9bd0db79202,gwas_credible_sets,ENSG00000267673,FDX2,MONDO_0005011,0.06368275731801987,,,unknown,,2023-05-08
d233c8659eea974dd53907aa9310f1ff2c16be37,gwas_credible_sets,ENSG00000155034,FBXL18,MONDO_0005011,0.06365898251533508,,,unknown,,2023-05-08
1c5eaad885c999480051e64a0fb805e109ccabce,gwas_credible_sets,ENSG00000113600,C9,MONDO_0005011,0.06364770978689194,,,unknown,,2016-03-14
c8b0a70222ff8613ecef640ec23604df5f6323c7,gwas_credible_sets,ENSG00000203963,C1orf141,MONDO_0005011,0.06359530985355377,,,unknown,,2023-05-08
318abe99a8e28998d4d244c2ba662455b0bc1252,gwas_credible_sets,ENSG00000235272,RAMACL,MONDO_0005011,0.06353981792926788,,,unknown,,2023-05-08
15f356981f88dd2278e08ec29aca51d314296c90,gwas_credible_sets,ENSG00000108700,CCL8,MONDO_0005011,0.06348145753145218,,,unknown,,2023-05-08
f867072c0a254774e07920e0f005c0588b54481e,gwas_credible_sets,ENSG00000122877,EGR2,MONDO_0005011,0.06347163021564484,,,unknown,,2015-08-24
88bd6622b2630607e49d428b58310d83dd14a292,gwas_credible_sets,ENSG00000188906,LRRK2,MONDO_0005011,0.06334111839532852,,,unknown,,2017-01-09
517e32d269bf9c64154e08fc49747c7abad646c3,gwas_credible_sets,ENSG00000167208,SNX20,MONDO_0005011,0.0633053109049797,,,unknown,,2021-11-04
2d9e74379ea24177acad228912296d56fcd4d608,gwas_credible_sets,ENSG00000124160,NCOA5,MONDO_0005011,0.06323625892400742,,,unknown,,2023-12-26
c8b46693149659857446189bee60d9cdf021b521,gwas_credible_sets,ENSG00000162594,IL23R,MONDO_0005011,0.06323462724685669,,,unknown,,2023-07-31
73bff4837d2977f3355b181b066d5060e24a3ac2,gwas_credible_sets,ENSG00000104765,BNIP3L,MONDO_0005011,0.06320048123598099,,,unknown,,2024-07-19
725ae3ee4a4398e68fcefb959becbab300cf2972,gwas_credible_sets,ENSG00000136295,TTYH3,MONDO_0005011,0.06317281723022461,,,unknown,,2016-03-14
6219e43aae383198018d360b0b0f8a9470d7faa1,gwas_credible_sets,ENSG00000276430,FAM25C,MONDO_0005011,0.06313057988882065,,,unknown,,2023-05-08
4bd67e11c7cba00aa659b6c32e2bdf5394aea897,gwas_credible_sets,ENSG00000170348,TMED10,MONDO_0005011,0.06311002373695374,,,unknown,,2016-03-14
f9e2f4810c2acd6fa5b452a1e38218f60af9d1a5,gwas_credible_sets,ENSG00000006704,GTF2IRD1,MONDO_0005011,0.06308151036500931,,,unknown,,2023-01-18
6c6e60f9f19c2c4cdfb9268cbdb5ba98de743b40,gwas_credible_sets,ENSG00000111321,LTBR,MONDO_0005011,0.06306305527687073,,,unknown,,2023-05-08
4d01fcc7bd4761651ce3eb70fde0b66c3e1289f1,gwas_credible_sets,ENSG00000134453,RBM17,MONDO_0005011,0.06300459057092667,,,unknown,,2023-01-18
53f31bb27fa293b0044f07540db2c02f104687ab,gwas_credible_sets,ENSG00000160224,AIRE,MONDO_0005011,0.06290429830551147,,,unknown,,2010-11-21
9c7a1df41928a4bdeb9566dd93c515a61651e170,gwas_credible_sets,ENSG00000160224,AIRE,MONDO_0005011,0.06290429830551147,,,unknown,,2008-06-29
ada0ff65c8e4be0db3de49c4b0515b0f7ec22651,gwas_credible_sets,ENSG00000188906,LRRK2,MONDO_0005011,0.062843918800354,,,unknown,,2010-11-21
10cbd92dd4430300336b374f35dd2f1228acf13a,gwas_credible_sets,ENSG00000155287,SLC25A28,MONDO_0005011,0.0627986490726471,,,unknown,,2023-05-08
b9940b76f1fce21593efed511bc2e63d3ab7dccd,gwas_credible_sets,ENSG00000135845,PIGC,MONDO_0005011,0.06278526782989502,,,unknown,,2008-06-29
e0699b0b0b040594d1e62d4128b569f5b01c1021,gwas_credible_sets,ENSG00000245848,CEBPA,MONDO_0005011,0.06277090311050415,,,unknown,,2023-05-08
c2a3a72d6ae8ccebe82eacb7c6ab60bf0d92b863,gwas_credible_sets,ENSG00000188603,CLN3,MONDO_0005011,0.06270907819271088,,,unknown,,2023-05-08
0975ff800462f0be7f6470b3684c44706a943a3c,gwas_credible_sets,ENSG00000143382,ADAMTSL4,MONDO_0005011,0.06265807151794434,,,unknown,,2023-05-08
0a979aee43bfc943feb80cf8e00a8b4a2bbba169,gwas_credible_sets,ENSG00000112273,HDGFL1,MONDO_0005011,0.06261211633682251,,,unknown,,2023-01-18
b8a6f1cbfa89ae5a1875dc0f9905a3838b857aa3,gwas_credible_sets,ENSG00000164500,SPMIP7,MONDO_0005011,0.06259610503911972,,,unknown,,2010-11-21
38d074049a1ca5a0ca030d8eff9610ef33080b7d,gwas_credible_sets,ENSG00000167208,SNX20,MONDO_0005011,0.06258144974708557,,,unknown,,2015-08-24
36b76230d9e641be01cd08b555e78052b5199198,gwas_credible_sets,ENSG00000101246,ARFRP1,MONDO_0005011,0.06239180266857147,,,unknown,,2023-05-08
7bd2eac50937e92b3119894d534c5741b72a40fd,gwas_credible_sets,ENSG00000162607,USP1,MONDO_0005011,0.062388308346271515,,,unknown,,2023-05-08
ef05f0fed5ec799389f670be43178d3d4325ad75,gwas_credible_sets,ENSG00000198018,ENTPD7,MONDO_0005011,0.06236777827143669,,,unknown,,2023-05-08
3d0cefa8058ccf07dcb903cff79a8583b120ebeb,gwas_credible_sets,ENSG00000161180,CCDC116,MONDO_0005011,0.062330469489097595,,,unknown,,2023-07-31
45e48eeda4384ac3c9b914284add67d50cdd39ac,gwas_credible_sets,ENSG00000130517,PGPEP1,MONDO_0005011,0.06226670369505882,,,unknown,,2023-05-08
f02737c8b9896242dca392c6af6e85d80cd77696,gwas_credible_sets,ENSG00000173457,PPP1R14B,MONDO_0005011,0.06223738566040993,,,unknown,,2010-11-21
d361e894f4f0dadd9e52897b5f5d3e303a83a0bd,gwas_credible_sets,ENSG00000244482,LILRA6,MONDO_0005011,0.062225304543972015,,,unknown,,2023-05-08
e1a1bf7a4620c07485043a43d0a1afad690c5d2e,gwas_credible_sets,ENSG00000244482,LILRA6,MONDO_0005011,0.062225304543972015,,,unknown,,2023-05-08
d0340a83491d96eec26d41eb4af5fc80604b726a,gwas_credible_sets,ENSG00000134470,IL15RA,MONDO_0005011,0.0622238852083683,,,unknown,,2010-11-21
f6d2bcc2d18c9ff8fe8e01e74078832998256013,gwas_credible_sets,ENSG00000275572,GRIFIN,MONDO_0005011,0.06220573931932449,,,unknown,,2023-12-26
b624ba9b4bca354e73e78fb07ae8c4a750516097,gwas_credible_sets,ENSG00000112297,CRYBG1,MONDO_0005011,0.06220349296927452,,,unknown,,2017-01-09
fed23f5e72e9a73b295b8a0aee9f0a56c6ffd1a1,gwas_credible_sets,ENSG00000132356,PRKAA1,MONDO_0005011,0.062153998762369156,,,unknown,,2023-05-08
aebbb46a7858148a7c0de331250de5491e7ca12f,gwas_credible_sets,ENSG00000177688,SUMO4,MONDO_0005011,0.06215345486998558,,,unknown,,2023-05-08
fa144548774b133c375b529a2f6fac7f730f1fdf,gwas_credible_sets,ENSG00000173163,COMMD1,MONDO_0005011,0.062129054218530655,,,unknown,,2012-03-08
73c70e0c38d16ff115ee330d917a20e930fce3cc,gwas_credible_sets,ENSG00000197208,SLC22A4,MONDO_0005011,0.06209815293550491,,,unknown,,2015-08-24
18e2d9d9ac42f37adc8b00e407187fd2d2cd9a1b,gwas_credible_sets,ENSG00000167994,RAB3IL1,MONDO_0005011,0.06209680065512657,,,unknown,,2023-05-08
a0ef837b848568acb73754a2e2f4f6c15be739ce,gwas_credible_sets,ENSG00000158985,CDC42SE2,MONDO_0005011,0.06200525164604187,,,unknown,,2017-01-09
58cbd6de6c3300070c41ff1acd7b288cb911bb7d,gwas_credible_sets,ENSG00000132356,PRKAA1,MONDO_0005011,0.061993006616830826,,,unknown,,2017-01-09
1feee1d1cb78c8a57a24c150ff89f6d8737e2ba2,gwas_credible_sets,ENSG00000183246,RIMBP3C,MONDO_0005011,0.06191327050328255,,,unknown,,2016-03-14
1d8e0d08bf747b1a145e347ef9860b8bab2f7d23,gwas_credible_sets,ENSG00000155287,SLC25A28,MONDO_0005011,0.06190454214811325,,,unknown,,2023-07-31
c676e80d994922dd3ace6a159f3056a61da26582,gwas_credible_sets,ENSG00000187796,CARD9,MONDO_0005011,0.06189817562699318,,,unknown,,2023-05-08
db57ffe1bf34b793eec88edbbdcf1605f6f8cf4c,gwas_credible_sets,ENSG00000112936,C7,MONDO_0005011,0.06184227019548416,,,unknown,,2023-01-18
320b11e7e0914b7c4df3e0c64039fb3f328f0a7e,gwas_credible_sets,ENSG00000023516,AKAP11,MONDO_0005011,0.06177416071295738,,,unknown,,2010-11-21
121a3e3637f1bbfdced0201c6aa71dbeed3a5770,gwas_credible_sets,ENSG00000143457,GOLPH3L,MONDO_0005011,0.06176413968205452,,,unknown,,2023-05-08
58e01a798599184edb67f94d4b800b1611435153,gwas_credible_sets,ENSG00000174130,TLR6,MONDO_0005011,0.06175225228071213,,,unknown,,2023-05-08
7be056cd9944105b6f6fe1689ee375f65bb4ed2f,gwas_credible_sets,ENSG00000135932,CAB39,MONDO_0005011,0.061552297323942184,,,unknown,,2023-05-08
591a00cc7921abfb7291d0cb115fc3ec1e3d33f9,gwas_credible_sets,ENSG00000099817,POLR2E,MONDO_0005011,0.061526644974946976,,,unknown,,2016-03-14
8ec103807df082cd4112fbfe1dc65cacac07a1d4,gwas_credible_sets,ENSG00000131435,PDLIM4,MONDO_0005011,0.06152499467134476,,,unknown,,2023-01-18
4217704c6433b3599f9619a8260a2a92266983b7,gwas_credible_sets,ENSG00000181656,GPR88,MONDO_0005011,0.06148615479469299,,,unknown,,2023-01-18
4b0016341462988d3ea199733d133e0adf89c508,gwas_credible_sets,ENSG00000151229,SLC2A13,MONDO_0005011,0.06144396960735321,,,unknown,,2015-08-24
f88bebbd2f0a45e8bd956efc09067eba03b9294c,gwas_credible_sets,ENSG00000223658,C1GALT1C1L,MONDO_0005011,0.06142866984009743,,,unknown,,2023-05-08
71dd54a3b0c58f24dd8e6f573bd6adc89f7b58d8,gwas_credible_sets,ENSG00000167468,GPX4,MONDO_0005011,0.061400458216667175,,,unknown,,2023-05-08
961d0a663d82d7907225c037325f99c7b5f6cd94,gwas_credible_sets,ENSG00000103496,STX4,MONDO_0005011,0.061377886682748795,,,unknown,,2016-03-14
f1303f0472c27db92a2c6e56ff37a60f8ed410a4,gwas_credible_sets,ENSG00000198156,NPIPB6,MONDO_0005011,0.06132373586297035,,,unknown,,2010-11-21
6bff384411f7a6b42ca207217a7f6a8853bab7e9,gwas_credible_sets,ENSG00000161179,YDJC,MONDO_0005011,0.06131568178534508,,,unknown,,2023-07-31
71f8fec0397cd1ba12e52298881ad090d232df47,gwas_credible_sets,ENSG00000130584,ZBTB46,MONDO_0005011,0.06126384437084198,,,unknown,,2017-01-09
17a14b8d1942d37982332b3f2ba8efd747c34b8b,gwas_credible_sets,ENSG00000161180,CCDC116,MONDO_0005011,0.06126090884208679,,,unknown,,2016-03-14
c037a46c8936c4cbcbc71aa14c5a0fb37afcd504,gwas_credible_sets,ENSG00000100362,PVALB,MONDO_0005011,0.06125801429152489,,,unknown,,2023-05-08
8a05406ce786e45f93e27fcdd6b20c1630227d59,gwas_credible_sets,ENSG00000164078,MST1R,MONDO_0005534,0.06123354658484459,,,unknown,,2023-01-18
37991ee12861e734cc708f641d57445c1eb60aff,gwas_credible_sets,ENSG00000108100,CCNY,MONDO_0005011,0.06117124855518341,,,unknown,,2010-11-21
718d5a0455792d2e9504d6d962782efd36d1b555,gwas_credible_sets,ENSG00000099817,POLR2E,MONDO_0005011,0.06114722043275833,,,unknown,,2012-11-01
94921c787004827101a802b459f39fce43d2030a,gwas_credible_sets,ENSG00000072682,P4HA2,MONDO_0005011,0.06109397113323212,,,unknown,,2015-08-24
fefb24cb3c580f1643a6cf9f44ed90d8f70b4753,gwas_credible_sets,ENSG00000198156,NPIPB6,MONDO_0005011,0.06106727942824364,,,unknown,,2016-03-14
03c7c9dc937772b50b08e6d0d46f23008f741a3f,gwas_credible_sets,ENSG00000115604,IL18R1,MONDO_0005011,0.0609990730881691,,,unknown,,2023-05-08
caddc454f2de1538935a4649aa71773c1c8f37ee,gwas_credible_sets,ENSG00000138311,ZNF365,MONDO_0005011,0.0609963983297348,,,unknown,,2018-11-29
0d76666dc3c747eab2657cd4ebe15985a107e3ea,gwas_credible_sets,ENSG00000134453,RBM17,MONDO_0005011,0.06099103391170502,,,unknown,,2015-08-24
871045d670d61fcbde862348d511b4ba8c14a592,gwas_credible_sets,ENSG00000116852,KIF21B,MONDO_0005011,0.060917869210243225,,,unknown,,2023-05-08
f7745b0bbb33d1509036d469e75bfc52ca107844,gwas_credible_sets,ENSG00000117592,PRDX6,MONDO_0005011,0.060813285410404205,,,unknown,,2024-07-19
573646e92b4622fdd5954385d5879f0234233318,gwas_credible_sets,ENSG00000134389,CFHR5,MONDO_0005011,0.060799796134233475,,,unknown,,2023-05-08
925778997525051ef662501a190bc18659afb419,gwas_credible_sets,ENSG00000182108,DEXI,MONDO_0005011,0.06072615459561348,,,unknown,,2023-05-08
01648e359cd2a3b456eb7d40eb569d77a5770291,gwas_credible_sets,ENSG00000115211,EIF2B4,MONDO_0005011,0.06068317964673042,,,unknown,,2010-11-21
a77ebd44e5626ef8872865c778d6ab777a8404fb,gwas_credible_sets,ENSG00000116704,SLC35D1,MONDO_0005011,0.06067982316017151,,,unknown,,2022-05-05
79011be6a23b14cd3b3b9d483b34db3829873d47,gwas_credible_sets,ENSG00000197712,FAM114A1,MONDO_0005011,0.060674894601106644,,,unknown,,2023-05-08
163783458f6a61842b2a3f6230c0eb5a75b62bf3,gwas_credible_sets,ENSG00000184730,APOBR,MONDO_0005011,0.0606723390519619,,,unknown,,2023-07-31
19a8de338f8ece1188649cf9f9ebdb9598d3d3c8,gwas_credible_sets,ENSG00000184730,APOBR,MONDO_0005011,0.0606723390519619,,,unknown,,2022-05-05
1928b38ef32aa8a84ecaad0b32d34de1f3946c82,gwas_credible_sets,ENSG00000060069,CTDP1,MONDO_0005011,0.06062374264001846,,,unknown,,2024-07-19
c467e975a86f56adc5e478aa23c20cac4577337c,gwas_credible_sets,ENSG00000164694,FNDC1,MONDO_0005011,0.06058432161808014,,,unknown,,2023-05-08
96157f638c71123cb1710c9311d21f7985d0d0e9,gwas_credible_sets,ENSG00000111144,LTA4H,MONDO_0005011,0.06055472418665886,,,unknown,,2023-05-08
964d73473c08793033eeb54cb4b550540801cdd2,gwas_credible_sets,ENSG00000174130,TLR6,MONDO_0005011,0.06055277958512306,,,unknown,,2023-05-08
604a28c540cf5a11f53a3f9dea8b21966561cc27,gwas_credible_sets,ENSG00000180999,C1orf105,MONDO_0005011,0.06047216057777405,,,unknown,,2012-11-01
f3929e3d088d45e83c8229af9d3d235a0b055967,gwas_credible_sets,ENSG00000100023,PPIL2,MONDO_0005011,0.06038451939821243,,,unknown,,2023-05-08
30b8b510f9a3fe512b871e6d864202a0731040c9,gwas_credible_sets,ENSG00000106952,TNFSF8,MONDO_0005011,0.0603795200586319,,,unknown,,2023-05-08
ad78caa973ccefd61c0e05b15ea862650987e909,gwas_credible_sets,ENSG00000164400,CSF2,MONDO_0005011,0.060352642089128494,,,unknown,,2017-01-09
71e910b2ab7ee15cdaa83ee00f3d2e886cb7ee86,gwas_credible_sets,ENSG00000113638,TTC33,MONDO_0005011,0.06034649536013603,,,unknown,,2017-01-09
daa781c675a61217e8f4a8c8b83f51cce226670e,gwas_credible_sets,ENSG00000164318,EGFLAM,MONDO_0005011,0.0603175163269043,,,unknown,,2016-03-14
f00417358c3ec5b7602e6b08f3538fc424cff152,gwas_credible_sets,ENSG00000198130,HIBCH,MONDO_0005011,0.06031707301735878,,,unknown,,2023-05-08
539ea4df0c1788c24e8e4474d975d0c507f6522c,gwas_credible_sets,ENSG00000100902,PSMA6,MONDO_0005011,0.06030820682644844,,,unknown,,2023-05-08
b199cf4a2fbc2fe023c7eba17a5bee46a5e083ff,gwas_credible_sets,ENSG00000128789,PSMG2,MONDO_0005011,0.0602550245821476,,,unknown,,2010-11-21
153b0cadc21f0e226974dc2bdea3947048b1cd52,gwas_credible_sets,ENSG00000122877,EGR2,MONDO_0005011,0.060177937150001526,,,unknown,,2008-06-29
8dddacff145b6305f597fc0a6b234e3d9a7e9c53,gwas_credible_sets,ENSG00000198018,ENTPD7,MONDO_0005011,0.06017078086733818,,,unknown,,2023-05-08
52fed85bca72aa0ae54c7bfa79d3afc303935a66,gwas_credible_sets,ENSG00000081985,IL12RB2,MONDO_0005011,0.06015722081065178,,,unknown,,2023-01-18
8a05b31ac9a411d33299bafd2481fb1cc2017a48,gwas_credible_sets,ENSG00000081985,IL12RB2,MONDO_0005011,0.060147255659103394,,,unknown,,2023-05-08
8a98b176be266a958333051848cf2894f3618bcc,gwas_credible_sets,ENSG00000010030,ETV7,MONDO_0005011,0.060096774250268936,,,unknown,,2023-01-18
dd567eb7cb91542eef2b6afda8ee446e3a2d1b8e,gwas_credible_sets,ENSG00000106688,SLC1A1,MONDO_0005011,0.06007000431418419,,,unknown,,2023-01-18
2d7f1d5dcd56a8f6f38e8c0249f8acd9cb39208d,gwas_credible_sets,ENSG00000138688,BLTP1,MONDO_0005011,0.06002431362867355,,,unknown,,2023-05-08
feb64090f4683b7aee8497904b66d733facd5dee,gwas_credible_sets,ENSG00000164332,UBLCP1,MONDO_0005011,0.060020677745342255,,,unknown,,2023-05-08
bdd86fb08972a9df74784bef91c01ec236686282,gwas_credible_sets,ENSG00000148498,PARD3,MONDO_0005011,0.05996808409690857,,,unknown,,2008-06-29
7e768c50c695068f6c0433badf5ed12b8db78a8e,gwas_credible_sets,ENSG00000196502,SULT1A1,MONDO_0005011,0.05996410548686981,,,unknown,,2017-01-09
46439cdc29a855a8e40862d3dd6a6b398f2d0cbe,gwas_credible_sets,ENSG00000096063,SRPK1,MONDO_0005011,0.05985075980424881,,,unknown,,2023-01-18
ff61795cf2f638ca3ff5c9235a59dcb1635a3562,gwas_credible_sets,ENSG00000167208,SNX20,MONDO_0005011,0.059782326221466064,,,unknown,,2017-01-09
783fb48634d637975a42933115f568cb84504227,gwas_credible_sets,ENSG00000081985,IL12RB2,MONDO_0005011,0.05964967980980873,,,unknown,,2012-08-30
2aae8b1e1a57ed657a0e0bb75a62298fc4037f08,gwas_credible_sets,ENSG00000173264,GPR137,MONDO_0005011,0.05962799862027168,,,unknown,,2023-05-08
54e0f300459d90c2a81eb96bec81306e8343ca94,gwas_credible_sets,ENSG00000203963,C1orf141,MONDO_0005011,0.05962597578763962,,,unknown,,2015-08-24
1ac45debac3ad31b319256ce3ad9c9044b2b43b1,gwas_credible_sets,ENSG00000099817,POLR2E,MONDO_0005011,0.05958632752299309,,,unknown,,2010-11-21
e5008e750fdd196b0d0cd8fd0806b2494f539a8b,gwas_credible_sets,ENSG00000113638,TTC33,MONDO_0005011,0.059551093727350235,,,unknown,,2023-05-08
8fd2ac7b3f8bf369fcfa8aa84e997b0792446b2c,gwas_credible_sets,ENSG00000079337,RAPGEF3,MONDO_0005011,0.059498533606529236,,,unknown,,2016-03-14
26b37c255f243c96161b29fd77fb233e9fd2da9d,gwas_credible_sets,ENSG00000111144,LTA4H,MONDO_0005011,0.059492647647857666,,,unknown,,2023-05-08
571bf06d2047be82cd623e44f8d3d6febd9df5b7,gwas_credible_sets,ENSG00000078898,BPIFB2,MONDO_0005011,0.05948483198881149,,,unknown,,2016-03-14
51481c3f8ea7dff468254f67551089960e2c4715,gwas_credible_sets,ENSG00000172156,CCL11,MONDO_0005011,0.05945573002099991,,,unknown,,2016-03-14
d20a49b116d36d4870e36ba920e76b4be912077f,gwas_credible_sets,ENSG00000198064,NPIPB13,MONDO_0005011,0.05936737358570099,,,unknown,,2016-03-14
bf4774ca6c20b26db81c10ec97cf6b825c19eae0,gwas_credible_sets,ENSG00000094975,SUCO,MONDO_0005011,0.059356268495321274,,,unknown,,2017-01-09
361695448096f2c26ee8d654da523c7ea95643c3,gwas_credible_sets,ENSG00000100362,PVALB,MONDO_0005011,0.05928725749254227,,,unknown,,2023-05-08
d25267ae37ceb179a5de5dbb834b0e227b0a3e2d,gwas_credible_sets,ENSG00000184110,EIF3C,MONDO_0005011,0.059251733124256134,,,unknown,,2022-05-05
1b114ceea7cda366db86448c1025623d4158ae57,gwas_credible_sets,ENSG00000134709,HOOK1,MONDO_0005011,0.05923622101545334,,,unknown,,2024-07-19
fae66ea5ad3143af464207970ba6acfa6c436f75,gwas_credible_sets,ENSG00000134709,HOOK1,MONDO_0005011,0.05923622101545334,,,unknown,,2024-07-19
cbe7530c6f184a090d03afb8f92e0dbcbbc31a23,gwas_credible_sets,ENSG00000174130,TLR6,MONDO_0005011,0.05921361595392227,,,unknown,,2023-05-08
8fab59a4797b2561cecff7cf560b1af2f8c62f50,gwas_credible_sets,ENSG00000164338,UTP15,MONDO_0005011,0.05916209891438484,,,unknown,,2010-11-21
239aff8277439e20906dd982101dacdc508bb6d5,gwas_credible_sets,ENSG00000198156,NPIPB6,MONDO_0005011,0.05910531431436539,,,unknown,,2023-01-18
979e346b2140f03785d90b7d8858951571f5c964,gwas_credible_sets,ENSG00000150990,DHX37,MONDO_0005011,0.05909145623445511,,,unknown,,2022-09-26
223e4feddda6766a5731c89cb3eaf54c2966361f,gwas_credible_sets,ENSG00000182108,DEXI,MONDO_0005011,0.05906184762716293,,,unknown,,2023-01-18
7edafe4ab7c6609be7cce9cb82d9fb5fdd41fcb1,gwas_credible_sets,ENSG00000152932,RAB3C,MONDO_0005011,0.059001535177230835,,,unknown,,2024-07-19
7e5eba5ee490b274cd94ff9ff5eb663079ec1365,gwas_credible_sets,ENSG00000086288,NME8,MONDO_0005011,0.05895255506038666,,,unknown,,2023-05-08
4b9856e6a1788940c9c0fc3e45b8950866d8b237,gwas_credible_sets,ENSG00000067560,RHOA,MONDO_0005011,0.058919958770275116,,,unknown,,2023-05-08
cd9c679a2428eb9ed9b9d3bf416ef37cc6078ea0,gwas_credible_sets,ENSG00000221843,SPATA31H1,MONDO_0005011,0.05891110748052597,,,unknown,,2010-11-21
05d43d743e69177d20aaf9ff7256bd0a2d1c9382,gwas_credible_sets,ENSG00000163806,SPDYA,MONDO_0005011,0.05890372768044472,,,unknown,,2023-05-08
30769ac85181c9c64d4d08959f48da4c5c3cca9f,gwas_credible_sets,ENSG00000141744,PNMT,MONDO_0005011,0.058889709413051605,,,unknown,,2023-06-01
e9b5059a79fd1e324848d9febb27b348c7c64860,gwas_credible_sets,ENSG00000164332,UBLCP1,MONDO_0005011,0.058880846947431564,,,unknown,,2023-05-08
6723a6800dd92b76f9c0b8a06c0981586d85e1f0,gwas_credible_sets,ENSG00000103591,AAGAB,MONDO_0005011,0.05883566290140152,,,unknown,,2016-03-14
7e323a1b955c3f002e1b6c32c46927795d66d599,gwas_credible_sets,ENSG00000122026,RPL21,MONDO_0005011,0.05882022902369499,,,unknown,,2016-03-14
4de89cfc81e1829cec8889600122ee9894313dc6,gwas_credible_sets,ENSG00000140807,NKD1,MONDO_0005539,0.05879606679081917,,,unknown,,2023-01-18
2a049ddb0bb7a638d9a2828d604fd934729f211d,gwas_credible_sets,ENSG00000183580,FBXL7,MONDO_0005011,0.0587710402905941,,,unknown,,2024-07-19
cd8284683015310cdd43680d191bbbb5f1e925a6,gwas_credible_sets,ENSG00000244482,LILRA6,MONDO_0005011,0.058747243136167526,,,unknown,,2023-07-31
291f64325b83b54aa64e5ad1c80b372133ed0572,gwas_credible_sets,ENSG00000120337,TNFSF18,MONDO_0005011,0.05874239280819893,,,unknown,,2024-07-19
c46a477ee155b818cc7d2537fcfef6990b2dacab,gwas_credible_sets,ENSG00000162929,SANBR,MONDO_0005011,0.05872498080134392,,,unknown,,2012-03-08
5e5e267583ecc3cd510381610eb773f3dc662489,gwas_credible_sets,ENSG00000155287,SLC25A28,MONDO_0005011,0.05860977992415428,,,unknown,,2023-05-08
da69592e387ef1f4f77cb60e6c589349ab6c77d4,gwas_credible_sets,ENSG00000106683,LIMK1,MONDO_0005011,0.05855577811598778,,,unknown,,2023-05-08
dfe87cd5a95ed6eb9512cd0cefd7e7402981a7d5,gwas_credible_sets,ENSG00000166578,DRC10,MONDO_0005011,0.058458112180233,,,unknown,,2017-01-09
7c646dd372c3fd41e388329b6ce8308585e642a3,gwas_credible_sets,ENSG00000135253,KCP,MONDO_0005011,0.05844645947217941,,,unknown,,2016-03-14
e0a3e1347117ed0d3a926fe9de8b09d72759fa00,gwas_credible_sets,ENSG00000247626,MARS2,MONDO_0005011,0.05839322507381439,,,unknown,,2023-12-26
6cdd984da236813968708b272b563f69208573c8,gwas_credible_sets,ENSG00000004809,SLC22A16,MONDO_0005011,0.05837671086192131,,,unknown,,2024-07-19
d805db95e9dee809b407104ed962bafd6d3a096a,gwas_credible_sets,ENSG00000103591,AAGAB,MONDO_0005011,0.05824052169919014,,,unknown,,2023-01-18
85a718738a39e70f18a4779b29ed3629e000ceee,gwas_credible_sets,ENSG00000124920,MYRF,MONDO_0005011,0.05823294818401337,,,unknown,,2023-12-26
1c451d8980550bd951213bf7a13e3e82cfd40b92,gwas_credible_sets,ENSG00000113638,TTC33,MONDO_0005011,0.058220453560352325,,,unknown,,2023-01-18
39d8748c5a963a394ece9898f3b494e6e7cf3526,gwas_credible_sets,ENSG00000117586,TNFSF4,MONDO_0005011,0.05812234431505203,,,unknown,,2008-06-29
a4b7499c5dba00a3d1cf921eebc483570ae7eb48,gwas_credible_sets,ENSG00000167207,NOD2,MONDO_0005011,0.05810520797967911,,,unknown,,2023-12-26
a8d2c7375283bbe067cb9c83a9ae21151a8a052f,gwas_credible_sets,ENSG00000176046,NUPR1,MONDO_0005011,0.05809912458062172,,,unknown,,2010-11-21
e36a057db19b4b113a8fd43ad743afa43dae8ca0,gwas_credible_sets,ENSG00000186281,GPAT2,MONDO_0005011,0.05806990712881088,,,unknown,,2023-01-18
9089d79ff68e0ef0479bf15053498a2ef5128069,gwas_credible_sets,ENSG00000132436,FIGNL1,MONDO_0005011,0.0580526702105999,,,unknown,,2010-11-21
0f65510da029eb5d7585cba454cd261a325990c2,gwas_credible_sets,ENSG00000149485,FADS1,MONDO_0005011,0.058026641607284546,,,unknown,,2010-11-21
a5b4cc13b8e5578ba7be00be1375e03411ed9a94,gwas_credible_sets,ENSG00000182010,RTKN2,MONDO_0005011,0.0579850934445858,,,unknown,,2023-07-31
f21ec7b5b5e764119a880722807f8430a07953bc,gwas_credible_sets,ENSG00000049249,TNFRSF9,MONDO_0005011,0.05797591060400009,,,unknown,,2016-03-14
359844ed0e135ad0a0b93964ac3a86122b7f817a,gwas_credible_sets,ENSG00000180251,SLC9A4,MONDO_0005011,0.057969823479652405,,,unknown,,2023-05-08
8355e9d48ccf4dd5886f48bc135638b276a2c497,gwas_credible_sets,ENSG00000123064,DDX54,MONDO_0005011,0.05794365704059601,,,unknown,,2017-01-09
19f71d49c6f42c3b53b5ba348bd214d07c3dc67b,gwas_credible_sets,ENSG00000233232,NPIPB7,MONDO_0005011,0.05793135613203049,,,unknown,,2024-04-15
16e6bc386ced0b4f075eb7d3dce6d02d84f89a4f,gwas_credible_sets,ENSG00000164535,DAGLB,MONDO_0005011,0.05788101255893707,,,unknown,,2023-05-08
2eed159b905f8c0159df85e5ee61bda515d384e4,gwas_credible_sets,ENSG00000267673,FDX2,MONDO_0005011,0.05787133798003197,,,unknown,,2016-03-14
2a5870ba985b267bd79327c46fcfb0edce46d372,gwas_credible_sets,ENSG00000164068,RNF123,MONDO_0005011,0.05775134265422821,,,unknown,,2015-08-24
28063937bf971278c8541f4c1d7fdfe24f6d2a3c,gwas_credible_sets,ENSG00000113448,PDE4D,MONDO_0005011,0.057611241936683655,,,unknown,,2024-07-19
aa77b0feca81b49fb1b69e7ada429f5d108a8d7f,gwas_credible_sets,ENSG00000106031,HOXA13,MONDO_0005011,0.0575769878923893,,,unknown,,2016-03-14
323fc7a2462d476a0e361169a0e5f8fe53184069,gwas_credible_sets,ENSG00000081985,IL12RB2,MONDO_0005011,0.05757522955536842,,,unknown,,2026-02-09
27198bf28c313a1ab9f705f21ff7641bdff7ee55,gwas_credible_sets,ENSG00000070814,TCOF1,MONDO_0005011,0.05741896107792854,,,unknown,,2017-01-09
6adb34f31ce6972257b7ff8bba30194c9197620f,gwas_credible_sets,ENSG00000204361,NXPE2,MONDO_0005011,0.057349540293216705,,,unknown,,2016-03-14
2a684a35c67bc8025a635d3a75deb78877214e3f,gwas_credible_sets,ENSG00000178882,RFLNA,MONDO_0005011,0.05721760541200638,,,unknown,,2022-09-26
fff345692d45fa46a9f2225b573f23142bb48c4f,gwas_credible_sets,ENSG00000155287,SLC25A28,MONDO_0005011,0.05719998851418495,,,unknown,,2023-05-08
f394ee6b2589d57cfac45a9472de68ac976aecf6,gwas_credible_sets,ENSG00000182010,RTKN2,MONDO_0005011,0.05718235298991203,,,unknown,,2017-01-09
10887896ae4564c7274d5e978ef62d429c3808a5,gwas_credible_sets,ENSG00000111319,SCNN1A,MONDO_0005011,0.05715673044323921,,,unknown,,2023-05-08
f1281d23fd595d1080c6d89ae1b176098cb7c77f,gwas_credible_sets,ENSG00000188603,CLN3,MONDO_0005011,0.0570712685585022,,,unknown,,2016-03-14
d34dbaa43f0667fe0e8d36f356ae76036d093e5e,gwas_credible_sets,ENSG00000072682,P4HA2,MONDO_0005011,0.05706942453980446,,,unknown,,2016-03-14
ab99646dd81a550654c37f7b07af410772aab2f8,gwas_credible_sets,ENSG00000186827,TNFRSF4,MONDO_0005011,0.05703869089484215,,,unknown,,2016-03-14
b5982e604be591daef5e47000a2350da2597bee3,gwas_credible_sets,ENSG00000225556,C2CD4D,MONDO_0005011,0.05698364973068237,,,unknown,,2016-03-14
f9a7e1ee92a14e8e369d6b4af02312020ad7bfde,gwas_credible_sets,ENSG00000184110,EIF3C,MONDO_0005011,0.056943755596876144,,,unknown,,2023-05-08
3ca596d4110139f017325dfc497f50df1315e745,gwas_credible_sets,ENSG00000243244,STON1,MONDO_0005011,0.05688858777284622,,,unknown,,2024-07-19
a17a1154584ca629eb58db7547d0765dc1970a67,gwas_credible_sets,ENSG00000083799,CYLD,MONDO_0005011,0.056843727827072144,,,unknown,,2024-07-19
3fc8eaba95f98b102700926a21db4181825e83d4,gwas_credible_sets,ENSG00000130881,LRP3,MONDO_0005011,0.05680561065673828,,,unknown,,2023-05-08
f283cc36478011c1e2e5e10537c9dfce8e411fa9,gwas_credible_sets,ENSG00000124257,NEURL2,MONDO_0005011,0.0567924790084362,,,unknown,,2023-05-08
85f3fbdf4a126e45297d66bcd245478368d222ae,gwas_credible_sets,ENSG00000083799,CYLD,MONDO_0005011,0.05677713453769684,,,unknown,,2017-01-09
b1584ff7ac8644e8182b201473bde79156d6dd9b,gwas_credible_sets,ENSG00000083799,CYLD,MONDO_0005011,0.05677713453769684,,,unknown,,2023-05-08
b0226487228a4f719386caf640ba50b16f0fb5b7,gwas_credible_sets,ENSG00000203963,C1orf141,MONDO_0005011,0.05672846734523773,,,unknown,,2023-05-08
6d4c4fa53c66e55033814195f574701d811d6ae9,gwas_credible_sets,ENSG00000115234,SNX17,MONDO_0005011,0.05663503333926201,,,unknown,,2023-05-08
88e004b836c32e9e341933775b9b480ce9623b37,gwas_credible_sets,ENSG00000164400,CSF2,MONDO_0005011,0.05661553516983986,,,unknown,,2023-05-08
b853fac5abcf01128d755c788dc0b229d7671bcc,gwas_credible_sets,ENSG00000160753,RUSC1,MONDO_0005011,0.056603286415338516,,,unknown,,2010-11-21
2e814815f08399b4f60ed5c2c2c033045315b898,gwas_credible_sets,ENSG00000005073,HOXA11,MONDO_0005011,0.05660293251276016,,,unknown,,2016-03-14
a1a1c32a6cd918b77f05bd4aa1f9b683a9369b5a,gwas_credible_sets,ENSG00000148572,NRBF2,MONDO_0005011,0.056445829570293427,,,unknown,,2023-05-08
edc5f7140e007275b569bb11dc8c7e6568ab724f,gwas_credible_sets,ENSG00000127838,PNKD,MONDO_0005011,0.05633772537112236,,,unknown,,2016-03-14
aaaaa3d9e208b5bdea681ec6d045ece624ef0a06,gwas_credible_sets,ENSG00000178188,SH2B1,MONDO_0005011,0.05631688982248306,,,unknown,,2017-01-09
099466a36bff9f7ab37a2f156f969a47121d7cc3,gwas_credible_sets,ENSG00000175646,PRM1,MONDO_0005011,0.05622384697198868,,,unknown,,2012-04-01
5b6b29101986316da4f53bcf1fb760be79549eed,gwas_credible_sets,ENSG00000132357,CARD6,MONDO_0005011,0.056186750531196594,,,unknown,,2023-01-18
b5d3cc511eb0c1301ab914c89eb57be9298fe4fe,gwas_credible_sets,ENSG00000160224,AIRE,MONDO_0005011,0.05617701634764671,,,unknown,,2016-03-14
39e3dcf58c8133d53eddfe0c37c9f5aa597ee4c7,gwas_credible_sets,ENSG00000081985,IL12RB2,MONDO_0005011,0.05614922568202019,,,unknown,,2007-03-05
9198521afce1850985ef87f0f4bb9b97ee65f0a9,gwas_credible_sets,ENSG00000081985,IL12RB2,MONDO_0005011,0.05614922568202019,,,unknown,,2012-03-08
5e0418ae51de629dba94259dc30ac2969f20678a,gwas_credible_sets,ENSG00000042813,ZPBP,MONDO_0005011,0.05613990128040314,,,unknown,,2010-11-21
4aa48adcbd19bda04c1747111d12242562f0f644,gwas_credible_sets,ENSG00000107485,GATA3,MONDO_0005011,0.05612702667713165,,,unknown,,2023-01-18
5041c9a4b9a2401ae96c41a5289e4655d1c3759b,gwas_credible_sets,ENSG00000164400,CSF2,MONDO_0005011,0.05611743405461311,,,unknown,,2017-01-09
3ab5f5d5d5daa1a119f125294cc8091ac87da499,gwas_credible_sets,ENSG00000198324,PHETA1,MONDO_0005011,0.05610530823469162,,,unknown,,2023-01-18
62e2cb3a153cbc4e5d1ad559c5b82e5e6ee18165,gwas_credible_sets,ENSG00000143801,PSEN2,MONDO_0005011,0.056081097573041916,,,unknown,,2023-01-18
13c7fb510b3cd703645a072a9383d9656fcc4b02,gwas_credible_sets,ENSG00000145730,PAM,MONDO_0005011,0.05607980862259865,,,unknown,,2023-01-18
3149710a48ab7686607ea2069ead76e8172a4d44,gwas_credible_sets,ENSG00000112936,C7,MONDO_0005011,0.05605153366923332,,,unknown,,2023-01-18
f6c2c9e05b5afc6c27fb5e80504d803cf22d343b,gwas_credible_sets,ENSG00000167207,NOD2,MONDO_0005539,0.0560014471411705,,,unknown,,2023-01-18
be650d34ffff128e60d31767117e90999a329c6b,gwas_credible_sets,ENSG00000143450,OAZ3,MONDO_0005011,0.055993132293224335,,,unknown,,2023-05-08
67da0187431cd2127814bcaf5ccacdaaee47776f,gwas_credible_sets,ENSG00000145908,ZNF300,MONDO_0005011,0.05597890540957451,,,unknown,,2023-05-08
82b3a611e8195f31df79d8de842c8a4cb57c1bb7,gwas_credible_sets,ENSG00000113638,TTC33,MONDO_0005011,0.055978551506996155,,,unknown,,2023-05-23
406f8bd5778be540afa84177ffbc19172dec93ed,gwas_credible_sets,ENSG00000008838,MED24,MONDO_0005011,0.055904172360897064,,,unknown,,2023-01-18
0cef4d22d4d9567f32202bfdd9d086a1513d4aab,gwas_credible_sets,ENSG00000155893,PXYLP1,MONDO_0005011,0.05582943931221962,,,unknown,,2023-07-31
b59d25617440d1e862ed9e044b68c8dd891efc57,gwas_credible_sets,ENSG00000115226,FNDC4,MONDO_0005011,0.055808644741773605,,,unknown,,2010-11-21
eccfc5e5ac1f190bd93055961ab1cd606e2fe927,gwas_credible_sets,ENSG00000144015,TRIM43,MONDO_0005011,0.05577559769153595,,,unknown,,2023-01-18
3b6b2a5c316e06fe92fc8d044aec87276522b21a,gwas_credible_sets,ENSG00000143167,GPA33,MONDO_0005011,0.05574781820178032,,,unknown,,2024-07-19
808f0615f9729e7b2a13d86ef56584bab6a1e41d,gwas_credible_sets,ENSG00000134278,SPIRE1,MONDO_0005011,0.05574602261185646,,,unknown,,2010-11-21
f21e2ee7a880350a88ed4485c5c913708ed86046,gwas_credible_sets,ENSG00000184454,NCMAP,MONDO_0005011,0.055694788694381714,,,unknown,,2023-05-08
4b8d8bb2714c47a103c24f3c64dac52665ac847c,gwas_credible_sets,ENSG00000065833,ME1,MONDO_0005011,0.05556226149201393,,,unknown,,2016-02-18
96adc4af86ff238268199ad886ef995bf13571ad,gwas_credible_sets,ENSG00000173402,DAG1,MONDO_0005011,0.05552525445818901,,,unknown,,2016-03-14
5e8e3b1931829a2bfb810cba3dd4d935dee3c29a,gwas_credible_sets,ENSG00000081985,IL12RB2,MONDO_0005011,0.055511340498924255,,,unknown,,2021-10-18
70dda5039024b9a0bbe503d3383c1c28587bd73d,gwas_credible_sets,ENSG00000081985,IL12RB2,MONDO_0005011,0.055511340498924255,,,unknown,,2021-10-18
f9d5f7099065d21829a34a2fc79b9c95772adf18,gwas_credible_sets,ENSG00000081985,IL12RB2,MONDO_0005011,0.055511340498924255,,,unknown,,2021-10-18
9c8254070c520fe174c66cbaafd9314ded611aa9,gwas_credible_sets,ENSG00000185467,KPNA7,MONDO_0005011,0.05549829825758934,,,unknown,,2016-03-14
e148a746429e0899a855ff97b7d5de9c82267358,gwas_credible_sets,ENSG00000138311,ZNF365,MONDO_0005011,0.05540965124964714,,,unknown,,2023-05-08
f0f89cdd158ab18fd454b081e751392136762c28,gwas_credible_sets,ENSG00000118473,SGIP1,MONDO_0005011,0.05539955571293831,,,unknown,,2022-05-05
15f69a1d3b207f93a3535e4566c887b76a32ec50,gwas_credible_sets,ENSG00000114650,SCAP,MONDO_0005011,0.055274561047554016,,,unknown,,2024-07-19
1ec3f4081cf6fff3a5e1f7565fd1bf199683d46f,gwas_credible_sets,ENSG00000100902,PSMA6,MONDO_0005011,0.05519818142056465,,,unknown,,2023-05-08
3af0da0e67533b612b52716c169c04703ad4c9a7,gwas_credible_sets,ENSG00000125347,IRF1,MONDO_0005011,0.05515754967927933,,,unknown,,2023-01-18
eeaff6d0162d7b66c17b04a2809058fb78cfe772,gwas_credible_sets,ENSG00000102239,BRS3,MONDO_0005011,0.05509292334318161,,,unknown,,2015-08-24
fd310aadd2295c98248bb31d9b9c208d60a0aa12,gwas_credible_sets,ENSG00000160224,AIRE,MONDO_0005011,0.05509165674448013,,,unknown,,2017-01-09
91d8287626f1616df24d50705408c71c6fb8f9ef,gwas_credible_sets,ENSG00000196993,NPIPB9,MONDO_0005011,0.05499792844057083,,,unknown,,2023-01-18
fa89602e86df2518bf8dc501987af856ff1ee773,gwas_credible_sets,ENSG00000168612,ZSWIM1,MONDO_0005011,0.05489249527454376,,,unknown,,2023-05-08
c3366f22f54177d56f9c340f9fa5996720c5d316,gwas_credible_sets,ENSG00000158636,EMSY,MONDO_0005011,0.05486474931240082,,,unknown,,2023-01-18
208f608808a2585fcf028cf452658f20721e549c,gwas_credible_sets,ENSG00000135355,GJA10,MONDO_0005011,0.05485237389802933,,,unknown,,2023-05-08
b409e3b44eaa2848d4f0490477323e32be4584a5,gwas_credible_sets,ENSG00000179526,SHARPIN,MONDO_0005011,0.05480695515871048,,,unknown,,2023-05-08
3872734333d7a97108c3bf76f0ee920c5a8166f6,gwas_credible_sets,ENSG00000099817,POLR2E,MONDO_0005011,0.05479903891682625,,,unknown,,2017-01-09
4b69b0c4983d9359b35ad38e0b1bc5389592c231,gwas_credible_sets,ENSG00000197208,SLC22A4,MONDO_0005011,0.0547390915453434,,,unknown,,2016-03-14
926658bd13a572f75b126bd0637d61e81e424146,gwas_credible_sets,ENSG00000164694,FNDC1,MONDO_0005011,0.05472438409924507,,,unknown,,2023-05-08
c637abb6a52239427568eecfbfa7d100ac7e0651,gwas_credible_sets,ENSG00000106952,TNFSF8,MONDO_0005011,0.05461800843477249,,,unknown,,2023-05-08
b47e92d45f498e13cc5a707dc3002eb3b2edda13,gwas_credible_sets,ENSG00000197165,SULT1A2,MONDO_0005011,0.05459713563323021,,,unknown,,2016-03-14
4b49e85274270a0b1044cda95c7945beacaaca30,gwas_credible_sets,ENSG00000143355,LHX9,MONDO_0005011,0.05458526313304901,,,unknown,,2010-11-21
d8fa9221e6ab4735eb1eb9c10671c61bf9cf3698,gwas_credible_sets,ENSG00000213221,DNLZ,MONDO_0005011,0.05455278605222702,,,unknown,,2023-05-08
f02d465b4e846565f3de26cbc7c1f082663d4698,gwas_credible_sets,ENSG00000148572,NRBF2,MONDO_0005011,0.05436724051833153,,,unknown,,2012-03-08
4ec89fe801f11180dae09cb21ac271a3f62c6315,gwas_credible_sets,ENSG00000173064,HECTD4,MONDO_0005011,0.0543576218187809,,,unknown,,2017-01-09
3b6fccc8e21eaddea3218feb38c0f9c7c53252ae,gwas_credible_sets,ENSG00000115541,HSPE1,MONDO_0005011,0.05430067330598831,,,unknown,,2023-12-26
8f8263df965bb227afd82756bf972b94e26edad5,gwas_credible_sets,ENSG00000081985,IL12RB2,MONDO_0005011,0.05427064746618271,,,unknown,,2025-08-06
068ddab7cc44b088b300dedfe977d1ba40faee05,gwas_credible_sets,ENSG00000081985,IL12RB2,MONDO_0005011,0.054208945482969284,,,unknown,,2021-10-18
d7d90787896e1f75290101544ab48e062392c788,gwas_credible_sets,ENSG00000081985,IL12RB2,MONDO_0005011,0.054208945482969284,,,unknown,,2021-10-18
60fbf028aeacb09bb6617a25bf0b3f8e63e3cd75,gwas_credible_sets,ENSG00000106683,LIMK1,MONDO_0005011,0.05420507490634918,,,unknown,,2023-01-18
950746cb40343079e110f40bc1f81cb373b9c62e,gwas_credible_sets,ENSG00000103591,AAGAB,MONDO_0005011,0.05417367070913315,,,unknown,,2010-11-21
b8972884b75ad3ff520523425f20b1a58302e31f,gwas_credible_sets,ENSG00000178342,KCNG2,MONDO_0005011,0.05412157624959946,,,unknown,,2024-07-19
1396897ef9de690e48fc4b0cb0c21233714b2172,gwas_credible_sets,ENSG00000162944,RFTN2,MONDO_0005011,0.054091352969408035,,,unknown,,2023-12-26
0762c7bf16e35917b6e632734128572ca0db7205,gwas_credible_sets,ENSG00000152128,TMEM163,MONDO_0005011,0.054056134074926376,,,unknown,,2023-01-18
9f0e8a382fd50974907b96446cfdbd8deb503b14,gwas_credible_sets,ENSG00000178188,SH2B1,MONDO_0005011,0.054047346115112305,,,unknown,,2024-04-15
86b083c5d79e4ce8ffb6528d4561cb025e82fe08,gwas_credible_sets,ENSG00000120053,GOT1,MONDO_0005011,0.054020024836063385,,,unknown,,2023-05-08
6b8a26d606b5f94e52dac0e480ed21cac2be6b83,gwas_credible_sets,ENSG00000203963,C1orf141,MONDO_0005011,0.053983960300683975,,,unknown,,2023-01-18
fe9bd24907f7635bf98d5a55b0db8c5895ed445c,gwas_credible_sets,ENSG00000106483,SFRP4,MONDO_0005011,0.053963351994752884,,,unknown,,2023-05-08
392414cb3f83173e799735f2b1c889b7544e0ec1,gwas_credible_sets,ENSG00000142182,DNMT3L,MONDO_0005011,0.053930699825286865,,,unknown,,2017-01-09
e369e76a3d24c4e4fb0aa3496b50405ccfd8f178,gwas_credible_sets,ENSG00000197272,IL27,MONDO_0005011,0.053843725472688675,,,unknown,,2023-05-08
a6663c99eceea13474f016f5592e94edd71e3296,gwas_credible_sets,ENSG00000118412,CASP8AP2,MONDO_0005011,0.05375025421380997,,,unknown,,2017-01-09
fd63e97301b56ae33e99b8c33b98ab431bc8c2a4,gwas_credible_sets,ENSG00000100368,CSF2RB,MONDO_0005011,0.053713202476501465,,,unknown,,2023-05-08
19a8b20a5b86756f2323e2f53c1eed269e7681e7,gwas_credible_sets,ENSG00000151418,ATP6V1G3,MONDO_0005011,0.05364377796649933,,,unknown,,2023-05-08
beea7838c805a6cdd580c7047f318857f646189c,gwas_credible_sets,ENSG00000100883,SRP54,MONDO_0005011,0.053538404405117035,,,unknown,,2023-05-08
18edd80e7fed02b5c2c78c1e05c8fbd4050dd9a6,gwas_credible_sets,ENSG00000163803,PLB1,MONDO_0005011,0.053510673344135284,,,unknown,,2017-01-09
738b96cba2cc4862dfeb72e7036edd7b2b3abacf,gwas_credible_sets,ENSG00000164880,INTS1,MONDO_0005011,0.05342863127589226,,,unknown,,2023-12-26
c4a21c898feeaf31bea99a1a2dcd1902619958e1,gwas_credible_sets,ENSG00000220201,ZGLP1,MONDO_0005011,0.05337320640683174,,,unknown,,2016-03-14
8fc2ad04d3ea6a22d43395582245b2834e7ec950,gwas_credible_sets,ENSG00000081019,RSBN1,MONDO_0005011,0.05334300175309181,,,unknown,,2023-05-08
5b47574b4c32f0d854f4bb43fe07fc802b5e517b,gwas_credible_sets,ENSG00000197457,STMN3,MONDO_0005011,0.05332328751683235,,,unknown,,2023-05-08
49fca2923418a9c12b3cd728c21657d5c6d11121,gwas_credible_sets,ENSG00000176476,SGF29,MONDO_0005011,0.053283173590898514,,,unknown,,2023-07-31
441ac6b7868adf32f6a58b509482a6df9dff2a97,gwas_credible_sets,ENSG00000184731,FAM110C,MONDO_0005011,0.05327712744474411,,,unknown,,2024-07-19
fb5a4daca2b4e35300109da51ce81b2d4aebe77f,gwas_credible_sets,ENSG00000109320,NFKB1,MONDO_0005011,0.05324358493089676,,,unknown,,2023-05-08
1b250e9335565c8818173eac01d8e5fac3ac4cb5,gwas_credible_sets,ENSG00000121281,ADCY7,MONDO_0005011,0.05323363468050957,,,unknown,,2023-01-18
5ee098a10c227a5cbfbdf70ba8ee74a27811bb00,gwas_credible_sets,ENSG00000106952,TNFSF8,MONDO_0005011,0.05319908633828163,,,unknown,,2023-05-08
cb876323dfdd1a595fd80a9124306dbbcde6303b,gwas_credible_sets,ENSG00000106952,TNFSF8,MONDO_0005011,0.05319908633828163,,,unknown,,2023-05-08
ce4ec6dede23e1d7eb18e0814ec7248fe553cdb2,gwas_credible_sets,ENSG00000120053,GOT1,MONDO_0005011,0.05317125841975212,,,unknown,,2023-05-08
482766047c7821797e4d0e928bbae3a4fc70203e,gwas_credible_sets,ENSG00000113441,LNPEP,MONDO_0005011,0.053142014890909195,,,unknown,,2010-11-21
94cbd1f735d2c93338ef5ac9998d85766e64d953,gwas_credible_sets,ENSG00000142182,DNMT3L,MONDO_0005011,0.05310525372624397,,,unknown,,2008-06-29
4a652fb7f388b0f85f7ed8c0e26733a365046e4b,gwas_credible_sets,ENSG00000164500,SPMIP7,MONDO_0005011,0.053091973066329956,,,unknown,,2017-01-09
87c2fa5501e9b2e342457eb4f41511dd821b5120,gwas_credible_sets,ENSG00000143355,LHX9,MONDO_0005011,0.05304471775889397,,,unknown,,2017-01-09
73ec4b2b0660bdb5827aecab0a8cfe41373a9b44,gwas_credible_sets,ENSG00000185614,INKA1,MONDO_0005011,0.053028348833322525,,,unknown,,2015-08-24
03fe2a0e8177f378733b9e3aa136a64a95f76076,gwas_credible_sets,ENSG00000184110,EIF3C,MONDO_0005011,0.05301012098789215,,,unknown,,2023-07-31
fe79ae6a992646a678cae8b4267faa4a5b8143e0,gwas_credible_sets,ENSG00000162992,NEUROD1,MONDO_0005011,0.052980754524469376,,,unknown,,2023-05-08
39f7272deb34963eff721334a1212ab8d0163d64,gwas_credible_sets,ENSG00000203963,C1orf141,MONDO_0005011,0.05298028886318207,,,unknown,,2007-04-15
fab217bd37e0928b19bc38e1882951d7797110f2,gwas_credible_sets,ENSG00000134250,NOTCH2,MONDO_0005011,0.0529434010386467,,,unknown,,2023-01-18
839fdccb5ab0fc01cb08dd1e1a92660d6ae5d0d5,gwas_credible_sets,ENSG00000197114,ZGPAT,MONDO_0005011,0.052906326949596405,,,unknown,,2016-03-14
6b558a450796b99ba7692506f65a7e07824ae92c,gwas_credible_sets,ENSG00000188906,LRRK2,MONDO_0005011,0.0528629906475544,,,unknown,,2023-05-08
fad8445bf5198ba2fbc5158cb587b67a18e90bc2,gwas_credible_sets,ENSG00000203963,C1orf141,MONDO_0005011,0.05286051705479622,,,unknown,,2007-06-01
d703ee71514ee1f77180c477afeec29c82755eab,gwas_credible_sets,ENSG00000081985,IL12RB2,MONDO_0005011,0.05280961096286774,,,unknown,,2023-01-18
1deb4f1b062baed1cf1e54d94a50ca69be05025c,gwas_credible_sets,ENSG00000142233,NTN5,MONDO_0005011,0.052784595638513565,,,unknown,,2023-05-08
35a78b491a1096a5cd83a79b92ea6ec7e2fa6331,gwas_credible_sets,ENSG00000144381,HSPD1,MONDO_0005011,0.052765846252441406,,,unknown,,2023-12-26
ac112b7f70b02132c74ee12bc92463c1a69a6a43,gwas_credible_sets,ENSG00000203963,C1orf141,MONDO_0005011,0.05276135355234146,,,unknown,,2023-05-08
0287384dc3a7251cc40bdadf79fd8d0c00bdc222,gwas_credible_sets,ENSG00000197272,IL27,MONDO_0005011,0.052730511873960495,,,unknown,,2015-08-24
59119f0cf1f271aee07c05577422ea3f833ff7cc,gwas_credible_sets,ENSG00000112242,E2F3,MONDO_0005011,0.05272810533642769,,,unknown,,2023-05-08
3680a1ca834aed68bfe5cdeb21f44e00dedbec3f,gwas_credible_sets,ENSG00000167208,SNX20,MONDO_0005011,0.05269217491149902,,,unknown,,2017-01-09
a3e64af91f714526ff504e141ed77dc8a7b05625,gwas_credible_sets,ENSG00000221968,FADS3,MONDO_0005011,0.052675437182188034,,,unknown,,2016-03-14
d24f6eaee98903bd0a2cc6dd05dd42fc69faf2e8,gwas_credible_sets,ENSG00000081985,IL12RB2,MONDO_0005011,0.05266166105866432,,,unknown,,2012-02-01
2b08718e6e229c0a1eb564d577e00c8ad835f639,gwas_credible_sets,ENSG00000188322,SBK1,MONDO_0005011,0.05264567956328392,,,unknown,,2015-08-24
de327ee24a8ba77f156e441df566a077cf7da3a7,gwas_credible_sets,ENSG00000179632,MAF1,MONDO_0005011,0.052642881870269775,,,unknown,,2023-05-08
158c8b89d7359de9a41d2a170586e38de2fa5230,gwas_credible_sets,ENSG00000142182,DNMT3L,MONDO_0005011,0.05260765179991722,,,unknown,,2016-03-14
8798e49fd421cbc1f6961ffd9b8f0e9966b11b53,gwas_credible_sets,ENSG00000142182,DNMT3L,MONDO_0005011,0.05260765179991722,,,unknown,,2010-11-21
6798c73e9cfc4e9c2315c3004b07f78fb61879c6,gwas_credible_sets,ENSG00000233276,GPX1,MONDO_0005011,0.05259488895535469,,,unknown,,2023-01-18
4b5cc291c6242c293d96f0d8c0c1df98956afd7b,gwas_credible_sets,ENSG00000166897,ELFN2,MONDO_0005011,0.0525258406996727,,,unknown,,2023-05-08
8e31ce4ba29f14f2d2dce374a624b365a95d0c57,gwas_credible_sets,ENSG00000179832,MROH1,MONDO_0005011,0.05247731879353523,,,unknown,,2023-05-08
7ab30b1849d3543fa3c1c78816e3bb2f4691fdcf,gwas_credible_sets,ENSG00000145020,AMT,MONDO_0005011,0.052450358867645264,,,unknown,,2017-01-09
f5d4d6a633dcf83ae05eac9da5fdfac5bf3acafe,gwas_credible_sets,ENSG00000157111,TMEM171,MONDO_0005011,0.052442289888858795,,,unknown,,2010-11-21
2b419d6636565fa856a24c07cb7b7929f187a60c,gwas_credible_sets,ENSG00000162944,RFTN2,MONDO_0005011,0.052441421896219254,,,unknown,,2023-05-08
dcd4fbed212ec6d435b7bcd1eba9e8d1d7cc58fe,gwas_credible_sets,ENSG00000188322,SBK1,MONDO_0005011,0.05240396037697792,,,unknown,,2016-03-14
d281ef98332e5dbc1225a35225b88550beb2ff7b,gwas_credible_sets,ENSG00000115540,MOB4,MONDO_0005011,0.052400317043066025,,,unknown,,2010-11-21
812d53431c4f72dd931911f87c902ad5e278edc0,gwas_credible_sets,ENSG00000115539,PDCL3,MONDO_0005011,0.05231998860836029,,,unknown,,2023-01-18
c9755e4ba8857baf99d44b503b66469b7959e02a,gwas_credible_sets,ENSG00000067560,RHOA,MONDO_0005534,0.05230012163519859,,,unknown,,2023-01-18
1f2bd8f7aaca3a74e5e9d246d7512fd0b4fd871b,gwas_credible_sets,ENSG00000145592,RPL37,MONDO_0005011,0.052287038415670395,,,unknown,,2017-01-09
c79c986750ff5007340318a03777d278b0a9b6a8,gwas_credible_sets,ENSG00000138821,SLC39A8,MONDO_0005011,0.052285078912973404,,,unknown,,2016-03-14
494d482c8d31a3d7433c165628eaa1c0650c44bf,gwas_credible_sets,ENSG00000108423,TUBD1,MONDO_0005011,0.052280377596616745,,,unknown,,2016-03-14
77396cea1698e84455281aee347f05144a0788a0,gwas_credible_sets,ENSG00000172139,SLC9C1,MONDO_0005011,0.05222594738006592,,,unknown,,2022-09-26
3cdaaea838756af4ff1bd54ddb78344b1f4429ca,gwas_credible_sets,ENSG00000102780,DGKH,MONDO_0005011,0.05220948904752731,,,unknown,,2023-05-08
9626953138825426d4f9f1c517fb539da4581d15,gwas_credible_sets,ENSG00000162753,SLC9C2,MONDO_0005011,0.05216776207089424,,,unknown,,2017-01-09
f1b57a31c816f35140a042e078e994a5e090d0e6,gwas_credible_sets,ENSG00000132357,CARD6,MONDO_0005011,0.052147362381219864,,,unknown,,2023-01-18
f285ac0da2802dc859641fcb7f899853e5719211,gwas_credible_sets,ENSG00000100890,PRORP,MONDO_0005011,0.0521291084587574,,,unknown,,2023-05-08
d20854870b616be8666d374be1b5b40b508dfc1a,gwas_credible_sets,ENSG00000143627,PKLR,MONDO_0005011,0.05212706699967384,,,unknown,,2010-11-21
b1eacf65188976b3da2e5b4e959d9eed78da8e2f,gwas_credible_sets,ENSG00000115504,EHBP1,MONDO_0005011,0.0520717091858387,,,unknown,,2016-03-14
dbf3c0db43766cc6ba31fdeda5d53fe58e0b6669,gwas_credible_sets,ENSG00000143278,F13B,MONDO_0005011,0.05200161039829254,,,unknown,,2023-05-08
c30095f315d60f2e8c20437fea1421480fc4de18,gwas_credible_sets,ENSG00000245680,ZNF585B,MONDO_0005011,0.05199779197573662,,,unknown,,2023-05-08
579957120710bf82f798847e1a8ceb76727be474,gwas_credible_sets,ENSG00000120658,ENOX1,MONDO_0005011,0.05198957771062851,,,unknown,,2023-05-08
08df3f4378dec03e8bb4c1a71ec8bb33f89054c1,gwas_credible_sets,ENSG00000184454,NCMAP,MONDO_0005011,0.05192868411540985,,,unknown,,2023-07-31
d6bf94c27625b222ef6c80815f47e68b3d92cacb,gwas_credible_sets,ENSG00000163126,ANKRD23,MONDO_0005011,0.05186557024717331,,,unknown,,2023-12-26
12be6a8f66d19ec49cd3c253722b82cc01e100f6,gwas_credible_sets,ENSG00000197576,HOXA4,MONDO_0005011,0.05186435952782631,,,unknown,,2016-03-14
eb4909d1a1e565821762dd28da5e23c397db0fa8,gwas_credible_sets,ENSG00000142599,RERE,MONDO_0005011,0.05185534805059433,,,unknown,,2023-07-31
bee7ec279953929d4bc69ffc482ec77420b5f675,gwas_credible_sets,ENSG00000085982,USP40,MONDO_0005011,0.05184099078178406,,,unknown,,2023-07-31
817f7a1c1376d44f0955132c235600d6a4b66ca7,gwas_credible_sets,ENSG00000160221,GATD3,MONDO_0005011,0.05178254470229149,,,unknown,,2008-06-29
9464487367e1bd78d7bf2138b326ca80273c3d68,gwas_credible_sets,ENSG00000169504,CLIC4,MONDO_0005011,0.05177369341254234,,,unknown,,2023-05-08
6de64e4005ed3711f66ae348eefade7467879886,gwas_credible_sets,ENSG00000132912,DCTN4,MONDO_0005011,0.051687344908714294,,,unknown,,2024-04-15
b36b1e1cb19fb9dca4ebdf7722278531a4dbea7e,gwas_credible_sets,ENSG00000145996,CDKAL1,MONDO_0005011,0.051621101796627045,,,unknown,,2023-05-08
1a4a38c4349e52e0ee3a68a309dee186547d7b7e,gwas_credible_sets,ENSG00000189362,NEMP2,MONDO_0005011,0.05161640793085098,,,unknown,,2023-05-08
ec5370cb3ec663b8b95e237a8b9d8422debf6e43,gwas_credible_sets,ENSG00000158636,EMSY,MONDO_0005011,0.05148220807313919,,,unknown,,2017-01-09
b5ce37394aa2be3ac347951b9764d51530a4e20d,gwas_credible_sets,ENSG00000155287,SLC25A28,MONDO_0005011,0.05147711560130119,,,unknown,,2023-05-08
985be2bc960cdc38e57ca043aeb807aa16cf83cc,gwas_credible_sets,ENSG00000198286,CARD11,MONDO_0005011,0.0514618456363678,,,unknown,,2016-03-14
46ebe2882f76a8f0b075e4bebc8b4038674dc1ad,gwas_credible_sets,ENSG00000134453,RBM17,MONDO_0005011,0.051438525319099426,,,unknown,,2023-05-08
01a90cc22f4acd44ba9eda4fbb55d06c07a22c5e,gwas_credible_sets,ENSG00000151229,SLC2A13,MONDO_0005011,0.05135773867368698,,,unknown,,2023-05-08
dd57848be9714a4c767e6bd8626726eb51540caf,gwas_credible_sets,ENSG00000108055,SMC3,MONDO_0005011,0.051332633942365646,,,unknown,,2017-01-09
a570cf03d55a3220e18113fe8d1fa1aaa1474867,gwas_credible_sets,ENSG00000138311,ZNF365,MONDO_0005011,0.051327895373106,,,unknown,,2023-05-08
aee75938b2c3a743f5f4cf3b5963e9ca19a56956,gwas_credible_sets,ENSG00000203724,C1orf53,MONDO_0005011,0.051265597343444824,,,unknown,,2010-11-21
10bff396395b96f47216a282d6d5a2c7dcb0e1d2,gwas_credible_sets,ENSG00000100325,ASCC2,MONDO_0005011,0.05123605206608772,,,unknown,,2023-05-08
f9cd7111ea7bd04bba23075d206df225186cc4eb,gwas_credible_sets,ENSG00000113600,C9,MONDO_0005011,0.051222436130046844,,,unknown,,2023-05-08
66e178742b63bb31e70279c4817c83765335912b,gwas_credible_sets,ENSG00000242485,MRPL20,MONDO_0005011,0.051205601543188095,,,unknown,,2016-03-14
92fb8d8a7398222495e5c2af30824ed6e483b429,gwas_credible_sets,ENSG00000176022,B3GALT6,MONDO_0005011,0.05118895694613457,,,unknown,,2016-03-14
dcebc3dd1e20a550aa7ef067876a551069ec3613,gwas_credible_sets,ENSG00000072110,ACTN1,MONDO_0005011,0.05110842362046242,,,unknown,,2017-01-09
66cf20e91e214169e660ecefa750fd12958f292a,gwas_credible_sets,ENSG00000165688,PMPCA,MONDO_0005011,0.05108444765210152,,,unknown,,2017-01-09
1e2708179e13ad1f24ecb829388fcecd0ab493eb,gwas_credible_sets,ENSG00000176476,SGF29,MONDO_0005011,0.05090031027793884,,,unknown,,2015-08-24
090c70ac06ce533a372627abb8b07e8885a0f758,gwas_credible_sets,ENSG00000108055,SMC3,MONDO_0005011,0.0508551187813282,,,unknown,,2023-05-08
4239f2302a8c4334db9278eac04102ae14250176,gwas_credible_sets,ENSG00000139990,DCAF5,MONDO_0005011,0.05082724243402481,,,unknown,,2010-11-21
4da42ba8349e3e9d61999ae4e8fc2faa29a1bd83,gwas_credible_sets,ENSG00000122035,RASL11A,MONDO_0005011,0.05081051215529442,,,unknown,,2016-03-14
3b066cb8840333c777e67d82f178406417354616,gwas_credible_sets,ENSG00000134262,AP4B1,MONDO_0005011,0.05080759897828102,,,unknown,,2023-05-08
b256a871412bcda8632465c144eaaecbcac193e0,gwas_credible_sets,ENSG00000173511,VEGFB,MONDO_0005011,0.0507904477417469,,,unknown,,2022-05-05
a4def34b3e72b176d4f4250ed2194ff1bfeec2f3,gwas_credible_sets,ENSG00000165689,ENTR1,MONDO_0005011,0.0507899634540081,,,unknown,,2023-05-08
0c6bb211b0578ac6f9fa1b27e55007e09d649b71,gwas_credible_sets,ENSG00000145723,GIN1,MONDO_0005011,0.050783976912498474,,,unknown,,2023-01-18
d2d05c4c431ce235d1f046db07207438f3cc8ce5,gwas_credible_sets,ENSG00000203963,C1orf141,MONDO_0005011,0.05075273662805557,,,unknown,,2023-01-18
287f863867298aad3af9bb91323b86e394f797d8,gwas_credible_sets,ENSG00000056558,TRAF1,MONDO_0005011,0.05075069144368172,,,unknown,,2023-01-18
a3465e3220d5aa85561523261097e587838e496e,gwas_credible_sets,ENSG00000169189,NSMCE1,MONDO_0005011,0.05074285715818405,,,unknown,,2023-01-18
8728ec1592ccc9bca4e5837d2976bbc178ebbee0,gwas_credible_sets,ENSG00000184602,SNN,MONDO_0005011,0.050686731934547424,,,unknown,,2023-05-08
a6c4047cc13055e7989e7d46dfa3e32c36a4d7f2,gwas_credible_sets,ENSG00000183246,RIMBP3C,MONDO_0005011,0.050683554261922836,,,unknown,,2023-05-08
f0811da8fad66f59a36d475fb327844b625f428a,gwas_credible_sets,ENSG00000115484,CCT4,MONDO_0005011,0.05067264288663864,,,unknown,,2012-11-01
2f3a6b35b5b023d4a52ab0840b0f5a2f2bf7390f,gwas_credible_sets,ENSG00000132357,CARD6,MONDO_0005011,0.05063501372933388,,,unknown,,2023-07-31
1191ace275c89f18166f591111bc77ef64ca8300,gwas_credible_sets,ENSG00000064601,CTSA,MONDO_0005011,0.05062910169363022,,,unknown,,2023-05-08
2df6e215760a9da35f2d4fdb31fa3845381f39a1,gwas_credible_sets,ENSG00000173163,COMMD1,MONDO_0005011,0.05059804767370224,,,unknown,,2016-03-14
4fdc0a91989d947ce342c7b01777b5f0642c838f,gwas_credible_sets,ENSG00000131435,PDLIM4,MONDO_0005539,0.05055860057473183,,,unknown,,2023-01-18
c0ba2747410a395607bf8358ffcd0ad3fef54d05,gwas_credible_sets,ENSG00000115607,IL18RAP,MONDO_0005011,0.05051349475979805,,,unknown,,2022-05-05
bd17bf43dcce6acd80b61fcd65fe8d2614d7b139,gwas_credible_sets,ENSG00000131435,PDLIM4,MONDO_0005011,0.050487715750932693,,,unknown,,2023-05-08
6426ca5725895f51e78d0d1a3089a4d6a404eeba,gwas_credible_sets,ENSG00000161405,IKZF3,MONDO_0005011,0.050482552498579025,,,unknown,,2010-11-21
ab3d9941dd8a7717702e8ea54ac7ae6392400a52,gwas_credible_sets,ENSG00000161405,IKZF3,MONDO_0005011,0.050482552498579025,,,unknown,,2008-06-29
42f75f9919be60ad29d81c166a26d1f0a477c58b,gwas_credible_sets,ENSG00000150593,PDCD4,MONDO_0005011,0.050397180020809174,,,unknown,,2024-07-19
16d670f0922798c0951d56c48f82679c02ba1c11,gwas_credible_sets,ENSG00000103274,NUBP1,MONDO_0005011,0.05038043111562729,,,unknown,,2012-04-01
abf269ac0cac7eb21acd94e5877dea1e0c9380a0,gwas_credible_sets,ENSG00000233232,NPIPB7,MONDO_0005011,0.05034895986318588,,,unknown,,2023-01-18
f4366f24fe7f93624bced4f3c1a8d547e72c94b8,gwas_credible_sets,ENSG00000203896,LIME1,MONDO_0005011,0.05032400041818619,,,unknown,,2023-05-08
6ffabf9cc7a14a0b79a8526b1090d4ef4cb40d15,gwas_credible_sets,ENSG00000118017,A4GNT,MONDO_0005011,0.05032152682542801,,,unknown,,2016-03-14
6c871fdb5627b2f4b3c869f3e033c39dcee23583,gwas_credible_sets,ENSG00000173163,COMMD1,MONDO_0005011,0.05028165131807327,,,unknown,,2012-11-01
c0b1130865102e06d317a3d50b50e3c00408a9df,gwas_credible_sets,ENSG00000161179,YDJC,MONDO_0005011,0.050202105194330215,,,unknown,,2017-01-09
92161fa0f398120e2ab8b0c8f0267bd75b399096,gwas_credible_sets,ENSG00000221843,SPATA31H1,MONDO_0005011,0.050182852894067764,,,unknown,,2023-05-08
755588bc52cb2a8952ebe0ba7aea84bc3e2a176a,gwas_credible_sets,ENSG00000081985,IL12RB2,MONDO_0005011,0.05018079653382301,,,unknown,,2010-11-21
93789b87f9ac67c01254c8e1a9ae55c6e13a6213,gwas_credible_sets,ENSG00000178952,TUFM,MONDO_0005011,0.05013245344161987,,,unknown,,2010-11-21
ccee504f98600d53212bfdbec8e0bb64724aa044,gwas_credible_sets,ENSG00000071242,RPS6KA2,MONDO_0005011,0.050122927874326706,,,unknown,,2023-05-08
50b4e4564fcf1d54c96443708a284d5cc72f4c3d,gwas_credible_sets,ENSG00000172057,ORMDL3,MONDO_0005011,0.050038859248161316,,,unknown,,2010-11-21
caf51a8415cb71cfa7ab424666580d7e3217e016,gwas_credible_sets,ENSG00000172057,ORMDL3,MONDO_0005011,0.050038859248161316,,,unknown,,2008-06-29
0027d4637b0d9cd1740e294ef9f174fd4b356cff,eva,ENSG00000167207,NOD2,MONDO_0005011,0.02,,,unknown,RCV003785034,2024-02-28
0093c33e3ee2d11f4087bf21770fea71e2f94225,eva,ENSG00000167207,NOD2,MONDO_0005011,0.02,,,unknown,RCV003803735,2024-02-28
022babe6439bde41480d468e83682feaaeb1975e,eva,ENSG00000167207,NOD2,MONDO_0005011,0.02,,,unknown,RCV002514482,2023-02-07
024fcf499ecddeeb37cce1b0424e8f2b1ac09d01,eva,ENSG00000167207,NOD2,MONDO_0005011,0.02,,,unknown,RCV002564312,2023-02-07
029fd0a44859d2a8b29c69f81af65a4c7d78cb46,eva,ENSG00000167207,NOD2,MONDO_0005011,0.02,,,unknown,RCV002560344,2023-02-07
02a8b55e99eebdbac4b12b3f65b5b94cc9316a5a,eva,ENSG00000167207,NOD2,MONDO_0005011,0.02,,,unknown,RCV002513871,2023-02-07
05000e15326acd2b81fb76bc96e9ab661f7f413b,eva,ENSG00000167207,NOD2,MONDO_0005011,0.02,,,unknown,RCV002548289,2023-02-07
05c8c707cee37ce531a0ecfa6cdc605f78207b1b,eva,ENSG00000167207,NOD2,MONDO_0005011,0.02,,,unknown,RCV002711340,2023-02-07
0670ae14fea0a20e233a22911121db59cbcb183f,eva,ENSG00000167207,NOD2,MONDO_0005011,0.02,,,unknown,RCV002561608,2023-02-07
06f221ddfd486976c4e45f8aa155eb1746e63103,eva,ENSG00000167207,NOD2,MONDO_0005011,0.02,,,unknown,RCV003081107,2023-02-07
07d6b234d52cab89dc130a4f73142261a3fe84a5,eva,ENSG00000167207,NOD2,MONDO_0005011,0.02,,,unknown,RCV002625067,2023-02-07
07fd28080622dd8fa9a04e99a89cb9a2ff255737,eva,ENSG00000167207,NOD2,MONDO_0005011,0.02,,,unknown,RCV002522862,2023-02-07
08317ac9dce36881990d0f0594bbef4d4b03eb00,eva,ENSG00000167207,NOD2,MONDO_0005011,0.02,,,unknown,RCV005226298,2025-03-04
0875228dd6f98dd895f25b092ffb53180e3d84e8,eva,ENSG00000167207,NOD2,MONDO_0005011,0.02,,,unknown,RCV002858213,2023-02-07
09428a7446a26ab40d5ff63c45932ef2f927c124,eva,ENSG00000167207,NOD2,MONDO_0005011,0.02,,,unknown,RCV002528898,2023-02-07
09f9119a5d10fa33d0687b2b1d19b22c20e5e1c5,eva,ENSG00000167207,NOD2,MONDO_0005011,0.02,,,unknown,RCV002541533,2023-02-07
0a0c02dec60197c1a6f3cd14e93faf45a6192bb1,eva,ENSG00000167207,NOD2,MONDO_0005011,0.02,,,unknown,RCV002521022,2023-02-07
0a4b6f8dc415d5c0e5fe91043a76106d356833d8,eva,ENSG00000167207,NOD2,MONDO_0005011,0.02,,,unknown,RCV002515787,2023-02-07
0adedbc765478d0c1973f01370d01cf66a41b0c0,eva,ENSG00000167207,NOD2,MONDO_0005011,0.02,,,unknown,RCV002522856,2023-02-07
0af9827a73d234b108f87e7f334535937c076cd7,eva,ENSG00000167207,NOD2,MONDO_0005011,0.02,,,unknown,RCV002521046,2023-02-07
0b892b254ef400ae90ddc17dc5d8c244268a62ed,eva,ENSG00000167207,NOD2,MONDO_0005011,0.02,,,unknown,RCV003106943,2023-02-13
0cec6080cd7fd288d68d5869d3eb085795b2af1b,eva,ENSG00000167207,NOD2,MONDO_0005011,0.02,,,unknown,RCV003797251,2024-02-28
0d11f00a6909151d4ca8bbd3f9e175a43f0d54c5,eva,ENSG00000167207,NOD2,MONDO_0005011,0.02,,,unknown,RCV002521024,2023-02-07
0d397483baa28b0ab81d751d6f07732965daf5c6,eva,ENSG00000167207,NOD2,MONDO_0005011,0.02,,,unknown,RCV005212861,2025-03-04
0d969c01ab20f8a2f1e983cd20547c5daa68e23d,eva,ENSG00000167207,NOD2,MONDO_0005011,0.02,,,unknown,RCV003007028,2023-02-07
0ddcdd2fdeead5a0ea51bcb7173c61cce9791246,eva,ENSG00000167207,NOD2,MONDO_0005011,0.02,,,unknown,RCV006603218,2026-02-23
0e29e5620e41b99df7d09f00f1463e48cea97fa0,eva,ENSG00000167207,NOD2,MONDO_0005011,0.02,,,unknown,RCV006603457,2026-02-23
0e7a8ff0f12fa98ef30546f1d5e0733e155eb8d3,eva,ENSG00000167207,NOD2,MONDO_0005011,0.02,,,unknown,RCV002521028,2023-02-07
0ea373b7629128ecf5508fe26fe11026f5ffc8a8,eva,ENSG00000167207,NOD2,MONDO_0005011,0.02,,,unknown,RCV003076396,2023-02-07
1224f3f55608e776a67d2c09e48a6ae3f89adba2,eva,ENSG00000167207,NOD2,MONDO_0005011,0.02,,,unknown,RCV002555127,2023-02-07
139426f74c664ba1a0630f7cb0576193211bda44,eva,ENSG00000167207,NOD2,MONDO_0005011,0.02,,,unknown,RCV002550531,2023-02-07
13bda1ee2eb5e60e9610dbbc7d0dac4024931015,eva,ENSG00000167207,NOD2,MONDO_0005011,0.02,,,unknown,RCV002554642,2023-02-07
13e7acd987d4fdb3257b327ac848abf4bc4d2941,eva,ENSG00000167207,NOD2,MONDO_0005011,0.02,,,unknown,RCV002564001,2023-02-07
140be1aca581d72605e424ff66aa1bdb17215336,eva,ENSG00000167207,NOD2,MONDO_0005011,0.02,,,unknown,RCV002541842,2023-02-07
14357bf89fb7f266fb678cc29001700cd4deb35d,eva,ENSG00000167207,NOD2,MONDO_0005011,0.02,,,unknown,RCV003806014,2024-02-28
14754fbdf9612ddbcdffc697e10a4bfb3d83a34a,eva,ENSG00000167207,NOD2,MONDO_0005011,0.02,,,unknown,RCV002563276,2023-02-07
1499750f8eb6955d0635e225b57489c02db5a999,eva,ENSG00000167207,NOD2,MONDO_0005011,0.02,,,unknown,RCV002521040,2023-02-07
14bc20f73c273f8992dc42b64de8387fd93c5c44,eva,ENSG00000167207,NOD2,MONDO_0005011,0.02,,,unknown,RCV006604948,2026-02-23
14f9fb35be75e3f22fef39bcf2cb906043b6ca33,eva,ENSG00000167207,NOD2,MONDO_0005011,0.02,,,unknown,RCV003787820,2024-02-28
1554a5f2d14e424928b6eeaad2e1fa44d144001c,eva,ENSG00000167207,NOD2,MONDO_0005011,0.02,,,unknown,RCV002513889,2023-02-07
1584f1c20fc016bb2a08dd204d064b66378a7f3d,eva,ENSG00000167207,NOD2,MONDO_0005011,0.02,,,unknown,RCV002540217,2023-02-07
1596e11fb8bb8f6e70a425b1f62b5564ca78b2d8,eva,ENSG00000167207,NOD2,MONDO_0005011,0.02,,,unknown,RCV002527762,2023-02-07
15c07d6248abbe160272f1702a9511827cc6aac2,eva,ENSG00000167207,NOD2,MONDO_0005011,0.02,,,unknown,RCV003798907,2024-02-28
168f7e8c837758f4d54cf19eefb1fab92f452f70,eva,ENSG00000167207,NOD2,MONDO_0005011,0.02,,,unknown,RCV002563709,2023-02-07
16e5fb3750e3888e77f0ad303d2536ef908ee4aa,eva,ENSG00000167207,NOD2,MONDO_0005011,0.02,,,unknown,RCV002521030,2023-02-07
170d49958784156bf4655c6c6f60b6a4ae30b010,eva,ENSG00000167207,NOD2,MONDO_0005011,0.02,,,unknown,RCV002953984,2023-02-07
170f267d7c18d52bd05aedfaa9886a98e4dfcec7,eva,ENSG00000167207,NOD2,MONDO_0005011,0.02,,,unknown,RCV006598884,2026-02-23
175ac140592f8e97a3b33d57a198f8114c41bcb2,eva,ENSG00000167207,NOD2,MONDO_0005011,0.02,,,unknown,RCV002554411,2023-02-07
17ec0542f7f11075a7ef9ff61248fbaaff42c0f4,eva,ENSG00000167207,NOD2,MONDO_0005011,0.02,,,unknown,RCV006593726,2026-02-23
18199127072819a55d9edc955648a2429eb496e9,eva,ENSG00000167207,NOD2,MONDO_0005011,0.02,,,unknown,RCV006597114,2026-02-23
1974f93e8c72151ce07675be8c749a2fa15bc360,eva,ENSG00000167207,NOD2,MONDO_0005011,0.02,,,unknown,RCV002542312,2023-02-07
1ab9424471e630259117daaf1997a027fe605bd5,eva,ENSG00000167207,NOD2,MONDO_0005011,0.02,,,unknown,RCV002544426,2023-02-07
1acecf07a13a2df06def05b524a3080c5c69ab3e,eva,ENSG00000167207,NOD2,MONDO_0005011,0.02,,,unknown,RCV005210534,2025-03-04
1ad671d537c1f17cdc5f47a196bc1a74ab05437a,eva,ENSG00000167207,NOD2,MONDO_0005011,0.02,,,unknown,RCV003015314,2023-02-07
1b185596c6274f97dd1b43d9f4cfd9ff89f3c111,eva,ENSG00000167207,NOD2,MONDO_0005011,0.02,,,unknown,RCV002999699,2023-02-07
1b1ef3c375f18bab192bf91034a9679641ee3e77,eva,ENSG00000167207,NOD2,MONDO_0005011,0.02,,,unknown,RCV002785232,2023-02-07
1b5680f94401144eedbfefda750f1538192d6069,eva,ENSG00000167207,NOD2,MONDO_0005011,0.02,,,unknown,RCV002567965,2023-02-07
1ecd372efc9ee902d205473e8e42efa71c1a78e1,eva,ENSG00000167207,NOD2,MONDO_0005011,0.02,,,unknown,RCV002514490,2023-02-07
1f13ff900840d0281a10f1ea2b848fbeea1084a8,eva,ENSG00000167207,NOD2,MONDO_0005011,0.02,,,unknown,RCV006602673,2026-02-23
1f293d61a55633a74b48b67f67ae722c2eacfa92,eva,ENSG00000167207,NOD2,MONDO_0005011,0.02,,,unknown,RCV002559296,2023-02-07
1f68f6ace13152f2e19becc22c2c97c64f2632f0,eva,ENSG00000167207,NOD2,MONDO_0005011,0.02,,,unknown,RCV002514469,2023-02-07
2026b1445b45908d185c1762378dbf80d0346603,eva,ENSG00000167207,NOD2,MONDO_0005011,0.02,,,unknown,RCV002545928,2023-02-07
208e2534c754ba7627b9c2633b01a4b714149816,eva,ENSG00000167207,NOD2,MONDO_0005011,0.02,,,unknown,RCV003801565,2024-02-28
20c7210f27636b9318a3707e80db4b4d74feed2c,eva,ENSG00000167207,NOD2,MONDO_0005011,0.02,,,unknown,RCV002513880,2023-02-07
236354af509c3df99e29bc23aef3e36f501e08c9,eva,ENSG00000167207,NOD2,MONDO_0005011,0.02,,,unknown,RCV005209947,2025-03-04
24423bdb4dee3f9fdd6b5cf5cff94b4ef068fdfb,eva,ENSG00000167207,NOD2,MONDO_0005011,0.02,,,unknown,RCV003784979,2024-02-28
246548ad09542d46741cb4d5095e192a01090a29,eva,ENSG00000167207,NOD2,MONDO_0005011,0.02,,,unknown,RCV002561646,2023-02-07
25e060e2ac2d690bf556c7a917503c1607112197,eva,ENSG00000167207,NOD2,MONDO_0005011,0.02,,,unknown,RCV002561994,2023-02-07
27bc07be3df3f2ac4a3dded75bf8ad23e62c2c3b,eva,ENSG00000167207,NOD2,MONDO_0005011,0.02,,,unknown,RCV002562975,2023-02-07
283899d951a11a04f1b9619ada622925087fd5fc,eva,ENSG00000167207,NOD2,MONDO_0005011,0.02,,,unknown,RCV002522853,2023-02-07
288000a4dab076a7f56f1c40af9199c1ff9681d8,eva,ENSG00000167207,NOD2,MONDO_0005011,0.02,,,unknown,RCV003061745,2023-02-07
29cc1569dead81419bd4b2c3bbc4754bc1148d6d,eva,ENSG00000167207,NOD2,MONDO_0005011,0.02,,,unknown,RCV002529869,2023-02-07
2a5c9fae7bcf277b4f3dee5b38a65287832543cc,eva,ENSG00000167207,NOD2,MONDO_0005011,0.02,,,unknown,RCV002528347,2023-02-07
2a9f5a74ec2f16b06cb4f4ad2abfaee03ac6b91b,eva,ENSG00000167207,NOD2,MONDO_0005011,0.02,,,unknown,RCV003007111,2023-02-07
2ae072951fde32474bf959b3399ab2012c067d43,eva,ENSG00000167207,NOD2,MONDO_0005011,0.02,,,unknown,RCV002544407,2023-02-07
2b25a73b5c03c14d2c5390aca3aa73b19c07e50b,eva,ENSG00000167207,NOD2,MONDO_0005011,0.02,,,unknown,RCV005218208,2025-03-04
2b393ccca1fd5b4a6845f2f7fc5cbaf7f7e40116,eva,ENSG00000167207,NOD2,MONDO_0005011,0.02,,,unknown,RCV002754995,2023-02-07
2c59b972a716d0e37de53fe951b96f07b113fb95,eva,ENSG00000167207,NOD2,MONDO_0005011,0.02,,,unknown,RCV002555106,2023-02-07
2cb477f64e77a0c7387633a768b86c32cf0d2478,eva,ENSG00000167207,NOD2,MONDO_0005011,0.02,,,unknown,RCV002544553,2023-02-07
2d5873f11252c1bd41e6e0bdbd56a145142a5b14,eva,ENSG00000167207,NOD2,MONDO_0005011,0.02,,,unknown,RCV003786824,2024-02-28
2d7cb85d889dfb79b41d6d873bed310179c69532,eva,ENSG00000167207,NOD2,MONDO_0005011,0.02,,,unknown,RCV003024757,2023-02-07
2ece9b38a92627acd202238830de00776a1fe802,eva,ENSG00000167207,NOD2,MONDO_0005011,0.02,,,unknown,RCV003780119,2024-02-28
2ed55165bc54bd999bedaab3d6bcf9e6e8447ed9,eva,ENSG00000167207,NOD2,MONDO_0005011,0.02,,,unknown,RCV002553681,2023-02-07
2f00d483d2b0719cc1e17925f5fe644411a6c241,eva,ENSG00000167207,NOD2,MONDO_0005011,0.02,,,unknown,RCV003025494,2023-02-07
2f06eb9efd95bcb02bb23ddd315e67ace018520e,eva,ENSG00000167207,NOD2,MONDO_0005011,0.02,,,unknown,RCV003093827,2023-02-07
2f254cc8feb03b25d774b4592faca808b0c3f911,eva,ENSG00000167207,NOD2,MONDO_0005011,0.02,,,unknown,RCV002521043,2023-02-07
2f4505d6a30393125664161323e611afbe623e92,eva,ENSG00000167207,NOD2,MONDO_0005011,0.02,,,unknown,RCV002717153,2023-02-07
30816b6332107797e80b99437e05fd690de41335,eva,ENSG00000167207,NOD2,MONDO_0005011,0.02,,,unknown,RCV003774808,2024-02-28
30aed1142d43572a342abeef00ecaf5945000171,eva,ENSG00000167207,NOD2,MONDO_0005011,0.02,,,unknown,RCV002514471,2023-02-07
314f3d26dca7dceaf828f7f39ce1fd183c62069c,eva,ENSG00000167207,NOD2,MONDO_0005011,0.02,,,unknown,RCV005219483,2025-03-04
31b209307e0b423d1f8bc7f42ba5219548fb039a,eva,ENSG00000167207,NOD2,MONDO_0005011,0.02,,,unknown,RCV002549931,2023-02-07
33abedb2056525151677e706517e326c7e716bf2,eva,ENSG00000167207,NOD2,MONDO_0005011,0.02,,,unknown,RCV002527760,2023-02-07
33e30c917b7aa97097af4500f67d28710ea96756,eva,ENSG00000167207,NOD2,MONDO_0005011,0.02,,,unknown,RCV002632834,2023-02-07
3415145b2e62d6c57af9661f738a1aaaf5282e37,eva,ENSG00000167207,NOD2,MONDO_0005011,0.02,,,unknown,RCV002564138,2023-02-07
343d7cadec54895966c872f7b362f78623649ff7,eva,ENSG00000167207,NOD2,MONDO_0005011,0.02,,,unknown,RCV002521039,2023-02-07
347d7a75c17701a653b5e620adf4ff90ec13dec8,eva,ENSG00000167207,NOD2,MONDO_0005011,0.02,,,unknown,RCV002993455,2023-02-07
35becb6a310a20764c38d7e0cd8288cadd533387,eva,ENSG00000167207,NOD2,MONDO_0005011,0.02,,,unknown,RCV002555509,2023-02-07
35c6bf3ebaf86381cdaa1bde20815608bd4f314f,eva,ENSG00000167207,NOD2,MONDO_0005011,0.02,,,unknown,RCV002561942,2023-02-07
361b81cab964d5994df13bd7728b6f0379222f7b,eva,ENSG00000167207,NOD2,MONDO_0005011,0.02,,,unknown,RCV002514485,2023-02-07
366b92d2957a47270498e9150ee2e6495808353e,eva,ENSG00000167207,NOD2,MONDO_0005011,0.02,,,unknown,RCV003104921,2023-02-13
36cd8504bd6c1148dc7cbfcc3246131d709fa0bd,eva,ENSG00000167207,NOD2,MONDO_0005011,0.02,,,unknown,RCV003769280,2024-02-28
3787f79f5184b1027d15ab037da5b81fe7583e6e,eva,ENSG00000167207,NOD2,MONDO_0005011,0.02,,,unknown,RCV005224646,2025-03-04
37f03931a1e1db8c7bba307dafd434a12a0a9ada,eva,ENSG00000167207,NOD2,MONDO_0005011,0.02,,,unknown,RCV002521019,2023-02-07
39359fa85c54521b2e48e41803f102ce591914eb,eva,ENSG00000167207,NOD2,MONDO_0005011,0.02,,,unknown,RCV003783508,2024-02-28
396e68eb6ce2808ce7494f95475dc7d2a1302a0d,eva,ENSG00000167207,NOD2,MONDO_0005011,0.02,,,unknown,RCV006595475,2026-02-23
3b461d6c80f419b4791d7e0ef824f27ca3068b0e,eva,ENSG00000167207,NOD2,MONDO_0005011,0.02,,,unknown,RCV002527764,2023-02-07
3c32876f9ec0d0071714b12bf1f2640c34a3c4f1,eva,ENSG00000167207,NOD2,MONDO_0005011,0.02,,,unknown,RCV002542101,2023-02-07
3cf17f2936a4e20508adb4c351606be51b441bee,eva,ENSG00000167207,NOD2,MONDO_0005011,0.02,,,unknown,RCV006594986,2026-02-23
3d102de7cd17b64f27c1f9f2a5ce875ec742f6b7,eva,ENSG00000167207,NOD2,MONDO_0005011,0.02,,,unknown,RCV002529867,2023-02-07
3ee7a877a47b644435fa537baf7090a359a9f69a,eva,ENSG00000167207,NOD2,MONDO_0005011,0.02,,,unknown,RCV006603928,2026-02-23
3effb803eb46395289011f240b61baca086c36d2,eva,ENSG00000167207,NOD2,MONDO_0005011,0.02,,,unknown,RCV002521033,2023-02-07
404962fc93082086a8cfb66c5fbbd5ec134bd30b,eva,ENSG00000167207,NOD2,MONDO_0005011,0.02,,,unknown,RCV003015363,2023-02-07
4109788318bc8d5d2fc17fc60b0c8386af5c92c2,eva,ENSG00000167207,NOD2,MONDO_0005011,0.02,,,unknown,RCV003089036,2023-02-07
4153376c36a0db6180bbe451c98c2ed3f5f10c2c,eva,ENSG00000167207,NOD2,MONDO_0005011,0.02,,,unknown,RCV002561280,2023-02-07
41749cc57baa173755f55cad2881bee46f300474,eva,ENSG00000167207,NOD2,MONDO_0005011,0.02,,,unknown,RCV003095918,2023-02-07
41863b99f320ac0b60ec07a73ed633d8e91efdaa,eva,ENSG00000167207,NOD2,MONDO_0005011,0.02,,,unknown,RCV002534352,2023-02-07
424044d67f2846ba3efa25fe13180a7dd8d22581,eva,ENSG00000167207,NOD2,MONDO_0005011,0.02,,,unknown,RCV003070604,2023-02-07
424928bcbeb17fea54d990e7eb14df787e27d38e,eva,ENSG00000167207,NOD2,MONDO_0005011,0.02,,,unknown,RCV002512787,2023-02-07
433301833297ae781ea399b32241cb683347b271,eva,ENSG00000167207,NOD2,MONDO_0005011,0.02,,,unknown,RCV003086216,2023-02-07
437d315e4ff5a891561b163088f19f852b47615c,eva,ENSG00000167207,NOD2,MONDO_0005011,0.02,,,unknown,RCV002522868,2023-02-07
4391b71c53e6ed9f211ee9a29ab14b4b2e9ba453,eva,ENSG00000167207,NOD2,MONDO_0005011,0.02,,,unknown,RCV006596601,2026-02-23
43e042767786a2ae12c773a92951db781c3873e4,eva,ENSG00000167207,NOD2,MONDO_0005011,0.02,,,unknown,RCV006603838,2026-02-23
440c400222d8177d3d6d25f8a27aa175b2334767,eva,ENSG00000167207,NOD2,MONDO_0005011,0.02,,,unknown,RCV003806837,2024-02-28
456b5941c275cff96c204f1c1bbfdfefadfb29de,eva,ENSG00000167207,NOD2,MONDO_0005011,0.02,,,unknown,RCV002522861,2023-02-07
45dac6ff7a7425a6ab4e1592010206c7d1145c67,eva,ENSG00000167207,NOD2,MONDO_0005011,0.02,,,unknown,RCV003062924,2023-02-07
46dc97c22e8d1e2f859f84b97bf28c3a54d9e96c,eva,ENSG00000167207,NOD2,MONDO_0005011,0.02,,,unknown,RCV002561306,2023-02-07
47aa15b38f852ad1b82eb4938a4ffcde2750814c,eva,ENSG00000167207,NOD2,MONDO_0005011,0.02,,,unknown,RCV003107954,2023-02-13
4844235552888c4969f4c3b7902b2dec97bc2da1,eva,ENSG00000167207,NOD2,MONDO_0005011,0.02,,,unknown,RCV003033306,2023-02-07
4928da6c15e0f35651fe6db661a933ceaf861cde,eva,ENSG00000167207,NOD2,MONDO_0005011,0.02,,,unknown,RCV002522857,2023-02-07
497a40345fd1529c3ea2b911ee2d08859a6df4ba,eva,ENSG00000167207,NOD2,MONDO_0005011,0.02,,,unknown,RCV005208850,2025-03-04
4aae0555b630f41dba51e3d857b2533bdfd37dfd,eva,ENSG00000167207,NOD2,MONDO_0005011,0.02,,,unknown,RCV003053422,2023-02-07
4b78c990cca02f2b6421ed2e14da2e0fab5fdf03,eva,ENSG00000167207,NOD2,MONDO_0005011,0.02,,,unknown,RCV003792144,2024-02-28
4bbbf0b09d259ef8d6f8f48825b2a185a5cc2fa0,eva,ENSG00000167207,NOD2,MONDO_0005011,0.02,,,unknown,RCV002522860,2023-02-07
4cf12a3363b9ae2bade416cc4b64f2939fead35f,eva,ENSG00000167207,NOD2,MONDO_0005011,0.02,,,unknown,RCV003780830,2024-02-28
4d72e397b263af6d280476ba9eb4f1d8d9e440d1,eva,ENSG00000167207,NOD2,MONDO_0005011,0.02,,,unknown,RCV002514480,2023-02-07
4dc4ae0d98a74113f1d0c1b103a43f5d0350b588,eva,ENSG00000167207,NOD2,MONDO_0005011,0.02,,,unknown,RCV002513891,2023-02-07
4df0697d308e65d2e77f14f201531111b16578af,eva,ENSG00000167207,NOD2,MONDO_0005011,0.02,,,unknown,RCV003086986,2023-02-07
4e4309c4e7248c015e16ee0b51977f80e1d6f120,eva,ENSG00000167207,NOD2,MONDO_0005011,0.02,,,unknown,RCV003061757,2023-02-07
4e93852b4c88e23c82bccc31e429b11b8ea9c1f9,eva,ENSG00000167207,NOD2,MONDO_0005011,0.02,,,unknown,RCV005208854,2025-03-04
4f322290a7a7a780d06dc7694afbe76198a6332e,eva,ENSG00000167207,NOD2,MONDO_0005011,0.02,,,unknown,RCV002555116,2023-02-07
4f4c5ce37e16eb2088252e86bb130700fc9f4f3b,eva,ENSG00000167207,NOD2,MONDO_0005011,0.02,,,unknown,RCV002569313,2023-02-07
4fdf9b17ee2c3292f96ca32786db56f6ea7e3085,eva,ENSG00000167207,NOD2,MONDO_0005011,0.02,,,unknown,RCV005212902,2025-03-04
4ff8bbfa2e59b9fc61e86bd6ef96ac91b935e1a1,eva,ENSG00000167207,NOD2,MONDO_0005011,0.02,,,unknown,RCV002527761,2023-02-07
504a41fa4feb01537c434a04fceb34e5552a8ec4,eva,ENSG00000167207,NOD2,MONDO_0005011,0.02,,,unknown,RCV005213756,2025-03-04
50c94d456461671de6491f7943bc377829c03759,eva,ENSG00000167207,NOD2,MONDO_0005011,0.02,,,unknown,RCV006596040,2026-02-23
50d1a161a1be9463655bc6195047e45e1b0f3a41,eva,ENSG00000167207,NOD2,MONDO_0005011,0.02,,,unknown,RCV002766794,2023-02-07
512837562112301ad29502b4fbbe02fb3d251e8e,eva,ENSG00000167207,NOD2,MONDO_0005011,0.02,,,unknown,RCV006602311,2026-02-23
513aeaa464f1338e6046197e6002ce25ba4511b9,eva,ENSG00000167207,NOD2,MONDO_0005011,0.02,,,unknown,RCV002560754,2023-02-07
522fcda14c1301d14b5fed3d044ab06b58847600,eva,ENSG00000167207,NOD2,MONDO_0005011,0.02,,,unknown,RCV002552726,2023-02-07
52bd55c63915d3a960ad3954ebf1ba6db5d093b3,eva,ENSG00000167207,NOD2,MONDO_0005011,0.02,,,unknown,RCV002551304,2023-02-07
53ba22fe2a6f0d2d76a35242b62dd0ff2b17e261,eva,ENSG00000167207,NOD2,MONDO_0005011,0.02,,,unknown,RCV002540842,2023-02-07
53ee76a52bc1583831db51ebc6e52dbf0087bafe,eva,ENSG00000167207,NOD2,MONDO_0005011,0.02,,,unknown,RCV003815350,2024-02-28
5462a12f0e3486eb04927bcfc61a5f922c1b4291,eva,ENSG00000167207,NOD2,MONDO_0005011,0.02,,,unknown,RCV006600906,2026-02-23
54df85f4c11f101cbeb9532013c2717d3132a722,eva,ENSG00000167207,NOD2,MONDO_0005011,0.02,,,unknown,RCV003061800,2023-02-07
55deb44abcf898129019ebdb039dff16a9826f5a,eva,ENSG00000167207,NOD2,MONDO_0005011,0.02,,,unknown,RCV002544521,2023-02-07
56306a4e636d1983411b46365c01002585740666,eva,ENSG00000167207,NOD2,MONDO_0005011,0.02,,,unknown,RCV006593143,2026-02-23
5682f2df35ba896a3cf534e909c1b383070c59f7,eva,ENSG00000167207,NOD2,MONDO_0005011,0.02,,,unknown,RCV002547297,2023-02-07
56eaa571fc1fef6454a82567d43591c9835684a2,eva,ENSG00000167207,NOD2,MONDO_0005011,0.02,,,unknown,RCV003768831,2024-02-28
56fa03370986dddb7fafc9908287f1a469a269f0,eva,ENSG00000167207,NOD2,MONDO_0005011,0.02,,,unknown,RCV002564156,2023-02-07
577279583db583bdba6a30d909791277a989c1b7,eva,ENSG00000167207,NOD2,MONDO_0005011,0.02,,,unknown,RCV002514489,2023-02-07
589b54ca3192e185986ee28b8eca1629e052f44b,eva,ENSG00000167207,NOD2,MONDO_0005011,0.02,,,unknown,RCV002885359,2023-02-07
58ad66518d19db6246ac6945175d48c9a10f810b,eva,ENSG00000167207,NOD2,MONDO_0005011,0.02,,,unknown,RCV002538684,2023-02-07
59080d5e79e04d9e84a9308475c00be0dd23ef64,eva,ENSG00000167207,NOD2,MONDO_0005011,0.02,,,unknown,RCV002556510,2023-02-07
5963cdfe700a699051d9b6083ac27031b68cac15,eva,ENSG00000167207,NOD2,MONDO_0005011,0.02,,,unknown,RCV002522866,2023-02-07
5994a4bd258482e900a712dd6be26d0b82456f68,eva,ENSG00000167207,NOD2,MONDO_0005011,0.02,,,unknown,RCV003058268,2023-02-07
5c904ca80328443860b71680b7cba1a8935fc443,eva,ENSG00000167207,NOD2,MONDO_0005011,0.02,,,unknown,RCV002922646,2023-02-07
5d34ae0160859b2e6a83b591fea1f4d411beb936,eva,ENSG00000167207,NOD2,MONDO_0005011,0.02,,,unknown,RCV005223403,2025-03-04
5d4d9d15f5586f2373577eb90458d33e386284fa,eva,ENSG00000167207,NOD2,MONDO_0005011,0.02,,,unknown,RCV003081079,2023-02-07
5d6b0d5cca9295dce86f4445c22909c2a4cd97dc,eva,ENSG00000167207,NOD2,MONDO_0005011,0.02,,,unknown,RCV003104125,2023-02-13
5d80c609b9cbba486e9bf6db7f576036e2bda21c,eva,ENSG00000167207,NOD2,MONDO_0005011,0.02,,,unknown,RCV003815553,2024-02-28
5edcb9c1369f5ba9b3a1d5986a6afc2dc3afa7de,eva,ENSG00000167207,NOD2,MONDO_0005011,0.02,,,unknown,RCV003780167,2024-02-28
5f4d8496bc8cd89099d3bd1f9bdab55cf39757e8,eva,ENSG00000167207,NOD2,MONDO_0005011,0.02,,,unknown,RCV006564433,2026-02-23
61757906fb37dfcb69c60eb8fb617f956fc9f1c4,eva,ENSG00000167207,NOD2,MONDO_0005011,0.02,,,unknown,RCV002904641,2023-02-07
621abccd80e89970380de8e7fe9ae7266a23ae0b,eva,ENSG00000167207,NOD2,MONDO_0005011,0.02,,,unknown,RCV002561991,2023-02-07
6286010731831c2926c3070e863de40e7f0e7458,eva,ENSG00000167207,NOD2,MONDO_0005011,0.02,,,unknown,RCV002521037,2023-02-07
6387f854d1d1745aaa52d08bc1aac2f3adb0a580,eva,ENSG00000167207,NOD2,MONDO_0005011,0.02,,,unknown,RCV002521025,2023-02-07
63940785a872d214fdcc5f66ba5eefefc675ba36,eva,ENSG00000167207,NOD2,MONDO_0005011,0.02,,,unknown,RCV002513877,2023-02-07
63c23114c4bdf24e63737de474ee9beeb304aabf,eva,ENSG00000167207,NOD2,MONDO_0005011,0.02,,,unknown,RCV002543140,2023-02-07
63e13ae205d0ea1952c3265af48c80ce8bf16887,eva,ENSG00000167207,NOD2,MONDO_0005011,0.02,,,unknown,RCV002521036,2023-02-07
64173d304ca3a61fad6e0ca54d302d0b6fbb57b3,eva,ENSG00000167207,NOD2,MONDO_0005011,0.02,,,unknown,RCV005211669,2025-03-04
646e7dd9abc5dacb22eceaa5070ed873a644c42b,eva,ENSG00000167207,NOD2,MONDO_0005011,0.02,,,unknown,RCV003766982,2024-02-28
660420a2c7925cea06f27d985299880d32529105,eva,ENSG00000167207,NOD2,MONDO_0005011,0.02,,,unknown,RCV003808569,2024-02-28
66a3525fda89ed0f581a40f76bfb8747eed9a77a,eva,ENSG00000167207,NOD2,MONDO_0005011,0.02,,,unknown,RCV002756531,2023-02-07
66e1d165061ed2d99612608e2189f1c22c90f904,eva,ENSG00000167207,NOD2,MONDO_0005011,0.02,,,unknown,RCV005208774,2025-03-04
6704d185496d509ca3f26d34fc122d9967c2c986,eva,ENSG00000167207,NOD2,MONDO_0005011,0.02,,,unknown,RCV002564309,2023-02-07
67c860dc3768e2a10903e471ccad9f1af2b061e6,eva,ENSG00000167207,NOD2,MONDO_0005011,0.02,,,unknown,RCV002521023,2023-02-07
684e74c6848ed2cdbc44d4397ebcae3320b30af1,eva,ENSG00000167207,NOD2,MONDO_0005011,0.02,,,unknown,RCV003768828,2024-02-28
68f2539e3187304f6569f4fa4f0d345289c55249,eva,ENSG00000167207,NOD2,MONDO_0005011,0.02,,,unknown,RCV005220466,2025-03-04
6919b07fc7d75785142a3b883ae271af9d031836,eva,ENSG00000167207,NOD2,MONDO_0005011,0.02,,,unknown,RCV006600418,2026-02-23
691b9f7befbab6dd17762c4e8eb7a0c12f10f414,eva,ENSG00000167207,NOD2,MONDO_0005011,0.02,,,unknown,RCV002856828,2023-02-07
692a1e150219df76df0343992f096a7631cf853b,eva,ENSG00000167207,NOD2,MONDO_0005011,0.02,,,unknown,RCV005222072,2025-03-04
697340285368629e6de3d2c3956e3141641b70bc,eva,ENSG00000167207,NOD2,MONDO_0005011,0.02,,,unknown,RCV002549166,2023-02-07
69b2afdb01f3b3c71c201045de6dde62b4afb3b3,eva,ENSG00000167207,NOD2,MONDO_0005011,0.02,,,unknown,RCV002551594,2023-02-07
6b4e4ef4e83f479383896a6e26191edb9bedad61,eva,ENSG00000167207,NOD2,MONDO_0005011,0.02,,,unknown,RCV002544525,2023-02-07
6c2e3d8b6d60bcc11363c00e57a7d0abbdc311b7,eva,ENSG00000167207,NOD2,MONDO_0005011,0.02,,,unknown,RCV002540802,2023-02-07
6c3e4a798727969d9970ba1799c056f5e81eb30a,eva,ENSG00000167207,NOD2,MONDO_0005011,0.02,,,unknown,RCV003784576,2024-02-28
6c817f18774cbe4f0c93e0f4e6626f72d16228cc,eva,ENSG00000167207,NOD2,MONDO_0005011,0.02,,,unknown,RCV005216426,2025-03-04
6ccaf6bef9631f80548007cfe1e86b0a0d0029bd,eva,ENSG00000167207,NOD2,MONDO_0005011,0.02,,,unknown,RCV002537241,2023-02-07
6d1913fd35a3b5bf88cd1398d202e3fa7095a482,eva,ENSG00000167207,NOD2,MONDO_0005011,0.02,,,unknown,RCV002781248,2023-02-07
6f1302c437621e9820d9f50420431a45c404ceae,eva,ENSG00000167207,NOD2,MONDO_0005011,0.02,,,unknown,RCV002555565,2023-02-07
706d2e8779b423a3f4e151ed719a3ec852ab7115,eva,ENSG00000167207,NOD2,MONDO_0005011,0.02,,,unknown,RCV006593652,2026-02-23
70806b46bca8225673b57b7d56eb104f68e6c462,eva,ENSG00000167207,NOD2,MONDO_0005011,0.02,,,unknown,RCV002544761,2023-02-07
7173c73c10f83079624c4f0bbdab01445120de52,eva,ENSG00000167207,NOD2,MONDO_0005011,0.02,,,unknown,RCV005223819,2025-03-04
7174252b37558557ed615e98bc51c1ff42754baa,eva,ENSG00000167207,NOD2,MONDO_0005011,0.02,,,unknown,RCV002555597,2023-02-07
725b82350371c030e3894497e159cecd6624c40e,eva,ENSG00000167207,NOD2,MONDO_0005011,0.02,,,unknown,RCV002624888,2023-02-07
7317ad2c5d6829b3c0d25d3aae04192235b3f088,eva,ENSG00000167207,NOD2,MONDO_0005011,0.02,,,unknown,RCV003796127,2024-02-28
736c89e98cf029a9fad1dda0371a13e12fb9b45b,eva,ENSG00000167207,NOD2,MONDO_0005011,0.02,,,unknown,RCV002544508,2023-02-07
73762ec263563a2c0c2721fb816be775a163c9be,eva,ENSG00000167207,NOD2,MONDO_0005011,0.02,,,unknown,RCV002554064,2023-02-07
73a3c63e33f8aa145591b69110d433760bc447e0,eva,ENSG00000167207,NOD2,MONDO_0005011,0.02,,,unknown,RCV003070639,2023-02-07
74cbd8d9e1929425ca0794bb1a9367d257ee074a,eva,ENSG00000167207,NOD2,MONDO_0005011,0.02,,,unknown,RCV005217189,2025-03-04
7589e6406d6af30c42a296602f0c9a9adc6c4541,eva,ENSG00000167207,NOD2,MONDO_0005011,0.02,,,unknown,RCV002521031,2023-02-07
75980a8872bea922197fc9bcf234d59ffd1a9f39,eva,ENSG00000167207,NOD2,MONDO_0005011,0.02,,,unknown,RCV003070654,2023-02-07
75f053a6738ad777f6889314744cff16635d75a1,eva,ENSG00000167207,NOD2,MONDO_0005011,0.02,,,unknown,RCV005209733,2025-03-04
76f1ae684c955b83951459ac9564c7a4c3070e75,eva,ENSG00000167207,NOD2,MONDO_0005011,0.02,,,unknown,RCV002513869,2023-02-07
7786529cc75030f2917b2dd74bcd5318c87c6a14,eva,ENSG00000167207,NOD2,MONDO_0005011,0.02,,,unknown,RCV002561973,2023-02-07
77fa8d2e81389f9d1283c7d8d920027b67a84800,eva,ENSG00000167207,NOD2,MONDO_0005011,0.02,,,unknown,RCV002551322,2023-02-07
796d3799035cc418b89f95d27518606357aef686,eva,ENSG00000167207,NOD2,MONDO_0005011,0.02,,,unknown,RCV003802219,2024-02-28
7a90935d9e165f0a55ede7f94efd938bde1cd744,eva,ENSG00000167207,NOD2,MONDO_0005011,0.02,,,unknown,RCV002521029,2023-02-07
7aba309998aff5081bdfe493e229196f414f0b2d,eva,ENSG00000167207,NOD2,MONDO_0005011,0.02,,,unknown,RCV003769275,2024-02-28
7b24daba218241549588f5398c0bdacb3634d4af,eva,ENSG00000167207,NOD2,MONDO_0005011,0.02,,,unknown,RCV006592011,2026-02-23
7b4396faa88ecf1fbb75b87f1a67e214ca1ac986,eva,ENSG00000167207,NOD2,MONDO_0005011,0.02,,,unknown,RCV005214084,2025-03-04
7bb735c9b73f90d45dc3813d9d2d547ada86f9f3,eva,ENSG00000167207,NOD2,MONDO_0005011,0.02,,,unknown,RCV002513868,2023-02-07
7cdcd6c46eb8ed3f86b3e892452c198c1b7ed984,eva,ENSG00000167207,NOD2,MONDO_0005011,0.02,,,unknown,RCV005217530,2025-03-04
7d302a7842292ede078cd5bb0ac7c128213d8fdb,eva,ENSG00000167207,NOD2,MONDO_0005011,0.02,,,unknown,RCV002624086,2023-02-07
7e0fc92550ab1c2f6a489dcd0ffdb29cfcec878e,eva,ENSG00000167207,NOD2,MONDO_0005011,0.02,,,unknown,RCV003803322,2024-02-28
7f0154ac4b599077b58e0ccd3f61384973e6fab7,eva,ENSG00000167207,NOD2,MONDO_0005011,0.02,,,unknown,RCV006596338,2026-02-23
7f452e72e078ed55fe127474a40b3d3454cd9922,eva,ENSG00000167207,NOD2,MONDO_0005011,0.02,,,unknown,RCV006590453,2026-02-23
7f5beaa30482f1f8ffec495e983574714d058e07,eva,ENSG00000167207,NOD2,MONDO_0005011,0.02,,,unknown,RCV006602275,2026-02-23
7ff6ccde6f0cd76c03d4d4835b2b35ec49051e6e,eva,ENSG00000167207,NOD2,MONDO_0005011,0.02,,,unknown,RCV002540919,2023-02-07
80c2646c12bc5a2a78aa1f016e990ef630c428b7,eva,ENSG00000167207,NOD2,MONDO_0005011,0.02,,,unknown,RCV002560780,2023-02-07
80cd5b79b1d762472cee7e2f9f0062ec6157c386,eva,ENSG00000167207,NOD2,MONDO_0005011,0.02,,,unknown,RCV005208639,2025-03-04
80cd70c9e86c74f63af8b84bc0d0586750982803,eva,ENSG00000167207,NOD2,MONDO_0005011,0.02,,,unknown,RCV005215332,2025-03-04
80d38a5120bc9fc4dbdcf83bda33d0cae4ce215c,eva,ENSG00000167207,NOD2,MONDO_0005011,0.02,,,unknown,RCV006603368,2026-02-23
80e3cfd43cbdea7325e5215aef26c4b63139d8b9,eva,ENSG00000167207,NOD2,MONDO_0005011,0.02,,,unknown,RCV002540760,2023-02-07
813bd2ed58e2ce6c4861b6e9f7538258c4f93c98,eva,ENSG00000167207,NOD2,MONDO_0005011,0.02,,,unknown,RCV005219532,2025-03-04
81b68aa57dc2ffff3210042033715dce13c13c86,eva,ENSG00000167207,NOD2,MONDO_0005011,0.02,,,unknown,RCV003802621,2024-02-28
820783f41de1dc74f3dcbb5903a789c8abdd7b45,eva,ENSG00000167207,NOD2,MONDO_0005011,0.02,,,unknown,RCV003088974,2023-02-07
8342f83b1858483b7636d86813e0d76a8acf0dd1,eva,ENSG00000167207,NOD2,MONDO_0005011,0.02,,,unknown,RCV005216588,2025-03-04
85d24c5d5a4eb67f078302b7d582ddda0cefd5e0,eva,ENSG00000167207,NOD2,MONDO_0005011,0.02,,,unknown,RCV005222246,2025-03-04
86b7d04001ebd3af2e794e804952c29ffd4a0191,eva,ENSG00000167207,NOD2,MONDO_0005011,0.02,,,unknown,RCV003783492,2024-02-28
86cc5d813ca3ef111cfd09f31591f32fad853d9f,eva,ENSG00000167207,NOD2,MONDO_0005011,0.02,,,unknown,RCV002561933,2023-02-07
870badfa715051897f22b1eba9544d10b1bc8126,eva,ENSG00000167207,NOD2,MONDO_0005011,0.02,,,unknown,RCV002553767,2023-02-07
875095e7a5ed464224cadf90f5bb4b789ba42f58,eva,ENSG00000167207,NOD2,MONDO_0005011,0.02,,,unknown,RCV002558191,2023-02-07
896b7ee546060f2372a7c83877863e4cb334bb1a,eva,ENSG00000167207,NOD2,MONDO_0005011,0.02,,,unknown,RCV003798437,2024-02-28
8a86706ec65c07306baf5b167f039fd75b9bf40d,eva,ENSG00000167207,NOD2,MONDO_0005011,0.02,,,unknown,RCV003007089,2023-02-07
8ae5d2eb3bdc8feb371a6315f04771907e66a4fe,eva,ENSG00000167207,NOD2,MONDO_0005011,0.02,,,unknown,RCV005223349,2025-03-04
8b088ed11364a396e0f2ce702fbfb14ea3d806ec,eva,ENSG00000167207,NOD2,MONDO_0005011,0.02,,,unknown,RCV002517729,2023-02-07
8c48bcd85afa5639ca83c2f449675e1aedd833d3,eva,ENSG00000167207,NOD2,MONDO_0005011,0.02,,,unknown,RCV003798350,2024-02-28
8cdcd65a02bf81ca4fe7ac8e9a0f40b30be5f9b6,eva,ENSG00000167207,NOD2,MONDO_0005011,0.02,,,unknown,RCV002555129,2023-02-07
8d8b7ee5bcacc1eafde68c2b722618dc1938dfc0,eva,ENSG00000167207,NOD2,MONDO_0005011,0.02,,,unknown,RCV005228043,2025-03-04
8dcd2ee13c1c5a141269a701a7e9efad49d9a8cc,eva,ENSG00000167207,NOD2,MONDO_0005011,0.02,,,unknown,RCV002528899,2023-02-07
8f27c68ffbb4f9df322c13babbe9a526c5a140f9,eva,ENSG00000167207,NOD2,MONDO_0005011,0.02,,,unknown,RCV002513885,2023-02-07
90360c3aa6f8e3fa5d7b05bc6a31f43fecf21dd5,eva,ENSG00000167207,NOD2,MONDO_0005011,0.02,,,unknown,RCV006594337,2026-02-23
91f480586e37d5103022d52df3a4c93e04451a63,eva,ENSG00000167207,NOD2,MONDO_0005011,0.02,,,unknown,RCV002993448,2023-02-07
924717b589a520e830937494023752be98fdef4c,eva,ENSG00000167207,NOD2,MONDO_0005011,0.02,,,unknown,RCV002560339,2023-02-07
925c4d856939c5984a821bfb4ab02006f012b40f,eva,ENSG00000167207,NOD2,MONDO_0005011,0.02,,,unknown,RCV003081078,2023-02-07
92af3afa495c92328dc9d037c9cc6cfac88f77cf,eva,ENSG00000167207,NOD2,MONDO_0005011,0.02,,,unknown,RCV002592052,2023-02-07
9404aab94ce72b4d39fecc04b1447c99303132f3,eva,ENSG00000167207,NOD2,MONDO_0005011,0.02,,,unknown,RCV002548626,2023-02-07
95852ded76d32fcddb81b4299698a3b54d3d91f7,eva,ENSG00000167207,NOD2,MONDO_0005011,0.02,,,unknown,RCV002514481,2023-02-07
960d7c030a9fdfae740527ddbcc87135b5efb6df,eva,ENSG00000167207,NOD2,MONDO_0005011,0.02,,,unknown,RCV003807522,2024-02-28
96978d7e8d4efb957a7dee460c5a7f6a79c51791,eva,ENSG00000167207,NOD2,MONDO_0005011,0.02,,,unknown,RCV002521017,2023-02-07
974486518b926b614a91ad80adb1575e4c3573c1,eva,ENSG00000167207,NOD2,MONDO_0005011,0.02,,,unknown,RCV003093788,2023-02-07
98240a1cd4ee30ff462b0162a390db293898ff90,eva,ENSG00000167207,NOD2,MONDO_0005011,0.02,,,unknown,RCV002756164,2023-02-07
986c18cff2401104b48ecd37994126da71b0a560,eva,ENSG00000167207,NOD2,MONDO_0005011,0.02,,,unknown,RCV002561977,2023-02-07
98749162d47860f001a57e9751ac5906a0f8a293,eva,ENSG00000167207,NOD2,MONDO_0005011,0.02,,,unknown,RCV002561655,2023-02-07
9917b087f8dc65af0b42a223588e6757cb5998c3,eva,ENSG00000167207,NOD2,MONDO_0005011,0.02,,,unknown,RCV003065419,2023-02-07
99665d856c77567cedf8c0932a71045afa41756f,eva,ENSG00000167207,NOD2,MONDO_0005011,0.02,,,unknown,RCV002811735,2023-02-07
99929ff5a52ebb7ebbcebc7c7e882b95f08874e3,eva,ENSG00000167207,NOD2,MONDO_0005011,0.02,,,unknown,RCV003768887,2024-02-28
99a8f3472b616c32555b84f42c8ef51a88c191dd,eva,ENSG00000167207,NOD2,MONDO_0005011,0.02,,,unknown,RCV003780640,2024-02-28
9a91f0d5cdfef769858b5e2a575b6d536767945b,eva,ENSG00000167207,NOD2,MONDO_0005011,0.02,,,unknown,RCV002514476,2023-02-07
9a9cc66d7ca0efbc6a6f58ef3d1e78c974daeb95,eva,ENSG00000167207,NOD2,MONDO_0005011,0.02,,,unknown,RCV003805813,2024-02-28
9bc20247f4af5dc2b0c612e67b2021bd28975c25,eva,ENSG00000167207,NOD2,MONDO_0005011,0.02,,,unknown,RCV003029645,2023-02-07
9c0d5fa901d00646a5d3dbc9e9611529510cfff0,eva,ENSG00000167207,NOD2,MONDO_0005011,0.02,,,unknown,RCV002561961,2023-02-07
9c1677e43621f53df61880709e6d464e592df218,eva,ENSG00000167207,NOD2,MONDO_0005011,0.02,,,unknown,RCV002521020,2023-02-07
9c3ef4435e55855f9ac92162b02e34a9a8060c6c,eva,ENSG00000167207,NOD2,MONDO_0005011,0.02,,,unknown,RCV003809602,2024-02-28
9c7a5e2ada093af3cb61a6ec1b48928760d5cba8,eva,ENSG00000167207,NOD2,MONDO_0005011,0.02,,,unknown,RCV002557560,2023-02-07
9cae65804c79a81570ca25ec0af203f09816b3d3,eva,ENSG00000167207,NOD2,MONDO_0005011,0.02,,,unknown,RCV002522865,2023-02-07
9d69ba64c89c47eff93231a06a5ced332b319671,eva,ENSG00000167207,NOD2,MONDO_0005011,0.02,,,unknown,RCV002551600,2023-02-07
9de845aeaf240c30a95bfac1e5ab6acb7ca4dc63,eva,ENSG00000167207,NOD2,MONDO_0005011,0.02,,,unknown,RCV002564318,2023-02-07
9e2ac0fea3d6b220933eabad5fde977fb2c352dd,eva,ENSG00000167207,NOD2,MONDO_0005011,0.02,,,unknown,RCV003061720,2023-02-07
9e2cb9f07ff052ce1375c1721737d0dba64b07ee,eva,ENSG00000167207,NOD2,MONDO_0005011,0.02,,,unknown,RCV003786532,2024-02-28
9e4090e1370c2df811a6e5e57ff1a8ff75b84119,eva,ENSG00000167207,NOD2,MONDO_0005011,0.02,,,unknown,RCV002542316,2023-02-07
9e9d344a6888aa1e5431d6f900fd02bfcc155256,eva,ENSG00000167207,NOD2,MONDO_0005011,0.02,,,unknown,RCV002555186,2023-02-07
9f7bbea14416025f1da6a5d7e2d2d86c088fe74f,eva,ENSG00000167207,NOD2,MONDO_0005011,0.02,,,unknown,RCV002544589,2023-02-07
9fefc22fabd9553ca425bf41e546b9dcc5450a3c,eva,ENSG00000167207,NOD2,MONDO_0005011,0.02,,,unknown,RCV002533717,2023-02-07
9ff90f7d96677408a25db7010513d3321773735f,eva,ENSG00000167207,NOD2,MONDO_0005011,0.02,,,unknown,RCV003006992,2023-02-07
a0dff6ef667a2955b66e0c430c29c2bbf1a5d9d1,eva,ENSG00000167207,NOD2,MONDO_0005011,0.02,,,unknown,RCV002555120,2023-02-07
a0ee0a8a6e0cfe7e14aacc8a8981a5919acdf357,eva,ENSG00000167207,NOD2,MONDO_0005011,0.02,,,unknown,RCV002562278,2023-02-07
a15b07a2680b9b9c37e8d6f042d5552b20c9e3dd,eva,ENSG00000167207,NOD2,MONDO_0005011,0.02,,,unknown,RCV002560768,2023-02-07
a192841c1162115bc7f138e9285c967abdad3e40,eva,ENSG00000167207,NOD2,MONDO_0005011,0.02,,,unknown,RCV002521034,2023-02-07
a19a26ed7596e70ba966b9522ac86c17e0c52172,eva,ENSG00000167207,NOD2,MONDO_0005011,0.02,,,unknown,RCV002513884,2023-02-07
a25a4c6c9274e088900f55ad65b68716745b9a2c,eva,ENSG00000167207,NOD2,MONDO_0005011,0.02,,,unknown,RCV002537205,2023-02-07
a2cf74aaecf594c3256d2fe5de984465841f1131,eva,ENSG00000167207,NOD2,MONDO_0005011,0.02,,,unknown,RCV003015342,2023-02-07
a3ba0f6eb509fdbf1dad5b60970371a4347a14d7,eva,ENSG00000167207,NOD2,MONDO_0005011,0.02,,,unknown,RCV002521032,2023-02-07
a59948d1e0aa0871c47778789d83137969bc123e,eva,ENSG00000167207,NOD2,MONDO_0005011,0.02,,,unknown,RCV006564460,2026-02-23
a5c1a11ed525feeac0341271cbc33e976a52bdbe,eva,ENSG00000167207,NOD2,MONDO_0005011,0.02,,,unknown,RCV005219050,2025-03-04
a70f2b25c4b3f4affab153aed43ab65e1cd7af83,eva,ENSG00000167207,NOD2,MONDO_0005011,0.02,,,unknown,RCV002528894,2023-02-07
a74a3e5a2fed006844b95946717c4eb3ebdc6cb5,eva,ENSG00000167207,NOD2,MONDO_0005011,0.02,,,unknown,RCV003764802,2024-02-28
a7ab342b5ba2ff8bf09589846a15f20fa74be8ea,eva,ENSG00000167207,NOD2,MONDO_0005011,0.02,,,unknown,RCV006603682,2026-02-23
a896204dadc74b01decc61a295dca9b663f322f9,eva,ENSG00000167207,NOD2,MONDO_0005011,0.02,,,unknown,RCV002545973,2023-02-07
aa53d78ca7bc6d801eeca1b65ac859b7c126616f,eva,ENSG00000167207,NOD2,MONDO_0005011,0.02,,,unknown,RCV005208808,2025-03-04
aa592579205a229232501fd5dac0db5a6a26a639,eva,ENSG00000167207,NOD2,MONDO_0005011,0.02,,,unknown,RCV006595849,2026-02-23
ab9f285060a15983cb12fcd28897f00034fae72a,eva,ENSG00000167207,NOD2,MONDO_0005011,0.02,,,unknown,RCV002553997,2023-02-07
aba47f0e683b07cdcdbe1acca67d766dd9f5296a,eva,ENSG00000167207,NOD2,MONDO_0005011,0.02,,,unknown,RCV003782086,2024-02-28
ac9bd70747fe452bd5bedb5192805a8450ce5fe2,eva,ENSG00000167207,NOD2,MONDO_0005011,0.02,,,unknown,RCV002521035,2023-02-07
acc55c0a9953a1b2d9d90bc0fd54ac2ed63cb61e,eva,ENSG00000167207,NOD2,MONDO_0005011,0.02,,,unknown,RCV006592953,2026-02-23
ad08d7f6a097987d630d471fa48da862c20ceb78,eva,ENSG00000167207,NOD2,MONDO_0005011,0.02,,,unknown,RCV003104124,2023-02-13
aeb0f16df1e022727e80e48d71eb65da62b57165,eva,ENSG00000167207,NOD2,MONDO_0005011,0.02,,,unknown,RCV002562313,2023-02-07
afe80f4d73ed1c9c7af169bd1802e19d262188af,eva,ENSG00000167207,NOD2,MONDO_0005011,0.02,,,unknown,RCV002554037,2023-02-07
b08b010c1430a9044f88d4e105459acfa19d579e,eva,ENSG00000167207,NOD2,MONDO_0005011,0.02,,,unknown,RCV002542078,2023-02-07
b13bfe7765f1867ac81eb367288b87c7106fcc90,eva,ENSG00000167207,NOD2,MONDO_0005011,0.02,,,unknown,RCV002942228,2023-02-07
b1558cb552b4aa646ce6098b49373ff5133be3f5,eva,ENSG00000167207,NOD2,MONDO_0005011,0.02,,,unknown,RCV002544491,2023-02-07
b22ae042e4bbdf7ac8b305b1352dc8313db4551c,eva,ENSG00000167207,NOD2,MONDO_0005011,0.02,,,unknown,RCV003083450,2023-02-07
b3a344e7a1f27146df919cad67aae9d8f4728c4c,eva,ENSG00000167207,NOD2,MONDO_0005011,0.02,,,unknown,RCV002571174,2023-02-07
b3f8318c733d104f4388d0913fc9678dd0317699,eva,ENSG00000167207,NOD2,MONDO_0005011,0.02,,,unknown,RCV002519022,2023-02-07
b5edce53c379e28d15252e413821663561834071,eva,ENSG00000167207,NOD2,MONDO_0005011,0.02,,,unknown,RCV006602481,2026-02-23
b65ef754ddadcdf3635db256f329a52e304178a9,eva,ENSG00000167207,NOD2,MONDO_0005011,0.02,,,unknown,RCV002555112,2023-02-07
b67be7e30baed83b3da9f625bddea1a3d29933a6,eva,ENSG00000167207,NOD2,MONDO_0005011,0.02,,,unknown,RCV003782756,2024-02-28
b71ae9d1ae821ef81a425948406b610c7f0c5938,eva,ENSG00000167207,NOD2,MONDO_0005011,0.02,,,unknown,RCV003798737,2024-02-28
b7bfe564e4e36d7f74a2ceefd57b748d1b221bdf,eva,ENSG00000167207,NOD2,MONDO_0005011,0.02,,,unknown,RCV003817694,2024-02-28
b7e2d3b4e8fb03e32eab014ee9fcaec96a8fd014,eva,ENSG00000167207,NOD2,MONDO_0005011,0.02,,,unknown,RCV002537938,2023-02-07
b91bc3de59938bac3c89d70345d5fd18b8c3b01a,eva,ENSG00000167207,NOD2,MONDO_0005011,0.02,,,unknown,RCV002929055,2023-02-07
ba58672a7ba7237404179eebcb61a6a2d4104a7c,eva,ENSG00000167207,NOD2,MONDO_0005011,0.02,,,unknown,RCV002521018,2023-02-07
baff3b5c21ff2b34a09a4d25995a24f7c38cf855,eva,ENSG00000167207,NOD2,MONDO_0005011,0.02,,,unknown,RCV002562672,2023-02-07
bb7c24455dd780dcda93447901d7e886a8752760,eva,ENSG00000167207,NOD2,MONDO_0005011,0.02,,,unknown,RCV002513879,2023-02-07
bbd2a4f537abb403aebdc1e324b3be7137cd471f,eva,ENSG00000167207,NOD2,MONDO_0005011,0.02,,,unknown,RCV003786676,2024-02-28
bc4bb49b067ae4727ae4102ff8dbfb5a14468f08,eva,ENSG00000167207,NOD2,MONDO_0005011,0.02,,,unknown,RCV003800275,2024-02-28
bdc8acaefb594f1cd28f12748294cc6be6afb80c,eva,ENSG00000167207,NOD2,MONDO_0005011,0.02,,,unknown,RCV002522869,2023-02-07
bdf6aa05b02aa18575fda69b2a3e08189e866334,eva,ENSG00000167207,NOD2,MONDO_0005011,0.02,,,unknown,RCV002958237,2023-02-07
be4084deca6d6c3e1d12af8301f4ee12d65f6e10,eva,ENSG00000167207,NOD2,MONDO_0005011,0.02,,,unknown,RCV002545981,2023-02-07
beb9f588934f38c03bd243af58ae4bdef283d18f,eva,ENSG00000167207,NOD2,MONDO_0005011,0.02,,,unknown,RCV002561284,2023-02-07
c007dee150654db59071bd2858e27d02920f3468,eva,ENSG00000167207,NOD2,MONDO_0005011,0.02,,,unknown,RCV006602276,2026-02-23
c0c169e63afed78ad1099eff5b5218474ad8cb30,eva,ENSG00000167207,NOD2,MONDO_0005011,0.02,,,unknown,RCV002529870,2023-02-07
c1a6d0a2bbdfe5e3be646449ad8d2ba1d6fbd6ba,eva,ENSG00000167207,NOD2,MONDO_0005011,0.02,,,unknown,RCV002553014,2023-02-07
c20785bff97f673bd1eff74ca335a56a0e45e53e,eva,ENSG00000167207,NOD2,MONDO_0005011,0.02,,,unknown,RCV002522854,2023-02-07
c29348c46523b2229b716164fe6d2a5fb8aada24,eva,ENSG00000167207,NOD2,MONDO_0005011,0.02,,,unknown,RCV002550515,2023-02-07
c2f79300c04c45dfad52025d11be3b2496b2ebe6,eva,ENSG00000167207,NOD2,MONDO_0005011,0.02,,,unknown,RCV006591038,2026-02-23
c36b688a14cfe3e70a53c36f75c92f909acc93f2,eva,ENSG00000167207,NOD2,MONDO_0005011,0.02,,,unknown,RCV002548345,2023-02-07
c3782206f86ebfc2793f08b7e5ab169b0f15a4b9,eva,ENSG00000167207,NOD2,MONDO_0005011,0.02,,,unknown,RCV002552737,2023-02-07
c45b7c49a92bc86986916d16b231f57288fdb26a,eva,ENSG00000167207,NOD2,MONDO_0005011,0.02,,,unknown,RCV003802131,2024-02-28
c4b20102e0468bc8a7c5b7600f8ed42fa9f535bc,eva,ENSG00000167207,NOD2,MONDO_0005011,0.02,,,unknown,RCV002861603,2023-02-07
c5d5cf49271d0f3c2a629104f143055ad20e93c2,eva,ENSG00000167207,NOD2,MONDO_0005011,0.02,,,unknown,RCV005208906,2025-03-04
c603f90def1cd7e84c15c91754cfcd95e4ff6944,eva,ENSG00000167207,NOD2,MONDO_0005011,0.02,,,unknown,RCV005208820,2025-03-04
c615692df5d90e83b001dd4b5c9f2b488ea61091,eva,ENSG00000167207,NOD2,MONDO_0005011,0.02,,,unknown,RCV003796448,2024-02-28
c61988718cc2c5c7ff62d7e770e9c41c0ee34377,eva,ENSG00000167207,NOD2,MONDO_0005011,0.02,,,unknown,RCV006594556,2026-02-23
c65363071f08b7d763142b550aab7fd43fbfa70c,eva,ENSG00000167207,NOD2,MONDO_0005011,0.02,,,unknown,RCV003805198,2024-02-28
c67dc2cce3554470d029e2bfca3951f3db031991,eva,ENSG00000167207,NOD2,MONDO_0005011,0.02,,,unknown,RCV002882057,2023-02-07
c6ac0ab69b8bbcaa61a34e79086a06da74112704,eva,ENSG00000167207,NOD2,MONDO_0005011,0.02,,,unknown,RCV002533210,2023-02-07
c7754382390e9b885abcbc1e4c507df490aa0611,eva,ENSG00000167207,NOD2,MONDO_0005011,0.02,,,unknown,RCV005211593,2025-03-04
c817b89890faec3becac94291187c4ec8a076ae6,eva,ENSG00000167207,NOD2,MONDO_0005011,0.02,,,unknown,RCV002522864,2023-02-07
c81fc161f1c28adb75b1b93570b45b6fe20c82b5,eva,ENSG00000167207,NOD2,MONDO_0005011,0.02,,,unknown,RCV002545921,2023-02-07
c9e7d9234c9df8e0d2a874be3a467ff97e34911a,eva,ENSG00000167207,NOD2,MONDO_0005011,0.02,,,unknown,RCV006595450,2026-02-23
cad44984aac0c46a02162b6b74a5a777c2defba6,eva,ENSG00000167207,NOD2,MONDO_0005011,0.02,,,unknown,RCV002522858,2023-02-07
cae0399fb115ff190737bf5b986a6dc59762edae,eva,ENSG00000167207,NOD2,MONDO_0005011,0.02,,,unknown,RCV002736173,2023-02-07
cb6211322d79034c16419accc1e43af2bc2ba7ef,eva,ENSG00000167207,NOD2,MONDO_0005011,0.02,,,unknown,RCV002545972,2023-02-07
cc8a0fd55616cc10335f6cac28380d3898386ce2,eva,ENSG00000167207,NOD2,MONDO_0005011,0.02,,,unknown,RCV005209874,2025-03-04
ccb8fa16ceeb8da0ac6e013aebd826ef70658d51,eva,ENSG00000167207,NOD2,MONDO_0005011,0.02,,,unknown,RCV002521038,2023-02-07
cd87f29b7f749678c5038524d02317532b9e8c3e,eva,ENSG00000167207,NOD2,MONDO_0005011,0.02,,,unknown,RCV002529864,2023-02-07
cec122eb54307f03b11067423f7aad24127f0c94,eva,ENSG00000167207,NOD2,MONDO_0005011,0.02,,,unknown,RCV005225592,2025-03-04
cf29117ee1a8ea17bc3f242b8fcc6b63e885b2fd,eva,ENSG00000167207,NOD2,MONDO_0005011,0.02,,,unknown,RCV003792878,2024-02-28
cf37be377d5ee307eaa5da11f3bfc73729a398cb,eva,ENSG00000167207,NOD2,MONDO_0005011,0.02,,,unknown,RCV002513881,2023-02-07
cf8a879caaec4c3998f19095b51a04f1caf9ada2,eva,ENSG00000167207,NOD2,MONDO_0005011,0.02,,,unknown,RCV002555870,2023-02-07
d0180ce5c7838003a5ab413a05dd9b10ab113f99,eva,ENSG00000167207,NOD2,MONDO_0005011,0.02,,,unknown,RCV006592097,2026-02-23
d032c0fc6015edf3f37030bce84ecb836a2f80c1,eva,ENSG00000167207,NOD2,MONDO_0005011,0.02,,,unknown,RCV002560331,2023-02-07
d05636110ce62ab288db2b2156332a3c7ce8559c,eva,ENSG00000167207,NOD2,MONDO_0005011,0.02,,,unknown,RCV003789030,2024-02-28
d073471b4ff47a265c6f092d8501e31203502a86,eva,ENSG00000167207,NOD2,MONDO_0005011,0.02,,,unknown,RCV003807731,2024-02-28
d07df12b4a1cd80e269641c0cef8b6d70bb5d3f6,eva,ENSG00000167207,NOD2,MONDO_0005011,0.02,,,unknown,RCV006593730,2026-02-23
d0e315aef5849bc4ec7c0c24f6790dddaaf660d4,eva,ENSG00000167207,NOD2,MONDO_0005011,0.02,,,unknown,RCV002522852,2023-02-07
d24a2df3a4d1229b7f2274c5b549c6ee6fc4b0c5,eva,ENSG00000167207,NOD2,MONDO_0005011,0.02,,,unknown,RCV002527763,2023-02-07
d2842ceafa78e84f3ac94bcb1affba7d5ef339e5,eva,ENSG00000167207,NOD2,MONDO_0005011,0.02,,,unknown,RCV005228236,2025-03-04
d2cd91d489aa520f7501b136b05701fe12bdf9da,eva,ENSG00000167207,NOD2,MONDO_0005011,0.02,,,unknown,RCV005208739,2025-03-04
d3411f0dd471d597449cf9faabdaeca69a6d4bc1,eva,ENSG00000167207,NOD2,MONDO_0005011,0.02,,,unknown,RCV003790275,2024-02-28
d40f3a51ecc649522218b5b540ab5611dd3886b4,eva,ENSG00000167207,NOD2,MONDO_0005011,0.02,,,unknown,RCV002552357,2023-02-07
d41ed3fc9c4d61f73cd43f831617728e2b77d07d,eva,ENSG00000167207,NOD2,MONDO_0005011,0.02,,,unknown,RCV006591317,2026-02-23
d4a492e22b285beaa0492b3c4355163025ef3ceb,eva,ENSG00000167207,NOD2,MONDO_0005011,0.02,,,unknown,RCV006604338,2026-02-23
d4cd11d879c3c1b60bcd9549a022465dad5ce5e0,eva,ENSG00000167207,NOD2,MONDO_0005011,0.02,,,unknown,RCV006600382,2026-02-23
d578bff780b322291c8a13153eb68aa1884d83cb,eva,ENSG00000167207,NOD2,MONDO_0005011,0.02,,,unknown,RCV003805139,2024-02-28
d630d291726fa375beadae5ad3fa4b67ef677fc1,eva,ENSG00000167207,NOD2,MONDO_0005011,0.02,,,unknown,RCV005208782,2025-03-04
d7c8c0b153586d1da70d5dc1991247760239a03a,eva,ENSG00000167207,NOD2,MONDO_0005011,0.02,,,unknown,RCV003061706,2023-02-07
d81e7878bbb231d817764e9c087970aac467bf3d,eva,ENSG00000167207,NOD2,MONDO_0005011,0.02,,,unknown,RCV003806605,2024-02-28
d9704b603cfcd7fd97c75498cf0d1ada9e0596c6,eva,ENSG00000167207,NOD2,MONDO_0005011,0.02,,,unknown,RCV002568043,2023-02-07
d9b9615810686184a6fb2995cd779afa52eeb94e,eva,ENSG00000167207,NOD2,MONDO_0005011,0.02,,,unknown,RCV006603198,2026-02-23
d9be4c6368754362be91d2b3548a997dd65d5af8,eva,ENSG00000167207,NOD2,MONDO_0005011,0.02,,,unknown,RCV002563314,2023-02-07
daafd6c1ca6a7cf3b1c76e367220e1c23de1e516,eva,ENSG00000167207,NOD2,MONDO_0005011,0.02,,,unknown,RCV002513876,2023-02-07
dade76be157d325d4f8cf2c00059c6ce06ef295b,eva,ENSG00000167207,NOD2,MONDO_0005011,0.02,,,unknown,RCV003074981,2023-02-07
db8a924d9f0d9233f61b30af538dada77ba4c636,eva,ENSG00000167207,NOD2,MONDO_0005011,0.02,,,unknown,RCV006592161,2026-02-23
dccda910a4c6f471a66310cb5663f27597cf33f5,eva,ENSG00000167207,NOD2,MONDO_0005011,0.02,,,unknown,RCV003791185,2024-02-28
ddf6879ae3b57b40c01ff3ac40331d1e801b25be,eva,ENSG00000167207,NOD2,MONDO_0005011,0.02,,,unknown,RCV002903530,2023-02-07
de476e172eb149a697afc0a5bde847788e166973,eva,ENSG00000167207,NOD2,MONDO_0005011,0.02,,,unknown,RCV002521021,2023-02-07
df27e746e933b8f507554704f442a63b4ac1bdda,eva,ENSG00000167207,NOD2,MONDO_0005011,0.02,,,unknown,RCV002521026,2023-02-07
df6902dd02d886702ed696a4a9666901dbe1cc51,eva,ENSG00000167207,NOD2,MONDO_0005011,0.02,,,unknown,RCV002552621,2023-02-07
e026a2ef3045ba05b5e028d5b304d9c8b0c2fc05,eva,ENSG00000167207,NOD2,MONDO_0005011,0.02,,,unknown,RCV002537450,2023-02-07
e06c6eed5feaab2ba61ea65555142062d085086c,eva,ENSG00000167207,NOD2,MONDO_0005011,0.02,,,unknown,RCV003799491,2024-02-28
e086221eab15068109c7ec79e97b82ce7391aa1a,eva,ENSG00000167207,NOD2,MONDO_0005011,0.02,,,unknown,RCV005212329,2025-03-04
e11659dcd4862cfc820461ed6558afe73dd064a2,eva,ENSG00000167207,NOD2,MONDO_0005011,0.02,,,unknown,RCV002521042,2023-02-07
e26906ffef7a3e7b95c177b88e035dd08cc9f09c,eva,ENSG00000167207,NOD2,MONDO_0005011,0.02,,,unknown,RCV002547149,2023-02-07
e2a829d7583793db86bd08c53e069f836e3e1263,eva,ENSG00000167207,NOD2,MONDO_0005011,0.02,,,unknown,RCV006593205,2026-02-23
e2bf5ce5348776d778cb27c31c0c319ca3ea3527,eva,ENSG00000167207,NOD2,MONDO_0005011,0.02,,,unknown,RCV002529872,2023-02-07
e35ac34101a8ebede357fc4db2bb8358e2855b48,eva,ENSG00000167207,NOD2,MONDO_0005011,0.02,,,unknown,RCV002553000,2023-02-07
e3eef473aef3fb1ebaf2d73714950acecfc660d8,eva,ENSG00000167207,NOD2,MONDO_0005011,0.02,,,unknown,RCV003781974,2024-02-28
e4b3489e350cdca0f54e8dd4618e570a4a935b8b,eva,ENSG00000167207,NOD2,MONDO_0005011,0.02,,,unknown,RCV005216419,2025-03-04
e508b8ddc91c8dde4e5c610bbb660b05e0dec1b8,eva,ENSG00000167207,NOD2,MONDO_0005011,0.02,,,unknown,RCV003053450,2023-02-07
e616f4ed8852163fee6de5d6f0db77926a6fa966,eva,ENSG00000167207,NOD2,MONDO_0005011,0.02,,,unknown,RCV005228792,2025-03-04
e64f47209146923ec2060736b657573aeacfe467,eva,ENSG00000167207,NOD2,MONDO_0005011,0.02,,,unknown,RCV003769277,2024-02-28
e6943dcd098379703fe40d947c0e116cd2803762,eva,ENSG00000167207,NOD2,MONDO_0005011,0.02,,,unknown,RCV002548271,2023-02-07
e6fb2ac5a1bafdcb5241f9dd10eb832152c067c4,eva,ENSG00000167207,NOD2,MONDO_0005011,0.02,,,unknown,RCV003795659,2024-02-28
e70e75f25f2c4e51911d2551e6e832178b03daf2,eva,ENSG00000167207,NOD2,MONDO_0005011,0.02,,,unknown,RCV003769161,2024-02-28
e7d4e33332aa4cf03544c5705f287608d1011cc2,eva,ENSG00000167207,NOD2,MONDO_0005011,0.02,,,unknown,RCV003104084,2023-02-13
e7da9de9d9bab79f62f0aff6f7f48134c1bb54e5,eva,ENSG00000167207,NOD2,MONDO_0005011,0.02,,,unknown,RCV002560759,2023-02-07
e8697d09b944c47cb7a175a82f2f895977ed2b67,eva,ENSG00000167207,NOD2,MONDO_0005011,0.02,,,unknown,RCV002514483,2023-02-07
e8db1d4b6299d3d861d3d866759aa9d5dfc1784e,eva,ENSG00000167207,NOD2,MONDO_0005011,0.02,,,unknown,RCV002731557,2023-02-07
ea572ec8a2caf44584bcc81ef9b57693979ecb40,eva,ENSG00000167207,NOD2,MONDO_0005011,0.02,,,unknown,RCV003804562,2024-02-28
ea7c4df60a2d842f547c095eec6f8c88c91e726c,eva,ENSG00000167207,NOD2,MONDO_0005011,0.02,,,unknown,RCV005208949,2025-03-04
ea9c430e707e9882c8b4bd488934e58a9aff4e62,eva,ENSG00000167207,NOD2,MONDO_0005011,0.02,,,unknown,RCV002555097,2023-02-07
ead3c2a518120a79429c6e2ab1836e448c680980,eva,ENSG00000167207,NOD2,MONDO_0005011,0.02,,,unknown,RCV003804966,2024-02-28
eb31eb3ae0c98e202c8b26d55346f24190375dc7,eva,ENSG00000167207,NOD2,MONDO_0005011,0.02,,,unknown,RCV005209930,2025-03-04
eb6657612b6adf834f4a008e587d608add0d92ad,eva,ENSG00000167207,NOD2,MONDO_0005011,0.02,,,unknown,RCV003089103,2023-02-07
ec36b7d122b05ad3bb737758ff3b284cd9027644,eva,ENSG00000167207,NOD2,MONDO_0005011,0.02,,,unknown,RCV003791283,2024-02-28
ed23b4e8cb1b5d981c5145c95e1f82512f58cf05,eva,ENSG00000167207,NOD2,MONDO_0005011,0.02,,,unknown,RCV003053425,2023-02-07
ee4e03a27bd0c67450afc22010c23fdd0c6ee847,eva,ENSG00000167207,NOD2,MONDO_0005011,0.02,,,unknown,RCV005224557,2025-03-04
ee6eb8258849d6ec1a5e5269d3b83160ad12713d,eva,ENSG00000167207,NOD2,MONDO_0005011,0.02,,,unknown,RCV002513873,2023-02-07
ef047babb0755f8e27f987ae00db4b8d66b1c69e,eva,ENSG00000167207,NOD2,MONDO_0005011,0.02,,,unknown,RCV006558710,2026-02-23
ef2dc2a44b25d1b19e4fc435c54c4a5855b3128a,eva,ENSG00000167207,NOD2,MONDO_0005011,0.02,,,unknown,RCV003810368,2024-02-28
f035b603799de31250b7e3c0ef9c1be2aa02ce29,eva,ENSG00000167207,NOD2,MONDO_0005011,0.02,,,unknown,RCV005216576,2025-03-04
f1171ef62f6b3f2e77e39ebb5b252def35bd15ae,eva,ENSG00000167207,NOD2,MONDO_0005011,0.02,,,unknown,RCV002551243,2023-02-07
f189365d21041e97c620026cf2133d48dabb64d3,eva,ENSG00000167207,NOD2,MONDO_0005011,0.02,,,unknown,RCV002551318,2023-02-07
f1dd4fe6c357986430b4879a12b0f7ebe0b51edc,eva,ENSG00000167207,NOD2,MONDO_0005011,0.02,,,unknown,RCV003015244,2023-02-07
f20fe1ee2db9560b356b34895bfefa714cf0908d,eva,ENSG00000167207,NOD2,MONDO_0005011,0.02,,,unknown,RCV003791334,2024-02-28
f2dbf375dfb811f070d85e918f5812a6f2584612,eva,ENSG00000167207,NOD2,MONDO_0005011,0.02,,,unknown,RCV002521045,2023-02-07
f2e8b2476847048824df3d2b539826ecf09303f9,eva,ENSG00000167207,NOD2,MONDO_0005011,0.02,,,unknown,RCV003796791,2024-02-28
f3303b2a0317f0d6014af4ee9254470e25145e41,eva,ENSG00000167207,NOD2,MONDO_0005011,0.02,,,unknown,RCV002522859,2023-02-07
f458acc37e0df132412ff9cea21a57aa5fef65b0,eva,ENSG00000167207,NOD2,MONDO_0005011,0.02,,,unknown,RCV002548413,2023-02-07
f466d7f4e5cd6972f3cddef1fdbee4f9be4a2cc5,eva,ENSG00000167207,NOD2,MONDO_0005011,0.02,,,unknown,RCV002514478,2023-02-07
f51d36bd061d48b4622befe3ceeb5a20876d0ef3,eva,ENSG00000167207,NOD2,MONDO_0005011,0.02,,,unknown,RCV003803078,2024-02-28
f525622bdfe8cc708b7b736da7583026640d5c1b,eva,ENSG00000167207,NOD2,MONDO_0005011,0.02,,,unknown,RCV006594763,2026-02-23
f5a6ad37b61bfae3f0f8b4b11091c6a02b824c67,eva,ENSG00000167207,NOD2,MONDO_0005011,0.02,,,unknown,RCV002533475,2023-02-07
f5d405b663a77b508f5158c61c3e4dd8779926ba,eva,ENSG00000167207,NOD2,MONDO_0005011,0.02,,,unknown,RCV002514472,2023-02-07
f66af30716dc3fe3ab55462cfa76b9a6298dbd32,eva,ENSG00000167207,NOD2,MONDO_0005011,0.02,,,unknown,RCV002548393,2023-02-07
f6aa049f13974e07a13c97d66dcd0ec1758e5dab,eva,ENSG00000167207,NOD2,MONDO_0005011,0.02,,,unknown,RCV006596333,2026-02-23
f717f52f578d5008f98edd09002abf8d3ccf0646,eva,ENSG00000167207,NOD2,MONDO_0005011,0.02,,,unknown,RCV002555558,2023-02-07
f738d7f9d37309da724647d4a2972b19d8d4e292,eva,ENSG00000167207,NOD2,MONDO_0005011,0.02,,,unknown,RCV002568021,2023-02-07
f97ed92f8c1f631eca29546685df66be33efeebe,eva,ENSG00000167207,NOD2,MONDO_0005011,0.02,,,unknown,RCV002514491,2023-02-07
f9ee87ac7853134c62672521af0ae0da7095b66e,eva,ENSG00000167207,NOD2,MONDO_0005011,0.02,,,unknown,RCV003786624,2024-02-28
fa7cc6e03fd99f78c2182e61732a24b59f3a8f69,eva,ENSG00000167207,NOD2,MONDO_0005011,0.02,,,unknown,RCV003782125,2024-02-28
fb5195d5300f221beaa4cdf891f3920a0e39d4d7,eva,ENSG00000167207,NOD2,MONDO_0005011,0.02,,,unknown,RCV003797674,2024-02-28
fc03a3a2cc88813b09ec28a36bf1ccab950bf2a3,eva,ENSG00000167207,NOD2,MONDO_0005011,0.02,,,unknown,RCV002553457,2023-02-07
fc66e9e690ac2fe5f32f14d7e81ca822257758e2,eva,ENSG00000167207,NOD2,MONDO_0005011,0.02,,,unknown,RCV003768777,2024-02-28
fcdd4d923c879bdf4b9989774c6163d2ea717c22,eva,ENSG00000167207,NOD2,MONDO_0005011,0.02,,,unknown,RCV003796772,2024-02-28
fcf84b123693f6273c3d4e5225c4fcda671273f3,eva,ENSG00000167207,NOD2,MONDO_0005011,0.02,,,unknown,RCV003784969,2024-02-28
fd6e86efe273573df786f192bede75fdf6c10b23,eva,ENSG00000167207,NOD2,MONDO_0005011,0.02,,,unknown,RCV002544957,2023-02-07
fef24108077032d37b22343c8fc00c35e24dc743,eva,ENSG00000167207,NOD2,MONDO_0005011,0.02,,,unknown,RCV002514487,2023-02-07
ff358664916a08d8b994bea661a6face3aee1b04,eva,ENSG00000167207,NOD2,MONDO_0005011,0.02,,,unknown,RCV002552352,2023-02-07
ff483e476792bfe27e12dd33f9509311da98715b,eva,ENSG00000167207,NOD2,MONDO_0005011,0.02,,,unknown,RCV002877341,2023-02-07
ffa114e15dc9bf063aba56357022cc8713f8323d,eva,ENSG00000167207,NOD2,MONDO_0005011,0.02,,,unknown,RCV003061766,2023-02-07
0c1c790f328341834330282c7d7dbc22173e99f3,eva,ENSG00000167207,NOD2,MONDO_0005011,0,LoF,,unknown,RCV005428988,2025-06-29
2cd9d6d2a236d5bc2a3eefc9618fe5ca0934728e,eva,ENSG00000167207,NOD2,MONDO_0005011,0,,,unknown,RCV001535441,2021-07-18
