gene_id,gene_symbol,genetic_score,expression_score,sources,genetic_therapeutic_direction,direction_evidence_count,linked_active_approved_drugs
ENSG00000167207,NOD2,0.9432615475464939,0.13755176419601767,"{""gwas_credible_sets"": 0.9432615475464939, ""eva"": 0.8950134356765839, ""gene_burden"": 0.8283875242775275, ""expression_atlas"": 0.13755176419601767}",activate,6,"[""CHEMBL2111100""]"
ENSG00000113302,IL12B,0.9248409926037888,0,"{""gwas_credible_sets"": 0.9248409926037888}",unknown,0,"[""CHEMBL1201835"", ""CHEMBL2108681"", ""CHEMBL2364648"", ""CHEMBL3990014"", ""CHEMBL3990029""]"
ENSG00000115232,ITGA4,0.8156461598656142,0,"{""gwas_credible_sets"": 0.8156461598656142}",unknown,0,"[""CHEMBL1201607"", ""CHEMBL1743087""]"
ENSG00000105397,TYK2,0.8618771110824588,0,"{""gwas_credible_sets"": 0.8618771110824588}",unknown,0,"[""CHEMBL1789941"", ""CHEMBL221959"", ""CHEMBL3137308"", ""CHEMBL3301607"", ""CHEMBL3622821"", ""CHEMBL4596392""]"
ENSG00000096968,JAK2,0.8162692203864558,0,"{""gwas_credible_sets"": 0.8162692203864558}",unknown,0,"[""CHEMBL1078178"", ""CHEMBL1287853"", ""CHEMBL1789941"", ""CHEMBL2035187"", ""CHEMBL2105759"", ""CHEMBL221959"", ""CHEMBL3137308"", ""CHEMBL3301607"", ""CHEMBL3622821""]"
ENSG00000136634,IL10,0.8954611096042614,0,"{""gwas_credible_sets"": 0.8954611096042614, ""genomics_england"": 0.607930797611621}",unknown,0,[]
ENSG00000232810,TNF,0,0.013494346275827055,"{""expression_atlas"": 0.013494346275827055}",unknown,0,"[""CHEMBL1201572"", ""CHEMBL1201580"", ""CHEMBL1201581"", ""CHEMBL1201831"", ""CHEMBL1201833""]"
ENSG00000110944,IL23A,0,0.04346988110355612,"{""expression_atlas"": 0.04346988110355612}",unknown,0,"[""CHEMBL1201835"", ""CHEMBL2108681"", ""CHEMBL2364648"", ""CHEMBL3990014"", ""CHEMBL3990029""]"
ENSG00000113580,NR3C1,0,0,{},unknown,0,"[""CHEMBL1091"", ""CHEMBL1152"", ""CHEMBL1159650"", ""CHEMBL1161"", ""CHEMBL1200342"", ""CHEMBL1200376"", ""CHEMBL1200384"", ""CHEMBL1200386"", ""CHEMBL1200449"", ""CHEMBL1200500"", ""CHEMBL1200538"", ""CHEMBL1200545"", ""CHEMBL1200562"", ""CHEMBL1200600"", ""CHEMBL1200617"", ""CHEMBL1200732"", ""CHEMBL1200774"", ""CHEMBL1200845"", ""CHEMBL1200865"", ""CHEMBL1200877"", ""CHEMBL1200878"", ""CHEMBL1200908"", ""CHEMBL1200909"", ""CHEMBL1200953"", ""CHEMBL1200975"", ""CHEMBL1200989"", ""CHEMBL1201012"", ""CHEMBL1201064"", ""CHEMBL1201109"", ""CHEMBL1201148"", ""CHEMBL1201173"", ""CHEMBL1201207"", ""CHEMBL1201231"", ""CHEMBL1201263"", ""CHEMBL1201265"", ""CHEMBL1201302"", ""CHEMBL1201749"", ""CHEMBL1201891"", ""CHEMBL1276308"", ""CHEMBL131"", ""CHEMBL1364144"", ""CHEMBL1370"", ""CHEMBL1451"", ""CHEMBL1473"", ""CHEMBL1497"", ""CHEMBL1501"", ""CHEMBL1504"", ""CHEMBL1512"", ""CHEMBL1530428"", ""CHEMBL1549"", ""CHEMBL1641"", ""CHEMBL1650"", ""CHEMBL1676"", ""CHEMBL1683"", ""CHEMBL1766"", ""CHEMBL2040682"", ""CHEMBL2105842"", ""CHEMBL2348780"", ""CHEMBL384467"", ""CHEMBL389621"", ""CHEMBL632"", ""CHEMBL635"", ""CHEMBL650"", ""CHEMBL977"", ""CHEMBL989""]"
ENSG00000139626,ITGB7,0,0,{},unknown,0,"[""CHEMBL1201607"", ""CHEMBL1743087""]"
ENSG00000168811,IL12A,0,0.012559370464362438,"{""expression_atlas"": 0.012559370464362438}",unknown,0,"[""CHEMBL1201835""]"
ENSG00000162594,IL23R,0.9461560904748384,0,"{""gwas_credible_sets"": 0.9461560904748384}",unknown,0,[]
ENSG00000128059,PPAT,0,0,{},unknown,0,"[""CHEMBL1425"", ""CHEMBL1542""]"
ENSG00000162434,JAK1,0,0,{},unknown,0,"[""CHEMBL1078178"", ""CHEMBL1789941"", ""CHEMBL2105759"", ""CHEMBL221959"", ""CHEMBL3137308"", ""CHEMBL3301607"", ""CHEMBL3622821"", ""CHEMBL3655081""]"
ENSG00000181634,TNFSF15,0.9113384264360416,0.016364181955636454,"{""gwas_credible_sets"": 0.9113384264360416, ""expression_atlas"": 0.016364181955636454}",unknown,0,[]
ENSG00000150093,ITGB1,0,0,{},unknown,0,"[""CHEMBL1201607""]"
ENSG00000105639,JAK3,0,0.03446987100163198,"{""expression_atlas"": 0.03446987100163198}",unknown,0,"[""CHEMBL1789941"", ""CHEMBL221959"", ""CHEMBL3137308"", ""CHEMBL3301607"", ""CHEMBL3622821"", ""CHEMBL4085457""]"
ENSG00000178623,GPR35,0.8925749197678189,0,"{""gwas_credible_sets"": 0.8925749197678189}",unknown,0,[]
ENSG00000134242,PTPN22,0.8608638974057925,0,"{""gwas_credible_sets"": 0.8608638974057925}",unknown,0,[]
ENSG00000179630,LACC1,0.8479887594310295,0,"{""gwas_credible_sets"": 0.8479887594310295}",unknown,0,[]
ENSG00000134460,IL2RA,0.8030806298691048,0.058721840678926364,"{""gwas_credible_sets"": 0.8030806298691048, ""expression_atlas"": 0.058721840678926364}",unknown,0,"[""CHEMBL1201438"", ""CHEMBL1201439"", ""CHEMBL1201550""]"
ENSG00000100906,NFKBIA,0.8387400646955887,0.00965822806974123,"{""gwas_credible_sets"": 0.8387400646955887, ""expression_atlas"": 0.00965822806974123}",unknown,0,[]
ENSG00000166949,SMAD3,0.829816594201816,0,"{""gwas_credible_sets"": 0.829816594201816}",unknown,0,[]
ENSG00000176920,FUT2,0.8197162878587471,0.023260884901986023,"{""gwas_credible_sets"": 0.8197162878587471, ""expression_atlas"": 0.023260884901986023}",unknown,0,[]
ENSG00000101017,CD40,0.8131898469674474,0.09016186824878983,"{""gwas_credible_sets"": 0.8131898469674474, ""expression_atlas"": 0.09016186824878983}",unknown,0,[]
ENSG00000175354,PTPN2,0.807898395789795,0,"{""gwas_credible_sets"": 0.807898395789795}",unknown,0,[]
ENSG00000112182,BACH2,0.811003593722218,0,"{""gwas_credible_sets"": 0.811003593722218}",unknown,0,[]
ENSG00000111252,SH2B3,0.8104624827840957,0,"{""gwas_credible_sets"": 0.8104624827840957}",unknown,0,[]
ENSG00000153814,JAZF1,0.8078793614287121,0,"{""gwas_credible_sets"": 0.8078793614287121}",unknown,0,[]
ENSG00000145996,CDKAL1,0.7994210497266955,0,"{""gwas_credible_sets"": 0.7994210497266955}",unknown,0,[]
ENSG00000075426,FOSL2,0.8008710389259155,0,"{""gwas_credible_sets"": 0.8008710389259155}",unknown,0,[]
ENSG00000119919,NKX2-3,0.7791209963895076,0,"{""gwas_credible_sets"": 0.7791209963895076}",unknown,0,[]
ENSG00000159128,IFNGR2,0.78076964034253,0,"{""gwas_credible_sets"": 0.78076964034253}",unknown,0,"[""CHEMBL1201564""]"
ENSG00000172575,RASGRP1,0.7777565120685502,0.00872984752739379,"{""gwas_credible_sets"": 0.7777565120685502, ""expression_atlas"": 0.00872984752739379}",unknown,0,[]
ENSG00000164691,TAGAP,0.7732879960080875,0.042900027932206465,"{""gwas_credible_sets"": 0.7732879960080875, ""expression_atlas"": 0.042900027932206465}",unknown,0,[]
ENSG00000020633,RUNX3,0.7663334830719644,0,"{""gwas_credible_sets"": 0.7663334830719644}",unknown,0,[]
ENSG00000132274,TRIM22,0.7599134970145264,0.13589997376751223,"{""genomics_england"": 0.7599134970145264, ""expression_atlas"": 0.13589997376751223}",unknown,0,[]
ENSG00000168610,STAT3,0.607930797611621,0,"{""genomics_england"": 0.607930797611621, ""gwas_credible_sets"": 0.5928423455825773}",unknown,0,[]
ENSG00000054983,GALC,0.7612564155876347,0,"{""gwas_credible_sets"": 0.7612564155876347}",unknown,0,[]
ENSG00000170345,FOS,0.7538629814238819,0.033003109366550806,"{""gwas_credible_sets"": 0.7538629814238819, ""expression_atlas"": 0.033003109366550806}",unknown,0,[]
ENSG00000128604,IRF5,0.7480832808956797,0,"{""gwas_credible_sets"": 0.7480832808956797}",unknown,0,[]
ENSG00000197272,IL27,0.7404856590476374,0.23773123659786136,"{""gwas_credible_sets"": 0.7404856590476374, ""expression_atlas"": 0.23773123659786136}",unknown,0,[]
ENSG00000100368,CSF2RB,0.5988383185205964,0.03256010110133257,"{""gwas_credible_sets"": 0.5988383185205964, ""expression_atlas"": 0.03256010110133257}",unknown,0,"[""CHEMBL1201670""]"
ENSG00000079263,SP140,0.7412202720754751,0.029866025365967292,"{""gwas_credible_sets"": 0.7412202720754751, ""expression_atlas"": 0.029866025365967292}",unknown,0,[]
ENSG00000100311,PDGFB,0.7450067100501457,0,"{""gwas_credible_sets"": 0.7450067100501457}",unknown,0,[]
ENSG00000140030,GPR65,0.7440630111779873,0.023557941612470962,"{""gwas_credible_sets"": 0.7440630111779873, ""expression_atlas"": 0.023557941612470962}",unknown,0,[]
ENSG00000177311,ZBTB38,0.7451204344699957,0,"{""gwas_credible_sets"": 0.7451204344699957}",unknown,0,[]
ENSG00000131507,NDFIP1,0.7406941301000958,0,"{""gwas_credible_sets"": 0.7406941301000958}",unknown,0,[]
ENSG00000085978,ATG16L1,0.7163963121774244,0,"{""gwas_credible_sets"": 0.7163963121774244}",unknown,0,[]
ENSG00000178035,IMPDH2,0,0,{},unknown,0,"[""CHEMBL1456"", ""CHEMBL727"", ""CHEMBL866""]"
ENSG00000106348,IMPDH1,0,0,{},unknown,0,"[""CHEMBL1456"", ""CHEMBL1643"", ""CHEMBL727"", ""CHEMBL866""]"
ENSG00000108691,CCL2,0.7182650983448823,0.17677511384827535,"{""gwas_credible_sets"": 0.7182650983448823, ""expression_atlas"": 0.17677511384827535}",unknown,0,[]
ENSG00000081985,IL12RB2,0.7272673346002401,0.05179937355918287,"{""gwas_credible_sets"": 0.7272673346002401, ""expression_atlas"": 0.05179937355918287}",unknown,0,[]
ENSG00000107968,MAP3K8,0.7232692574380609,0.02179422933783445,"{""gwas_credible_sets"": 0.7232692574380609, ""expression_atlas"": 0.02179422933783445}",unknown,0,[]
ENSG00000106952,TNFSF8,0.7218135535670591,0.020787912638033156,"{""gwas_credible_sets"": 0.7218135535670591, ""expression_atlas"": 0.020787912638033156}",unknown,0,[]
ENSG00000100985,MMP9,0.6748185790344713,0.10748858912458953,"{""gwas_credible_sets"": 0.6748185790344713, ""expression_atlas"": 0.10748858912458953}",unknown,0,[]
ENSG00000141068,KSR1,0.7132355524596283,0,"{""gwas_credible_sets"": 0.7132355524596283}",unknown,0,[]
ENSG00000121281,ADCY7,0.7138114404810547,0.014014488387896745,"{""gwas_credible_sets"": 0.7138114404810547, ""expression_atlas"": 0.014014488387896745}",unknown,0,[]
ENSG00000173531,MST1,0.6873731961380429,0,"{""gwas_credible_sets"": 0.6873731961380429}",unknown,0,[]
ENSG00000153064,BANK1,0.710257867093735,0.03211451562095837,"{""gwas_credible_sets"": 0.710257867093735, ""expression_atlas"": 0.03211451562095837}",unknown,0,[]
ENSG00000153094,BCL2L11,0.7120292168268787,0,"{""gwas_credible_sets"": 0.7120292168268787}",unknown,0,[]
ENSG00000138821,SLC39A8,0.6881871789510619,0.13961161723086052,"{""gwas_credible_sets"": 0.6881871789510619, ""expression_atlas"": 0.13961161723086052}",unknown,0,[]
ENSG00000175164,ABO,0.7035118916185167,0,"{""gwas_credible_sets"": 0.7035118916185167}",unknown,0,[]
ENSG00000109787,KLF3,0.7064505431651618,0,"{""gwas_credible_sets"": 0.7064505431651618}",unknown,0,[]
ENSG00000171522,PTGER4,0.6965303542404712,0,"{""gwas_credible_sets"": 0.6965303542404712}",unknown,0,"[""CHEMBL548""]"
ENSG00000151773,CCDC122,0.7015569103100078,0,"{""gwas_credible_sets"": 0.7015569103100078}",unknown,0,[]
ENSG00000167208,SNX20,0.6993099152868846,0.019764360393117787,"{""gwas_credible_sets"": 0.6993099152868846, ""expression_atlas"": 0.019764360393117787}",unknown,0,[]
ENSG00000146374,RSPO3,0.6976837326526023,0,"{""gwas_credible_sets"": 0.6976837326526023}",unknown,0,[]
ENSG00000155849,ELMO1,0.697043537943619,0,"{""gwas_credible_sets"": 0.697043537943619}",unknown,0,[]
ENSG00000163362,INAVA,0.6947478670160891,0,"{""gwas_credible_sets"": 0.6947478670160891}",unknown,0,[]
ENSG00000011485,PPP5C,0.6979098099585251,0,"{""gwas_credible_sets"": 0.6979098099585251}",unknown,0,[]
ENSG00000130876,SLC7A10,0.6882675299553679,0,"{""gwas_credible_sets"": 0.6882675299553679}",unknown,0,[]
ENSG00000162927,PUS10,0.6823528434826263,0,"{""gwas_credible_sets"": 0.6823528434826263}",unknown,0,[]
ENSG00000084734,GCKR,0.6756781258715691,0.024072731176671282,"{""gwas_credible_sets"": 0.6756781258715691, ""expression_atlas"": 0.024072731176671282}",unknown,0,[]
ENSG00000152217,SETBP1,0.680590093862741,0,"{""gwas_credible_sets"": 0.680590093862741}",unknown,0,[]
ENSG00000187796,CARD9,0.6784039112389899,0,"{""gwas_credible_sets"": 0.6784039112389899}",unknown,0,[]
ENSG00000023445,BIRC3,0.664768605163016,0.08147475918938006,"{""eva"": 0.664768605163016, ""expression_atlas"": 0.08147475918938006}",activate,3,[]
ENSG00000219073,CELA3B,0.671909965041195,0,"{""gwas_credible_sets"": 0.671909965041195}",unknown,0,[]
ENSG00000064932,SBNO2,0.6625215691390284,0,"{""gwas_credible_sets"": 0.6625215691390284}",unknown,0,[]
ENSG00000057657,PRDM1,0.6563723892139026,0.08507186924444012,"{""gwas_credible_sets"": 0.6563723892139026, ""expression_atlas"": 0.08507186924444012}",unknown,0,[]
ENSG00000124203,ZNF831,0.6607927201466548,0.012161628828552401,"{""gwas_credible_sets"": 0.6607927201466548, ""expression_atlas"": 0.012161628828552401}",unknown,0,[]
ENSG00000115607,IL18RAP,0.6536197532207603,0.06681343355908176,"{""gwas_credible_sets"": 0.6536197532207603, ""expression_atlas"": 0.06681343355908176}",unknown,0,[]
ENSG00000120690,ELF1,0.6561987080309728,0,"{""gwas_credible_sets"": 0.6561987080309728}",unknown,0,[]
ENSG00000203963,C1orf141,0.6582708030500083,0,"{""gwas_credible_sets"": 0.6582708030500083}",unknown,0,[]
ENSG00000125347,IRF1,0.6404323014299257,0.03792277292968263,"{""gwas_credible_sets"": 0.6404323014299257, ""expression_atlas"": 0.03792277292968263}",unknown,0,[]
ENSG00000182095,TNRC18,0.6548326207527224,0,"{""gwas_credible_sets"": 0.6548326207527224}",unknown,0,[]
ENSG00000117586,TNFSF4,0.6513264405200689,0,"{""gwas_credible_sets"": 0.6513264405200689}",unknown,0,[]
ENSG00000138684,IL21,0.6198242357385513,0,"{""gwas_credible_sets"": 0.6198242357385513}",unknown,0,[]
ENSG00000073756,PTGS2,0,0.400648993476229,"{""expression_atlas"": 0.400648993476229}",unknown,0,"[""CHEMBL1020"", ""CHEMBL1021"", ""CHEMBL1070"", ""CHEMBL1071"", ""CHEMBL112"", ""CHEMBL1120"", ""CHEMBL118"", ""CHEMBL1201346"", ""CHEMBL1206690"", ""CHEMBL12610"", ""CHEMBL1297"", ""CHEMBL1316"", ""CHEMBL139"", ""CHEMBL154"", ""CHEMBL15770"", ""CHEMBL175"", ""CHEMBL189171"", ""CHEMBL19299"", ""CHEMBL25"", ""CHEMBL416146"", ""CHEMBL421"", ""CHEMBL425"", ""CHEMBL435298"", ""CHEMBL469"", ""CHEMBL509"", ""CHEMBL521"", ""CHEMBL527"", ""CHEMBL563"", ""CHEMBL571"", ""CHEMBL599"", ""CHEMBL6"", ""CHEMBL622"", ""CHEMBL686"", ""CHEMBL704"", ""CHEMBL75435"", ""CHEMBL898""]"
ENSG00000083799,CYLD,0.6477510645126987,0,"{""gwas_credible_sets"": 0.6477510645126987}",unknown,0,[]
ENSG00000185650,ZFP36L1,0.646902693047363,0,"{""gwas_credible_sets"": 0.646902693047363}",unknown,0,[]
ENSG00000081237,PTPRC,0.6248260520758533,0.03242421884762856,"{""gwas_credible_sets"": 0.6248260520758533, ""expression_atlas"": 0.03242421884762856}",unknown,0,[]
ENSG00000198369,SPRED2,0.639112060710836,0,"{""gwas_credible_sets"": 0.639112060710836}",unknown,0,[]
ENSG00000108219,TSPAN14,0.6368027008798356,0,"{""gwas_credible_sets"": 0.6368027008798356}",unknown,0,[]
ENSG00000170989,S1PR1,0,0,{},unknown,0,"[""CHEMBL1096146"", ""CHEMBL2336071"", ""CHEMBL314854"", ""CHEMBL3358920"", ""CHEMBL3707247""]"
ENSG00000109320,NFKB1,0.623805748238023,0,"{""gwas_credible_sets"": 0.623805748238023}",unknown,0,[]
ENSG00000132170,PPARG,0,0.0717690068411359,"{""expression_atlas"": 0.0717690068411359}",unknown,0,"[""CHEMBL1201346"", ""CHEMBL425"", ""CHEMBL595"", ""CHEMBL704""]"
ENSG00000138031,ADCY3,0.6323077969121952,0,"{""gwas_credible_sets"": 0.6323077969121952}",unknown,0,[]
ENSG00000095303,PTGS1,0,0,{},unknown,0,"[""CHEMBL1020"", ""CHEMBL1021"", ""CHEMBL1071"", ""CHEMBL112"", ""CHEMBL1120"", ""CHEMBL1201346"", ""CHEMBL12610"", ""CHEMBL1297"", ""CHEMBL139"", ""CHEMBL154"", ""CHEMBL15770"", ""CHEMBL175"", ""CHEMBL189171"", ""CHEMBL19299"", ""CHEMBL25"", ""CHEMBL259972"", ""CHEMBL421"", ""CHEMBL425"", ""CHEMBL435298"", ""CHEMBL469"", ""CHEMBL509"", ""CHEMBL521"", ""CHEMBL527"", ""CHEMBL563"", ""CHEMBL571"", ""CHEMBL6"", ""CHEMBL686"", ""CHEMBL704"", ""CHEMBL75435"", ""CHEMBL898""]"
ENSG00000180739,S1PR5,0,0.009421695635511951,"{""expression_atlas"": 0.009421695635511951}",unknown,0,"[""CHEMBL314854"", ""CHEMBL3358920"", ""CHEMBL3707247""]"
ENSG00000120659,TNFSF11,0.6013371868747266,0,"{""gwas_credible_sets"": 0.6013371868747266}",unknown,0,"[""CHEMBL1237023""]"
ENSG00000115009,CCL20,0.597065459108351,0.06031694907270019,"{""gwas_credible_sets"": 0.597065459108351, ""expression_atlas"": 0.06031694907270019}",unknown,0,[]
ENSG00000237693,IRGM,0.6146812959759789,0,"{""gwas_credible_sets"": 0.6146812959759789}",unknown,0,[]
ENSG00000108094,CUL2,0.6279423800968275,0,"{""gwas_credible_sets"": 0.6279423800968275}",unknown,0,[]
ENSG00000099866,MADCAM1,0,0,{},unknown,0,[]
ENSG00000105963,ADAP1,0.6228520731793259,0.0834081054323144,"{""gwas_credible_sets"": 0.6228520731793259, ""expression_atlas"": 0.0834081054323144}",unknown,0,[]
ENSG00000164113,ADAD1,0.6266106350573555,0,"{""gwas_credible_sets"": 0.6266106350573555}",unknown,0,[]
ENSG00000012779,ALOX5,0,0,{},unknown,0,"[""CHEMBL1201346"", ""CHEMBL421"", ""CHEMBL425"", ""CHEMBL509"", ""CHEMBL704"", ""CHEMBL93""]"
ENSG00000204577,LILRB3,0.6080583310078109,0.23130005842285586,"{""gwas_credible_sets"": 0.6080583310078109, ""expression_atlas"": 0.23130005842285586}",unknown,0,[]
ENSG00000185811,IKZF1,0.616183396771432,0,"{""gwas_credible_sets"": 0.616183396771432}",unknown,0,[]
ENSG00000168685,IL7R,0.6001157787841057,0.05886200486833169,"{""gwas_credible_sets"": 0.6001157787841057, ""expression_atlas"": 0.05886200486833169}",unknown,0,[]
ENSG00000145012,LPP,0.6168902875059966,0,"{""gwas_credible_sets"": 0.6168902875059966}",unknown,0,[]
ENSG00000100365,NCF4,0.6107763119809546,0.0189078957729977,"{""gwas_credible_sets"": 0.6107763119809546, ""expression_atlas"": 0.0189078957729977}",unknown,0,[]
ENSG00000157978,LDLRAP1,0.6138852050830531,0,"{""gwas_credible_sets"": 0.6138852050830531}",unknown,0,[]
ENSG00000172673,THEMIS,0.6100222653333602,0,"{""gwas_credible_sets"": 0.6100222653333602}",unknown,0,[]
ENSG00000184730,APOBR,0.6059926082413014,0.08976399940216058,"{""gwas_credible_sets"": 0.6059926082413014, ""expression_atlas"": 0.08976399940216058}",unknown,0,[]
ENSG00000213047,DENND1B,0.6083070340287088,0,"{""gwas_credible_sets"": 0.6083070340287088}",unknown,0,[]
ENSG00000164512,ANKRD55,0.6071398179314267,0,"{""gwas_credible_sets"": 0.6071398179314267}",unknown,0,[]
ENSG00000228716,DHFR,0,0,{},unknown,0,"[""CHEMBL1201746"", ""CHEMBL225072"", ""CHEMBL34259""]"
ENSG00000101665,SMAD7,0,0.013619358054473124,"{""expression_atlas"": 0.013619358054473124}",unknown,0,[]
ENSG00000179583,CIITA,0.5991233609309299,0.1537114551407051,"{""gwas_credible_sets"": 0.5991233609309299, ""expression_atlas"": 0.1537114551407051}",unknown,0,[]
ENSG00000160712,IL6R,0.6001553841847747,0,"{""gwas_credible_sets"": 0.6001553841847747}",unknown,0,"[""CHEMBL1237022"", ""CHEMBL2108730"", ""CHEMBL3833307""]"
ENSG00000145623,OSMR,0.6019348189636864,0.047124971755559394,"{""gwas_credible_sets"": 0.6019348189636864, ""expression_atlas"": 0.047124971755559394}",unknown,0,[]
ENSG00000165684,SNAPC4,0.6010519903452527,0,"{""gwas_credible_sets"": 0.6010519903452527}",unknown,0,[]
ENSG00000109758,HGFAC,0.5994855709813296,0,"{""gwas_credible_sets"": 0.5994855709813296}",unknown,0,[]
ENSG00000013725,CD6,0.598534461597287,0.012915328098235809,"{""gwas_credible_sets"": 0.598534461597287, ""expression_atlas"": 0.012915328098235809}",unknown,0,[]
ENSG00000067182,TNFRSF1A,0.5936841950820615,0,"{""gwas_credible_sets"": 0.5936841950820615}",unknown,0,[]
ENSG00000198223,CSF2RA,0,0.01975567878365146,"{""expression_atlas"": 0.01975567878365146}",unknown,0,"[""CHEMBL1201670""]"
ENSG00000183960,KCNH8,0.5963435315821193,0,"{""gwas_credible_sets"": 0.5963435315821193}",unknown,0,"[""CHEMBL284348"", ""CHEMBL354077"", ""CHEMBL821""]"
ENSG00000197208,SLC22A4,0.5848105590815669,0.017163388428369192,"{""gwas_credible_sets"": 0.5848105590815669, ""expression_atlas"": 0.017163388428369192}",unknown,0,[]
ENSG00000130203,APOE,0.5914292961998766,0.03355351038046829,"{""gwas_credible_sets"": 0.5914292961998766, ""expression_atlas"": 0.03355351038046829}",unknown,0,[]
ENSG00000188001,TPRG1,0.5938023771628316,0,"{""gwas_credible_sets"": 0.5938023771628316}",unknown,0,[]
ENSG00000258366,RTEL1,0.5908530465821386,0,"{""gwas_credible_sets"": 0.5908530465821386}",unknown,0,[]
ENSG00000180871,CXCR2,0.5709924021577095,0.3799815342629305,"{""gwas_credible_sets"": 0.5709924021577095, ""expression_atlas"": 0.3799815342629305}",unknown,0,[]
ENSG00000143226,FCGR2A,0.575092016335405,0.29340655042200675,"{""gwas_credible_sets"": 0.575092016335405, ""expression_atlas"": 0.29340655042200675}",unknown,0,[]
ENSG00000115604,IL18R1,0.5879071954926128,0.027236127558883827,"{""gwas_credible_sets"": 0.5879071954926128, ""expression_atlas"": 0.027236127558883827}",unknown,0,[]
ENSG00000170340,B3GNT2,0.5888651660835346,0,"{""gwas_credible_sets"": 0.5888651660835346}",unknown,0,[]
ENSG00000100321,SYNGR1,0.5884489316717582,0,"{""gwas_credible_sets"": 0.5884489316717582}",unknown,0,[]
ENSG00000023516,AKAP11,0.5853733910819909,0,"{""gwas_credible_sets"": 0.5853733910819909}",unknown,0,[]
ENSG00000115464,USP34,0.5844826792293893,0,"{""gwas_credible_sets"": 0.5844826792293893}",unknown,0,[]
ENSG00000104312,RIPK2,0.5757446607063667,0.02444387743798636,"{""gwas_credible_sets"": 0.5757446607063667, ""expression_atlas"": 0.02444387743798636}",unknown,0,[]
ENSG00000160185,UBASH3A,0.580551761683123,0,"{""gwas_credible_sets"": 0.580551761683123}",unknown,0,[]
ENSG00000026297,RNASET2,0.569535635366651,0,"{""gwas_credible_sets"": 0.569535635366651}",unknown,0,[]
ENSG00000112977,DAP,0.5778663347428886,0,"{""gwas_credible_sets"": 0.5778663347428886}",unknown,0,[]
ENSG00000189067,LITAF,0.5713288034737758,0.14152628968398537,"{""gwas_credible_sets"": 0.5713288034737758, ""expression_atlas"": 0.14152628968398537}",unknown,0,[]
ENSG00000243509,TNFRSF6B,0.5664528459895893,0,"{""gwas_credible_sets"": 0.5664528459895893}",unknown,0,[]
ENSG00000185499,MUC1,0.5584848836623041,0.29842159864823437,"{""gwas_credible_sets"": 0.5584848836623041, ""expression_atlas"": 0.29842159864823437}",unknown,0,[]
ENSG00000136869,TLR4,0.5630312455617607,0.03640457430970806,"{""gwas_credible_sets"": 0.5630312455617607, ""expression_atlas"": 0.03640457430970806}",unknown,0,[]
ENSG00000138085,ATRAID,0.5754854269120979,0,"{""gwas_credible_sets"": 0.5754854269120979}",unknown,0,[]
ENSG00000153093,ACOXL,0.5742403940623334,0.020536584451155963,"{""gwas_credible_sets"": 0.5742403940623334, ""expression_atlas"": 0.020536584451155963}",unknown,0,[]
ENSG00000140807,NKD1,0.5743851245701858,0,"{""gwas_credible_sets"": 0.5743851245701858}",unknown,0,[]
ENSG00000135899,SP110,0.5699068349346191,0.028702082147566095,"{""gwas_credible_sets"": 0.5699068349346191, ""expression_atlas"": 0.028702082147566095}",unknown,0,[]
ENSG00000150637,CD226,0.5648432017012399,0,"{""gwas_credible_sets"": 0.5648432017012399}",unknown,0,[]
ENSG00000263001,GTF2I,0.5691172242416516,0,"{""gwas_credible_sets"": 0.5691172242416516}",unknown,0,[]
ENSG00000173334,TRIB1,0.5656327441305531,0,"{""gwas_credible_sets"": 0.5656327441305531}",unknown,0,[]
ENSG00000180251,SLC9A4,0.5661639411015087,0,"{""gwas_credible_sets"": 0.5661639411015087}",unknown,0,[]
ENSG00000149289,ZC3H12C,0.5667913308468618,0,"{""gwas_credible_sets"": 0.5667913308468618}",unknown,0,[]
ENSG00000196498,NCOR2,0.5630642561015681,0,"{""gwas_credible_sets"": 0.5630642561015681}",unknown,0,[]
ENSG00000170324,FRMPD2,0.559870712847079,0,"{""gwas_credible_sets"": 0.559870712847079}",unknown,0,[]
ENSG00000134824,FADS2,0.5442640555188443,0.04769569077541044,"{""gwas_credible_sets"": 0.5442640555188443, ""expression_atlas"": 0.04769569077541044}",unknown,0,[]
ENSG00000090339,ICAM1,0,0.12643460527211242,"{""expression_atlas"": 0.12643460527211242}",unknown,0,[]
ENSG00000100387,RBX1,0,0,{},unknown,0,"[""CHEMBL43452"", ""CHEMBL848""]"
ENSG00000113742,CPEB4,0.5564451194685426,0,"{""gwas_credible_sets"": 0.5564451194685426}",unknown,0,[]
ENSG00000124766,SOX4,0.5559536258299821,0,"{""gwas_credible_sets"": 0.5559536258299821}",unknown,0,[]
ENSG00000160691,SHC1,0.55500774578937,0,"{""gwas_credible_sets"": 0.55500774578937}",unknown,0,[]
ENSG00000108423,TUBD1,0.5553623933778424,0,"{""gwas_credible_sets"": 0.5553623933778424}",unknown,0,[]
ENSG00000148660,CAMK2G,0.5552432629461156,0,"{""gwas_credible_sets"": 0.5552432629461156}",unknown,0,[]
ENSG00000167986,DDB1,0,0,{},unknown,0,"[""CHEMBL43452"", ""CHEMBL848""]"
ENSG00000139842,CUL4A,0,0,{},unknown,0,"[""CHEMBL43452"", ""CHEMBL848""]"
ENSG00000113851,CRBN,0,0,{},unknown,0,"[""CHEMBL43452"", ""CHEMBL848""]"
ENSG00000158987,RAPGEF6,0.5531709864506612,0,"{""gwas_credible_sets"": 0.5531709864506612}",unknown,0,[]
ENSG00000205592,MUC19,0.5402009977384469,0,"{""gwas_credible_sets"": 0.5402009977384469}",unknown,0,[]
ENSG00000293584,ENSG00000293584,0.5480246406776901,0,"{""gwas_credible_sets"": 0.5480246406776901}",unknown,0,[]
ENSG00000152127,MGAT5,0.545914501608426,0,"{""gwas_credible_sets"": 0.545914501608426}",unknown,0,[]
ENSG00000181915,ADO,0.5453623912204848,0,"{""gwas_credible_sets"": 0.5453623912204848}",unknown,0,[]
ENSG00000185436,IFNLR1,0.5456240016110216,0,"{""gwas_credible_sets"": 0.5456240016110216}",unknown,0,[]
ENSG00000156127,BATF,0.5424907542272674,0.04093518576734859,"{""gwas_credible_sets"": 0.5424907542272674, ""expression_atlas"": 0.04093518576734859}",unknown,0,[]
ENSG00000116833,NR5A2,0.5427776306747478,0,"{""gwas_credible_sets"": 0.5427776306747478}",unknown,0,[]
ENSG00000166501,PRKCB,0.5428553920561162,0.020908805145119263,"{""gwas_credible_sets"": 0.5428553920561162, ""expression_atlas"": 0.020908805145119263}",unknown,0,"[""CHEMBL608533""]"
ENSG00000161091,MFSD12,0.5398819069885097,0,"{""gwas_credible_sets"": 0.5398819069885097}",unknown,0,[]
ENSG00000163832,ELP6,0.5390214225880654,0,"{""gwas_credible_sets"": 0.5390214225880654}",unknown,0,[]
ENSG00000114861,FOXP1,0.53882343182022,0,"{""gwas_credible_sets"": 0.53882343182022}",unknown,0,[]
ENSG00000100902,PSMA6,0.5367027789988335,0,"{""gwas_credible_sets"": 0.5367027789988335}",unknown,0,"[""CHEMBL325041"", ""CHEMBL3545432"", ""CHEMBL451887""]"
ENSG00000111424,VDR,0,0,{},unknown,0,"[""CHEMBL1040"", ""CHEMBL1042"", ""CHEMBL1200622"", ""CHEMBL1200666"", ""CHEMBL1200810"", ""CHEMBL1536"", ""CHEMBL1601669"", ""CHEMBL2356023"", ""CHEMBL846""]"
ENSG00000221968,FADS3,0.5381048051214969,0,"{""gwas_credible_sets"": 0.5381048051214969}",unknown,0,[]
ENSG00000133195,SLC39A11,0.5378268468846316,0,"{""gwas_credible_sets"": 0.5378268468846316}",unknown,0,[]
ENSG00000180530,NRIP1,0.5357546090289071,0.02237834309958537,"{""gwas_credible_sets"": 0.5357546090289071, ""expression_atlas"": 0.02237834309958537}",unknown,0,[]
ENSG00000185338,SOCS1,0.5306392723696083,0.025829942819005237,"{""gwas_credible_sets"": 0.5306392723696083, ""expression_atlas"": 0.025829942819005237}",unknown,0,[]
ENSG00000118503,TNFAIP3,0.525078269717451,0.03470875099499393,"{""gwas_credible_sets"": 0.525078269717451, ""expression_atlas"": 0.03470875099499393}",unknown,0,[]
ENSG00000181751,MACIR,0.5346577897687538,0,"{""gwas_credible_sets"": 0.5346577897687538}",unknown,0,[]
ENSG00000183654,MARCHF11,0.5312292321250711,0,"{""gwas_credible_sets"": 0.5312292321250711}",unknown,0,[]
ENSG00000134716,CYP2J2,0.5062566228777032,0.17937613347725936,"{""gwas_credible_sets"": 0.5062566228777032, ""expression_atlas"": 0.17937613347725936}",unknown,0,[]
ENSG00000115138,POMC,0.5229455795858893,0,"{""gwas_credible_sets"": 0.5229455795858893}",unknown,0,[]
ENSG00000175806,MSRA,0.5261329628055075,0.00974089121407218,"{""gwas_credible_sets"": 0.5261329628055075, ""expression_atlas"": 0.00974089121407218}",unknown,0,[]
ENSG00000197375,SLC22A5,0.5159704799340443,0.05320069066600282,"{""gwas_credible_sets"": 0.5159704799340443, ""expression_atlas"": 0.05320069066600282}",unknown,0,[]
ENSG00000134987,WDR36,0.5237049307079555,0,"{""gwas_credible_sets"": 0.5237049307079555}",unknown,0,[]
ENSG00000142224,IL19,0.5193619763877969,0.040922511375592885,"{""gwas_credible_sets"": 0.5193619763877969, ""expression_atlas"": 0.040922511375592885}",unknown,0,[]
ENSG00000091972,CD200,0.5152209683289769,0.015544529049874333,"{""gwas_credible_sets"": 0.5152209683289769, ""expression_atlas"": 0.015544529049874333}",unknown,0,[]
ENSG00000160360,GPSM1,0.5192778495294752,0,"{""gwas_credible_sets"": 0.5192778495294752}",unknown,0,[]
ENSG00000125520,SLC2A4RG,0.5175155822934157,0,"{""gwas_credible_sets"": 0.5175155822934157}",unknown,0,[]
ENSG00000111245,MYL2,0.5170942213448574,0,"{""gwas_credible_sets"": 0.5170942213448574}",unknown,0,"[""CHEMBL4297517""]"
ENSG00000143452,HORMAD1,0.5150193902467066,0,"{""gwas_credible_sets"": 0.5150193902467066}",unknown,0,[]
ENSG00000055130,CUL1,0.5106437194409497,0,"{""gwas_credible_sets"": 0.5106437194409497}",unknown,0,[]
ENSG00000113638,TTC33,0.5078408978539501,0,"{""gwas_credible_sets"": 0.5078408978539501}",unknown,0,[]
ENSG00000176635,HORMAD2,0.504853231051026,0,"{""gwas_credible_sets"": 0.504853231051026}",unknown,0,[]
ENSG00000119772,DNMT3A,0.5010332484856818,0,"{""gwas_credible_sets"": 0.5010332484856818}",unknown,0,"[""CHEMBL1201129"", ""CHEMBL1489""]"
ENSG00000182568,SATB1,0.5052380299090349,0,"{""gwas_credible_sets"": 0.5052380299090349}",unknown,0,[]
ENSG00000155903,RASA2,0.5021919256611462,0,"{""gwas_credible_sets"": 0.5021919256611462}",unknown,0,[]
ENSG00000155313,USP25,0.4998086246704141,0,"{""gwas_credible_sets"": 0.4998086246704141}",unknown,0,[]
ENSG00000152527,PLEKHH2,0.4986323299225291,0,"{""gwas_credible_sets"": 0.4986323299225291}",unknown,0,[]
ENSG00000168071,CCDC88B,0.49349195337432905,0.025022605259717605,"{""gwas_credible_sets"": 0.49349195337432905, ""expression_atlas"": 0.025022605259717605}",unknown,0,[]
ENSG00000061273,HDAC7,0.4839866926943743,0,"{""gwas_credible_sets"": 0.4839866926943743}",unknown,0,"[""CHEMBL1213492"", ""CHEMBL343448"", ""CHEMBL408513"", ""CHEMBL483254""]"
ENSG00000137077,CCL21,0.4893041072657975,0,"{""gwas_credible_sets"": 0.4893041072657975}",unknown,0,[]
ENSG00000147883,CDKN2B,0.48643077711808935,0.1094864625133571,"{""gwas_credible_sets"": 0.48643077711808935, ""expression_atlas"": 0.1094864625133571}",unknown,0,[]
ENSG00000145901,TNIP1,0.4904733905907621,0,"{""gwas_credible_sets"": 0.4904733905907621}",unknown,0,[]
ENSG00000178562,CD28,0.4822235729489953,0.014975250350822632,"{""gwas_credible_sets"": 0.4822235729489953, ""expression_atlas"": 0.014975250350822632}",unknown,0,[]
ENSG00000139915,MDGA2,0.4893825933571506,0,"{""gwas_credible_sets"": 0.4893825933571506}",unknown,0,[]
ENSG00000002822,MAD1L1,0.4880339443109497,0,"{""gwas_credible_sets"": 0.4880339443109497}",unknown,0,[]
ENSG00000198742,SMURF1,0.4877705847024758,0,"{""gwas_credible_sets"": 0.4877705847024758}",unknown,0,[]
ENSG00000185651,UBE2L3,0.4825067818103547,0,"{""gwas_credible_sets"": 0.4825067818103547}",unknown,0,[]
ENSG00000115896,PLCL1,0.48500161732201535,0,"{""gwas_credible_sets"": 0.48500161732201535}",unknown,0,[]
ENSG00000095110,NXPE1,0.4845480530485951,0,"{""gwas_credible_sets"": 0.4845480530485951}",unknown,0,[]
ENSG00000164308,ERAP2,0.4799397470664591,0,"{""gwas_credible_sets"": 0.4799397470664591}",unknown,0,[]
ENSG00000173585,CCR9,0,0.2220908817980018,"{""expression_atlas"": 0.2220908817980018}",unknown,0,[]
ENSG00000186075,ZPBP2,0.48077423495970956,0,"{""gwas_credible_sets"": 0.48077423495970956}",unknown,0,[]
ENSG00000117114,ADGRL2,0.4794907731262134,0.02837774605805575,"{""gwas_credible_sets"": 0.4794907731262134, ""expression_atlas"": 0.02837774605805575}",unknown,0,[]
ENSG00000163933,RFT1,0.4804057466586392,0,"{""gwas_credible_sets"": 0.4804057466586392}",unknown,0,[]
ENSG00000005020,SKAP2,0.4787374008615216,0,"{""gwas_credible_sets"": 0.4787374008615216}",unknown,0,[]
ENSG00000198108,CHSY3,0.47719557130999923,0.009880649877740703,"{""gwas_credible_sets"": 0.47719557130999923, ""expression_atlas"": 0.009880649877740703}",unknown,0,[]
ENSG00000107485,GATA3,0.4648877151964771,0,"{""gwas_credible_sets"": 0.4648877151964771}",unknown,0,[]
ENSG00000107796,ACTA2,0.4734425972416239,0.010699523172839731,"{""gwas_credible_sets"": 0.4734425972416239, ""expression_atlas"": 0.010699523172839731}",unknown,0,[]
ENSG00000125703,ATG4C,0.473732300058045,0,"{""gwas_credible_sets"": 0.473732300058045}",unknown,0,[]
ENSG00000120337,TNFSF18,0.4733722575730995,0,"{""gwas_credible_sets"": 0.4733722575730995}",unknown,0,[]
ENSG00000197818,SLC9A8,0.472078221988753,0,"{""gwas_credible_sets"": 0.472078221988753}",unknown,0,[]
ENSG00000132975,GPR12,0.47227403862664413,0,"{""gwas_credible_sets"": 0.47227403862664413}",unknown,0,[]
ENSG00000138166,DUSP5,0.47009969713243954,0.01195085916678763,"{""gwas_credible_sets"": 0.47009969713243954, ""expression_atlas"": 0.01195085916678763}",unknown,0,[]
ENSG00000122223,CD244,0.46868128887703175,0,"{""gwas_credible_sets"": 0.46868128887703175}",unknown,0,[]
ENSG00000137266,SLC22A23,0.46940766569479,0,"{""gwas_credible_sets"": 0.46940766569479}",unknown,0,[]
ENSG00000141510,TP53,0,0,{},unknown,0,[]
ENSG00000140945,CDH13,0.4674471077729289,0,"{""gwas_credible_sets"": 0.4674471077729289}",unknown,0,[]
ENSG00000152256,PDK1,0.46307149006224374,0,"{""gwas_credible_sets"": 0.46307149006224374}",unknown,0,[]
ENSG00000138413,IDH1,0,0,{},unknown,0,"[""CHEMBL3989958"", ""CHEMBL4279047"", ""CHEMBL4297610""]"
ENSG00000170279,C7orf33,0.46333594579456955,0,"{""gwas_credible_sets"": 0.46333594579456955}",unknown,0,[]
ENSG00000134982,APC,0,0,{},unknown,0,[]
ENSG00000161904,LEMD2,0.4600464056437199,0,"{""gwas_credible_sets"": 0.4600464056437199}",unknown,0,[]
ENSG00000112164,GLP1R,0,0,{},unknown,0,"[""CHEMBL2107841"", ""CHEMBL2108027"", ""CHEMBL2108336"", ""CHEMBL2108724"", ""CHEMBL4084119"", ""CHEMBL414357"", ""CHEMBL4297839""]"
ENSG00000133703,KRAS,0,0,{},unknown,0,"[""CHEMBL4535757"", ""CHEMBL4594350""]"
ENSG00000163466,ARPC2,0.4593102452411669,0,"{""gwas_credible_sets"": 0.4593102452411669}",unknown,0,[]
ENSG00000213066,CEP43,0.4571934895815211,0,"{""gwas_credible_sets"": 0.4571934895815211}",unknown,0,[]
ENSG00000108688,CCL7,0.44111942161885564,0.30653473118642166,"{""gwas_credible_sets"": 0.44111942161885564, ""expression_atlas"": 0.30653473118642166}",unknown,0,[]
ENSG00000138378,STAT4,0.45121494482703284,0.02059406961301235,"{""gwas_credible_sets"": 0.45121494482703284, ""expression_atlas"": 0.02059406961301235}",unknown,0,[]
ENSG00000010310,GIPR,0,0,{},unknown,0,"[""CHEMBL4297839""]"
ENSG00000183454,GRIN2A,0,0,{},unknown,0,"[""CHEMBL1094"", ""CHEMBL1201293"", ""CHEMBL395091"", ""CHEMBL52440"", ""CHEMBL660"", ""CHEMBL742"", ""CHEMBL807"", ""CHEMBL900""]"
ENSG00000116288,PARK7,0.45459131781583134,0,"{""gwas_credible_sets"": 0.45459131781583134}",unknown,0,[]
ENSG00000148396,SEC16A,0.45517652075109877,0,"{""gwas_credible_sets"": 0.45517652075109877}",unknown,0,[]
ENSG00000095261,PSMD5,0.45353658949881714,0,"{""gwas_credible_sets"": 0.45353658949881714}",unknown,0,[]
ENSG00000142188,TMEM50B,0.45256571251757993,0,"{""gwas_credible_sets"": 0.45256571251757993}",unknown,0,[]
ENSG00000091140,DLD,0.45179438669537425,0,"{""gwas_credible_sets"": 0.45179438669537425}",unknown,0,[]
ENSG00000116285,ERRFI1,0.45174294361004746,0,"{""gwas_credible_sets"": 0.45174294361004746}",unknown,0,[]
ENSG00000164307,ERAP1,0.4499672478817136,0,"{""gwas_credible_sets"": 0.4499672478817136}",unknown,0,[]
ENSG00000150907,FOXO1,0.44975035350685855,0,"{""gwas_credible_sets"": 0.44975035350685855}",unknown,0,[]
ENSG00000160752,FDPS,0.09220896409440398,0,"{""gwas_credible_sets"": 0.09220896409440398}",unknown,0,"[""CHEMBL319144"", ""CHEMBL834"", ""CHEMBL870"", ""CHEMBL923"", ""CHEMBL924"", ""CHEMBL997""]"
ENSG00000108175,ZMIZ1,0.44447862775185515,0,"{""gwas_credible_sets"": 0.44447862775185515}",unknown,0,[]
ENSG00000170889,RPS9,0.4446314648965719,0,"{""gwas_credible_sets"": 0.4446314648965719}",unknown,0,"[""CHEMBL256997""]"
ENSG00000137033,IL33,0.4350294894396567,0.020346897316222006,"{""gwas_credible_sets"": 0.4350294894396567, ""expression_atlas"": 0.020346897316222006}",unknown,0,[]
ENSG00000186889,TMEM17,0.4406900791007853,0,"{""gwas_credible_sets"": 0.4406900791007853}",unknown,0,[]
ENSG00000178607,ERN1,0.43562143255523583,0,"{""gwas_credible_sets"": 0.43562143255523583}",unknown,0,[]
ENSG00000122483,CCDC18,0.4357224933626152,0,"{""gwas_credible_sets"": 0.4357224933626152}",unknown,0,[]
ENSG00000114013,CD86,0,0.024449439795226086,"{""expression_atlas"": 0.024449439795226086}",unknown,0,"[""CHEMBL1201823"", ""CHEMBL1742990""]"
ENSG00000121594,CD80,0,0.022392102722350878,"{""expression_atlas"": 0.022392102722350878}",unknown,0,"[""CHEMBL1201823"", ""CHEMBL1742990""]"
ENSG00000055208,TAB2,0.43351227285099286,0,"{""gwas_credible_sets"": 0.43351227285099286}",unknown,0,[]
ENSG00000197561,ELANE,0,0,{},unknown,0,"[""CHEMBL4297879""]"
ENSG00000131196,NFATC1,0.4276889382391855,0.009935251306353018,"{""gwas_credible_sets"": 0.4276889382391855, ""expression_atlas"": 0.009935251306353018}",unknown,0,[]
ENSG00000118420,UBE3D,0.42923659264721065,0,"{""gwas_credible_sets"": 0.42923659264721065}",unknown,0,[]
ENSG00000138688,BLTP1,0.42902225035869784,0,"{""gwas_credible_sets"": 0.42902225035869784}",unknown,0,[]
ENSG00000221914,PPP2R2A,0.4273799219016697,0,"{""gwas_credible_sets"": 0.4273799219016697}",unknown,0,[]
ENSG00000152804,HHEX,0.4271402603096986,0,"{""gwas_credible_sets"": 0.4271402603096986}",unknown,0,[]
ENSG00000070019,GUCY2C,0,0,{},unknown,0,"[""CHEMBL2103867"", ""CHEMBL3301675""]"
ENSG00000103522,IL21R,0.4238983426637246,0.016503070220679258,"{""gwas_credible_sets"": 0.4238983426637246, ""expression_atlas"": 0.016503070220679258}",unknown,0,[]
ENSG00000157827,FMNL2,0.42555155832813474,0,"{""eva"": 0.42555155832813474}",unknown,0,[]
ENSG00000089169,RPH3A,0.4225887917212033,0,"{""gwas_credible_sets"": 0.4225887917212033}",unknown,0,[]
ENSG00000115970,THADA,0.4143789080027167,0,"{""gwas_credible_sets"": 0.4143789080027167}",unknown,0,[]
ENSG00000115267,IFIH1,0.4133871490442839,0.01637641925530662,"{""gwas_credible_sets"": 0.4133871490442839, ""expression_atlas"": 0.01637641925530662}",unknown,0,[]
ENSG00000171587,DSCAM,0.4152292531191305,0,"{""gwas_credible_sets"": 0.4152292531191305}",unknown,0,[]
ENSG00000134453,RBM17,0.4147381314779747,0,"{""gwas_credible_sets"": 0.4147381314779747}",unknown,0,[]
ENSG00000112679,DUSP22,0.4122234822217014,0,"{""gwas_credible_sets"": 0.4122234822217014}",unknown,0,[]
ENSG00000196141,SPATS2L,0.4137081955675473,0,"{""gwas_credible_sets"": 0.4137081955675473}",unknown,0,[]
ENSG00000072694,FCGR2B,0.40825000608157797,0.014122049568508785,"{""gwas_credible_sets"": 0.40825000608157797, ""expression_atlas"": 0.014122049568508785}",unknown,0,[]
ENSG00000018236,CNTN1,0.4033676937967124,0.08724943586872973,"{""gwas_credible_sets"": 0.4033676937967124, ""expression_atlas"": 0.08724943586872973}",unknown,0,[]
ENSG00000137265,IRF4,0.39475634099071927,0.016475719386306924,"{""gwas_credible_sets"": 0.39475634099071927, ""expression_atlas"": 0.016475719386306924}",unknown,0,[]
ENSG00000189292,ALKAL2,0.40284562631197957,0,"{""gwas_credible_sets"": 0.40284562631197957}",unknown,0,[]
ENSG00000109471,IL2,0.38828963129053395,0,"{""gwas_credible_sets"": 0.38828963129053395}",unknown,0,[]
ENSG00000096433,ITPR3,0.3990660463282875,0,"{""gwas_credible_sets"": 0.3990660463282875}",unknown,0,[]
ENSG00000162613,FUBP1,0.3987744955014052,0,"{""gwas_credible_sets"": 0.3987744955014052}",unknown,0,[]
ENSG00000053328,METTL24,0.39529447438992743,0,"{""gwas_credible_sets"": 0.39529447438992743}",unknown,0,[]
ENSG00000132356,PRKAA1,0.3940919948708682,0,"{""gwas_credible_sets"": 0.3940919948708682}",unknown,0,[]
ENSG00000203896,LIME1,0.39176062635650755,0,"{""gwas_credible_sets"": 0.39176062635650755}",unknown,0,[]
ENSG00000111145,ELK3,0.38834754035882185,0.010433708042521465,"{""gwas_credible_sets"": 0.38834754035882185, ""expression_atlas"": 0.010433708042521465}",unknown,0,[]
ENSG00000196502,SULT1A1,0.38495883028247435,0,"{""gwas_credible_sets"": 0.38495883028247435}",unknown,0,[]
ENSG00000136240,KDELR2,0.3875586301282508,0,"{""gwas_credible_sets"": 0.3875586301282508}",unknown,0,[]
ENSG00000241484,ARHGAP8,0.3855276870138354,0,"{""gwas_credible_sets"": 0.3855276870138354}",unknown,0,[]
ENSG00000134376,CRB1,0.38541769491079964,0,"{""gwas_credible_sets"": 0.38541769491079964}",unknown,0,[]
ENSG00000065882,TBC1D1,0.3825379082625678,0,"{""gwas_credible_sets"": 0.3825379082625678}",unknown,0,[]
ENSG00000265808,SEC22B,0.38358526269462506,0,"{""gwas_credible_sets"": 0.38358526269462506}",unknown,0,[]
ENSG00000143772,ITPKB,0.38172275803370653,0,"{""gwas_credible_sets"": 0.38172275803370653}",unknown,0,[]
ENSG00000237651,DEMA1,0.3810353887308798,0,"{""gwas_credible_sets"": 0.3810353887308798}",unknown,0,[]
ENSG00000168875,SOX14,0.36245413272252536,0.33669041862623444,"{""gwas_credible_sets"": 0.36245413272252536, ""expression_atlas"": 0.33669041862623444}",unknown,0,[]
ENSG00000168488,ATXN2L,0.3789320085887656,0,"{""gwas_credible_sets"": 0.3789320085887656}",unknown,0,[]
ENSG00000065989,PDE4A,0.23243057389068916,0,"{""gwas_credible_sets"": 0.23243057389068916}",unknown,0,"[""CHEMBL1096"", ""CHEMBL1208646"", ""CHEMBL1493"", ""CHEMBL1752"", ""CHEMBL190"", ""CHEMBL193240"", ""CHEMBL19449"", ""CHEMBL4594287"", ""CHEMBL484785"", ""CHEMBL514800"", ""CHEMBL628"", ""CHEMBL932""]"
ENSG00000091138,SLC26A3,0.37100404371012025,0.12570284475411977,"{""gwas_credible_sets"": 0.37100404371012025, ""expression_atlas"": 0.12570284475411977}",unknown,0,[]
ENSG00000148200,NR6A1,0.3765713745197994,0,"{""gwas_credible_sets"": 0.3765713745197994}",unknown,0,[]
ENSG00000132405,TBC1D14,0.37592855676328785,0,"{""gwas_credible_sets"": 0.37592855676328785}",unknown,0,[]
ENSG00000250254,PTTG2,0.3742288549569497,0,"{""gwas_credible_sets"": 0.3742288549569497}",unknown,0,[]
ENSG00000137507,LRRC32,0.37234208798889007,0,"{""gwas_credible_sets"": 0.37234208798889007}",unknown,0,[]
ENSG00000188906,LRRK2,0.35908318156088936,0.050269161986440325,"{""gwas_credible_sets"": 0.35908318156088936, ""expression_atlas"": 0.050269161986440325}",unknown,0,[]
ENSG00000131183,SLC34A1,0.3688533943592479,0,"{""gwas_credible_sets"": 0.3688533943592479}",unknown,0,[]
ENSG00000106346,USP42,0.36303625601781053,0,"{""gwas_credible_sets"": 0.36303625601781053}",unknown,0,[]
ENSG00000118432,CNR1,0,0.017346254648973446,"{""expression_atlas"": 0.017346254648973446}",unknown,0,"[""CHEMBL190461"", ""CHEMBL2218896"", ""CHEMBL465""]"
ENSG00000188603,CLN3,0.35912838611116243,0,"{""gwas_credible_sets"": 0.35912838611116243}",unknown,0,[]
ENSG00000133103,COG6,0.3601675368373806,0,"{""gwas_credible_sets"": 0.3601675368373806}",unknown,0,[]
ENSG00000143194,MAEL,0.35956601849112746,0,"{""gwas_credible_sets"": 0.35956601849112746}",unknown,0,[]
ENSG00000112964,GHR,0,0.023483312321574815,"{""expression_atlas"": 0.023483312321574815}",unknown,0,"[""CHEMBL1201515"", ""CHEMBL1201620"", ""CHEMBL1201621"", ""CHEMBL3707290"", ""CHEMBL4297830"", ""CHEMBL4298185""]"
ENSG00000173402,DAG1,0.3519336495578676,0,"{""gwas_credible_sets"": 0.3519336495578676}",unknown,0,[]
ENSG00000169220,RGS14,0.34974659678767106,0,"{""gwas_credible_sets"": 0.34974659678767106}",unknown,0,[]
ENSG00000137492,THAP12,0.35098418402870246,0,"{""gwas_credible_sets"": 0.35098418402870246}",unknown,0,[]
ENSG00000072110,ACTN1,0.34976223908965864,0,"{""gwas_credible_sets"": 0.34976223908965864}",unknown,0,[]
ENSG00000011275,RNF216,0.3469647250400439,0,"{""gwas_credible_sets"": 0.3469647250400439}",unknown,0,[]
ENSG00000110799,VWF,0.33195960480490044,0.21207382378926448,"{""gwas_credible_sets"": 0.33195960480490044, ""expression_atlas"": 0.21207382378926448}",unknown,0,"[""CHEMBL2107873"", ""CHEMBL2109624"", ""CHEMBL4298126""]"
ENSG00000120688,WBP4,0.3426755482451542,0,"{""gwas_credible_sets"": 0.3426755482451542}",unknown,0,[]
ENSG00000158517,NCF1,0.3387548481157134,0.042874414671462455,"{""gwas_credible_sets"": 0.3387548481157134, ""expression_atlas"": 0.042874414671462455}",unknown,0,[]
ENSG00000026103,FAS,0.3338722593967667,0,"{""gwas_credible_sets"": 0.3338722593967667}",unknown,0,[]
ENSG00000175646,PRM1,0.33920115977217935,0,"{""gwas_credible_sets"": 0.33920115977217935}",unknown,0,[]
ENSG00000134954,ETS1,0.33800455573005755,0,"{""gwas_credible_sets"": 0.33800455573005755}",unknown,0,[]
ENSG00000138386,NAB1,0.336315261284942,0,"{""gwas_credible_sets"": 0.336315261284942}",unknown,0,[]
ENSG00000182134,TDRKH,0.3374204394823142,0,"{""gwas_credible_sets"": 0.3374204394823142}",unknown,0,[]
ENSG00000113161,HMGCR,0,0,{},unknown,0,"[""CHEMBL1064"", ""CHEMBL1144"", ""CHEMBL1201753"", ""CHEMBL1487"", ""CHEMBL1496"", ""CHEMBL2220442"", ""CHEMBL503""]"
ENSG00000114503,NCBP2,0,0,{},unknown,0,[]
ENSG00000136937,NCBP1,0,0,{},unknown,0,[]
ENSG00000168214,RBPJ,0.33217549590937034,0,"{""gwas_credible_sets"": 0.33217549590937034}",unknown,0,[]
ENSG00000177468,OLIG3,0.33102893224242896,0,"{""gwas_credible_sets"": 0.33102893224242896}",unknown,0,[]
ENSG00000105675,ATP4A,0,0,{},unknown,0,"[""CHEMBL1201320"", ""CHEMBL1201863"", ""CHEMBL1219"", ""CHEMBL1502"", ""CHEMBL1503"", ""CHEMBL2079130"", ""CHEMBL480""]"
ENSG00000143420,ENSA,0.3294014872650781,0,"{""gwas_credible_sets"": 0.3294014872650781}",unknown,0,[]
ENSG00000075624,ACTB,0.327710811341554,0,"{""gwas_credible_sets"": 0.327710811341554}",unknown,0,[]
ENSG00000113448,PDE4D,0.03502364826196417,0.01635098289812564,"{""gwas_credible_sets"": 0.03502364826196417, ""expression_atlas"": 0.01635098289812564}",unknown,0,"[""CHEMBL1096"", ""CHEMBL1208646"", ""CHEMBL1493"", ""CHEMBL1752"", ""CHEMBL190"", ""CHEMBL193240"", ""CHEMBL19449"", ""CHEMBL4594287"", ""CHEMBL484785"", ""CHEMBL514800"", ""CHEMBL628"", ""CHEMBL932""]"
ENSG00000157873,TNFRSF14,0.32507692537282157,0,"{""gwas_credible_sets"": 0.32507692537282157}",unknown,0,[]
ENSG00000186009,ATP4B,0,0,{},unknown,0,"[""CHEMBL1201320"", ""CHEMBL1201863"", ""CHEMBL1219"", ""CHEMBL1502"", ""CHEMBL1503"", ""CHEMBL2079130"", ""CHEMBL480""]"
ENSG00000168763,CNNM3,0.3256008544563278,0,"{""gwas_credible_sets"": 0.3256008544563278}",unknown,0,[]
ENSG00000134802,SLC43A3,0.3246636957394925,0.016654788567160385,"{""gwas_credible_sets"": 0.3246636957394925, ""expression_atlas"": 0.016654788567160385}",unknown,0,[]
ENSG00000116793,PHTF1,0.32503387759972485,0,"{""gwas_credible_sets"": 0.32503387759972485}",unknown,0,[]
ENSG00000184588,PDE4B,0,0.11705336896939017,"{""expression_atlas"": 0.11705336896939017}",unknown,0,"[""CHEMBL1096"", ""CHEMBL1208646"", ""CHEMBL1493"", ""CHEMBL1752"", ""CHEMBL190"", ""CHEMBL193240"", ""CHEMBL19449"", ""CHEMBL4594287"", ""CHEMBL484785"", ""CHEMBL514800"", ""CHEMBL628"", ""CHEMBL932""]"
ENSG00000095794,CREM,0.32291929140520714,0,"{""gwas_credible_sets"": 0.32291929140520714}",unknown,0,[]
ENSG00000159131,GART,0.31882365656253564,0,"{""gwas_credible_sets"": 0.31882365656253564}",unknown,0,"[""CHEMBL225072""]"
ENSG00000164823,OSGIN2,0.3208127227634235,0,"{""gwas_credible_sets"": 0.3208127227634235}",unknown,0,[]
ENSG00000023330,ALAS1,0.32064072190740767,0,"{""gwas_credible_sets"": 0.32064072190740767}",unknown,0,[]
ENSG00000151151,IPMK,0.3108249962248737,0,"{""gwas_credible_sets"": 0.3108249962248737}",unknown,0,[]
ENSG00000105650,PDE4C,0,0,{},unknown,0,"[""CHEMBL1096"", ""CHEMBL1208646"", ""CHEMBL1493"", ""CHEMBL1752"", ""CHEMBL190"", ""CHEMBL193240"", ""CHEMBL19449"", ""CHEMBL4594287"", ""CHEMBL484785"", ""CHEMBL514800"", ""CHEMBL628"", ""CHEMBL932""]"
ENSG00000116641,DOCK7,0.3187925948131718,0,"{""gwas_credible_sets"": 0.3187925948131718}",unknown,0,[]
ENSG00000049246,PER3,0.31573320330338345,0,"{""gwas_credible_sets"": 0.31573320330338345}",unknown,0,[]
ENSG00000162692,VCAM1,0.30841413975396137,0.030097564382406905,"{""gwas_credible_sets"": 0.30841413975396137, ""expression_atlas"": 0.030097564382406905}",unknown,0,[]
ENSG00000073605,GSDMB,0.30943723322196226,0.013798312161160021,"{""gwas_credible_sets"": 0.30943723322196226, ""expression_atlas"": 0.013798312161160021}",unknown,0,[]
ENSG00000038532,CLEC16A,0.31358276230663173,0,"{""gwas_credible_sets"": 0.31358276230663173}",unknown,0,[]
ENSG00000073417,PDE8A,0.313763514035714,0,"{""gwas_credible_sets"": 0.313763514035714}",unknown,0,"[""CHEMBL1493"", ""CHEMBL628"", ""CHEMBL932""]"
ENSG00000127080,IPPK,0.3136628518188262,0,"{""gwas_credible_sets"": 0.3136628518188262}",unknown,0,[]
ENSG00000111249,CUX2,0.31316219498470665,0,"{""gwas_credible_sets"": 0.31316219498470665}",unknown,0,[]
ENSG00000100376,SIRAL2,0.3126539830489956,0,"{""gwas_credible_sets"": 0.3126539830489956}",unknown,0,[]
ENSG00000140675,SLC5A2,0,0.09242272380199619,"{""expression_atlas"": 0.09242272380199619}",unknown,0,"[""CHEMBL1770248"", ""CHEMBL1808388"", ""CHEMBL2018096"", ""CHEMBL2048484"", ""CHEMBL2107830"", ""CHEMBL2110731"", ""CHEMBL3039507"", ""CHEMBL429910""]"
ENSG00000178828,RNF186,0.3007855163345349,0.10104925706275508,"{""gwas_credible_sets"": 0.3007855163345349, ""expression_atlas"": 0.10104925706275508}",unknown,0,[]
ENSG00000141736,ERBB2,0,0,{},unknown,0,"[""CHEMBL1173655"", ""CHEMBL1201585"", ""CHEMBL1743082"", ""CHEMBL180022"", ""CHEMBL2007641"", ""CHEMBL2110732"", ""CHEMBL2364649"", ""CHEMBL24828"", ""CHEMBL313972"", ""CHEMBL3989868"", ""CHEMBL4297844"", ""CHEMBL4298025"", ""CHEMBL4650256"", ""CHEMBL554""]"
ENSG00000101246,ARFRP1,0.3040673269375441,0,"{""gwas_credible_sets"": 0.3040673269375441}",unknown,0,[]
ENSG00000122873,CISD1,0.3042874599230526,0,"{""gwas_credible_sets"": 0.3042874599230526}",unknown,0,[]
ENSG00000127616,SMARCA4,0,0,{},unknown,0,[]
ENSG00000142319,SLC6A3,0,0,{},unknown,0,"[""CHEMBL1201192"", ""CHEMBL1201201"", ""CHEMBL1201208"", ""CHEMBL1201222"", ""CHEMBL1373"", ""CHEMBL1615439"", ""CHEMBL405"", ""CHEMBL4301162"", ""CHEMBL612"", ""CHEMBL781"", ""CHEMBL796"", ""CHEMBL827"", ""CHEMBL894""]"
ENSG00000173093,CCDC63,0.3043065560311519,0,"{""gwas_credible_sets"": 0.3043065560311519}",unknown,0,[]
ENSG00000198795,ZNF521,0,0,{},unknown,0,[]
ENSG00000110713,NUP98,0,0,{},unknown,0,[]
ENSG00000181690,PLAG1,0,0,{},unknown,0,[]
ENSG00000109670,FBXW7,0,0,{},unknown,0,[]
ENSG00000157554,ERG,0,0,{},unknown,0,[]
ENSG00000164327,RICTOR,0,0,{},unknown,0,[]
ENSG00000103546,SLC6A2,0,0,{},unknown,0,"[""CHEMBL1037"", ""CHEMBL11"", ""CHEMBL1113"", ""CHEMBL1118"", ""CHEMBL1175"", ""CHEMBL1199080"", ""CHEMBL1201201"", ""CHEMBL1201208"", ""CHEMBL1201222"", ""CHEMBL1201260"", ""CHEMBL1201776"", ""CHEMBL14370"", ""CHEMBL1492500"", ""CHEMBL1574"", ""CHEMBL1590"", ""CHEMBL1615439"", ""CHEMBL1628227"", ""CHEMBL169901"", ""CHEMBL21731"", ""CHEMBL259209"", ""CHEMBL306700"", ""CHEMBL3545985"", ""CHEMBL405"", ""CHEMBL4301162"", ""CHEMBL445"", ""CHEMBL612"", ""CHEMBL629"", ""CHEMBL637"", ""CHEMBL641"", ""CHEMBL644"", ""CHEMBL668"", ""CHEMBL72"", ""CHEMBL765"", ""CHEMBL781"", ""CHEMBL796"", ""CHEMBL818"", ""CHEMBL827"", ""CHEMBL894"", ""CHEMBL900"", ""CHEMBL99946""]"
ENSG00000111321,LTBR,0.2993261109685538,0,"{""gwas_credible_sets"": 0.2993261109685538}",unknown,0,[]
ENSG00000103932,RPAP1,0.297770777151044,0,"{""gwas_credible_sets"": 0.297770777151044}",unknown,0,[]
ENSG00000143195,ILDR2,0.29716019087110607,0,"{""gwas_credible_sets"": 0.29716019087110607}",unknown,0,[]
ENSG00000134882,UBAC2,0.2971341001792942,0,"{""gwas_credible_sets"": 0.2971341001792942}",unknown,0,[]
ENSG00000185404,SP140L,0.2955732614722889,0.009813923849784764,"{""gwas_credible_sets"": 0.2955732614722889, ""expression_atlas"": 0.009813923849784764}",unknown,0,[]
ENSG00000124164,VAPB,0.2955170015693356,0,"{""gwas_credible_sets"": 0.2955170015693356}",unknown,0,[]
ENSG00000189403,HMGB1,0.2828349029549475,0,"{""gwas_credible_sets"": 0.2828349029549475}",unknown,0,[]
ENSG00000125245,GPR18,0.28950540542122855,0,"{""gwas_credible_sets"": 0.28950540542122855}",unknown,0,[]
ENSG00000163464,CXCR1,0.2640522681595687,0.5051967271203633,"{""gwas_credible_sets"": 0.2640522681595687, ""expression_atlas"": 0.5051967271203633}",unknown,0,[]
ENSG00000140968,IRF8,0.2887311433912251,0,"{""gwas_credible_sets"": 0.2887311433912251}",unknown,0,[]
ENSG00000149485,FADS1,0.2851079212223824,0.03944417793389162,"{""gwas_credible_sets"": 0.2851079212223824, ""expression_atlas"": 0.03944417793389162}",unknown,0,[]
ENSG00000116521,SCAMP3,0.2852154484307459,0,"{""gwas_credible_sets"": 0.2852154484307459}",unknown,0,[]
ENSG00000078725,BRINP1,0.2808433093279877,0.023446671364430134,"{""gwas_credible_sets"": 0.2808433093279877, ""expression_atlas"": 0.023446671364430134}",unknown,0,[]
ENSG00000108018,SORCS1,0.2814556167941395,0,"{""gwas_credible_sets"": 0.2814556167941395}",unknown,0,[]
ENSG00000168961,LGALS9,0.27603244721964626,0,"{""gwas_credible_sets"": 0.27603244721964626}",unknown,0,[]
ENSG00000148513,ANKRD30A,0.2772350145492015,0,"{""gwas_credible_sets"": 0.2772350145492015}",unknown,0,[]
ENSG00000170430,MGMT,0.2720319229778794,0,"{""gwas_credible_sets"": 0.2720319229778794}",unknown,0,[]
ENSG00000176887,SOX11,0.27332393593876875,0,"{""gwas_credible_sets"": 0.27332393593876875}",unknown,0,[]
ENSG00000155052,CNTNAP5,0.2689933227181392,0,"{""gwas_credible_sets"": 0.2689933227181392}",unknown,0,[]
ENSG00000220201,ZGLP1,0.26602274529771125,0,"{""gwas_credible_sets"": 0.26602274529771125}",unknown,0,[]
ENSG00000151693,ASAP2,0.26557642384633695,0,"{""gwas_credible_sets"": 0.26557642384633695}",unknown,0,[]
ENSG00000178257,PRM3,0.2655223852675594,0,"{""gwas_credible_sets"": 0.2655223852675594}",unknown,0,[]
ENSG00000176476,SGF29,0.2587392710477924,0,"{""gwas_credible_sets"": 0.2587392710477924}",unknown,0,[]
ENSG00000102743,SLC25A15,0.2585872714324506,0.01194376386786996,"{""gwas_credible_sets"": 0.2585872714324506, ""expression_atlas"": 0.01194376386786996}",unknown,0,[]
ENSG00000006704,GTF2IRD1,0.25629355228353473,0,"{""gwas_credible_sets"": 0.25629355228353473}",unknown,0,[]
ENSG00000122861,PLAU,0.23764418055094688,0.2896903110394619,"{""gwas_credible_sets"": 0.23764418055094688, ""expression_atlas"": 0.2896903110394619}",unknown,0,"[""CHEMBL1201420""]"
ENSG00000120658,ENOX1,0.2556321065073416,0,"{""gwas_credible_sets"": 0.2556321065073416}",unknown,0,[]
ENSG00000173064,HECTD4,0.25484848362493645,0,"{""gwas_credible_sets"": 0.25484848362493645}",unknown,0,[]
ENSG00000175857,GAPT,0.25368603465483625,0.020290364432158824,"{""gwas_credible_sets"": 0.25368603465483625, ""expression_atlas"": 0.020290364432158824}",unknown,0,[]
ENSG00000122304,PRM2,0.25458259589839327,0,"{""gwas_credible_sets"": 0.25458259589839327}",unknown,0,[]
ENSG00000185950,IRS2,0.25448839731450007,0,"{""gwas_credible_sets"": 0.25448839731450007}",unknown,0,[]
ENSG00000105376,ICAM5,0.2534333972312416,0,"{""gwas_credible_sets"": 0.2534333972312416}",unknown,0,[]
ENSG00000170820,FSHR,0.2501426920084372,0,"{""gwas_credible_sets"": 0.2501426920084372}",unknown,0,"[""CHEMBL1201520"", ""CHEMBL1201692"", ""CHEMBL2108185"", ""CHEMBL2108427"", ""CHEMBL4297955"", ""CHEMBL5315064"", ""CHEMBL5315126""]"
ENSG00000122877,EGR2,0.24870153977498702,0,"{""gwas_credible_sets"": 0.24870153977498702}",unknown,0,[]
ENSG00000103449,SALL1,0.24779041022204576,0,"{""gwas_credible_sets"": 0.24779041022204576}",unknown,0,[]
ENSG00000113441,LNPEP,0.24648189727559638,0,"{""gwas_credible_sets"": 0.24648189727559638}",unknown,0,[]
ENSG00000112486,CCR6,0.24033831256660265,0,"{""gwas_credible_sets"": 0.24033831256660265}",unknown,0,[]
ENSG00000157557,ETS2,0.24093733519284571,0,"{""gwas_credible_sets"": 0.24093733519284571}",unknown,0,[]
ENSG00000172179,PRL,0.239335290797191,0,"{""gwas_credible_sets"": 0.239335290797191}",unknown,0,[]
ENSG00000198453,ZNF568,0.24126059208156272,0,"{""gwas_credible_sets"": 0.24126059208156272}",unknown,0,[]
ENSG00000169567,HINT1,0.2392894873647042,0,"{""gwas_credible_sets"": 0.2392894873647042}",unknown,0,[]
ENSG00000130518,IQCN,0.24034669655523924,0,"{""gwas_credible_sets"": 0.24034669655523924}",unknown,0,[]
ENSG00000143384,MCL1,0.23675465339786206,0,"{""gwas_credible_sets"": 0.23675465339786206}",unknown,0,[]
ENSG00000054967,RELT,0.23950326095718727,0,"{""gwas_credible_sets"": 0.23950326095718727}",unknown,0,[]
ENSG00000130222,GADD45G,0.23633863363109153,0,"{""gwas_credible_sets"": 0.23633863363109153}",unknown,0,[]
ENSG00000161179,YDJC,0.23481419939965012,0,"{""gwas_credible_sets"": 0.23481419939965012}",unknown,0,[]
ENSG00000233276,GPX1,0.22213176162790915,0,"{""gwas_credible_sets"": 0.22213176162790915}",unknown,0,[]
ENSG00000161847,RAVER1,0.23051769056223398,0,"{""gwas_credible_sets"": 0.23051769056223398}",unknown,0,[]
ENSG00000158636,EMSY,0.22796569345615955,0,"{""gwas_credible_sets"": 0.22796569345615955}",unknown,0,[]
ENSG00000150281,CTF1,0.2293943900858045,0,"{""gwas_credible_sets"": 0.2293943900858045}",unknown,0,[]
ENSG00000105954,NPVF,0.22843481971268942,0,"{""gwas_credible_sets"": 0.22843481971268942}",unknown,0,[]
ENSG00000143365,RORC,0.22330425349309552,0.03255692508949958,"{""gwas_credible_sets"": 0.22330425349309552, ""expression_atlas"": 0.03255692508949958}",unknown,0,[]
ENSG00000106546,AHR,0.22006664787153107,0,"{""gwas_credible_sets"": 0.22006664787153107}",unknown,0,"[""CHEMBL259571""]"
ENSG00000073067,CYP2W1,0.22501773966339095,0,"{""gwas_credible_sets"": 0.22501773966339095}",unknown,0,[]
ENSG00000176046,NUPR1,0.2215067992546139,0.02725642917214168,"{""gwas_credible_sets"": 0.2215067992546139, ""expression_atlas"": 0.02725642917214168}",unknown,0,[]
ENSG00000164638,SLC29A4,0.2210997468667595,0,"{""gwas_credible_sets"": 0.2210997468667595}",unknown,0,[]
ENSG00000083097,DOP1A,0.22014265183118625,0,"{""gwas_credible_sets"": 0.22014265183118625}",unknown,0,[]
ENSG00000100330,MTMR3,0.21683613308422411,0,"{""gwas_credible_sets"": 0.21683613308422411}",unknown,0,[]
ENSG00000223601,EBLN1,0.21800309054308126,0,"{""gwas_credible_sets"": 0.21800309054308126}",unknown,0,[]
ENSG00000129187,DCTD,0.21781712996098332,0,"{""gwas_credible_sets"": 0.21781712996098332}",unknown,0,[]
ENSG00000172156,CCL11,0.20300723375730448,0.07458975610153479,"{""gwas_credible_sets"": 0.20300723375730448, ""expression_atlas"": 0.07458975610153479}",unknown,0,[]
ENSG00000230601,TEX48,0.21730444294111617,0,"{""gwas_credible_sets"": 0.21730444294111617}",unknown,0,[]
ENSG00000101216,GMEB2,0.2169350695854606,0,"{""gwas_credible_sets"": 0.2169350695854606}",unknown,0,[]
ENSG00000154252,GAL3ST2,0.20749678871603788,0.1758873558678791,"{""gwas_credible_sets"": 0.20749678871603788, ""expression_atlas"": 0.1758873558678791}",unknown,0,[]
ENSG00000106268,NUDT1,0.21567343782596501,0,"{""gwas_credible_sets"": 0.21567343782596501}",unknown,0,[]
ENSG00000136244,IL6,0,0.42887186568251356,"{""expression_atlas"": 0.42887186568251356}",unknown,0,"[""CHEMBL1743070""]"
ENSG00000152518,ZFP36L2,0.21360240126400026,0,"{""gwas_credible_sets"": 0.21360240126400026}",unknown,0,[]
ENSG00000102243,VGLL1,0.21351704514846317,0,"{""gwas_credible_sets"": 0.21351704514846317}",unknown,0,[]
ENSG00000108179,PPIF,0.21158148167856725,0,"{""gwas_credible_sets"": 0.21158148167856725}",unknown,0,[]
ENSG00000175093,SPSB4,0.2117954965795869,0,"{""gwas_credible_sets"": 0.2117954965795869}",unknown,0,[]
ENSG00000178279,TNP2,0.21043685024721817,0,"{""gwas_credible_sets"": 0.21043685024721817}",unknown,0,[]
ENSG00000150594,ADRA2A,0.21032116470427323,0,"{""gwas_credible_sets"": 0.21032116470427323}",unknown,0,"[""CHEMBL1079"", ""CHEMBL1201233"", ""CHEMBL1201234"", ""CHEMBL1201262"", ""CHEMBL1201454"", ""CHEMBL1266"", ""CHEMBL134"", ""CHEMBL1437"", ""CHEMBL1546"", ""CHEMBL17860"", ""CHEMBL2103827"", ""CHEMBL211456"", ""CHEMBL2364968"", ""CHEMBL27810"", ""CHEMBL312448"", ""CHEMBL3559672"", ""CHEMBL420"", ""CHEMBL429"", ""CHEMBL459"", ""CHEMBL597"", ""CHEMBL647"", ""CHEMBL654"", ""CHEMBL677"", ""CHEMBL679"", ""CHEMBL753"", ""CHEMBL761"", ""CHEMBL762"", ""CHEMBL770"", ""CHEMBL778"", ""CHEMBL844"", ""CHEMBL862""]"
ENSG00000105656,ELL,0.21024213508043152,0,"{""gwas_credible_sets"": 0.21024213508043152}",unknown,0,[]
ENSG00000008710,PKD1,0.2090273984612618,0,"{""gene_burden"": 0.2090273984612618}",activate,2,[]
ENSG00000113525,IL5,0.2021214821554497,0,"{""gwas_credible_sets"": 0.2021214821554497}",unknown,0,"[""CHEMBL2107884"", ""CHEMBL2108429""]"
ENSG00000125910,S1PR4,0,0.012651122749987267,"{""expression_atlas"": 0.012651122749987267}",unknown,0,"[""CHEMBL314854"", ""CHEMBL3358920""]"
ENSG00000134825,TMEM258,0.20479602585565662,0,"{""gwas_credible_sets"": 0.20479602585565662}",unknown,0,[]
ENSG00000153790,SPMIP4,0.20622015772457578,0.02283286303268042,"{""gwas_credible_sets"": 0.20622015772457578, ""expression_atlas"": 0.02283286303268042}",unknown,0,[]
ENSG00000145908,ZNF300,0.2015412222690068,0,"{""gwas_credible_sets"": 0.2015412222690068}",unknown,0,[]
ENSG00000124160,NCOA5,0.20304975423342936,0,"{""gwas_credible_sets"": 0.20304975423342936}",unknown,0,[]
ENSG00000160221,GATD3,0.20144884693038798,0,"{""gwas_credible_sets"": 0.20144884693038798}",unknown,0,[]
ENSG00000117500,TMED5,0.20087520417373042,0,"{""gwas_credible_sets"": 0.20087520417373042}",unknown,0,[]
ENSG00000145592,RPL37,0.20026512109936817,0,"{""gwas_credible_sets"": 0.20026512109936817}",unknown,0,"[""CHEMBL256997""]"
ENSG00000174123,TLR10,0.18895846170904715,0,"{""gwas_credible_sets"": 0.18895846170904715}",unknown,0,[]
ENSG00000184677,ZBTB40,0.19626499784096763,0,"{""gwas_credible_sets"": 0.19626499784096763}",unknown,0,[]
ENSG00000122687,MRM2,0.1936153131945667,0,"{""gwas_credible_sets"": 0.1936153131945667}",unknown,0,[]
ENSG00000161395,PGAP3,0.19163475327712534,0,"{""gwas_credible_sets"": 0.19163475327712534}",unknown,0,[]
ENSG00000179914,ITLN1,0.17663353490067085,0,"{""gwas_credible_sets"": 0.17663353490067085}",unknown,0,[]
ENSG00000128789,PSMG2,0.189816399558947,0,"{""gwas_credible_sets"": 0.189816399558947}",unknown,0,[]
ENSG00000132357,CARD6,0.1872109229211083,0.04985798215115265,"{""gwas_credible_sets"": 0.1872109229211083, ""expression_atlas"": 0.04985798215115265}",unknown,0,[]
ENSG00000088305,DNMT3B,0.18815571052412705,0,"{""gwas_credible_sets"": 0.18815571052412705}",unknown,0,[]
ENSG00000251493,FOXD1,0.17816635137502815,0.1903485659699091,"{""gwas_credible_sets"": 0.17816635137502815, ""expression_atlas"": 0.1903485659699091}",unknown,0,[]
ENSG00000137960,GIPC2,0.18538690167397573,0,"{""gwas_credible_sets"": 0.18538690167397573}",unknown,0,[]
ENSG00000160218,TRAPPC10,0.18477800034475245,0,"{""gwas_credible_sets"": 0.18477800034475245}",unknown,0,[]
ENSG00000117560,FASLG,0.17350594495786384,0,"{""gwas_credible_sets"": 0.17350594495786384}",unknown,0,[]
ENSG00000124920,MYRF,0.1832519379535633,0.015456607517422845,"{""gwas_credible_sets"": 0.1832519379535633, ""expression_atlas"": 0.015456607517422845}",unknown,0,[]
ENSG00000103591,AAGAB,0.18259268763342568,0,"{""gwas_credible_sets"": 0.18259268763342568}",unknown,0,[]
ENSG00000163803,PLB1,0.16725282447029663,0.3028911977891222,"{""gwas_credible_sets"": 0.16725282447029663, ""expression_atlas"": 0.3028911977891222}",unknown,0,[]
ENSG00000112062,MAPK14,0,0,{},unknown,0,[]
ENSG00000163935,SFMBT1,0.1820638493481261,0,"{""gwas_credible_sets"": 0.1820638493481261}",unknown,0,[]
ENSG00000143294,PRCC,0.18131584333439985,0,"{""gwas_credible_sets"": 0.18131584333439985}",unknown,0,[]
ENSG00000103599,IQCH,0.1809405057103692,0,"{""gwas_credible_sets"": 0.1809405057103692}",unknown,0,[]
ENSG00000105855,ITGB8,0.18042428699335764,0,"{""gwas_credible_sets"": 0.18042428699335764}",unknown,0,[]
ENSG00000178217,SH2D4B,0.1783381524325274,0,"{""gwas_credible_sets"": 0.1783381524325274}",unknown,0,[]
ENSG00000115020,PIKFYVE,0,0,{},unknown,0,[]
ENSG00000157954,WIPI2,0.17707991347328353,0,"{""gwas_credible_sets"": 0.17707991347328353}",unknown,0,[]
ENSG00000146535,GNA12,0.1736980362114964,0,"{""gwas_credible_sets"": 0.1736980362114964}",unknown,0,[]
ENSG00000267534,S1PR2,0,0,{},unknown,0,"[""CHEMBL314854""]"
ENSG00000115241,PPM1G,0.17358873862219606,0,"{""gwas_credible_sets"": 0.17358873862219606}",unknown,0,[]
ENSG00000213694,S1PR3,0,0.014580946972443685,"{""expression_atlas"": 0.014580946972443685}",unknown,0,"[""CHEMBL314854""]"
ENSG00000096395,MLN,0.15958756592314277,0.17869977252261007,"{""gwas_credible_sets"": 0.15958756592314277, ""expression_atlas"": 0.17869977252261007}",unknown,0,[]
ENSG00000152894,PTPRK,0.17073589285515187,0,"{""gwas_credible_sets"": 0.17073589285515187}",unknown,0,[]
ENSG00000169245,CXCL10,0,0.2497203868675577,"{""expression_atlas"": 0.2497203868675577}",unknown,0,[]
ENSG00000185962,LCE3A,0.16945424324704506,0,"{""gwas_credible_sets"": 0.16945424324704506}",unknown,0,[]
ENSG00000198851,CD3E,0,0.011344203228688893,"{""expression_atlas"": 0.011344203228688893}",unknown,0,"[""CHEMBL1201608"", ""CHEMBL1742992"", ""CHEMBL1743078"", ""CHEMBL2108581"", ""CHEMBL4297788"", ""CHEMBL4297809"", ""CHEMBL4298092"", ""CHEMBL4594503"", ""CHEMBL4594505"", ""CHEMBL4650393"", ""CHEMBL5095292""]"
ENSG00000147168,IL2RG,0,0.018150242003272875,"{""expression_atlas"": 0.018150242003272875}",unknown,0,"[""CHEMBL1201438"", ""CHEMBL1201439"", ""CHEMBL1201550"", ""CHEMBL6068330""]"
ENSG00000102245,CD40LG,0.14538324569175842,0.022171594589268376,"{""gwas_credible_sets"": 0.14538324569175842, ""expression_atlas"": 0.022171594589268376}",unknown,0,[]
ENSG00000171988,JMJD1C,0.1671486113431395,0,"{""gwas_credible_sets"": 0.1671486113431395}",unknown,0,[]
ENSG00000088832,FKBP1A,0,0,{},unknown,0,"[""CHEMBL1200686"", ""CHEMBL1201182"", ""CHEMBL1908360"", ""CHEMBL269732"", ""CHEMBL413""]"
ENSG00000139531,SUOX,0.16652592572924074,0,"{""gwas_credible_sets"": 0.16652592572924074}",unknown,0,[]
ENSG00000177628,GBA1,0.16510249567148397,0,"{""gwas_credible_sets"": 0.16510249567148397}",unknown,0,[]
ENSG00000138311,ZNF365,0.16164705828515602,0,"{""gwas_credible_sets"": 0.16164705828515602}",unknown,0,[]
ENSG00000160223,ICOSLG,0.16023834620917313,0,"{""gwas_credible_sets"": 0.16023834620917313}",unknown,0,[]
ENSG00000112115,IL17A,0,0.12613103538288142,"{""expression_atlas"": 0.12613103538288142}",unknown,0,"[""CHEMBL1743034"", ""CHEMBL1743068"", ""CHEMBL4297700""]"
ENSG00000100385,IL2RB,0,0.02844239550005934,"{""expression_atlas"": 0.02844239550005934}",unknown,0,"[""CHEMBL1201438"", ""CHEMBL1201439"", ""CHEMBL1201550"", ""CHEMBL6068330""]"
ENSG00000110237,ARHGEF17,0.1636460731916695,0,"{""gwas_credible_sets"": 0.1636460731916695}",unknown,0,[]
ENSG00000091490,SEL1L3,0.16292844724697764,0,"{""gwas_credible_sets"": 0.16292844724697764}",unknown,0,[]
ENSG00000164062,APEH,0.16276431065433605,0,"{""gwas_credible_sets"": 0.16276431065433605}",unknown,0,[]
ENSG00000101624,CEP76,0.16257474436074845,0,"{""gwas_credible_sets"": 0.16257474436074845}",unknown,0,[]
ENSG00000186687,LYRM7,0.1625582019746216,0,"{""gwas_credible_sets"": 0.1625582019746216}",unknown,0,[]
ENSG00000169194,IL13,0.12558738153650506,0.052224351648404374,"{""gwas_credible_sets"": 0.12558738153650506, ""expression_atlas"": 0.052224351648404374}",unknown,0,"[""CHEMBL1743035"", ""CHEMBL1743081""]"
ENSG00000183527,PSMG1,0.1610823867085578,0,"{""gwas_credible_sets"": 0.1610823867085578}",unknown,0,[]
ENSG00000153208,MERTK,0.15691386167018334,0,"{""gwas_credible_sets"": 0.15691386167018334}",unknown,0,[]
ENSG00000163202,LCE3D,0.15923811529791287,0,"{""gwas_credible_sets"": 0.15923811529791287}",unknown,0,[]
ENSG00000241945,PWP2,0.15883044668135773,0,"{""gwas_credible_sets"": 0.15883044668135773}",unknown,0,[]
ENSG00000245848,CEBPA,0.15706612999062464,0,"{""gwas_credible_sets"": 0.15706612999062464}",unknown,0,[]
ENSG00000160767,ENTREP3,0.1578106359231161,0,"{""gwas_credible_sets"": 0.1578106359231161}",unknown,0,[]
ENSG00000006210,CX3CL1,0,0.0292617156130493,"{""expression_atlas"": 0.0292617156130493}",unknown,0,[]
ENSG00000065325,GLP2R,0,0,{},unknown,0,"[""CHEMBL2104987""]"
ENSG00000188822,CNR2,0,0,{},unknown,0,[]
ENSG00000115598,IL36R,0,0.06690992384264499,"{""expression_atlas"": 0.06690992384264499}",unknown,0,"[""CHEMBL4297911""]"
ENSG00000185966,LCE3E,0.15658649205230263,0,"{""gwas_credible_sets"": 0.15658649205230263}",unknown,0,[]
ENSG00000196611,MMP1,0,0.5603043903070987,"{""expression_atlas"": 0.5603043903070987}",unknown,0,"[""CHEMBL1433""]"
ENSG00000162598,C1orf87,0.15479042064980258,0,"{""gwas_credible_sets"": 0.15479042064980258}",unknown,0,[]
ENSG00000156738,MS4A1,0,0,{},unknown,0,"[""CHEMBL1201576"", ""CHEMBL1201604"", ""CHEMBL1201836"", ""CHEMBL1743048"", ""CHEMBL2108041"", ""CHEMBL2108354"", ""CHEMBL2108667"", ""CHEMBL4297788"", ""CHEMBL4298092"", ""CHEMBL4650393""]"
ENSG00000125538,IL1B,0,0.5094080240706347,"{""expression_atlas"": 0.5094080240706347}",unknown,0,"[""CHEMBL1201830"", ""CHEMBL1201834""]"
ENSG00000196083,IL1RAP,0,0,{},unknown,0,"[""CHEMBL4297911""]"
ENSG00000078808,SDF4,0.15313649205194493,0,"{""gwas_credible_sets"": 0.15313649205194493}",unknown,0,[]
ENSG00000124205,EDN3,0.1486359904545781,0.0793253576520099,"{""gwas_credible_sets"": 0.1486359904545781, ""expression_atlas"": 0.0793253576520099}",unknown,0,[]
ENSG00000243646,IL10RB,0.1502936812534714,0,"{""gwas_credible_sets"": 0.1502936812534714}",unknown,0,[]
ENSG00000178104,PDE4DIP,0,0,{},unknown,0,[]
ENSG00000117408,IPO13,0.15198269940290526,0,"{""gene_burden"": 0.15198269940290526}",activate,1,[]
ENSG00000082556,OPRK1,0,0,{},unknown,0,"[""CHEMBL1201347"", ""CHEMBL1254682"", ""CHEMBL1457"", ""CHEMBL1685"", ""CHEMBL19019"", ""CHEMBL267495"", ""CHEMBL3137321"", ""CHEMBL33986"", ""CHEMBL3833389"", ""CHEMBL3989915"", ""CHEMBL426084"", ""CHEMBL485"", ""CHEMBL511142"", ""CHEMBL80"", ""CHEMBL895"", ""CHEMBL963"", ""CHEMBL982""]"
ENSG00000116329,OPRD1,0,0,{},unknown,0,"[""CHEMBL1457"", ""CHEMBL19019"", ""CHEMBL3137321"", ""CHEMBL3833389"", ""CHEMBL426084"", ""CHEMBL485"", ""CHEMBL80"", ""CHEMBL895"", ""CHEMBL963"", ""CHEMBL982""]"
ENSG00000112038,OPRM1,0,0,{},unknown,0,"[""CHEMBL1005"", ""CHEMBL1186579"", ""CHEMBL1201294"", ""CHEMBL1201321"", ""CHEMBL1201347"", ""CHEMBL1201776"", ""CHEMBL1237044"", ""CHEMBL1254682"", ""CHEMBL1457"", ""CHEMBL1514"", ""CHEMBL1595"", ""CHEMBL1685"", ""CHEMBL19019"", ""CHEMBL2105755"", ""CHEMBL2159122"", ""CHEMBL2219418"", ""CHEMBL2443262"", ""CHEMBL270190"", ""CHEMBL3137321"", ""CHEMBL314437"", ""CHEMBL33986"", ""CHEMBL3833389"", ""CHEMBL398707"", ""CHEMBL426084"", ""CHEMBL485"", ""CHEMBL511142"", ""CHEMBL592"", ""CHEMBL596"", ""CHEMBL607"", ""CHEMBL634"", ""CHEMBL651"", ""CHEMBL656"", ""CHEMBL658"", ""CHEMBL70"", ""CHEMBL80"", ""CHEMBL841"", ""CHEMBL895"", ""CHEMBL963"", ""CHEMBL982""]"
ENSG00000112763,BTN2A1,0.15198269940290526,0,"{""gene_burden"": 0.15198269940290526}",activate,1,[]
ENSG00000119535,CSF3R,0,0.3580517355813792,"{""expression_atlas"": 0.3580517355813792}",unknown,0,"[""CHEMBL1201567"", ""CHEMBL1201568"", ""CHEMBL2109128"", ""CHEMBL3833384"", ""CHEMBL4297950"", ""CHEMBL4594230""]"
ENSG00000119408,NEK6,0.15143258111232355,0,"{""gwas_credible_sets"": 0.15143258111232355}",unknown,0,[]
ENSG00000197959,DNM3,0.1508728750684315,0,"{""gwas_credible_sets"": 0.1508728750684315}",unknown,0,[]
ENSG00000256235,SMIM3,0.15050246472270637,0,"{""gwas_credible_sets"": 0.15050246472270637}",unknown,0,[]
ENSG00000169508,GPR183,0.14366240371511732,0.027049893333974156,"{""gwas_credible_sets"": 0.14366240371511732, ""expression_atlas"": 0.027049893333974156}",unknown,0,[]
ENSG00000177692,DNAJC28,0.15018532805187002,0,"{""gwas_credible_sets"": 0.15018532805187002}",unknown,0,[]
ENSG00000235173,HGH1,0.1497378105773854,0,"{""gwas_credible_sets"": 0.1497378105773854}",unknown,0,[]
ENSG00000186283,TOR3A,0.1484812902880013,0,"{""gwas_credible_sets"": 0.1484812902880013}",unknown,0,[]
ENSG00000124731,TREM1,0,0.445648547308909,"{""expression_atlas"": 0.445648547308909}",unknown,0,[]
ENSG00000171848,RRM2,0,0.0232370895742308,"{""expression_atlas"": 0.0232370895742308}",unknown,0,"[""CHEMBL1096882"", ""CHEMBL1200983"", ""CHEMBL1750"", ""CHEMBL467"", ""CHEMBL888""]"
ENSG00000239732,TLR9,0.09112278688694553,0,"{""gwas_credible_sets"": 0.09112278688694553}",unknown,0,"[""CHEMBL1535""]"
ENSG00000162928,PEX13,0.14762506934381586,0,"{""gwas_credible_sets"": 0.14762506934381586}",unknown,0,[]
ENSG00000138185,ENTPD1,0,0.026548506516264992,"{""expression_atlas"": 0.026548506516264992}",unknown,0,[]
ENSG00000130561,SAG,0.14653377448643326,0,"{""gwas_credible_sets"": 0.14653377448643326}",unknown,0,[]
ENSG00000120210,INSL6,0.14571874112034364,0,"{""gwas_credible_sets"": 0.14571874112034364}",unknown,0,[]
ENSG00000169442,CD52,0,0,{},unknown,0,"[""CHEMBL1201587""]"
ENSG00000137745,MMP13,0,0.4109959149034107,"{""expression_atlas"": 0.4109959149034107}",unknown,0,"[""CHEMBL1433""]"
ENSG00000100479,POLE2,0,0,{},unknown,0,"[""CHEMBL1096882"", ""CHEMBL1750"", ""CHEMBL803"", ""CHEMBL888""]"
ENSG00000146143,PRIM2,0,0,{},unknown,0,"[""CHEMBL1096882"", ""CHEMBL1750"", ""CHEMBL803"", ""CHEMBL888""]"
ENSG00000048392,RRM2B,0,0,{},unknown,0,"[""CHEMBL1096882"", ""CHEMBL1200983"", ""CHEMBL1750"", ""CHEMBL467"", ""CHEMBL888""]"
ENSG00000175482,POLD4,0,0,{},unknown,0,"[""CHEMBL1096882"", ""CHEMBL1750"", ""CHEMBL803"", ""CHEMBL888""]"
ENSG00000014138,POLA2,0,0,{},unknown,0,"[""CHEMBL1096882"", ""CHEMBL1750"", ""CHEMBL803"", ""CHEMBL888""]"
ENSG00000062822,POLD1,0,0,{},unknown,0,"[""CHEMBL1096882"", ""CHEMBL1750"", ""CHEMBL803"", ""CHEMBL888""]"
ENSG00000148229,POLE3,0,0,{},unknown,0,"[""CHEMBL1096882"", ""CHEMBL1750"", ""CHEMBL803"", ""CHEMBL888""]"
ENSG00000101868,POLA1,0,0,{},unknown,0,"[""CHEMBL1096882"", ""CHEMBL1750"", ""CHEMBL803"", ""CHEMBL888""]"
ENSG00000177084,POLE,0,0,{},unknown,0,"[""CHEMBL1096882"", ""CHEMBL1750"", ""CHEMBL803"", ""CHEMBL888""]"
ENSG00000106628,POLD2,0,0,{},unknown,0,"[""CHEMBL1096882"", ""CHEMBL1750"", ""CHEMBL803"", ""CHEMBL888""]"
ENSG00000198056,PRIM1,0,0,{},unknown,0,"[""CHEMBL1096882"", ""CHEMBL1750"", ""CHEMBL803"", ""CHEMBL888""]"
ENSG00000077514,POLD3,0,0,{},unknown,0,"[""CHEMBL1096882"", ""CHEMBL1750"", ""CHEMBL803"", ""CHEMBL888""]"
ENSG00000167325,RRM1,0,0,{},unknown,0,"[""CHEMBL1096882"", ""CHEMBL1200983"", ""CHEMBL1750"", ""CHEMBL467"", ""CHEMBL888""]"
ENSG00000197728,RPS26,0.1443268721824246,0,"{""gwas_credible_sets"": 0.1443268721824246}",unknown,0,"[""CHEMBL256997""]"
ENSG00000106052,TAX1BP1,0.14419817174145846,0,"{""gwas_credible_sets"": 0.14419817174145846}",unknown,0,[]
ENSG00000106541,AGR2,0.07164389150311404,0,"{""gwas_credible_sets"": 0.07164389150311404}",unknown,0,[]
ENSG00000188322,SBK1,0.14267286571913432,0,"{""gwas_credible_sets"": 0.14267286571913432}",unknown,0,[]
ENSG00000119953,SMNDC1,0.14249086658487803,0,"{""gwas_credible_sets"": 0.14249086658487803}",unknown,0,[]
ENSG00000187764,SEMA4D,0.1423847490708017,0,"{""gwas_credible_sets"": 0.1423847490708017}",unknown,0,[]
ENSG00000164325,TMEM174,0.14215910860395303,0,"{""gwas_credible_sets"": 0.14215910860395303}",unknown,0,[]
ENSG00000067066,SP100,0.14192369763735108,0,"{""gwas_credible_sets"": 0.14192369763735108}",unknown,0,[]
ENSG00000133106,EPSTI1,0.14037817206490624,0.02585568900028927,"{""gwas_credible_sets"": 0.14037817206490624, ""expression_atlas"": 0.02585568900028927}",unknown,0,[]
ENSG00000115008,IL1A,0,0.3421081291221637,"{""expression_atlas"": 0.3421081291221637}",unknown,0,[]
ENSG00000164068,RNF123,0.13700435524361698,0,"{""gwas_credible_sets"": 0.13700435524361698}",unknown,0,[]
ENSG00000151702,FLI1,0.1406226892137755,0,"{""gwas_credible_sets"": 0.1406226892137755}",unknown,0,[]
ENSG00000115211,EIF2B4,0.1400497874755937,0,"{""gwas_credible_sets"": 0.1400497874755937}",unknown,0,[]
ENSG00000113263,ITK,0,0.051705765004698714,"{""expression_atlas"": 0.051705765004698714}",unknown,0,"[""CHEMBL4085457"", ""CHEMBL477772""]"
ENSG00000162302,RPS6KA4,0.13944933618930253,0,"{""gwas_credible_sets"": 0.13944933618930253}",unknown,0,[]
ENSG00000010671,BTK,0,0,{},unknown,0,"[""CHEMBL1873475"", ""CHEMBL3707348"", ""CHEMBL3936761"", ""CHEMBL4071161"", ""CHEMBL4085457"", ""CHEMBL4650485""]"
ENSG00000134249,ADAM30,0.13759557560729424,0,"{""gwas_credible_sets"": 0.13759557560729424}",unknown,0,[]
ENSG00000102010,BMX,0,0.0221690340289899,"{""expression_atlas"": 0.0221690340289899}",unknown,0,"[""CHEMBL4085457""]"
ENSG00000145020,AMT,0.13723598696740616,0,"{""gwas_credible_sets"": 0.13723598696740616}",unknown,0,[]
ENSG00000118113,MMP8,0,0.2828842257659356,"{""expression_atlas"": 0.2828842257659356}",unknown,0,"[""CHEMBL1433""]"
ENSG00000174951,FUT1,0.1375701888655457,0,"{""gwas_credible_sets"": 0.1375701888655457}",unknown,0,[]
ENSG00000164694,FNDC1,0.13728754349450842,0,"{""gwas_credible_sets"": 0.13728754349450842}",unknown,0,[]
ENSG00000100883,SRP54,0.1368111860068887,0,"{""gwas_credible_sets"": 0.1368111860068887}",unknown,0,[]
ENSG00000074966,TXK,0,0,{},unknown,0,"[""CHEMBL4085457""]"
ENSG00000135605,TEC,0,0,{},unknown,0,"[""CHEMBL4085457""]"
ENSG00000187238,LCE3B,0.13666451351320597,0,"{""gwas_credible_sets"": 0.13666451351320597}",unknown,0,[]
ENSG00000137673,MMP7,0,0.23329272706242776,"{""expression_atlas"": 0.23329272706242776}",unknown,0,"[""CHEMBL1433""]"
ENSG00000174130,TLR6,0.13525220913699798,0,"{""gwas_credible_sets"": 0.13525220913699798}",unknown,0,[]
ENSG00000182108,DEXI,0.135364989549831,0,"{""gwas_credible_sets"": 0.135364989549831}",unknown,0,[]
ENSG00000172115,CYCS,0.1331312896299696,0,"{""gwas_credible_sets"": 0.1331312896299696}",unknown,0,[]
ENSG00000143457,GOLPH3L,0.13500156963637341,0,"{""gwas_credible_sets"": 0.13500156963637341}",unknown,0,[]
ENSG00000076067,RBMS2,0.1348399021256173,0,"{""gwas_credible_sets"": 0.1348399021256173}",unknown,0,[]
ENSG00000165471,MBL2,0,0,{},unknown,0,[]
ENSG00000173171,MTX1,0.13355696162785008,0,"{""gwas_credible_sets"": 0.13355696162785008}",unknown,0,[]
ENSG00000111319,SCNN1A,0.13046159223057452,0.05868225136255876,"{""gwas_credible_sets"": 0.13046159223057452, ""expression_atlas"": 0.05868225136255876}",unknown,0,"[""CHEMBL585"", ""CHEMBL945""]"
ENSG00000143436,MRPL9,0.13333457078070407,0,"{""gwas_credible_sets"": 0.13333457078070407}",unknown,0,[]
ENSG00000163221,S100A12,0,0.4524737126533335,"{""expression_atlas"": 0.4524737126533335}",unknown,0,[]
ENSG00000112936,C7,0.12153866054212649,0.21666653626878174,"{""gwas_credible_sets"": 0.12153866054212649, ""expression_atlas"": 0.21666653626878174}",unknown,0,[]
ENSG00000162595,DIRAS3,0.13120698532509778,0,"{""gwas_credible_sets"": 0.13120698532509778}",unknown,0,[]
ENSG00000155034,FBXL18,0.13110679869913752,0,"{""gwas_credible_sets"": 0.13110679869913752}",unknown,0,[]
ENSG00000174437,ATP2A2,0.12953337179227817,0,"{""gwas_credible_sets"": 0.12953337179227817}",unknown,0,[]
ENSG00000162944,RFTN2,0.12921572593287312,0,"{""gwas_credible_sets"": 0.12921572593287312}",unknown,0,[]
ENSG00000105550,FGF21,0.1281825893810595,0,"{""gwas_credible_sets"": 0.1281825893810595}",unknown,0,[]
ENSG00000174125,TLR1,0.1233751002994592,0,"{""gwas_credible_sets"": 0.1233751002994592}",unknown,0,[]
ENSG00000189050,RNFT1,0.12833142329710837,0,"{""gwas_credible_sets"": 0.12833142329710837}",unknown,0,[]
ENSG00000100319,ZMAT5,0.1283136622406842,0,"{""gwas_credible_sets"": 0.1283136622406842}",unknown,0,[]
ENSG00000170458,CD14,0,0.2010293457687308,"{""expression_atlas"": 0.2010293457687308}",unknown,0,[]
ENSG00000164400,CSF2,0.10043210919247036,0.3780437582725832,"{""gwas_credible_sets"": 0.10043210919247036, ""expression_atlas"": 0.3780437582725832}",unknown,0,[]
ENSG00000169914,OTUD3,0.1256962906007302,0,"{""gwas_credible_sets"": 0.1256962906007302}",unknown,0,[]
ENSG00000149968,MMP3,0,0.5627514206422071,"{""expression_atlas"": 0.5627514206422071}",unknown,0,[]
ENSG00000135845,PIGC,0.1251779266683677,0,"{""gwas_credible_sets"": 0.1251779266683677}",unknown,0,[]
ENSG00000107643,MAPK8,0.1195515108751678,0,"{""gwas_credible_sets"": 0.1195515108751678}",unknown,0,[]
ENSG00000163599,CTLA4,0.10998115161101653,0.0592072039801044,"{""gwas_credible_sets"": 0.10998115161101653, ""expression_atlas"": 0.0592072039801044}",unknown,0,"[""CHEMBL1789844"", ""CHEMBL2108658""]"
ENSG00000113520,IL4,0.11399475303056886,0,"{""gwas_credible_sets"": 0.11399475303056886}",unknown,0,[]
ENSG00000010610,CD4,0,0.036210353204444545,"{""expression_atlas"": 0.036210353204444545}",unknown,0,"[""CHEMBL1743029""]"
ENSG00000155893,PXYLP1,0.12391208689041083,0,"{""gwas_credible_sets"": 0.12391208689041083}",unknown,0,[]
ENSG00000174945,AMZ1,0.1237050049755139,0,"{""gwas_credible_sets"": 0.1237050049755139}",unknown,0,[]
ENSG00000119888,EPCAM,0,0,{},unknown,0,"[""CHEMBL2108581""]"
ENSG00000152430,BOLL,0.12265369311248012,0,"{""gwas_credible_sets"": 0.12265369311248012}",unknown,0,[]
ENSG00000131759,RARA,0,0,{},unknown,0,"[""CHEMBL1131"", ""CHEMBL1265"", ""CHEMBL1657"", ""CHEMBL25202"", ""CHEMBL38"", ""CHEMBL547"", ""CHEMBL705""]"
ENSG00000196664,TLR7,0,0,{},unknown,0,"[""CHEMBL1282"", ""CHEMBL1535""]"
ENSG00000078098,FAP,0.1009903565100166,0.3838866573241188,"{""gwas_credible_sets"": 0.1009903565100166, ""expression_atlas"": 0.3838866573241188}",unknown,0,[]
ENSG00000134352,IL6ST,0.11670912156600836,0.014329735007657735,"{""gwas_credible_sets"": 0.11670912156600836, ""expression_atlas"": 0.014329735007657735}",unknown,0,"[""CHEMBL3833307""]"
ENSG00000102967,DHODH,0,0,{},unknown,0,"[""CHEMBL960"", ""CHEMBL973""]"
ENSG00000137070,IL11RA,0,0,{},unknown,0,"[""CHEMBL1201573""]"
ENSG00000077092,RARB,0,0,{},unknown,0,"[""CHEMBL1131"", ""CHEMBL1265"", ""CHEMBL1657"", ""CHEMBL25202"", ""CHEMBL38"", ""CHEMBL547"", ""CHEMBL705""]"
ENSG00000108342,CSF3,0,0.5456248187728209,"{""expression_atlas"": 0.5456248187728209}",unknown,0,[]
ENSG00000123411,IKZF4,0.11903706643358754,0,"{""gwas_credible_sets"": 0.11903706643358754}",unknown,0,[]
ENSG00000153107,ANAPC1,0.12046209991218566,0,"{""gwas_credible_sets"": 0.12046209991218566}",unknown,0,[]
ENSG00000184076,UQCR10,0.11827045915279846,0.034198027537515524,"{""gwas_credible_sets"": 0.11827045915279846, ""expression_atlas"": 0.034198027537515524}",unknown,0,[]
ENSG00000163661,PTX3,0,0,{},unknown,0,[]
ENSG00000145384,FABP2,0,0.2699015707415111,"{""expression_atlas"": 0.2699015707415111}",unknown,0,[]
ENSG00000160868,CYP3A4,0,0.5562894875790528,"{""expression_atlas"": 0.5562894875790528}",unknown,0,"[""CHEMBL163"", ""CHEMBL2095208""]"
ENSG00000157111,TMEM171,0.11603471802938872,0,"{""gwas_credible_sets"": 0.11603471802938872}",unknown,0,[]
ENSG00000084674,APOB,0,0.5681599884217755,"{""expression_atlas"": 0.5681599884217755}",unknown,0,[]
ENSG00000197165,SULT1A2,0.10724113716098327,0.1338219582377394,"{""gwas_credible_sets"": 0.10724113716098327, ""expression_atlas"": 0.1338219582377394}",unknown,0,[]
ENSG00000162616,DNAJB4,0.11519756199302791,0,"{""gwas_credible_sets"": 0.11519756199302791}",unknown,0,[]
ENSG00000198517,MAFK,0.11456838690198007,0,"{""gwas_credible_sets"": 0.11456838690198007}",unknown,0,[]
ENSG00000168496,FEN1,0.10426285238791143,0,"{""gwas_credible_sets"": 0.10426285238791143}",unknown,0,[]
ENSG00000145777,TSLP,0.1097122321181281,0,"{""gwas_credible_sets"": 0.1097122321181281}",unknown,0,"[""CHEMBL3707229""]"
ENSG00000142789,CELA3A,0.11386684137225417,0,"{""gwas_credible_sets"": 0.11386684137225417}",unknown,0,[]
ENSG00000122378,PRXL2A,0.1105068579954334,0.06464618927669952,"{""gwas_credible_sets"": 0.1105068579954334, ""expression_atlas"": 0.06464618927669952}",unknown,0,[]
ENSG00000150782,IL18,0,0,{},unknown,0,[]
ENSG00000105369,CD79A,0,0,{},unknown,0,[]
ENSG00000130522,JUND,0.11236492431096592,0,"{""gwas_credible_sets"": 0.11236492431096592}",unknown,0,[]
ENSG00000172380,GNG12,0.11150080730172293,0,"{""gwas_credible_sets"": 0.11150080730172293}",unknown,0,[]
ENSG00000156222,SLC28A1,0.06954384049749249,0.4699636253202428,"{""expression_atlas"": 0.4699636253202428, ""gwas_credible_sets"": 0.06954384049749249}",unknown,0,[]
ENSG00000130208,APOC1,0.10704652232218842,0.048399861580806655,"{""gwas_credible_sets"": 0.10704652232218842, ""expression_atlas"": 0.048399861580806655}",unknown,0,[]
ENSG00000148384,INPP5E,0.11114321727747634,0,"{""gwas_credible_sets"": 0.11114321727747634}",unknown,0,[]
ENSG00000175643,RMI2,0.11083322484619974,0,"{""gwas_credible_sets"": 0.11083322484619974}",unknown,0,[]
ENSG00000250317,SMIM20,0.11038739005771107,0,"{""gwas_credible_sets"": 0.11038739005771107}",unknown,0,[]
ENSG00000042813,ZPBP,0.10991137421863485,0,"{""gwas_credible_sets"": 0.10991137421863485}",unknown,0,[]
ENSG00000105538,RASIP1,0.10804119583519191,0.02836972398440205,"{""gwas_credible_sets"": 0.10804119583519191, ""expression_atlas"": 0.02836972398440205}",unknown,0,[]
ENSG00000169429,CXCL8,0,0.4750299732951681,"{""expression_atlas"": 0.4750299732951681}",unknown,0,[]
ENSG00000144410,CPO,0,0.5450270700970538,"{""expression_atlas"": 0.5450270700970538}",unknown,0,[]
ENSG00000132855,ANGPTL3,0.10756875739610522,0,"{""gwas_credible_sets"": 0.10756875739610522}",unknown,0,"[""CHEMBL3545191""]"
ENSG00000153563,CD8A,0,0,{},unknown,0,[]
ENSG00000167286,CD3D,0,0.015154885479866145,"{""expression_atlas"": 0.015154885479866145}",unknown,0,"[""CHEMBL1201608"", ""CHEMBL1742992"", ""CHEMBL2108581"", ""CHEMBL4297788"", ""CHEMBL4297809"", ""CHEMBL4298092"", ""CHEMBL4594503"", ""CHEMBL4594505"", ""CHEMBL4650393"", ""CHEMBL5095292""]"
ENSG00000049247,UTS2,0.10668818720548871,0,"{""gwas_credible_sets"": 0.10668818720548871}",unknown,0,[]
ENSG00000119402,FBXW2,0.10724964041317633,0,"{""gwas_credible_sets"": 0.10724964041317633}",unknown,0,[]
ENSG00000160654,CD3G,0,0.015863723054047433,"{""expression_atlas"": 0.015863723054047433}",unknown,0,"[""CHEMBL1201608"", ""CHEMBL1742992"", ""CHEMBL2108581"", ""CHEMBL4297788"", ""CHEMBL4297809"", ""CHEMBL4298092"", ""CHEMBL4594503"", ""CHEMBL4594505"", ""CHEMBL4650393"", ""CHEMBL5095292""]"
ENSG00000125255,SLC10A2,0,0.519693585758888,"{""expression_atlas"": 0.519693585758888}",unknown,0,"[""CHEMBL363392"", ""CHEMBL4297588""]"
ENSG00000143546,S100A8,0,0.5020363355856,"{""expression_atlas"": 0.5020363355856}",unknown,0,[]
ENSG00000103569,AQP9,0,0.5013313860902195,"{""expression_atlas"": 0.5013313860902195}",unknown,0,[]
ENSG00000173264,GPR137,0.10669090109340051,0,"{""gwas_credible_sets"": 0.10669090109340051}",unknown,0,[]
ENSG00000163220,S100A9,0,0.4993674334149896,"{""expression_atlas"": 0.4993674334149896}",unknown,0,[]
ENSG00000065361,ERBB3,0.10647772463174865,0,"{""gwas_credible_sets"": 0.10647772463174865}",unknown,0,"[""CHEMBL24828"", ""CHEMBL4298025""]"
ENSG00000072682,P4HA2,0.10478240088143263,0,"{""gwas_credible_sets"": 0.10478240088143263}",unknown,0,[]
ENSG00000133048,CHI3L1,0,0.4625768285873598,"{""expression_atlas"": 0.4625768285873598}",unknown,0,[]
ENSG00000247626,MARS2,0.10623979102014754,0,"{""gwas_credible_sets"": 0.10623979102014754}",unknown,0,[]
ENSG00000124120,TTPAL,0.10613574304879955,0,"{""gwas_credible_sets"": 0.10613574304879955}",unknown,0,[]
ENSG00000116478,HDAC1,0,0,{},unknown,0,"[""CHEMBL1213492"", ""CHEMBL343448"", ""CHEMBL408513"", ""CHEMBL483254"", ""CHEMBL98""]"
ENSG00000138160,KIF11,0.10584991743079711,0,"{""gwas_credible_sets"": 0.10584991743079711}",unknown,0,[]
ENSG00000130234,ACE2,0,0.28178164230233615,"{""expression_atlas"": 0.28178164230233615}",unknown,0,[]
ENSG00000123610,TNFAIP6,0,0.5167978082716922,"{""expression_atlas"": 0.5167978082716922}",unknown,0,[]
ENSG00000163421,PROK2,0,0.525623523804636,"{""expression_atlas"": 0.525623523804636}",unknown,0,[]
ENSG00000131482,G6PC1,0,0.5176160622719728,"{""expression_atlas"": 0.5176160622719728}",unknown,0,[]
ENSG00000114113,RBP2,0,0.5238685373384058,"{""expression_atlas"": 0.5238685373384058}",unknown,0,[]
ENSG00000099985,OSM,0,0.4487240500879656,"{""expression_atlas"": 0.4487240500879656}",unknown,0,[]
ENSG00000172689,MS4A10,0,0.5218577176031494,"{""expression_atlas"": 0.5218577176031494}",unknown,0,[]
ENSG00000102144,PGK1,0,0,{},unknown,0,[]
ENSG00000131471,AOC3,0.10122161146616412,0,"{""gwas_credible_sets"": 0.10122161146616412}",unknown,0,[]
ENSG00000064601,CTSA,0.10390643888503077,0,"{""gwas_credible_sets"": 0.10390643888503077}",unknown,0,[]
ENSG00000186115,CYP4F2,0,0.5162735751914505,"{""expression_atlas"": 0.5162735751914505}",unknown,0,[]
ENSG00000134278,SPIRE1,0.10299314552224674,0,"{""gwas_credible_sets"": 0.10299314552224674}",unknown,0,[]
ENSG00000164855,TMEM184A,0.10112106701464887,0.03193604327763379,"{""gwas_credible_sets"": 0.10112106701464887, ""expression_atlas"": 0.03193604327763379}",unknown,0,[]
ENSG00000094631,HDAC6,0,0,{},unknown,0,"[""CHEMBL1213492"", ""CHEMBL343448"", ""CHEMBL408513"", ""CHEMBL483254"", ""CHEMBL98""]"
ENSG00000196591,HDAC2,0,0,{},unknown,0,"[""CHEMBL1213492"", ""CHEMBL343448"", ""CHEMBL408513"", ""CHEMBL483254"", ""CHEMBL98""]"
ENSG00000171720,HDAC3,0,0,{},unknown,0,"[""CHEMBL1213492"", ""CHEMBL343448"", ""CHEMBL408513"", ""CHEMBL483254"", ""CHEMBL98""]"
ENSG00000171262,TSLIG3B,0.10255451618794542,0,"{""gwas_credible_sets"": 0.10255451618794542}",unknown,0,[]
ENSG00000197050,ZNF420,0.102042508583689,0,"{""gwas_credible_sets"": 0.102042508583689}",unknown,0,[]
ENSG00000070831,CDC42,0.10025191440337092,0,"{""gwas_credible_sets"": 0.10025191440337092}",unknown,0,[]
ENSG00000186583,SPATC1,0.10148895018539823,0,"{""gwas_credible_sets"": 0.10148895018539823}",unknown,0,[]
ENSG00000110244,APOA4,0,0.4881055678025307,"{""expression_atlas"": 0.4881055678025307}",unknown,0,[]
ENSG00000021488,SLC7A9,0,0.5067257172243682,"{""expression_atlas"": 0.5067257172243682}",unknown,0,[]
ENSG00000049249,TNFRSF9,0.09319050764909444,0.032014167806941995,"{""gwas_credible_sets"": 0.09319050764909444, ""expression_atlas"": 0.032014167806941995}",unknown,0,[]
ENSG00000197114,ZGPAT,0.10100804320817673,0,"{""gwas_credible_sets"": 0.10100804320817673}",unknown,0,[]
ENSG00000151033,LYZL2,0.1007440697351168,0,"{""gwas_credible_sets"": 0.1007440697351168}",unknown,0,[]
ENSG00000145632,PLK2,0.1004795446772351,0,"{""gwas_credible_sets"": 0.1004795446772351}",unknown,0,[]
ENSG00000148942,SLC5A12,0,0.5022889782500743,"{""expression_atlas"": 0.5022889782500743}",unknown,0,[]
ENSG00000244067,GSTA2,0,0.5011989851658527,"{""expression_atlas"": 0.5011989851658527}",unknown,0,[]
ENSG00000111540,RAB5B,0.10016723996816329,0,"{""gwas_credible_sets"": 0.10016723996816329}",unknown,0,[]
ENSG00000105991,HOXA1,0.10014163052907565,0,"{""gwas_credible_sets"": 0.10014163052907565}",unknown,0,[]
ENSG00000162711,NLRP3,0,0.03649421666146195,"{""expression_atlas"": 0.03649421666146195}",unknown,0,[]
ENSG00000170128,GPR25,0.10006559146628058,0,"{""gwas_credible_sets"": 0.10006559146628058}",unknown,0,[]
ENSG00000144381,HSPD1,0.08403077497575917,0,"{""gwas_credible_sets"": 0.08403077497575917}",unknown,0,[]
ENSG00000135926,TMBIM1,0.09974462307581243,0,"{""gwas_credible_sets"": 0.09974462307581243}",unknown,0,[]
ENSG00000148572,NRBF2,0.09954910121378144,0,"{""gwas_credible_sets"": 0.09954910121378144}",unknown,0,[]
ENSG00000185056,C5orf47,0.09954335639236378,0,"{""gwas_credible_sets"": 0.09954335639236378}",unknown,0,[]
ENSG00000118137,APOA1,0,0.48226834107627614,"{""expression_atlas"": 0.48226834107627614}",unknown,0,[]
ENSG00000182010,RTKN2,0.09926048096985934,0,"{""gwas_credible_sets"": 0.09926048096985934}",unknown,0,[]
ENSG00000094975,SUCO,0.09924963708159663,0,"{""gwas_credible_sets"": 0.09924963708159663}",unknown,0,[]
ENSG00000149925,ALDOA,0,0,{},unknown,0,[]
ENSG00000115616,SLC9A2,0.09746742350856427,0.02682535179165607,"{""gwas_credible_sets"": 0.09746742350856427, ""expression_atlas"": 0.02682535179165607}",unknown,0,[]
ENSG00000108576,SLC6A4,0,0.4642014225773055,"{""expression_atlas"": 0.4642014225773055}",unknown,0,"[""CHEMBL11"", ""CHEMBL1113"", ""CHEMBL1118"", ""CHEMBL1175"", ""CHEMBL1201201"", ""CHEMBL1492500"", ""CHEMBL1508"", ""CHEMBL2104993"", ""CHEMBL259209"", ""CHEMBL3306803"", ""CHEMBL41"", ""CHEMBL415"", ""CHEMBL439849"", ""CHEMBL445"", ""CHEMBL490"", ""CHEMBL549"", ""CHEMBL621"", ""CHEMBL629"", ""CHEMBL637"", ""CHEMBL668"", ""CHEMBL781"", ""CHEMBL809"", ""CHEMBL814"", ""CHEMBL99946""]"
ENSG00000127241,MASP1,0,0.1719497160034247,"{""expression_atlas"": 0.1719497160034247}",unknown,0,[]
ENSG00000114771,AADAC,0,0.4885726014696845,"{""expression_atlas"": 0.4885726014696845}",unknown,0,[]
ENSG00000234906,APOC2,0.09752001027683584,0,"{""gwas_credible_sets"": 0.09752001027683584}",unknown,0,[]
ENSG00000115474,KCNJ13,0,0.4869114470061975,"{""expression_atlas"": 0.4869114470061975}",unknown,0,[]
ENSG00000157778,PSMG3,0.0970640771076528,0,"{""gwas_credible_sets"": 0.0970640771076528}",unknown,0,[]
ENSG00000163735,CXCL5,0,0.47266302742174376,"{""expression_atlas"": 0.47266302742174376}",unknown,0,[]
ENSG00000167244,IGF2,0.09603963613202393,0,"{""gwas_credible_sets"": 0.09603963613202393}",unknown,0,[]
ENSG00000081800,SLC13A1,0,0.4836203860108857,"{""expression_atlas"": 0.4836203860108857}",unknown,0,[]
ENSG00000173432,SAA1,0,0.42370289967821234,"{""expression_atlas"": 0.42370289967821234}",unknown,0,[]
ENSG00000146540,CHLSN,0.09654474087367518,0,"{""gwas_credible_sets"": 0.09654474087367518}",unknown,0,[]
ENSG00000132693,CRP,0,0,{},unknown,0,[]
ENSG00000117480,FAAH,0,0,{},unknown,0,"[""CHEMBL112""]"
ENSG00000196689,TRPV1,0,0,{},unknown,0,"[""CHEMBL112"", ""CHEMBL294199""]"
ENSG00000138823,MTTP,0,0.4762208899557575,"{""expression_atlas"": 0.4762208899557575}",unknown,0,"[""CHEMBL354541""]"
ENSG00000179813,FAM216B,0.09318848550692853,0.03997675507314068,"{""gwas_credible_sets"": 0.09318848550692853, ""expression_atlas"": 0.03997675507314068}",unknown,0,[]
ENSG00000132912,DCTN4,0.09500969019140901,0,"{""gwas_credible_sets"": 0.09500969019140901}",unknown,0,[]
ENSG00000066468,FGFR2,0,0.02240476975705044,"{""expression_atlas"": 0.02240476975705044}",unknown,0,"[""CHEMBL1201821"", ""CHEMBL1852688"", ""CHEMBL1946170"", ""CHEMBL2108081"", ""CHEMBL3545376"", ""CHEMBL3701238"", ""CHEMBL4297522"", ""CHEMBL502835""]"
ENSG00000106266,SNX8,0.0948686769152195,0,"{""gwas_credible_sets"": 0.0948686769152195}",unknown,0,[]
ENSG00000278505,C17orf78,0,0.47352040762179537,"{""expression_atlas"": 0.47352040762179537}",unknown,0,[]
ENSG00000106263,EIF3B,0.09381986756635195,0,"{""gwas_credible_sets"": 0.09381986756635195}",unknown,0,[]
ENSG00000039068,CDH1,0,0,{},unknown,0,[]
ENSG00000173369,C1QB,0.08936785636439472,0.08104514378368852,"{""gwas_credible_sets"": 0.08936785636439472, ""expression_atlas"": 0.08104514378368852}",unknown,0,[]
ENSG00000141434,MEP1B,0,0.4590515371904124,"{""expression_atlas"": 0.4590515371904124}",unknown,0,[]
ENSG00000105401,CDC37,0.09323141211757467,0,"{""gwas_credible_sets"": 0.09323141211757467}",unknown,0,[]
ENSG00000112159,MDN1,0.09318157572434957,0,"{""gwas_credible_sets"": 0.09318157572434957}",unknown,0,[]
ENSG00000105989,WNT2,0,0.4644624218852981,"{""expression_atlas"": 0.4644624218852981}",unknown,0,[]
ENSG00000170231,FABP6,0,0.4640204430781273,"{""expression_atlas"": 0.4640204430781273}",unknown,0,[]
ENSG00000196639,HRH1,0,0,{},unknown,0,"[""CHEMBL1000"", ""CHEMBL1004"", ""CHEMBL1106"", ""CHEMBL1172"", ""CHEMBL1189432"", ""CHEMBL1193"", ""CHEMBL1200406"", ""CHEMBL1200959"", ""CHEMBL1201191"", ""CHEMBL1201210"", ""CHEMBL1201245"", ""CHEMBL1201271"", ""CHEMBL1201287"", ""CHEMBL1201353"", ""CHEMBL1201747"", ""CHEMBL1201758"", ""CHEMBL1224"", ""CHEMBL1241"", ""CHEMBL1305"", ""CHEMBL1492"", ""CHEMBL1615438"", ""CHEMBL1623"", ""CHEMBL1626"", ""CHEMBL1628227"", ""CHEMBL1742423"", ""CHEMBL2110774"", ""CHEMBL24441"", ""CHEMBL305660"", ""CHEMBL43064"", ""CHEMBL505"", ""CHEMBL511"", ""CHEMBL516"", ""CHEMBL534"", ""CHEMBL594"", ""CHEMBL639"", ""CHEMBL643"", ""CHEMBL644"", ""CHEMBL648"", ""CHEMBL657"", ""CHEMBL770"", ""CHEMBL811"", ""CHEMBL829"", ""CHEMBL855"", ""CHEMBL864"", ""CHEMBL896"", ""CHEMBL90"", ""CHEMBL900"", ""CHEMBL91397"", ""CHEMBL914"", ""CHEMBL94454"", ""CHEMBL946"", ""CHEMBL998""]"
ENSG00000172977,KAT5,0.09240726286399302,0,"{""gwas_credible_sets"": 0.09240726286399302}",unknown,0,[]
ENSG00000162747,FCGR3B,0,0.45627052510981164,"{""expression_atlas"": 0.45627052510981164}",unknown,0,[]
ENSG00000143627,PKLR,0.03168964941826613,0.4222769116163756,"{""expression_atlas"": 0.4222769116163756, ""gwas_credible_sets"": 0.03168964941826613}",unknown,0,"[""CHEMBL4299940""]"
ENSG00000171051,FPR1,0,0.44163128329482565,"{""expression_atlas"": 0.44163128329482565}",unknown,0,[]
ENSG00000136689,IL1RN,0,0.4371217466477541,"{""expression_atlas"": 0.4371217466477541}",unknown,0,[]
ENSG00000139193,CD27,0,0.01286584655316618,"{""expression_atlas"": 0.01286584655316618}",unknown,0,[]
ENSG00000165689,ENTR1,0.09060571780938843,0,"{""gwas_credible_sets"": 0.09060571780938843}",unknown,0,[]
ENSG00000172349,IL16,0,0,{},unknown,0,[]
ENSG00000174358,SLC6A19,0,0.4516947677946322,"{""expression_atlas"": 0.4516947677946322}",unknown,0,[]
ENSG00000273777,CEACAM20,0,0.4513886172266286,"{""expression_atlas"": 0.4513886172266286}",unknown,0,[]
ENSG00000122121,XPNPEP2,0,0.45004557846300663,"{""expression_atlas"": 0.45004557846300663}",unknown,0,[]
ENSG00000136213,CHST12,0.08998748340139291,0,"{""gwas_credible_sets"": 0.08998748340139291}",unknown,0,[]
ENSG00000107611,CUBN,0,0.44385195414967094,"{""expression_atlas"": 0.44385195414967094}",unknown,0,[]
ENSG00000082512,TRAF5,0,0,{},unknown,0,[]
ENSG00000131323,TRAF3,0,0,{},unknown,0,[]
ENSG00000095752,IL11,0,0.4053941453475566,"{""expression_atlas"": 0.4053941453475566}",unknown,0,[]
ENSG00000163581,SLC2A2,0,0.4496035771097761,"{""expression_atlas"": 0.4496035771097761}",unknown,0,[]
ENSG00000135148,TRAFD1,0.08833649893784848,0,"{""gwas_credible_sets"": 0.08833649893784848}",unknown,0,[]
ENSG00000110245,APOC3,0,0.4400426289329046,"{""expression_atlas"": 0.4400426289329046}",unknown,0,[]
ENSG00000162552,WNT4,0.0897472692180584,0,"{""gwas_credible_sets"": 0.0897472692180584}",unknown,0,[]
ENSG00000169347,GP2,0,0.23354692650404157,"{""expression_atlas"": 0.23354692650404157}",unknown,0,[]
ENSG00000104267,CA2,0,0.400706905108295,"{""expression_atlas"": 0.400706905108295}",unknown,0,"[""CHEMBL17"", ""CHEMBL18"", ""CHEMBL19"", ""CHEMBL20"", ""CHEMBL218490"", ""CHEMBL220491"", ""CHEMBL220492"", ""CHEMBL328560""]"
ENSG00000124226,RNF114,0.08859701858906942,0,"{""gwas_credible_sets"": 0.08859701858906942}",unknown,0,[]
ENSG00000130363,RSPH3,0.08853618681866701,0,"{""gwas_credible_sets"": 0.08853618681866701}",unknown,0,[]
ENSG00000060566,CREB3L3,0,0.44238611464182337,"{""expression_atlas"": 0.44238611464182337}",unknown,0,[]
ENSG00000183019,MCEMP1,0,0.4369808272219692,"{""expression_atlas"": 0.4369808272219692}",unknown,0,[]
ENSG00000255398,HCAR3,0,0.44081142077544183,"{""expression_atlas"": 0.44081142077544183}",unknown,0,[]
ENSG00000164399,IL3,0.08580326449149882,0,"{""gwas_credible_sets"": 0.08580326449149882}",unknown,0,[]
ENSG00000203857,HSD3B1,0,0.4376008675782918,"{""expression_atlas"": 0.4376008675782918}",unknown,0,[]
ENSG00000113492,AGXT2,0,0.4397892392291674,"{""expression_atlas"": 0.4397892392291674}",unknown,0,[]
ENSG00000111537,IFNG,0.06118563341862505,0.22393435130614653,"{""gwas_credible_sets"": 0.06118563341862505, ""expression_atlas"": 0.22393435130614653}",unknown,0,"[""CHEMBL3989977""]"
ENSG00000021826,CPS1,0,0.43783637480111715,"{""expression_atlas"": 0.43783637480111715}",unknown,0,"[""CHEMBL1201780""]"
ENSG00000127528,KLF2,0,0.01059034436495361,"{""expression_atlas"": 0.01059034436495361}",unknown,0,[]
ENSG00000169231,THBS3,0.0854536162066533,0,"{""gwas_credible_sets"": 0.0854536162066533}",unknown,0,[]
ENSG00000184110,EIF3C,0.08696689908312676,0,"{""gwas_credible_sets"": 0.08696689908312676}",unknown,0,[]
ENSG00000182782,HCAR2,0,0.429783939372519,"{""expression_atlas"": 0.429783939372519}",unknown,0,[]
ENSG00000169903,TM4SF4,0,0.43278820711025673,"{""expression_atlas"": 0.43278820711025673}",unknown,0,[]
ENSG00000268104,SLC6A14,0,0.4138577910442217,"{""expression_atlas"": 0.4138577910442217}",unknown,0,[]
ENSG00000177663,IL17RA,0,0,{},unknown,0,"[""CHEMBL1742996""]"
ENSG00000277632,CCL3,0,0.4065745742828146,"{""expression_atlas"": 0.4065745742828146}",unknown,0,[]
ENSG00000182093,GET1,0.08555303849005147,0,"{""gwas_credible_sets"": 0.08555303849005147}",unknown,0,[]
ENSG00000049245,VAMP3,0.08490888794658348,0,"{""gwas_credible_sets"": 0.08490888794658348}",unknown,0,[]
ENSG00000243955,GSTA1,0,0.42747742747482237,"{""expression_atlas"": 0.42747742747482237}",unknown,0,[]
ENSG00000140274,DUOXA2,0,0.42326418535828103,"{""expression_atlas"": 0.42326418535828103}",unknown,0,[]
ENSG00000180999,C1orf105,0.08259384783494773,0.05586905357067146,"{""gwas_credible_sets"": 0.08259384783494773, ""expression_atlas"": 0.05586905357067146}",unknown,0,[]
ENSG00000157870,PRXL2B,0.08535646883319177,0,"{""gwas_credible_sets"": 0.08535646883319177}",unknown,0,[]
ENSG00000163739,CXCL1,0,0.3814634803620468,"{""expression_atlas"": 0.3814634803620468}",unknown,0,[]
ENSG00000129988,LBP,0,0.38938534057035773,"{""expression_atlas"": 0.38938534057035773}",unknown,0,[]
ENSG00000096088,PGC,0,0.4236973897400175,"{""expression_atlas"": 0.4236973897400175}",unknown,0,[]
ENSG00000124102,PI3,0,0.3618542902683148,"{""expression_atlas"": 0.3618542902683148}",unknown,0,[]
ENSG00000133110,POSTN,0,0.17800573815654983,"{""expression_atlas"": 0.17800573815654983}",unknown,0,[]
ENSG00000138792,ENPEP,0,0.41769036749135624,"{""expression_atlas"": 0.41769036749135624}",unknown,0,[]
ENSG00000120057,SFRP5,0,0.4222217005755137,"{""expression_atlas"": 0.4222217005755137}",unknown,0,[]
ENSG00000131142,CCL25,0,0.35635191361109964,"{""expression_atlas"": 0.35635191361109964}",unknown,0,[]
ENSG00000007908,SELE,0,0.3933419732909602,"{""expression_atlas"": 0.3933419732909602}",unknown,0,[]
ENSG00000161180,CCDC116,0.08431409776505111,0,"{""gwas_credible_sets"": 0.08431409776505111}",unknown,0,[]
ENSG00000244482,LILRA6,0.05125409970960968,0.35653799675651343,"{""expression_atlas"": 0.35653799675651343, ""gwas_credible_sets"": 0.05125409970960968}",unknown,0,[]
ENSG00000163295,ALPI,0,0.38563393922973044,"{""expression_atlas"": 0.38563393922973044}",unknown,0,[]
ENSG00000186407,CD300E,0,0.4203168715774532,"{""expression_atlas"": 0.4203168715774532}",unknown,0,[]
ENSG00000204936,CD177,0,0.4145549406398988,"{""expression_atlas"": 0.4145549406398988}",unknown,0,[]
ENSG00000140678,ITGAX,0,0.08439313359728118,"{""expression_atlas"": 0.08439313359728118}",unknown,0,[]
ENSG00000145626,UGT3A1,0,0.4186491797371173,"{""expression_atlas"": 0.4186491797371173}",unknown,0,[]
ENSG00000268734,ENSG00000268734,0,0.4182686448501301,"{""expression_atlas"": 0.4182686448501301}",unknown,0,[]
ENSG00000261012,ENSG00000261012,0,0.41738302714668263,"{""expression_atlas"": 0.41738302714668263}",unknown,0,[]
ENSG00000267467,APOC4,0.08343257217768642,0,"{""gwas_credible_sets"": 0.08343257217768642}",unknown,0,[]
ENSG00000169299,PGM2,0.08330159085799171,0,"{""gwas_credible_sets"": 0.08330159085799171}",unknown,0,[]
ENSG00000133636,NTS,0,0.40013404643317546,"{""expression_atlas"": 0.40013404643317546}",unknown,0,[]
ENSG00000197712,FAM114A1,0.08328756613951559,0,"{""gwas_credible_sets"": 0.08328756613951559}",unknown,0,[]
ENSG00000198156,NPIPB6,0.08316993057122637,0,"{""gwas_credible_sets"": 0.08316993057122637}",unknown,0,[]
ENSG00000166527,CLEC4D,0,0.40742707705733255,"{""expression_atlas"": 0.40742707705733255}",unknown,0,[]
ENSG00000177469,CAVIN1,0.08298604212055607,0,"{""gwas_credible_sets"": 0.08298604212055607}",unknown,0,[]
ENSG00000123496,IL13RA2,0,0.3838576806562127,"{""expression_atlas"": 0.3838576806562127}",unknown,0,[]
ENSG00000143630,HCN3,0.0824868437652809,0,"{""gwas_credible_sets"": 0.0824868437652809}",unknown,0,[]
ENSG00000115137,DNAJC27,0.08244714412715039,0,"{""gwas_credible_sets"": 0.08244714412715039}",unknown,0,[]
ENSG00000241635,UGT1A1,0,0.38099653456848087,"{""expression_atlas"": 0.38099653456848087}",unknown,0,[]
ENSG00000125735,TNFSF14,0,0.09634107041937236,"{""expression_atlas"": 0.09634107041937236}",unknown,0,[]
ENSG00000204740,MALRD1,0,0.4115259284510005,"{""expression_atlas"": 0.4115259284510005}",unknown,0,[]
ENSG00000167780,SOAT2,0,0.4100793752650265,"{""expression_atlas"": 0.4100793752650265}",unknown,0,[]
ENSG00000171049,FPR2,0,0.39417923619924544,"{""expression_atlas"": 0.39417923619924544}",unknown,0,[]
ENSG00000169223,LMAN2,0.08140236962628672,0,"{""gwas_credible_sets"": 0.08140236962628672}",unknown,0,[]
ENSG00000198933,TBKBP1,0.08084674353982058,0,"{""gwas_credible_sets"": 0.08084674353982058}",unknown,0,[]
ENSG00000185585,OLFML2A,0.08074324589511729,0,"{""gwas_credible_sets"": 0.08074324589511729}",unknown,0,[]
ENSG00000240563,L1TD1,0,0.40344812980728917,"{""expression_atlas"": 0.40344812980728917}",unknown,0,[]
ENSG00000143727,ACP1,0.07766031150205735,0,"{""gwas_credible_sets"": 0.07766031150205735}",unknown,0,[]
ENSG00000134339,SAA2,0,0.3486432686923359,"{""expression_atlas"": 0.3486432686923359}",unknown,0,[]
ENSG00000165632,TAF3,0.08042925623533083,0,"{""gwas_credible_sets"": 0.08042925623533083}",unknown,0,[]
ENSG00000163734,CXCL3,0,0.402010889960861,"{""expression_atlas"": 0.402010889960861}",unknown,0,[]
ENSG00000102794,ACOD1,0,0.3973547676605721,"{""expression_atlas"": 0.3973547676605721}",unknown,0,[]
ENSG00000198759,EGFL6,0,0.4017608622509591,"{""expression_atlas"": 0.4017608622509591}",unknown,0,[]
ENSG00000258227,CLEC5A,0,0.3686234945831857,"{""expression_atlas"": 0.3686234945831857}",unknown,0,[]
ENSG00000257335,MGAM,0,0.39456438381529785,"{""expression_atlas"": 0.39456438381529785}",unknown,0,"[""CHEMBL1561"", ""CHEMBL404271"", ""CHEMBL476960""]"
ENSG00000108055,SMC3,0.07996574652710653,0,"{""gwas_credible_sets"": 0.07996574652710653}",unknown,0,[]
ENSG00000145040,UCN2,0,0.39919951774832657,"{""expression_atlas"": 0.39919951774832657}",unknown,0,[]
ENSG00000130584,ZBTB46,0.07980228716902575,0,"{""gwas_credible_sets"": 0.07980228716902575}",unknown,0,[]
ENSG00000188389,PDCD1,0,0,{},unknown,0,"[""CHEMBL2108738"", ""CHEMBL3137343"", ""CHEMBL4297723"", ""CHEMBL4297840"", ""CHEMBL4297843"", ""CHEMBL4298037"", ""CHEMBL4298124""]"
ENSG00000204978,ERICH4,0,0.39877690635160185,"{""expression_atlas"": 0.39877690635160185}",unknown,0,[]
ENSG00000105388,CEACAM5,0,0.33671150267427025,"{""expression_atlas"": 0.33671150267427025}",unknown,0,"[""CHEMBL2108253""]"
ENSG00000087510,TFAP2C,0,0.3956877179012744,"{""expression_atlas"": 0.3956877179012744}",unknown,0,[]
ENSG00000115602,IL33R,0.07522528595315216,0.010164770872394379,"{""gwas_credible_sets"": 0.07522528595315216, ""expression_atlas"": 0.010164770872394379}",unknown,0,[]
ENSG00000122641,INHBA,0,0.3934010815855883,"{""expression_atlas"": 0.3934010815855883}",unknown,0,"[""CHEMBL1743073""]"
ENSG00000143322,ABL2,0.07851669223221268,0,"{""gwas_credible_sets"": 0.07851669223221268}",unknown,0,[]
ENSG00000112242,E2F3,0.0784704132717072,0,"{""gwas_credible_sets"": 0.0784704132717072}",unknown,0,[]
ENSG00000140279,DUOX2,0,0.363079199864147,"{""expression_atlas"": 0.363079199864147}",unknown,0,[]
ENSG00000162391,FAM151A,0,0.39127550965455515,"{""expression_atlas"": 0.39127550965455515}",unknown,0,[]
ENSG00000115590,IL1R2,0,0.2674797137848697,"{""expression_atlas"": 0.2674797137848697}",unknown,0,[]
ENSG00000126262,FFAR2,0,0.31331813378374207,"{""expression_atlas"": 0.31331813378374207}",unknown,0,[]
ENSG00000134028,ADAMDEC1,0,0,{},unknown,0,[]
ENSG00000124107,SLPI,0,0.3717583746445798,"{""expression_atlas"": 0.3717583746445798}",unknown,0,[]
ENSG00000106366,SERPINE1,0,0.34165222448549504,"{""expression_atlas"": 0.34165222448549504}",unknown,0,[]
ENSG00000067560,RHOA,0.07242683794801355,0,"{""gwas_credible_sets"": 0.07242683794801355}",unknown,0,[]
ENSG00000164078,MST1R,0.07464890862666833,0,"{""gwas_credible_sets"": 0.07464890862666833}",unknown,0,"[""CHEMBL601719""]"
ENSG00000142910,TINAGL1,0,0,{},unknown,0,[]
ENSG00000224397,PELATON,0,0.38262865671561547,"{""expression_atlas"": 0.38262865671561547}",unknown,0,[]
ENSG00000166670,MMP10,0,0.3775346432815545,"{""expression_atlas"": 0.3775346432815545}",unknown,0,[]
ENSG00000181778,TMEM252,0,0.3867324429444723,"{""expression_atlas"": 0.3867324429444723}",unknown,0,[]
ENSG00000112715,VEGFA,0,0,{},unknown,0,"[""CHEMBL1201421"", ""CHEMBL1201583"", ""CHEMBL1201825"", ""CHEMBL1742982"", ""CHEMBL3707357"", ""CHEMBL4297750"", ""CHEMBL5314727""]"
ENSG00000112378,PERP,0.07718785720993974,0,"{""gwas_credible_sets"": 0.07718785720993974}",unknown,0,[]
ENSG00000204616,TRIM31,0,0.01147496642112863,"{""expression_atlas"": 0.01147496642112863}",unknown,0,[]
ENSG00000196993,NPIPB9,0.07555453440683199,0,"{""gwas_credible_sets"": 0.07555453440683199}",unknown,0,[]
ENSG00000109511,ANXA10,0,0.3790279963533763,"{""expression_atlas"": 0.3790279963533763}",unknown,0,[]
ENSG00000131203,IDO1,0,0.27447432527317844,"{""expression_atlas"": 0.27447432527317844}",unknown,0,[]
ENSG00000215182,MUC5AC,0,0.3146014952610925,"{""expression_atlas"": 0.3146014952610925}",unknown,0,[]
ENSG00000117594,HSD11B1,0,0.3803480291185684,"{""expression_atlas"": 0.3803480291185684}",unknown,0,"[""CHEMBL499915""]"
ENSG00000176909,MAMSTR,0.07601258483636643,0,"{""gwas_credible_sets"": 0.07601258483636643}",unknown,0,[]
ENSG00000144035,NAT8,0,0.3797729161633718,"{""expression_atlas"": 0.3797729161633718}",unknown,0,[]
ENSG00000136872,ALDOB,0,0.379533110502496,"{""expression_atlas"": 0.379533110502496}",unknown,0,[]
ENSG00000050555,LAMC3,0,0.37901682744468823,"{""expression_atlas"": 0.37901682744468823}",unknown,0,"[""CHEMBL2095222""]"
ENSG00000118412,CASP8AP2,0.07565899697897466,0,"{""gwas_credible_sets"": 0.07565899697897466}",unknown,0,[]
ENSG00000170482,SLC23A1,0,0.3603364323445488,"{""expression_atlas"": 0.3603364323445488}",unknown,0,[]
ENSG00000070814,TCOF1,0.07512313722523516,0,"{""gwas_credible_sets"": 0.07512313722523516}",unknown,0,[]
ENSG00000017427,IGF1,0,0.026331423203383834,"{""expression_atlas"": 0.026331423203383834}",unknown,0,[]
ENSG00000035115,SH3YL1,0.0750867214040597,0,"{""gwas_credible_sets"": 0.0750867214040597}",unknown,0,[]
ENSG00000007306,CEACAM7,0,0.37541155771699386,"{""expression_atlas"": 0.37541155771699386}",unknown,0,[]
ENSG00000124140,SLC12A5,0.07505740462045611,0,"{""gwas_credible_sets"": 0.07505740462045611}",unknown,0,[]
ENSG00000142748,FCN3,0,0.35544309389870793,"{""expression_atlas"": 0.35544309389870793}",unknown,0,[]
ENSG00000138308,PLA2G12B,0,0.3739832240742581,"{""expression_atlas"": 0.3739832240742581}",unknown,0,[]
ENSG00000100325,ASCC2,0.07477470267863291,0,"{""gwas_credible_sets"": 0.07477470267863291}",unknown,0,[]
ENSG00000211891,IGHE,0,0,{},unknown,0,"[""CHEMBL1201589""]"
ENSG00000256162,SMLR1,0,0.3733361119394336,"{""expression_atlas"": 0.3733361119394336}",unknown,0,[]
ENSG00000109193,SULT1E1,0,0.3719681005200347,"{""expression_atlas"": 0.3719681005200347}",unknown,0,[]
ENSG00000108061,SHOC2,0.07436218353788787,0,"{""gwas_credible_sets"": 0.07436218353788787}",unknown,0,[]
ENSG00000104808,DHDH,0,0.36943101553273866,"{""expression_atlas"": 0.36943101553273866}",unknown,0,[]
ENSG00000118094,TREH,0,0.3646799482098252,"{""expression_atlas"": 0.3646799482098252}",unknown,0,[]
ENSG00000203747,FCGR3A,0,0.34216212682795577,"{""expression_atlas"": 0.34216212682795577}",unknown,0,[]
ENSG00000166523,CLEC4E,0,0.36407747926346956,"{""expression_atlas"": 0.36407747926346956}",unknown,0,[]
ENSG00000203867,RBM20,0.07318705673540005,0.009533417903140629,"{""gwas_credible_sets"": 0.07318705673540005, ""expression_atlas"": 0.009533417903140629}",unknown,0,[]
ENSG00000225968,ELFN1,0.0735083121160549,0,"{""gwas_credible_sets"": 0.0735083121160549}",unknown,0,[]
ENSG00000161896,IP6K3,0.07349870970875638,0,"{""gwas_credible_sets"": 0.07349870970875638}",unknown,0,[]
ENSG00000174885,NLRP6,0,0.3548955862149432,"{""expression_atlas"": 0.3548955862149432}",unknown,0,[]
ENSG00000115255,REEP6,0,0.3430759137555643,"{""expression_atlas"": 0.3430759137555643}",unknown,0,[]
ENSG00000255524,NPIPB8,0.07297185007924913,0,"{""gwas_credible_sets"": 0.07297185007924913}",unknown,0,[]
ENSG00000172922,RNASEH2C,0.07278617938114511,0,"{""gwas_credible_sets"": 0.07278617938114511}",unknown,0,[]
ENSG00000106004,HOXA5,0.07269766058594002,0,"{""gwas_credible_sets"": 0.07269766058594002}",unknown,0,[]
ENSG00000169679,BUB1,0.07166931523526807,0.015522546846675745,"{""gwas_credible_sets"": 0.07166931523526807, ""expression_atlas"": 0.015522546846675745}",unknown,0,[]
ENSG00000071242,RPS6KA2,0.07086086400519036,0.025022605259717605,"{""gwas_credible_sets"": 0.07086086400519036, ""expression_atlas"": 0.025022605259717605}",unknown,0,[]
ENSG00000140932,CMTM2,0,0.3618819525673074,"{""expression_atlas"": 0.3618819525673074}",unknown,0,[]
ENSG00000015413,DPEP1,0,0.35478804572468897,"{""expression_atlas"": 0.35478804572468897}",unknown,0,"[""CHEMBL766""]"
ENSG00000185437,SH3BGR,0.07221189540964859,0,"{""gwas_credible_sets"": 0.07221189540964859}",unknown,0,[]
ENSG00000117834,SLC5A9,0,0.36099833505525214,"{""expression_atlas"": 0.36099833505525214}",unknown,0,[]
ENSG00000164332,UBLCP1,0.07135953058508628,0,"{""gwas_credible_sets"": 0.07135953058508628}",unknown,0,[]
ENSG00000134827,TCN1,0,0.3551851174132656,"{""expression_atlas"": 0.3551851174132656}",unknown,0,[]
ENSG00000177575,CD163,0,0.03720116380980345,"{""expression_atlas"": 0.03720116380980345}",unknown,0,[]
ENSG00000085563,ABCB1,0,0.31105978561429737,"{""expression_atlas"": 0.31105978561429737}",unknown,0,[]
ENSG00000224057,EGFR-AS1,0,0.35907539881556716,"{""expression_atlas"": 0.35907539881556716}",unknown,0,[]
ENSG00000145022,TCTA,0.07160160467550136,0,"{""gwas_credible_sets"": 0.07160160467550136}",unknown,0,[]
ENSG00000114270,COL7A1,0,0.3361606084076825,"{""expression_atlas"": 0.3361606084076825}",unknown,0,"[""CHEMBL4594328""]"
ENSG00000121207,LRAT,0,0.35670687767448056,"{""expression_atlas"": 0.35670687767448056}",unknown,0,[]
ENSG00000139572,GPR84,0,0.3364721246199908,"{""expression_atlas"": 0.3364721246199908}",unknown,0,[]
ENSG00000128383,APOBEC3A,0,0.3561961505923004,"{""expression_atlas"": 0.3561961505923004}",unknown,0,[]
ENSG00000142677,IL22RA1,0.06962646649463372,0.023119295777772463,"{""gwas_credible_sets"": 0.06962646649463372, ""expression_atlas"": 0.023119295777772463}",unknown,0,[]
ENSG00000172497,ACOT12,0,0.35559987846539914,"{""expression_atlas"": 0.35559987846539914}",unknown,0,[]
ENSG00000088386,SLC15A1,0,0.3430553490922378,"{""expression_atlas"": 0.3430553490922378}",unknown,0,[]
ENSG00000163131,CTSS,0.06663018023913063,0.033478433023158005,"{""gwas_credible_sets"": 0.06663018023913063, ""expression_atlas"": 0.033478433023158005}",unknown,0,[]
ENSG00000145113,MUC4,0,0.33722757423671024,"{""expression_atlas"": 0.33722757423671024}",unknown,0,[]
ENSG00000248323,LUCAT1,0,0.3304332392557594,"{""expression_atlas"": 0.3304332392557594}",unknown,0,[]
ENSG00000167434,CA4,0,0.35468641598343154,"{""expression_atlas"": 0.35468641598343154}",unknown,0,"[""CHEMBL17"", ""CHEMBL18"", ""CHEMBL19"", ""CHEMBL20"", ""CHEMBL220492"", ""CHEMBL328560""]"
ENSG00000137558,PI15,0,0.3540743082946806,"{""expression_atlas"": 0.3540743082946806}",unknown,0,[]
ENSG00000142182,DNMT3L,0.07057012084682618,0,"{""gwas_credible_sets"": 0.07057012084682618}",unknown,0,[]
ENSG00000172782,FADS6,0,0.35265016657034043,"{""expression_atlas"": 0.35265016657034043}",unknown,0,[]
ENSG00000261520,DLGAP1-AS5,0,0.3521522222100793,"{""expression_atlas"": 0.3521522222100793}",unknown,0,[]
ENSG00000049768,FOXP3,0,0.03480930658214505,"{""expression_atlas"": 0.03480930658214505}",unknown,0,[]
ENSG00000117983,MUC5B,0,0.3459189657402878,"{""expression_atlas"": 0.3459189657402878}",unknown,0,[]
ENSG00000128228,SDF2L1,0.062127538985860785,0.08758406102711809,"{""gwas_credible_sets"": 0.062127538985860785, ""expression_atlas"": 0.08758406102711809}",unknown,0,[]
ENSG00000105509,HAS1,0,0.35064432529734313,"{""expression_atlas"": 0.35064432529734313}",unknown,0,[]
ENSG00000099817,POLR2E,0.0701122562695448,0,"{""gwas_credible_sets"": 0.0701122562695448}",unknown,0,[]
ENSG00000183246,RIMBP3C,0.07007006183805156,0,"{""gwas_credible_sets"": 0.07007006183805156}",unknown,0,[]
ENSG00000198324,PHETA1,0.07005090988261814,0,"{""gwas_credible_sets"": 0.07005090988261814}",unknown,0,[]
ENSG00000138669,PRKG2,0,0.34943742556505764,"{""expression_atlas"": 0.34943742556505764}",unknown,0,[]
ENSG00000140009,ESR2,0,0,{},unknown,0,"[""CHEMBL1200598"", ""CHEMBL1200761"", ""CHEMBL1201165"", ""CHEMBL1201466"", ""CHEMBL1201467"", ""CHEMBL1201468"", ""CHEMBL1201649"", ""CHEMBL1230314"", ""CHEMBL1655"", ""CHEMBL1756"", ""CHEMBL193482"", ""CHEMBL2105395"", ""CHEMBL328190"", ""CHEMBL46740"", ""CHEMBL81""]"
ENSG00000099377,HSD3B7,0.06975171902719302,0,"{""gwas_credible_sets"": 0.06975171902719302}",unknown,0,[]
ENSG00000184557,SOCS3,0,0.3016927190911381,"{""expression_atlas"": 0.3016927190911381}",unknown,0,[]
ENSG00000168447,SCNN1B,0,0.34769856278720135,"{""expression_atlas"": 0.34769856278720135}",unknown,0,"[""CHEMBL585"", ""CHEMBL945""]"
ENSG00000136238,RAC1,0,0,{},unknown,0,[]
ENSG00000151948,GLT1D1,0,0.347459788253455,"{""expression_atlas"": 0.347459788253455}",unknown,0,[]
ENSG00000150337,FCGR1A,0,0.3012088120036897,"{""expression_atlas"": 0.3012088120036897}",unknown,0,[]
ENSG00000247596,TWF2,0.06828803585921839,0.022247830686113364,"{""gwas_credible_sets"": 0.06828803585921839, ""expression_atlas"": 0.022247830686113364}",unknown,0,[]
ENSG00000216588,IGSF23,0,0.346520911072259,"{""expression_atlas"": 0.346520911072259}",unknown,0,[]
ENSG00000198569,SLC34A3,0,0.34649038525723785,"{""expression_atlas"": 0.34649038525723785}",unknown,0,[]
ENSG00000119042,SATB2,0,0,{},unknown,0,[]
ENSG00000179520,SLC17A8,0,0.3454042840738643,"{""expression_atlas"": 0.3454042840738643}",unknown,0,[]
ENSG00000158865,SLC5A11,0,0.3451226612746275,"{""expression_atlas"": 0.3451226612746275}",unknown,0,[]
ENSG00000234224,TMEM229A,0,0.3443317027300597,"{""expression_atlas"": 0.3443317027300597}",unknown,0,[]
ENSG00000135480,KRT7,0,0.3184491503768223,"{""expression_atlas"": 0.3184491503768223}",unknown,0,[]
ENSG00000128710,HOXD10,0,0.3433728878487094,"{""expression_atlas"": 0.3433728878487094}",unknown,0,[]
ENSG00000073861,TBX21,0.06604677058362247,0.03572774529479393,"{""gwas_credible_sets"": 0.06604677058362247, ""expression_atlas"": 0.03572774529479393}",unknown,0,[]
ENSG00000185303,SFTPA2,0,0.34321718746749613,"{""expression_atlas"": 0.34321718746749613}",unknown,0,[]
ENSG00000135253,KCP,0.0656941268308398,0.05868456598690319,"{""gwas_credible_sets"": 0.0656941268308398, ""expression_atlas"": 0.05868456598690319}",unknown,0,[]
ENSG00000101076,HNF4A,0.06374965734482342,0,"{""gwas_credible_sets"": 0.06374965734482342}",unknown,0,[]
ENSG00000105398,SULT2A1,0,0.32767617555972267,"{""expression_atlas"": 0.32767617555972267}",unknown,0,[]
ENSG00000167588,GPD1,0,0.3418191951737307,"{""expression_atlas"": 0.3418191951737307}",unknown,0,[]
ENSG00000213996,TM6SF2,0,0.34163742443084205,"{""expression_atlas"": 0.34163742443084205}",unknown,0,[]
ENSG00000163631,ALB,0,0,{},unknown,0,[]
ENSG00000185963,BICD2,0.06822450144073905,0,"{""gwas_credible_sets"": 0.06822450144073905}",unknown,0,[]
ENSG00000137364,TPMT,0,0,{},unknown,0,[]
ENSG00000187037,GPR141,0.06559996309845108,0.05046265713276763,"{""gwas_credible_sets"": 0.06559996309845108, ""expression_atlas"": 0.05046265713276763}",unknown,0,[]
ENSG00000103888,CEMIP,0,0.3198551485327345,"{""expression_atlas"": 0.3198551485327345}",unknown,0,[]
ENSG00000106537,TSPAN13,0.06793322690953844,0,"{""gwas_credible_sets"": 0.06793322690953844}",unknown,0,[]
ENSG00000124875,CXCL6,0,0.306000768526674,"{""expression_atlas"": 0.306000768526674}",unknown,0,[]
ENSG00000172927,MYEOV,0,0.3390845864659267,"{""expression_atlas"": 0.3390845864659267}",unknown,0,[]
ENSG00000174827,PDZK1,0,0.3389994277769172,"{""expression_atlas"": 0.3389994277769172}",unknown,0,[]
ENSG00000249201,TERLR1,0,0.3388751255010937,"{""expression_atlas"": 0.3388751255010937}",unknown,0,[]
ENSG00000111012,CYP27B1,0,0.3331112859541806,"{""expression_atlas"": 0.3331112859541806}",unknown,0,[]
ENSG00000166268,MYRFL,0,0.3386737196024691,"{""expression_atlas"": 0.3386737196024691}",unknown,0,[]
ENSG00000134042,MRO,0,0.33735937173623537,"{""expression_atlas"": 0.33735937173623537}",unknown,0,[]
ENSG00000095932,SMIM24,0,0.3373479288037304,"{""expression_atlas"": 0.3373479288037304}",unknown,0,[]
ENSG00000118785,SPP1,0,0.25426573204904535,"{""expression_atlas"": 0.25426573204904535}",unknown,0,[]
ENSG00000099385,BCL7C,0.06731567888430912,0,"{""gwas_credible_sets"": 0.06731567888430912}",unknown,0,[]
ENSG00000236444,UBE2L5,0.0673052475899655,0,"{""gwas_credible_sets"": 0.0673052475899655}",unknown,0,[]
ENSG00000138755,CXCL9,0,0.2766110931112294,"{""expression_atlas"": 0.2766110931112294}",unknown,0,[]
ENSG00000164500,SPMIP7,0.06302393565985873,0.06651405934056139,"{""gwas_credible_sets"": 0.06302393565985873, ""expression_atlas"": 0.06651405934056139}",unknown,0,[]
ENSG00000213221,DNLZ,0.06676706323458649,0,"{""gwas_credible_sets"": 0.06676706323458649}",unknown,0,[]
ENSG00000118777,ABCG2,0,0.31411201137880884,"{""expression_atlas"": 0.31411201137880884}",unknown,0,[]
ENSG00000169876,MUC17,0,0.31023865301401055,"{""expression_atlas"": 0.31023865301401055}",unknown,0,[]
ENSG00000125571,IL37,0,0.08031669032849119,"{""expression_atlas"": 0.08031669032849119}",unknown,0,[]
ENSG00000275302,CCL4,0,0.2993406817866774,"{""expression_atlas"": 0.2993406817866774}",unknown,0,[]
ENSG00000154646,TMPRSS15,0,0.33202272428501883,"{""expression_atlas"": 0.33202272428501883}",unknown,0,[]
ENSG00000198768,APCDD1L,0.0663221694367187,0,"{""gwas_credible_sets"": 0.0663221694367187}",unknown,0,[]
ENSG00000240230,COX19,0.06622689498562412,0,"{""gwas_credible_sets"": 0.06622689498562412}",unknown,0,[]
ENSG00000137634,NXPE4,0.041085584577389894,0.27948144002394126,"{""expression_atlas"": 0.27948144002394126, ""gwas_credible_sets"": 0.041085584577389894}",unknown,0,[]
ENSG00000257017,HP,0,0.048039967616775044,"{""expression_atlas"": 0.048039967616775044}",unknown,0,[]
ENSG00000023839,ABCC2,0,0.3295268556133432,"{""expression_atlas"": 0.3295268556133432}",unknown,0,[]
ENSG00000187116,LILRA5,0,0.3287532693193982,"{""expression_atlas"": 0.3287532693193982}",unknown,0,[]
ENSG00000156920,ADGRG4,0,0.32831618931722284,"{""expression_atlas"": 0.32831618931722284}",unknown,0,[]
ENSG00000229005,HNF4A-AS1,0,0.3281672048852577,"{""expression_atlas"": 0.3281672048852577}",unknown,0,[]
ENSG00000158764,ITLN2,0,0.32734156511380275,"{""expression_atlas"": 0.32734156511380275}",unknown,0,[]
ENSG00000122585,NPY,0,0.3226978898081226,"{""expression_atlas"": 0.3226978898081226}",unknown,0,[]
ENSG00000197457,STMN3,0.06435336227698385,0,"{""gwas_credible_sets"": 0.06435336227698385}",unknown,0,[]
ENSG00000186367,MINAR2,0.06526319603031443,0,"{""gwas_credible_sets"": 0.06526319603031443}",unknown,0,[]
ENSG00000103266,STUB1,0,0,{},unknown,0,[]
ENSG00000128342,LIF,0.06441721941787829,0,"{""gwas_credible_sets"": 0.06441721941787829}",unknown,0,[]
ENSG00000271503,CCL5,0,0.02251998630745844,"{""expression_atlas"": 0.02251998630745844}",unknown,0,[]
ENSG00000182156,ENPP7,0,0.32488281570819744,"{""expression_atlas"": 0.32488281570819744}",unknown,0,[]
ENSG00000086300,SNX10,0.05700599087614013,0.1506628323340865,"{""gwas_credible_sets"": 0.05700599087614013, ""expression_atlas"": 0.1506628323340865}",unknown,0,[]
ENSG00000165443,PHYHIPL,0,0.3244735894655477,"{""expression_atlas"": 0.3244735894655477}",unknown,0,[]
ENSG00000036473,OTC,0,0.32339288429546836,"{""expression_atlas"": 0.32339288429546836}",unknown,0,[]
ENSG00000011422,PLAUR,0,0.31229406096797024,"{""expression_atlas"": 0.31229406096797024}",unknown,0,[]
ENSG00000168060,NAALADL1,0,0.3229769109048581,"{""expression_atlas"": 0.3229769109048581}",unknown,0,[]
ENSG00000082898,XPO1,0.05968953193478378,0,"{""gwas_credible_sets"": 0.05968953193478378}",unknown,0,"[""CHEMBL3545185""]"
ENSG00000244057,LCE3C,0.06446992395152237,0,"{""gwas_credible_sets"": 0.06446992395152237}",unknown,0,[]
ENSG00000136261,BZW2,0.06437816660857275,0,"{""gwas_credible_sets"": 0.06437816660857275}",unknown,0,[]
ENSG00000128918,ALDH1A2,0,0.31608004946452584,"{""expression_atlas"": 0.31608004946452584}",unknown,0,[]
ENSG00000214654,B3GALT9,0.06428198853471588,0,"{""gwas_credible_sets"": 0.06428198853471588}",unknown,0,[]
ENSG00000160224,AIRE,0.06259451011153894,0,"{""gwas_credible_sets"": 0.06259451011153894}",unknown,0,[]
ENSG00000160180,TFF3,0,0.052223105378804875,"{""expression_atlas"": 0.052223105378804875}",unknown,0,[]
ENSG00000164236,ANKRD33B,0.06402934557514216,0,"{""gwas_credible_sets"": 0.06402934557514216}",unknown,0,[]
ENSG00000159110,IFNAR2,0,0,{},unknown,0,"[""CHEMBL1201557"", ""CHEMBL1201558"", ""CHEMBL1201560"", ""CHEMBL1201561"", ""CHEMBL1201562"", ""CHEMBL1201563"", ""CHEMBL2108508"", ""CHEMBL2108677"", ""CHEMBL2109047"", ""CHEMBL4297819""]"
ENSG00000137331,IER3,0,0.3160938127979489,"{""expression_atlas"": 0.3160938127979489}",unknown,0,[]
ENSG00000142166,IFNAR1,0,0,{},unknown,0,"[""CHEMBL1201557"", ""CHEMBL1201558"", ""CHEMBL1201560"", ""CHEMBL1201561"", ""CHEMBL1201562"", ""CHEMBL1201563"", ""CHEMBL2108508"", ""CHEMBL2108677"", ""CHEMBL2109047"", ""CHEMBL2364653"", ""CHEMBL4297819""]"
ENSG00000168955,TM4SF20,0,0.3191376063532701,"{""expression_atlas"": 0.3191376063532701}",unknown,0,[]
ENSG00000173826,KCNH6,0,0.31817882817453275,"{""expression_atlas"": 0.31817882817453275}",unknown,0,"[""CHEMBL284348"", ""CHEMBL354077"", ""CHEMBL821""]"
ENSG00000109323,MANBA,0.06265986564631583,0,"{""gwas_credible_sets"": 0.06265986564631583}",unknown,0,[]
ENSG00000124491,F13A1,0,0,{},unknown,0,"[""CHEMBL2108282""]"
ENSG00000090402,SI,0,0.3009257448177524,"{""expression_atlas"": 0.3009257448177524}",unknown,0,"[""CHEMBL476960""]"
ENSG00000005073,HOXA11,0.034410665909639045,0.2737636177717701,"{""expression_atlas"": 0.2737636177717701, ""gwas_credible_sets"": 0.034410665909639045}",unknown,0,[]
ENSG00000164850,GPER1,0.049853234679915884,0,"{""gwas_credible_sets"": 0.049853234679915884}",unknown,0,[]
ENSG00000007216,SLC13A2,0,0.31568397203991777,"{""expression_atlas"": 0.31568397203991777}",unknown,0,[]
ENSG00000185869,ZNF829,0.06312469010112479,0,"{""gwas_credible_sets"": 0.06312469010112479}",unknown,0,[]
ENSG00000236333,TRHDE-AS1,0,0.3156050747554672,"{""expression_atlas"": 0.3156050747554672}",unknown,0,[]
ENSG00000187908,DMBT1,0,0.15787011418165875,"{""expression_atlas"": 0.15787011418165875}",unknown,0,[]
ENSG00000185479,KRT6B,0,0.3154207335566271,"{""expression_atlas"": 0.3154207335566271}",unknown,0,[]
ENSG00000148346,LCN2,0,0.2560094376417408,"{""expression_atlas"": 0.2560094376417408}",unknown,0,[]
ENSG00000249992,TMEM158,0,0.31460799346852425,"{""expression_atlas"": 0.31460799346852425}",unknown,0,[]
ENSG00000183621,ZNF438,0.06136684601796324,0,"{""gwas_credible_sets"": 0.06136684601796324}",unknown,0,[]
ENSG00000099994,SUSD2,0,0.313653757711049,"{""expression_atlas"": 0.313653757711049}",unknown,0,[]
ENSG00000179295,PTPN11,0.06045808574129763,0,"{""gwas_credible_sets"": 0.06045808574129763}",unknown,0,[]
ENSG00000111300,NAA25,0.06225914292202118,0,"{""gwas_credible_sets"": 0.06225914292202118}",unknown,0,[]
ENSG00000168334,XIRP1,0,0.3111051100283687,"{""expression_atlas"": 0.3111051100283687}",unknown,0,[]
ENSG00000123405,NFE2,0,0.31070103054211384,"{""expression_atlas"": 0.31070103054211384}",unknown,0,[]
ENSG00000124253,PCK1,0,0.2760751766474895,"{""expression_atlas"": 0.2760751766474895}",unknown,0,[]
ENSG00000137860,SLC28A2,0,0.30445233526422055,"{""expression_atlas"": 0.30445233526422055}",unknown,0,[]
ENSG00000145860,RNF145,0.06209737431673853,0,"{""gwas_credible_sets"": 0.06209737431673853}",unknown,0,[]
ENSG00000162869,PPP1R21,0.06198168204254634,0,"{""gwas_credible_sets"": 0.06198168204254634}",unknown,0,[]
ENSG00000104921,FCER2,0,0,{},unknown,0,[]
ENSG00000138685,FGF2,0,0.008660321871762624,"{""expression_atlas"": 0.008660321871762624}",unknown,0,[]
ENSG00000224417,ENSG00000224417,0,0.3088999701214037,"{""expression_atlas"": 0.3088999701214037}",unknown,0,[]
ENSG00000251230,MIR3945HG,0,0.3088159641547006,"{""expression_atlas"": 0.3088159641547006}",unknown,0,[]
ENSG00000259384,GH1,0,0,{},unknown,0,[]
ENSG00000143921,ABCG8,0,0.3085910394989913,"{""expression_atlas"": 0.3085910394989913}",unknown,0,[]
ENSG00000233232,NPIPB7,0.06163781140110953,0,"{""gwas_credible_sets"": 0.06163781140110953}",unknown,0,[]
ENSG00000142798,HSPG2,0.06155963208477733,0,"{""gwas_credible_sets"": 0.06155963208477733}",unknown,0,[]
ENSG00000123838,C4BPA,0,0.3077878473103257,"{""expression_atlas"": 0.3077878473103257}",unknown,0,[]
ENSG00000100362,PVALB,0.06147967336008794,0,"{""gwas_credible_sets"": 0.06147967336008794}",unknown,0,[]
ENSG00000124440,HIF3A,0.06141791655706348,0,"{""gwas_credible_sets"": 0.06141791655706348}",unknown,0,[]
ENSG00000164402,SEPTIN8,0.06111791832942093,0,"{""gwas_credible_sets"": 0.06111791832942093}",unknown,0,[]
ENSG00000124216,SNAI1,0,0.26839033275317353,"{""expression_atlas"": 0.26839033275317353}",unknown,0,[]
ENSG00000189001,SBSN,0,0.3047267212700526,"{""expression_atlas"": 0.3047267212700526}",unknown,0,[]
ENSG00000102738,MRPS31,0.06092175179249027,0,"{""gwas_credible_sets"": 0.06092175179249027}",unknown,0,[]
ENSG00000127318,IL22,0,0.11742339103185152,"{""expression_atlas"": 0.11742339103185152}",unknown,0,[]
ENSG00000179240,GVQW3,0.06079539973900093,0,"{""gwas_credible_sets"": 0.06079539973900093}",unknown,0,[]
ENSG00000134365,CFHR4,0.06071489351856521,0,"{""gwas_credible_sets"": 0.06071489351856521}",unknown,0,[]
ENSG00000123689,G0S2,0,0.2942066481118248,"{""expression_atlas"": 0.2942066481118248}",unknown,0,[]
ENSG00000115112,TFCP2L1,0,0.30272364329252477,"{""expression_atlas"": 0.30272364329252477}",unknown,0,[]
ENSG00000172057,ORMDL3,0.056565797753574745,0,"{""gwas_credible_sets"": 0.056565797753574745}",unknown,0,[]
ENSG00000103375,AQP8,0,0.29364002473197076,"{""expression_atlas"": 0.29364002473197076}",unknown,0,[]
ENSG00000164822,DEFA6,0,0.2699306707962348,"{""expression_atlas"": 0.2699306707962348}",unknown,0,[]
ENSG00000159640,ACE,0,0.23801930305604319,"{""expression_atlas"": 0.23801930305604319}",unknown,0,"[""CHEMBL1165"", ""CHEMBL1168"", ""CHEMBL1237"", ""CHEMBL1519"", ""CHEMBL1560"", ""CHEMBL1581"", ""CHEMBL1592"", ""CHEMBL3039598"", ""CHEMBL317094"", ""CHEMBL431"", ""CHEMBL515606"", ""CHEMBL577"", ""CHEMBL578"", ""CHEMBL838""]"
ENSG00000182264,IZUMO1,0.06009904403236275,0,"{""gwas_credible_sets"": 0.06009904403236275}",unknown,0,[]
ENSG00000213822,CEACAM18,0,0.2999527967556195,"{""expression_atlas"": 0.2999527967556195}",unknown,0,[]
ENSG00000107951,MTPAP,0.05994065866518619,0,"{""gwas_credible_sets"": 0.05994065866518619}",unknown,0,[]
ENSG00000018280,SLC11A1,0,0.26126145680633484,"{""expression_atlas"": 0.26126145680633484}",unknown,0,[]
ENSG00000157765,SLC34A2,0,0.2989578256768081,"{""expression_atlas"": 0.2989578256768081}",unknown,0,[]
ENSG00000138075,ABCG5,0,0.29887386324642984,"{""expression_atlas"": 0.29887386324642984}",unknown,0,[]
ENSG00000186710,CFAP73,0.05969018077669204,0,"{""gwas_credible_sets"": 0.05969018077669204}",unknown,0,[]
ENSG00000170956,CEACAM3,0,0.2827474347017614,"{""expression_atlas"": 0.2827474347017614}",unknown,0,[]
ENSG00000138002,IFT172,0.05881837051801672,0,"{""gwas_credible_sets"": 0.05881837051801672}",unknown,0,[]
ENSG00000136888,ATP6V1G1,0.05941067145915081,0,"{""gwas_credible_sets"": 0.05941067145915081}",unknown,0,[]
ENSG00000039537,C6,0,0.29400401317509295,"{""expression_atlas"": 0.29400401317509295}",unknown,0,[]
ENSG00000169397,RNASE3,0,0.06727584607404287,"{""expression_atlas"": 0.06727584607404287}",unknown,0,[]
ENSG00000115207,GTF3C2,0.059203882259146176,0,"{""gwas_credible_sets"": 0.059203882259146176}",unknown,0,[]
ENSG00000175592,FOSL1,0,0.29597835979980874,"{""expression_atlas"": 0.29597835979980874}",unknown,0,[]
ENSG00000128422,KRT17,0,0.2955716838815069,"{""expression_atlas"": 0.2955716838815069}",unknown,0,[]
ENSG00000211893,IGHG2,0,0.2914542586687438,"{""expression_atlas"": 0.2914542586687438}",unknown,0,[]
ENSG00000237541,HLA-DQA2,0,0.054648691324295014,"{""expression_atlas"": 0.054648691324295014}",unknown,0,[]
ENSG00000211642,IGLV10-54,0,0.29432467448416333,"{""expression_atlas"": 0.29432467448416333}",unknown,0,[]
ENSG00000138092,CENPO,0.058853284553893485,0,"{""gwas_credible_sets"": 0.058853284553893485}",unknown,0,[]
ENSG00000065534,MYLK,0,0.013755834481332949,"{""expression_atlas"": 0.013755834481332949}",unknown,0,[]
ENSG00000138030,KHK,0,0.29088518686262227,"{""expression_atlas"": 0.29088518686262227}",unknown,0,[]
ENSG00000164961,WASHC5,0.05869354891109943,0,"{""gwas_credible_sets"": 0.05869354891109943}",unknown,0,[]
ENSG00000184956,MUC6,0,0.2742851900539615,"{""expression_atlas"": 0.2742851900539615}",unknown,0,[]
ENSG00000050730,TNIP3,0,0.2931039166114073,"{""expression_atlas"": 0.2931039166114073}",unknown,0,[]
ENSG00000112494,UNC93A,0,0.29275121859826947,"{""expression_atlas"": 0.29275121859826947}",unknown,0,[]
ENSG00000159753,CARMIL2,0.05580227476802304,0,"{""gwas_credible_sets"": 0.05580227476802304}",unknown,0,[]
ENSG00000187546,AGMO,0,0.2920905503247013,"{""expression_atlas"": 0.2920905503247013}",unknown,0,[]
ENSG00000086548,CEACAM6,0,0.1436792789898839,"{""expression_atlas"": 0.1436792789898839}",unknown,0,[]
ENSG00000116852,KIF21B,0.056493958359978,0,"{""gwas_credible_sets"": 0.056493958359978}",unknown,0,[]
ENSG00000214548,MEG3,0,0,{},unknown,0,[]
ENSG00000134539,KLRD1,0,0.06795852887030741,"{""expression_atlas"": 0.06795852887030741}",unknown,0,[]
ENSG00000247699,FABP6-AS1,0,0.29097670757779487,"{""expression_atlas"": 0.29097670757779487}",unknown,0,[]
ENSG00000145029,NICN1,0.05816376263594004,0,"{""gwas_credible_sets"": 0.05816376263594004}",unknown,0,[]
ENSG00000164935,DCSTAMP,0,0.2904148388911827,"{""expression_atlas"": 0.2904148388911827}",unknown,0,[]
ENSG00000115850,LCT,0,0.2626725038144531,"{""expression_atlas"": 0.2626725038144531}",unknown,0,[]
ENSG00000178188,SH2B1,0.055095635854480844,0.058231948402030734,"{""gwas_credible_sets"": 0.055095635854480844, ""expression_atlas"": 0.058231948402030734}",unknown,0,[]
ENSG00000105655,ISYNA1,0.05800294269615832,0,"{""gwas_credible_sets"": 0.05800294269615832}",unknown,0,[]
ENSG00000071203,MS4A12,0,0.28993675599772645,"{""expression_atlas"": 0.28993675599772645}",unknown,0,[]
ENSG00000170091,NSG2,0.057625844385008576,0,"{""gwas_credible_sets"": 0.057625844385008576}",unknown,0,[]
ENSG00000169385,RNASE2,0,0.24380013019584312,"{""expression_atlas"": 0.24380013019584312}",unknown,0,[]
ENSG00000164932,CTHRC1,0,0.2876018578915232,"{""expression_atlas"": 0.2876018578915232}",unknown,0,[]
ENSG00000196275,GTF2IRD2,0.057371693122779004,0,"{""gwas_credible_sets"": 0.057371693122779004}",unknown,0,[]
ENSG00000205581,HMGN1,0.05731917656078722,0,"{""gwas_credible_sets"": 0.05731917656078722}",unknown,0,[]
ENSG00000157551,KCNJ15,0,0.2860302537566718,"{""expression_atlas"": 0.2860302537566718}",unknown,0,[]
ENSG00000236384,LINC00479,0,0.2855345080800849,"{""expression_atlas"": 0.2855345080800849}",unknown,0,[]
ENSG00000172318,B3GALT1,0,0.2848371784370355,"{""expression_atlas"": 0.2848371784370355}",unknown,0,[]
ENSG00000130881,LRP3,0.05693004579917121,0,"{""gwas_credible_sets"": 0.05693004579917121}",unknown,0,[]
ENSG00000105825,TFPI2,0,0.28423259144187196,"{""expression_atlas"": 0.28423259144187196}",unknown,0,[]
ENSG00000138356,AOX1,0,0.2841123464845435,"{""expression_atlas"": 0.2841123464845435}",unknown,0,[]
ENSG00000106038,EVX1,0.055005329315495566,0.036210353204444545,"{""gwas_credible_sets"": 0.055005329315495566, ""expression_atlas"": 0.036210353204444545}",unknown,0,[]
ENSG00000127837,AAMP,0.05667694083698218,0,"{""gwas_credible_sets"": 0.05667694083698218}",unknown,0,[]
ENSG00000220256,ENSG00000220256,0,0.28326184670266447,"{""expression_atlas"": 0.28326184670266447}",unknown,0,[]
ENSG00000019102,VSIG2,0,0.28282478479270723,"{""expression_atlas"": 0.28282478479270723}",unknown,0,[]
ENSG00000108424,KPNB1,0.05651125401670883,0,"{""gwas_credible_sets"": 0.05651125401670883}",unknown,0,[]
ENSG00000211649,IGLV7-46,0,0.2822555486953948,"{""expression_atlas"": 0.2822555486953948}",unknown,0,[]
ENSG00000115226,FNDC4,0.052880558339056784,0.013516432126116378,"{""gwas_credible_sets"": 0.052880558339056784, ""expression_atlas"": 0.013516432126116378}",unknown,0,[]
ENSG00000145423,SFRP2,0,0.2817411063516416,"{""expression_atlas"": 0.2817411063516416}",unknown,0,[]
ENSG00000178952,TUFM,0.056296694566835996,0,"{""gwas_credible_sets"": 0.056296694566835996}",unknown,0,[]
ENSG00000115263,GCG,0,0.021387503716549565,"{""expression_atlas"": 0.021387503716549565}",unknown,0,[]
ENSG00000081041,CXCL2,0,0.27834087496373106,"{""expression_atlas"": 0.27834087496373106}",unknown,0,[]
ENSG00000111331,OAS3,0.05617901525361779,0,"{""gwas_credible_sets"": 0.05617901525361779}",unknown,0,[]
ENSG00000069535,MAOB,0,0.28078552500326326,"{""expression_atlas"": 0.28078552500326326}",unknown,0,"[""CHEMBL1089"", ""CHEMBL396778"", ""CHEMBL3989843"", ""CHEMBL673"", ""CHEMBL887"", ""CHEMBL92401"", ""CHEMBL972""]"
ENSG00000176153,GPX2,0,0,{},unknown,0,[]
ENSG00000090382,LYZ,0,0.12718035137483055,"{""expression_atlas"": 0.12718035137483055}",unknown,0,[]
ENSG00000213901,SLC23A3,0,0.2793419734793735,"{""expression_atlas"": 0.2793419734793735}",unknown,0,[]
ENSG00000026508,CD44,0,0.022918048872647166,"{""expression_atlas"": 0.022918048872647166}",unknown,0,[]
ENSG00000125999,BPIFB1,0,0.27467642295548017,"{""expression_atlas"": 0.27467642295548017}",unknown,0,[]
ENSG00000112116,IL17F,0,0.13945768811223225,"{""expression_atlas"": 0.13945768811223225}",unknown,0,"[""CHEMBL4297700""]"
ENSG00000154153,RETREG1,0.052110330339242124,0.07359094926064386,"{""gwas_credible_sets"": 0.052110330339242124, ""expression_atlas"": 0.07359094926064386}",unknown,0,[]
ENSG00000179546,HTR1D,0,0.27833393839812215,"{""expression_atlas"": 0.27833393839812215}",unknown,0,"[""CHEMBL1185"", ""CHEMBL1278"", ""CHEMBL1279"", ""CHEMBL128"", ""CHEMBL1505"", ""CHEMBL1510"", ""CHEMBL1732"", ""CHEMBL243712"", ""CHEMBL905""]"
ENSG00000138079,SLC3A1,0,0.2777402508989423,"{""expression_atlas"": 0.2777402508989423}",unknown,0,[]
ENSG00000186340,THBS2,0,0.25435620664019626,"{""expression_atlas"": 0.25435620664019626}",unknown,0,[]
ENSG00000108702,CCL1,0,0.26150986085302785,"{""expression_atlas"": 0.26150986085302785}",unknown,0,[]
ENSG00000197635,DPP4,0,0.22977806640123927,"{""expression_atlas"": 0.22977806640123927}",unknown,0,"[""CHEMBL1422"", ""CHEMBL142703"", ""CHEMBL1650443"", ""CHEMBL1779710"", ""CHEMBL1929396"", ""CHEMBL2105762"", ""CHEMBL2147777"", ""CHEMBL237500"", ""CHEMBL376359"", ""CHEMBL385517"", ""CHEMBL515387""]"
ENSG00000122490,SLC66A2,0.055372317922357445,0,"{""gwas_credible_sets"": 0.055372317922357445}",unknown,0,[]
ENSG00000259347,SMAD3-DT,0,0.2767173508755339,"{""expression_atlas"": 0.2767173508755339}",unknown,0,[]
ENSG00000166828,SCNN1G,0,0.2736551993306968,"{""expression_atlas"": 0.2736551993306968}",unknown,0,"[""CHEMBL585"", ""CHEMBL945""]"
ENSG00000085265,FCN1,0,0.2704799226601143,"{""expression_atlas"": 0.2704799226601143}",unknown,0,[]
ENSG00000231412,LINC03078,0,0.276477229428732,"{""expression_atlas"": 0.276477229428732}",unknown,0,[]
ENSG00000102780,DGKH,0.05528276981250208,0,"{""gwas_credible_sets"": 0.05528276981250208}",unknown,0,[]
ENSG00000148926,ADM,0,0.247650156246561,"{""expression_atlas"": 0.247650156246561}",unknown,0,[]
ENSG00000108622,ICAM2,0.05286889786863739,0,"{""gwas_credible_sets"": 0.05286889786863739}",unknown,0,[]
ENSG00000265763,ZNF488,0,0.2750334377032236,"{""expression_atlas"": 0.2750334377032236}",unknown,0,[]
ENSG00000106683,LIMK1,0.05497619389811473,0,"{""gwas_credible_sets"": 0.05497619389811473}",unknown,0,[]
ENSG00000155287,SLC25A28,0.0549697509476637,0,"{""gwas_credible_sets"": 0.0549697509476637}",unknown,0,[]
ENSG00000132207,SLX1A,0.05483116791783754,0,"{""gwas_credible_sets"": 0.05483116791783754}",unknown,0,[]
ENSG00000177888,ZBTB41,0.054818545508149276,0,"{""gwas_credible_sets"": 0.054818545508149276}",unknown,0,[]
ENSG00000108788,MLX,0.05476913274313924,0,"{""gwas_credible_sets"": 0.05476913274313924}",unknown,0,[]
ENSG00000259225,LINC02345,0,0.27332292139203046,"{""expression_atlas"": 0.27332292139203046}",unknown,0,[]
ENSG00000083457,ITGAE,0,0,{},unknown,0,[]
ENSG00000284635,SCYGR8,0.05450698702388992,0,"{""gwas_credible_sets"": 0.05450698702388992}",unknown,0,[]
ENSG00000134389,CFHR5,0.05444847405295365,0,"{""gwas_credible_sets"": 0.05444847405295365}",unknown,0,[]
ENSG00000132824,SERINC3,0.05443473343840603,0,"{""gwas_credible_sets"": 0.05443473343840603}",unknown,0,[]
ENSG00000161798,AQP5,0,0.2672496907183562,"{""expression_atlas"": 0.2672496907183562}",unknown,0,[]
ENSG00000129214,SHBG,0,0.2686931903487133,"{""expression_atlas"": 0.2686931903487133}",unknown,0,[]
ENSG00000184012,TMPRSS2,0,0,{},unknown,0,[]
ENSG00000120217,CD274,0,0.22421352352464427,"{""expression_atlas"": 0.22421352352464427}",unknown,0,"[""CHEMBL3301587"", ""CHEMBL3707227"", ""CHEMBL3833373"", ""CHEMBL4297729"", ""CHEMBL4594535""]"
ENSG00000167656,LY6D,0,0.26980462328563215,"{""expression_atlas"": 0.26980462328563215}",unknown,0,[]
ENSG00000151229,SLC2A13,0.052414865301716566,0,"{""gwas_credible_sets"": 0.052414865301716566}",unknown,0,[]
ENSG00000238133,MAP3K20-AS1,0,0.26928812173005373,"{""expression_atlas"": 0.26928812173005373}",unknown,0,[]
ENSG00000165269,AQP7,0,0.2634317861329884,"{""expression_atlas"": 0.2634317861329884}",unknown,0,[]
ENSG00000244437,IGKV3-15,0,0.2690689781186617,"{""expression_atlas"": 0.2690689781186617}",unknown,0,[]
ENSG00000211679,IGLC3,0,0.2690334515473261,"{""expression_atlas"": 0.2690334515473261}",unknown,0,[]
ENSG00000115419,GLS,0.05021577537924609,0.016668693327769595,"{""gwas_credible_sets"": 0.05021577537924609, ""expression_atlas"": 0.016668693327769595}",unknown,0,[]
ENSG00000182578,CSF1R,0,0.023292788374765037,"{""expression_atlas"": 0.023292788374765037}",unknown,0,"[""CHEMBL3813873"", ""CHEMBL4594608"", ""CHEMBL477772"", ""CHEMBL535"", ""CHEMBL576982""]"
ENSG00000086205,FOLH1,0,0.2431541271687853,"{""expression_atlas"": 0.2431541271687853}",unknown,0,"[""CHEMBL4594730""]"
ENSG00000108244,KRT23,0,0.2682510265347513,"{""expression_atlas"": 0.2682510265347513}",unknown,0,[]
ENSG00000135114,OASL,0,0.2680949523027699,"{""expression_atlas"": 0.2680949523027699}",unknown,0,[]
ENSG00000108821,COL1A1,0,0.23753720015022722,"{""expression_atlas"": 0.23753720015022722}",unknown,0,"[""CHEMBL2095222"", ""CHEMBL2108709""]"
ENSG00000160883,HK3,0,0.2677055623673651,"{""expression_atlas"": 0.2677055623673651}",unknown,0,[]
ENSG00000171368,TPPP,0,0.2676776825714536,"{""expression_atlas"": 0.2676776825714536}",unknown,0,[]
ENSG00000012504,NR1H4,0,0.18828029739431545,"{""expression_atlas"": 0.18828029739431545}",unknown,0,"[""CHEMBL1551"", ""CHEMBL240597""]"
ENSG00000005001,PRSS22,0,0.2659752554422887,"{""expression_atlas"": 0.2659752554422887}",unknown,0,[]
ENSG00000151726,ACSL1,0,0.2658729792106142,"{""expression_atlas"": 0.2658729792106142}",unknown,0,[]
ENSG00000075618,FSCN1,0.05159668760808253,0,"{""gwas_credible_sets"": 0.05159668760808253}",unknown,0,[]
ENSG00000100316,RPL3,0.053023682333077006,0,"{""gwas_credible_sets"": 0.053023682333077006}",unknown,0,"[""CHEMBL256997""]"
ENSG00000100033,PRODH,0,0.2648146554396222,"{""expression_atlas"": 0.2648146554396222}",unknown,0,[]
ENSG00000041515,MYO16,0.05292959685930123,0,"{""gwas_credible_sets"": 0.05292959685930123}",unknown,0,[]
ENSG00000169242,EFNA1,0.05140256950921827,0.028385768418586293,"{""gwas_credible_sets"": 0.05140256950921827, ""expression_atlas"": 0.028385768418586293}",unknown,0,[]
ENSG00000162493,PDPN,0,0.2584632343320474,"{""expression_atlas"": 0.2584632343320474}",unknown,0,[]
ENSG00000138109,CYP2C9,0,0.25044353926482044,"{""expression_atlas"": 0.25044353926482044}",unknown,0,[]
ENSG00000164816,DEFA5,0,0.20615724824820164,"{""expression_atlas"": 0.20615724824820164}",unknown,0,[]
ENSG00000087116,ADAMTS2,0,0.26356936300190464,"{""expression_atlas"": 0.26356936300190464}",unknown,0,[]
ENSG00000110080,ST3GAL4,0,0.2635444939184843,"{""expression_atlas"": 0.2635444939184843}",unknown,0,[]
ENSG00000173511,VEGFB,0.05267720132024575,0,"{""gwas_credible_sets"": 0.05267720132024575}",unknown,0,[]
ENSG00000086288,NME8,0.05264577098791307,0,"{""gwas_credible_sets"": 0.05264577098791307}",unknown,0,[]
ENSG00000203797,DDO,0.05256434302696545,0,"{""gwas_credible_sets"": 0.05256434302696545}",unknown,0,[]
ENSG00000123388,HOXC11,0,0.2619136840217424,"{""expression_atlas"": 0.2619136840217424}",unknown,0,[]
ENSG00000170909,OSCAR,0,0.2618316511869199,"{""expression_atlas"": 0.2618316511869199}",unknown,0,[]
ENSG00000241224,C3orf85,0,0.2586114980007699,"{""expression_atlas"": 0.2586114980007699}",unknown,0,[]
ENSG00000100191,SLC5A4,0,0.2613685726363464,"{""expression_atlas"": 0.2613685726363464}",unknown,0,[]
ENSG00000214413,BBIP1,0.05221024972839549,0,"{""gwas_credible_sets"": 0.05221024972839549}",unknown,0,[]
ENSG00000143320,CRABP2,0,0.2609289536663279,"{""expression_atlas"": 0.2609289536663279}",unknown,0,[]
ENSG00000163563,MNDA,0,0.2605757270303491,"{""expression_atlas"": 0.2605757270303491}",unknown,0,[]
ENSG00000161921,CXCL16,0,0,{},unknown,0,[]
ENSG00000137462,TLR2,0,0.217349234700127,"{""expression_atlas"": 0.217349234700127}",unknown,0,[]
ENSG00000145730,PAM,0.05137172913610758,0.01178726826160153,"{""gwas_credible_sets"": 0.05137172913610758, ""expression_atlas"": 0.01178726826160153}",unknown,0,[]
ENSG00000092445,TYRO3,0.05102811638951302,0,"{""gwas_credible_sets"": 0.05102811638951302}",unknown,0,[]
ENSG00000133742,CA1,0,0.2546964728832424,"{""expression_atlas"": 0.2546964728832424}",unknown,0,"[""CHEMBL1201117"", ""CHEMBL17"", ""CHEMBL18"", ""CHEMBL19"", ""CHEMBL20"", ""CHEMBL328560""]"
ENSG00000110203,FOLR3,0,0.25909783140378356,"{""expression_atlas"": 0.25909783140378356}",unknown,0,[]
ENSG00000101367,MAPRE1,0.051805526378512906,0,"{""gwas_credible_sets"": 0.051805526378512906}",unknown,0,[]
ENSG00000176928,GCNT4,0,0.25892052135365323,"{""expression_atlas"": 0.25892052135365323}",unknown,0,[]
ENSG00000173467,AGR3,0.05176793204805176,0,"{""gwas_credible_sets"": 0.05176793204805176}",unknown,0,[]
ENSG00000131981,LGALS3,0,0.09629623834168079,"{""expression_atlas"": 0.09629623834168079}",unknown,0,[]
ENSG00000164338,UTP15,0.05158932104432304,0,"{""gwas_credible_sets"": 0.05158932104432304}",unknown,0,[]
ENSG00000007171,NOS2,0,0.1857798493879311,"{""expression_atlas"": 0.1857798493879311}",unknown,0,[]
ENSG00000186431,FCAR,0,0.24851384377056557,"{""expression_atlas"": 0.24851384377056557}",unknown,0,[]
ENSG00000152766,ANKRD22,0,0.25742173567095,"{""expression_atlas"": 0.25742173567095}",unknown,0,[]
ENSG00000111275,ALDH2,0.051482224195421845,0,"{""gwas_credible_sets"": 0.051482224195421845}",unknown,0,"[""CHEMBL964""]"
ENSG00000112297,CRYBG1,0.05140182158586677,0,"{""gwas_credible_sets"": 0.05140182158586677}",unknown,0,[]
ENSG00000189182,KRT77,0,0.2569734315140112,"{""expression_atlas"": 0.2569734315140112}",unknown,0,[]
ENSG00000124233,SEMG1,0,0.25593555597012974,"{""expression_atlas"": 0.25593555597012974}",unknown,0,[]
ENSG00000068305,MEF2A,0,0,{},unknown,0,[]
ENSG00000131746,TNS4,0,0.25523305011007896,"{""expression_atlas"": 0.25523305011007896}",unknown,0,[]
ENSG00000131459,GFPT2,0,0.25381038026873104,"{""expression_atlas"": 0.25381038026873104}",unknown,0,[]
ENSG00000182271,TMIGD1,0,0.22925156112405767,"{""expression_atlas"": 0.22925156112405767}",unknown,0,[]
ENSG00000225953,SATB2-AS1,0,0.2533212279481998,"{""expression_atlas"": 0.2533212279481998}",unknown,0,[]
ENSG00000186832,KRT16,0,0.24686778306375676,"{""expression_atlas"": 0.24686778306375676}",unknown,0,[]
ENSG00000127129,EDN2,0,0.2527776256469121,"{""expression_atlas"": 0.2527776256469121}",unknown,0,[]
ENSG00000205609,EIF3CL,0.050494083263515656,0,"{""gwas_credible_sets"": 0.050494083263515656}",unknown,0,[]
ENSG00000142606,MMEL1,0.043987613240495826,0.12961038447591364,"{""gwas_credible_sets"": 0.043987613240495826, ""expression_atlas"": 0.12961038447591364}",unknown,0,[]
ENSG00000158985,CDC42SE2,0.05045357537244377,0,"{""gwas_credible_sets"": 0.05045357537244377}",unknown,0,[]
ENSG00000284779,ENSG00000284779,0.05039807164648342,0,"{""gwas_credible_sets"": 0.05039807164648342}",unknown,0,[]
ENSG00000162949,CAPN13,0,0.2519159301578542,"{""expression_atlas"": 0.2519159301578542}",unknown,0,[]
ENSG00000162383,SLC1A7,0,0.2518378278151099,"{""expression_atlas"": 0.2518378278151099}",unknown,0,[]
ENSG00000154451,GBP5,0,0.24515887957755786,"{""expression_atlas"": 0.24515887957755786}",unknown,0,[]
ENSG00000213809,KLRK1,0,0.04717486714366997,"{""expression_atlas"": 0.04717486714366997}",unknown,0,[]
ENSG00000184163,C1QTNF12,0.04376351932488555,0.08848753515332455,"{""gwas_credible_sets"": 0.04376351932488555, ""expression_atlas"": 0.08848753515332455}",unknown,0,[]
ENSG00000064655,EYA2,0,0.2504905198425254,"{""expression_atlas"": 0.2504905198425254}",unknown,0,[]
ENSG00000216560,LINC00955,0,0.25046855423068826,"{""expression_atlas"": 0.25046855423068826}",unknown,0,[]
ENSG00000115504,EHBP1,0.04929981273092692,0,"{""gwas_credible_sets"": 0.04929981273092692}",unknown,0,[]
ENSG00000151418,ATP6V1G3,0.04990573765359545,0,"{""gwas_credible_sets"": 0.04990573765359545}",unknown,0,[]
ENSG00000117643,MAN1C1,0.049757751874700676,0,"{""gwas_credible_sets"": 0.049757751874700676}",unknown,0,[]
ENSG00000108784,NAGLU,0.049681890592323745,0,"{""gwas_credible_sets"": 0.049681890592323745}",unknown,0,[]
ENSG00000134240,HMGCS2,0,0.22622772737669644,"{""expression_atlas"": 0.22622772737669644}",unknown,0,[]
ENSG00000164647,STEAP1,0,0.24814003308331503,"{""expression_atlas"": 0.24814003308331503}",unknown,0,[]
ENSG00000113739,STC2,0,0.24784481952535006,"{""expression_atlas"": 0.24784481952535006}",unknown,0,[]
ENSG00000179921,GPBAR1,0.04039585996711258,0.04346461723405216,"{""gwas_credible_sets"": 0.04039585996711258, ""expression_atlas"": 0.04346461723405216}",unknown,0,[]
ENSG00000196968,POFUT4,0.049440371931016594,0,"{""gwas_credible_sets"": 0.049440371931016594}",unknown,0,[]
ENSG00000172016,REG3A,0,0.17237560120932247,"{""expression_atlas"": 0.17237560120932247}",unknown,0,[]
ENSG00000162989,KCNJ3,0,0.24675911075055698,"{""expression_atlas"": 0.24675911075055698}",unknown,0,"[""CHEMBL2111112""]"
ENSG00000115216,NRBP1,0.049299746487904875,0,"{""gwas_credible_sets"": 0.049299746487904875}",unknown,0,[]
ENSG00000157693,TMEM268,0.04856660722010104,0.01426371178348147,"{""gwas_credible_sets"": 0.04856660722010104, ""expression_atlas"": 0.01426371178348147}",unknown,0,[]
ENSG00000211938,IGHV3-7,0,0.2462368346067726,"{""expression_atlas"": 0.2462368346067726}",unknown,0,[]
ENSG00000198018,ENTPD7,0.04706021089121798,0.042993131355153126,"{""gwas_credible_sets"": 0.04706021089121798, ""expression_atlas"": 0.042993131355153126}",unknown,0,[]
ENSG00000116701,NCF2,0,0.23829845663666274,"{""expression_atlas"": 0.23829845663666274}",unknown,0,[]
ENSG00000197405,C5AR1,0,0.2364108177667836,"{""expression_atlas"": 0.2364108177667836}",unknown,0,"[""CHEMBL3989871""]"
ENSG00000182938,OTOP3,0,0.24530022935397192,"{""expression_atlas"": 0.24530022935397192}",unknown,0,[]
ENSG00000088882,CPXM1,0,0.24523219737518248,"{""expression_atlas"": 0.24523219737518248}",unknown,0,[]
ENSG00000072657,TRHDE,0,0.245051434580887,"{""expression_atlas"": 0.245051434580887}",unknown,0,[]
ENSG00000164849,GPR146,0.04900714936098202,0,"{""gwas_credible_sets"": 0.04900714936098202}",unknown,0,[]
ENSG00000096006,CRISP3,0,0.2449250589895603,"{""expression_atlas"": 0.2449250589895603}",unknown,0,[]
ENSG00000106236,NPTX2,0,0.24472934603864804,"{""expression_atlas"": 0.24472934603864804}",unknown,0,[]
ENSG00000224721,FLVCR2-AS1,0,0.24455274505183816,"{""expression_atlas"": 0.24455274505183816}",unknown,0,[]
ENSG00000206052,DOK6,0.04890787315194016,0,"{""gwas_credible_sets"": 0.04890787315194016}",unknown,0,[]
ENSG00000111144,LTA4H,0.045854934958094555,0,"{""gwas_credible_sets"": 0.045854934958094555}",unknown,0,[]
ENSG00000173163,COMMD1,0.04885661162156268,0,"{""gwas_credible_sets"": 0.04885661162156268}",unknown,0,[]
ENSG00000211651,IGLV1-44,0,0.2441390666811301,"{""expression_atlas"": 0.2441390666811301}",unknown,0,[]
ENSG00000165688,PMPCA,0.048818718536959356,0,"{""gwas_credible_sets"": 0.048818718536959356}",unknown,0,[]
ENSG00000100170,SLC5A1,0,0.243904594436853,"{""expression_atlas"": 0.243904594436853}",unknown,0,"[""CHEMBL3039507""]"
ENSG00000131042,LILRB2,0,0.24390373525407727,"{""expression_atlas"": 0.24390373525407727}",unknown,0,[]
ENSG00000178796,RIIAD1,0.0486710016934105,0,"{""gwas_credible_sets"": 0.0486710016934105}",unknown,0,[]
ENSG00000160181,TFF2,0,0.1865207830689166,"{""expression_atlas"": 0.1865207830689166}",unknown,0,[]
ENSG00000108840,HDAC5,0,0,{},unknown,0,"[""CHEMBL1213492"", ""CHEMBL343448"", ""CHEMBL408513"", ""CHEMBL483254""]"
ENSG00000009950,MLXIPL,0,0.24000898695581768,"{""expression_atlas"": 0.24000898695581768}",unknown,0,[]
ENSG00000166825,ANPEP,0,0.20851339687265705,"{""expression_atlas"": 0.20851339687265705}",unknown,0,[]
ENSG00000149600,COMMD7,0.0485353269253824,0,"{""gwas_credible_sets"": 0.0485353269253824}",unknown,0,[]
ENSG00000006118,TMEM132A,0,0.24249715767449567,"{""expression_atlas"": 0.24249715767449567}",unknown,0,[]
ENSG00000131435,PDLIM4,0.04849730915543274,0,"{""gwas_credible_sets"": 0.04849730915543274}",unknown,0,[]
ENSG00000182885,ADGRG3,0,0.24244574302387847,"{""expression_atlas"": 0.24244574302387847}",unknown,0,[]
ENSG00000186564,FOXD2,0,0.2423769690039881,"{""expression_atlas"": 0.2423769690039881}",unknown,0,[]
ENSG00000197249,SERPINA1,0,0.05259111695236924,"{""expression_atlas"": 0.05259111695236924}",unknown,0,[]
ENSG00000147206,NXF3,0,0.24219243513815536,"{""expression_atlas"": 0.24219243513815536}",unknown,0,[]
ENSG00000166396,SERPINB7,0,0.24187689783990138,"{""expression_atlas"": 0.24187689783990138}",unknown,0,[]
ENSG00000281162,LINC01127,0,0.24110213863346297,"{""expression_atlas"": 0.24110213863346297}",unknown,0,[]
ENSG00000133107,TRPC4,0,0.24099568872951077,"{""expression_atlas"": 0.24099568872951077}",unknown,0,[]
ENSG00000100453,GZMB,0,0.14570080250553852,"{""expression_atlas"": 0.14570080250553852}",unknown,0,[]
ENSG00000243649,CFB,0,0.09794204975090676,"{""expression_atlas"": 0.09794204975090676}",unknown,0,"[""CHEMBL4594448""]"
ENSG00000176986,SEC24C,0.04805697304104483,0,"{""gwas_credible_sets"": 0.04805697304104483}",unknown,0,[]
ENSG00000150551,LYPD1,0,0.24023543030506378,"{""expression_atlas"": 0.24023543030506378}",unknown,0,[]
ENSG00000160307,S100B,0,0,{},unknown,0,[]
ENSG00000143321,HDGF,0.046869485907149705,0,"{""gwas_credible_sets"": 0.046869485907149705}",unknown,0,[]
ENSG00000162542,TMCO4,0.047926407478409525,0,"{""gwas_credible_sets"": 0.047926407478409525}",unknown,0,[]
ENSG00000164749,HNF4G,0,0.22322080007044276,"{""expression_atlas"": 0.22322080007044276}",unknown,0,[]
ENSG00000085514,PILRA,0,0.23939097426280548,"{""expression_atlas"": 0.23939097426280548}",unknown,0,[]
ENSG00000186827,TNFRSF4,0.0346755768504241,0.030246897564659744,"{""gwas_credible_sets"": 0.0346755768504241, ""expression_atlas"": 0.030246897564659744}",unknown,0,[]
ENSG00000113600,C9,0.04647832708993562,0,"{""gwas_credible_sets"": 0.04647832708993562}",unknown,0,[]
ENSG00000144810,COL8A1,0,0.23760173976391338,"{""expression_atlas"": 0.23760173976391338}",unknown,0,[]
ENSG00000145723,GIN1,0.04751810360825833,0,"{""gwas_credible_sets"": 0.04751810360825833}",unknown,0,[]
ENSG00000267673,FDX2,0.04751015161471425,0,"{""gwas_credible_sets"": 0.04751015161471425}",unknown,0,[]
ENSG00000173406,DAB1,0,0.2374694848045463,"{""expression_atlas"": 0.2374694848045463}",unknown,0,[]
ENSG00000108700,CCL8,0.03859233311064397,0.08837324519962869,"{""gwas_credible_sets"": 0.03859233311064397, ""expression_atlas"": 0.08837324519962869}",unknown,0,[]
ENSG00000188897,APOLTP,0.039023757494028775,0.16709964624258186,"{""gwas_credible_sets"": 0.039023757494028775, ""expression_atlas"": 0.16709964624258186}",unknown,0,[]
ENSG00000205846,CLEC6A,0,0.23678591520914893,"{""expression_atlas"": 0.23678591520914893}",unknown,0,[]
ENSG00000196549,MME,0,0.2150164029477238,"{""expression_atlas"": 0.2150164029477238}",unknown,0,"[""CHEMBL2103772"", ""CHEMBL3137301""]"
ENSG00000165828,PRAP1,0,0.23639601213111486,"{""expression_atlas"": 0.23639601213111486}",unknown,0,[]
ENSG00000078401,EDN1,0,0,{},unknown,0,[]
ENSG00000135744,AGT,0,0,{},unknown,0,[]
ENSG00000213918,DNASE1,0,0.2160572356265901,"{""expression_atlas"": 0.2160572356265901}",unknown,0,[]
ENSG00000241755,IGKV1-9,0,0.23569763399361082,"{""expression_atlas"": 0.23569763399361082}",unknown,0,[]
ENSG00000128242,GAL3ST1,0,0.2354478133524256,"{""expression_atlas"": 0.2354478133524256}",unknown,0,[]
ENSG00000140254,DUOXA1,0,0.22624843607111686,"{""expression_atlas"": 0.22624843607111686}",unknown,0,[]
ENSG00000019991,HGF,0,0.1939957807856949,"{""expression_atlas"": 0.1939957807856949}",unknown,0,[]
ENSG00000115540,MOB4,0.04702194167458349,0,"{""gwas_credible_sets"": 0.04702194167458349}",unknown,0,[]
ENSG00000108950,FAM20A,0,0.23503908095739665,"{""expression_atlas"": 0.23503908095739665}",unknown,0,[]
ENSG00000122691,TWIST1,0,0.21717664947783336,"{""expression_atlas"": 0.21717664947783336}",unknown,0,[]
ENSG00000214691,LINC01913,0,0.23501930662271395,"{""expression_atlas"": 0.23501930662271395}",unknown,0,[]
ENSG00000211943,IGHV3-15,0,0.23499725025228851,"{""expression_atlas"": 0.23499725025228851}",unknown,0,[]
ENSG00000254647,INS,0.04138763011073949,0,"{""gwas_credible_sets"": 0.04138763011073949}",unknown,0,[]
ENSG00000077238,IL4R,0.04057336408957546,0.0665555017198821,"{""gwas_credible_sets"": 0.04057336408957546, ""expression_atlas"": 0.0665555017198821}",unknown,0,"[""CHEMBL2108675""]"
ENSG00000087245,MMP2,0,0.19991612426787703,"{""expression_atlas"": 0.19991612426787703}",unknown,0,[]
ENSG00000163462,TRIM46,0.03971643529749413,0.14272108052330246,"{""gwas_credible_sets"": 0.03971643529749413, ""expression_atlas"": 0.14272108052330246}",unknown,0,[]
ENSG00000159167,STC1,0,0.21755907812876468,"{""expression_atlas"": 0.21755907812876468}",unknown,0,[]
ENSG00000162551,ALPL,0,0.22953850799198455,"{""expression_atlas"": 0.22953850799198455}",unknown,0,[]
ENSG00000164406,LEAP2,0,0.23405241319986198,"{""expression_atlas"": 0.23405241319986198}",unknown,0,[]
ENSG00000102802,MEDAG,0,0.23367128024291736,"{""expression_atlas"": 0.23367128024291736}",unknown,0,[]
ENSG00000048052,HDAC9,0,0,{},unknown,0,"[""CHEMBL1213492"", ""CHEMBL343448"", ""CHEMBL408513"", ""CHEMBL483254""]"
ENSG00000204713,TRIM27,0,0,{},unknown,0,[]
ENSG00000105996,HOXA2,0.04657555712562979,0,"{""gwas_credible_sets"": 0.04657555712562979}",unknown,0,[]
ENSG00000102265,TIMP1,0,0.19440931864934352,"{""expression_atlas"": 0.19440931864934352}",unknown,0,[]
ENSG00000163517,HDAC11,0,0,{},unknown,0,"[""CHEMBL1213492"", ""CHEMBL343448"", ""CHEMBL408513"", ""CHEMBL483254""]"
ENSG00000005381,MPO,0,0.19111166885519398,"{""expression_atlas"": 0.19111166885519398}",unknown,0,[]
ENSG00000171234,UGT2B7,0,0.23241315975930793,"{""expression_atlas"": 0.23241315975930793}",unknown,0,[]
ENSG00000037965,HOXC8,0,0.23207523753307174,"{""expression_atlas"": 0.23207523753307174}",unknown,0,[]
ENSG00000151012,SLC7A11,0,0.20625906667127983,"{""expression_atlas"": 0.20625906667127983}",unknown,0,[]
ENSG00000143387,CTSK,0,0.20319733578234456,"{""expression_atlas"": 0.20319733578234456}",unknown,0,[]
ENSG00000103313,MEFV,0,0.20122000920297856,"{""expression_atlas"": 0.20122000920297856}",unknown,0,[]
ENSG00000164111,ANXA5,0.04422907301911671,0.029365804325492902,"{""gwas_credible_sets"": 0.04422907301911671, ""expression_atlas"": 0.029365804325492902}",unknown,0,[]
ENSG00000108443,RPS6KB1,0.046306680662396696,0,"{""gwas_credible_sets"": 0.046306680662396696}",unknown,0,[]
ENSG00000118523,CCN2,0,0,{},unknown,0,[]
ENSG00000249173,LINC01093,0,0.23076972294383613,"{""expression_atlas"": 0.23076972294383613}",unknown,0,[]
ENSG00000218336,TENM3,0.04613283632535702,0,"{""gwas_credible_sets"": 0.04613283632535702}",unknown,0,[]
ENSG00000130513,GDF15,0,0.19841028937737953,"{""expression_atlas"": 0.19841028937737953}",unknown,0,[]
ENSG00000143537,ADAM15,0.04280817491686931,0,"{""gwas_credible_sets"": 0.04280817491686931}",unknown,0,[]
ENSG00000003137,CYP26B1,0,0.14195524791487427,"{""expression_atlas"": 0.14195524791487427}",unknown,0,[]
ENSG00000065154,OAT,0,0.22929782738613444,"{""expression_atlas"": 0.22929782738613444}",unknown,0,[]
ENSG00000211678,IGLJ3,0,0.22893353606873837,"{""expression_atlas"": 0.22893353606873837}",unknown,0,[]
ENSG00000256802,LCIIAR,0,0.22891749314332982,"{""expression_atlas"": 0.22891749314332982}",unknown,0,[]
ENSG00000135220,UGT2A3,0,0.22890989935472858,"{""expression_atlas"": 0.22890989935472858}",unknown,0,[]
ENSG00000153789,CIBAR2,0,0.20379457038130538,"{""expression_atlas"": 0.20379457038130538}",unknown,0,[]
ENSG00000089127,OAS1,0.043784862033937715,0,"{""gwas_credible_sets"": 0.043784862033937715}",unknown,0,[]
ENSG00000181143,MUC16,0,0.20669647118795115,"{""expression_atlas"": 0.20669647118795115}",unknown,0,"[""CHEMBL2109036""]"
ENSG00000130589,HELZ2,0.04560461786462828,0,"{""gwas_credible_sets"": 0.04560461786462828}",unknown,0,[]
ENSG00000147099,HDAC8,0,0,{},unknown,0,"[""CHEMBL1213492"", ""CHEMBL343448"", ""CHEMBL408513"", ""CHEMBL483254""]"
ENSG00000068024,HDAC4,0,0,{},unknown,0,"[""CHEMBL1213492"", ""CHEMBL343448"", ""CHEMBL408513"", ""CHEMBL483254""]"
ENSG00000100429,HDAC10,0,0,{},unknown,0,"[""CHEMBL1213492"", ""CHEMBL343448"", ""CHEMBL408513"", ""CHEMBL483254""]"
ENSG00000016402,IL20RA,0,0.2103761874313005,"{""expression_atlas"": 0.2103761874313005}",unknown,0,[]
ENSG00000204287,HLA-DRA,0,0.2162772502134612,"{""expression_atlas"": 0.2162772502134612}",unknown,0,[]
ENSG00000170917,NUDT6,0.04538660698345286,0,"{""gwas_credible_sets"": 0.04538660698345286}",unknown,0,[]
ENSG00000168542,COL3A1,0,0.21578232926692045,"{""expression_atlas"": 0.21578232926692045}",unknown,0,"[""CHEMBL2095222"", ""CHEMBL2108709""]"
ENSG00000188312,CENPP,0.04537610321811076,0,"{""gwas_credible_sets"": 0.04537610321811076}",unknown,0,[]
ENSG00000073737,DHRS9,0,0.2260485794257243,"{""expression_atlas"": 0.2260485794257243}",unknown,0,[]
ENSG00000184838,PRR16,0,0.22597423782344475,"{""expression_atlas"": 0.22597423782344475}",unknown,0,[]
ENSG00000180447,GAS1,0,0.2259404082085882,"{""expression_atlas"": 0.2259404082085882}",unknown,0,[]
ENSG00000241294,IGKV2-24,0,0.22585960257695864,"{""expression_atlas"": 0.22585960257695864}",unknown,0,[]
ENSG00000105697,HAMP,0,0,{},unknown,0,[]
ENSG00000146469,VIP,0,0.09047327484946968,"{""expression_atlas"": 0.09047327484946968}",unknown,0,[]
ENSG00000134709,HOOK1,0.045014403861778525,0,"{""gwas_credible_sets"": 0.045014403861778525}",unknown,0,[]
ENSG00000253293,HOXA10,0.044990312916580906,0,"{""gwas_credible_sets"": 0.044990312916580906}",unknown,0,[]
ENSG00000138071,ACTR2,0.04496946844564329,0,"{""gwas_credible_sets"": 0.04496946844564329}",unknown,0,[]
ENSG00000173110,HSPA6,0,0.21431637351183655,"{""expression_atlas"": 0.21431637351183655}",unknown,0,[]
ENSG00000162366,PDZK1IP1,0,0.17422264278020302,"{""expression_atlas"": 0.17422264278020302}",unknown,0,[]
ENSG00000171766,GATM,0,0.21678571088266996,"{""expression_atlas"": 0.21678571088266996}",unknown,0,[]
ENSG00000197408,CYP2B6,0,0.22421319348151147,"{""expression_atlas"": 0.22421319348151147}",unknown,0,[]
ENSG00000108381,ASPA,0,0.2242035677507445,"{""expression_atlas"": 0.2242035677507445}",unknown,0,[]
ENSG00000132911,NMUR2,0,0.22341130956014818,"{""expression_atlas"": 0.22341130956014818}",unknown,0,[]
ENSG00000163463,KRTCAP2,0.04463129611955175,0,"{""gwas_credible_sets"": 0.04463129611955175}",unknown,0,[]
ENSG00000187554,TLR5,0,0,{},unknown,0,[]
ENSG00000112818,MEP1A,0,0.22308814910767694,"{""expression_atlas"": 0.22308814910767694}",unknown,0,[]
ENSG00000198959,TGM2,0,0.09924834154886081,"{""expression_atlas"": 0.09924834154886081}",unknown,0,[]
ENSG00000012223,LTF,0,0,{},unknown,0,[]
ENSG00000166959,MS4A8,0,0.2226368475912415,"{""expression_atlas"": 0.2226368475912415}",unknown,0,[]
ENSG00000132517,SLC52A1,0,0.21949542154287507,"{""expression_atlas"": 0.21949542154287507}",unknown,0,[]
ENSG00000091106,NLRC4,0,0.03290348825131808,"{""expression_atlas"": 0.03290348825131808}",unknown,0,[]
ENSG00000163932,PRKCD,0.04321831094445081,0,"{""gwas_credible_sets"": 0.04321831094445081}",unknown,0,"[""CHEMBL608533""]"
ENSG00000106688,SLC1A1,0.03651840563525551,0.15610648157103402,"{""gwas_credible_sets"": 0.03651840563525551, ""expression_atlas"": 0.15610648157103402}",unknown,0,[]
ENSG00000211648,IGLV1-47,0,0.2211134541473083,"{""expression_atlas"": 0.2211134541473083}",unknown,0,[]
ENSG00000172322,CLEC12A,0,0.20281208490383165,"{""expression_atlas"": 0.20281208490383165}",unknown,0,[]
ENSG00000119508,NR4A3,0,0.2209649587240961,"{""expression_atlas"": 0.2209649587240961}",unknown,0,[]
ENSG00000225698,IGHV3-72,0,0.22064406951818402,"{""expression_atlas"": 0.22064406951818402}",unknown,0,[]
ENSG00000224272,ENSG00000224272,0,0.22052462284763666,"{""expression_atlas"": 0.22052462284763666}",unknown,0,[]
ENSG00000167468,GPX4,0.037327229537377486,0,"{""gwas_credible_sets"": 0.037327229537377486}",unknown,0,[]
ENSG00000176170,SPHK1,0,0.21574363541740277,"{""expression_atlas"": 0.21574363541740277}",unknown,0,[]
ENSG00000133710,SPINK5,0,0.2170683389141082,"{""expression_atlas"": 0.2170683389141082}",unknown,0,[]
ENSG00000128965,CHAC1,0,0.22005839896747809,"{""expression_atlas"": 0.22005839896747809}",unknown,0,[]
ENSG00000106404,CLDN15,0,0.21990957164251318,"{""expression_atlas"": 0.21990957164251318}",unknown,0,[]
ENSG00000173239,LIPM,0,0.2196952998371895,"{""expression_atlas"": 0.2196952998371895}",unknown,0,[]
ENSG00000256948,IQSEC3-AS2,0,0.21945269594036668,"{""expression_atlas"": 0.21945269594036668}",unknown,0,[]
ENSG00000162769,FLVCR1,0,0.21943449329914733,"{""expression_atlas"": 0.21943449329914733}",unknown,0,[]
ENSG00000164379,FOXQ1,0,0.21870445651318682,"{""expression_atlas"": 0.21870445651318682}",unknown,0,[]
ENSG00000188611,ASAH2,0,0.21860567552043086,"{""expression_atlas"": 0.21860567552043086}",unknown,0,[]
ENSG00000160870,CYP3A7,0,0.21835678526938476,"{""expression_atlas"": 0.21835678526938476}",unknown,0,"[""CHEMBL163"", ""CHEMBL2095208""]"
ENSG00000240498,CDKN2B-AS1,0,0.20017128462706846,"{""expression_atlas"": 0.20017128462706846}",unknown,0,[]
ENSG00000205420,KRT6A,0,0.21815752575910324,"{""expression_atlas"": 0.21815752575910324}",unknown,0,[]
ENSG00000118017,A4GNT,0.030592005940017035,0.17930539787490263,"{""expression_atlas"": 0.17930539787490263, ""gwas_credible_sets"": 0.030592005940017035}",unknown,0,[]
ENSG00000221843,SPATA31H1,0.043440802005399404,0,"{""gwas_credible_sets"": 0.043440802005399404}",unknown,0,[]
ENSG00000152484,USP12,0.043435832646386494,0,"{""gwas_credible_sets"": 0.043435832646386494}",unknown,0,[]
ENSG00000276085,CCL3L3,0,0.1983550385460556,"{""expression_atlas"": 0.1983550385460556}",unknown,0,[]
ENSG00000151208,DLG5,0,0.022598042669664527,"{""expression_atlas"": 0.022598042669664527}",unknown,0,[]
ENSG00000139515,PDX1,0,0.19669413182286324,"{""expression_atlas"": 0.19669413182286324}",unknown,0,[]
ENSG00000102359,SRPX2,0,0.2162888466894346,"{""expression_atlas"": 0.2162888466894346}",unknown,0,[]
ENSG00000106100,NOD1,0,0,{},unknown,0,[]
ENSG00000211650,IGLV5-45,0,0.2161896715702139,"{""expression_atlas"": 0.2161896715702139}",unknown,0,[]
ENSG00000185038,MROH2A,0,0.21595459834670044,"{""expression_atlas"": 0.21595459834670044}",unknown,0,[]
ENSG00000120211,INSL4,0.04316446499258068,0,"{""gwas_credible_sets"": 0.04316446499258068}",unknown,0,[]
ENSG00000111199,TRPV4,0,0.20929119485929745,"{""expression_atlas"": 0.20929119485929745}",unknown,0,[]
ENSG00000211933,IGHV6-1,0,0.2150716542931249,"{""expression_atlas"": 0.2150716542931249}",unknown,0,[]
ENSG00000164251,F2RL1,0,0,{},unknown,0,[]
ENSG00000104765,BNIP3L,0.038421518967228216,0,"{""gwas_credible_sets"": 0.038421518967228216}",unknown,0,[]
ENSG00000241566,IGKV2D-24,0,0.21478113038380858,"{""expression_atlas"": 0.21478113038380858}",unknown,0,[]
ENSG00000125046,SSUH2,0,0.21443957845429634,"{""expression_atlas"": 0.21443957845429634}",unknown,0,[]
ENSG00000060558,GNA15,0,0.21426581169865053,"{""expression_atlas"": 0.21426581169865053}",unknown,0,[]
ENSG00000174473,GALNTL6,0,0.21398430351055722,"{""expression_atlas"": 0.21398430351055722}",unknown,0,[]
ENSG00000211965,IGHV3-49,0,0.21394577950423485,"{""expression_atlas"": 0.21394577950423485}",unknown,0,[]
ENSG00000109321,AREG,0,0.1943961737053932,"{""expression_atlas"": 0.1943961737053932}",unknown,0,[]
ENSG00000240990,HOXA11-AS,0,0.21385441173595005,"{""expression_atlas"": 0.21385441173595005}",unknown,0,[]
ENSG00000142871,CCN1,0,0.17822691336319194,"{""expression_atlas"": 0.17822691336319194}",unknown,0,[]
ENSG00000102524,TNFSF13B,0,0.05852436002605125,"{""expression_atlas"": 0.05852436002605125}",unknown,0,"[""CHEMBL1789843""]"
ENSG00000076043,REXO2,0.042645047228729756,0,"{""gwas_credible_sets"": 0.042645047228729756}",unknown,0,[]
ENSG00000123700,KCNJ2,0,0.2130504278670666,"{""expression_atlas"": 0.2130504278670666}",unknown,0,"[""CHEMBL184412""]"
ENSG00000144852,NR1I2,0,0,{},unknown,0,[]
ENSG00000101966,XIAP,0,0,{},unknown,0,[]
ENSG00000187498,COL4A1,0,0.19903880132719082,"{""expression_atlas"": 0.19903880132719082}",unknown,0,"[""CHEMBL2095222"", ""CHEMBL2108709""]"
ENSG00000211652,IGLV7-43,0,0.21227122646457378,"{""expression_atlas"": 0.21227122646457378}",unknown,0,[]
ENSG00000211976,IGHV3-73,0,0.2122295865246185,"{""expression_atlas"": 0.2122295865246185}",unknown,0,[]
ENSG00000115461,IGFBP5,0,0.16362745757421304,"{""expression_atlas"": 0.16362745757421304}",unknown,0,[]
ENSG00000016602,CLCA4,0,0.20475983409673837,"{""expression_atlas"": 0.20475983409673837}",unknown,0,[]
ENSG00000158869,FCER1G,0,0.21156854976639272,"{""expression_atlas"": 0.21156854976639272}",unknown,0,[]
ENSG00000183054,RGPD6,0.042090372324118656,0,"{""gwas_credible_sets"": 0.042090372324118656}",unknown,0,[]
ENSG00000196839,ADA,0,0,{},unknown,0,"[""CHEMBL1580""]"
ENSG00000229314,ORM1,0,0.19683136565167747,"{""expression_atlas"": 0.19683136565167747}",unknown,0,[]
ENSG00000270547,LINC01235,0,0.20973700387857624,"{""expression_atlas"": 0.20973700387857624}",unknown,0,[]
ENSG00000100504,PYGL,0,0.20966158627556264,"{""expression_atlas"": 0.20966158627556264}",unknown,0,[]
ENSG00000118473,SGIP1,0.033679096091896024,0.164024486557792,"{""gwas_credible_sets"": 0.033679096091896024, ""expression_atlas"": 0.164024486557792}",unknown,0,[]
ENSG00000120053,GOT1,0.04092154817087098,0,"{""gwas_credible_sets"": 0.04092154817087098}",unknown,0,[]
ENSG00000184454,NCMAP,0.04175083890208693,0,"{""gwas_credible_sets"": 0.04175083890208693}",unknown,0,[]
ENSG00000019169,MARCO,0,0.20873288843477986,"{""expression_atlas"": 0.20873288843477986}",unknown,0,[]
ENSG00000087494,PTHLH,0,0.19955506346928586,"{""expression_atlas"": 0.19955506346928586}",unknown,0,[]
ENSG00000261617,LINC02177,0,0.20851141718859284,"{""expression_atlas"": 0.20851141718859284}",unknown,0,[]
ENSG00000211644,IGLV1-51,0,0.20837686352865506,"{""expression_atlas"": 0.20837686352865506}",unknown,0,[]
ENSG00000152672,CLEC4F,0,0.20831167769585224,"{""expression_atlas"": 0.20831167769585224}",unknown,0,[]
ENSG00000110693,SOX6,0,0.2082259025479974,"{""expression_atlas"": 0.2082259025479974}",unknown,0,[]
ENSG00000211905,IGHJ1,0,0.20807413351215676,"{""expression_atlas"": 0.20807413351215676}",unknown,0,[]
ENSG00000166866,MYO1A,0,0.20783740747076182,"{""expression_atlas"": 0.20783740747076182}",unknown,0,[]
ENSG00000118518,RNF146,0.041562289746512056,0,"{""gwas_credible_sets"": 0.041562289746512056}",unknown,0,[]
ENSG00000264717,NPY4R2,0.04154850666848877,0,"{""gwas_credible_sets"": 0.04154850666848877}",unknown,0,[]
ENSG00000139044,B4GALNT3,0,0.20772429055535951,"{""expression_atlas"": 0.20772429055535951}",unknown,0,[]
ENSG00000159339,PADI4,0,0.19008979676764542,"{""expression_atlas"": 0.19008979676764542}",unknown,0,[]
ENSG00000109205,ODAM,0,0.2072564260815481,"{""expression_atlas"": 0.2072564260815481}",unknown,0,[]
ENSG00000061656,SPAG4,0,0.2072153380776386,"{""expression_atlas"": 0.2072153380776386}",unknown,0,[]
ENSG00000184986,TMEM121,0.041379925537713656,0,"{""gwas_credible_sets"": 0.041379925537713656}",unknown,0,[]
ENSG00000211668,IGLV2-11,0,0.2065786292608867,"{""expression_atlas"": 0.2065786292608867}",unknown,0,[]
ENSG00000168918,INPP5D,0,0.029053162332076696,"{""expression_atlas"": 0.029053162332076696}",unknown,0,[]
ENSG00000055955,ITIH4,0.04068319841720827,0,"{""gwas_credible_sets"": 0.04068319841720827}",unknown,0,[]
ENSG00000188379,IFNA2,0,0,{},unknown,0,[]
ENSG00000250548,LINC01303,0,0.20627534239539658,"{""expression_atlas"": 0.20627534239539658}",unknown,0,[]
ENSG00000143355,LHX9,0.041245941948376635,0,"{""gwas_credible_sets"": 0.041245941948376635}",unknown,0,[]
ENSG00000179698,WDR97,0.041209836104282686,0,"{""gwas_credible_sets"": 0.041209836104282686}",unknown,0,[]
ENSG00000172425,TTC36,0,0.20596568571804655,"{""expression_atlas"": 0.20596568571804655}",unknown,0,[]
ENSG00000044012,GUCA2B,0,0.20585406125000133,"{""expression_atlas"": 0.20585406125000133}",unknown,0,[]
ENSG00000178573,MAF,0,0.009805398778715398,"{""expression_atlas"": 0.009805398778715398}",unknown,0,[]
ENSG00000276070,CCL4L2,0,0.19595145226497487,"{""expression_atlas"": 0.19595145226497487}",unknown,0,[]
ENSG00000143954,REG3G,0,0.20492257650743137,"{""expression_atlas"": 0.20492257650743137}",unknown,0,[]
ENSG00000243264,IGKV2D-29,0,0.19525603731342822,"{""expression_atlas"": 0.19525603731342822}",unknown,0,[]
ENSG00000106069,CHN2,0,0.20462950647607162,"{""expression_atlas"": 0.20462950647607162}",unknown,0,[]
ENSG00000181409,LMTK1,0,0.20462950647607162,"{""expression_atlas"": 0.20462950647607162}",unknown,0,[]
ENSG00000204632,HLA-G,0,0.04531252018103719,"{""expression_atlas"": 0.04531252018103719}",unknown,0,[]
ENSG00000105329,TGFB1,0,0.020408869172697793,"{""expression_atlas"": 0.020408869172697793}",unknown,0,"[""CHEMBL3039545""]"
ENSG00000211677,IGLC2,0,0.20422650514122004,"{""expression_atlas"": 0.20422650514122004}",unknown,0,[]
ENSG00000196126,HLA-DRB1,0,0.09295044068619128,"{""expression_atlas"": 0.09295044068619128}",unknown,0,[]
ENSG00000161405,IKZF3,0.0383623730074146,0.012394588418161202,"{""gwas_credible_sets"": 0.0383623730074146, ""expression_atlas"": 0.012394588418161202}",unknown,0,[]
ENSG00000166090,IL25,0,0,{},unknown,0,[]
ENSG00000132874,SLC14A2,0,0.20378691303514548,"{""expression_atlas"": 0.20378691303514548}",unknown,0,[]
ENSG00000169896,ITGAM,0,0.009349112133431061,"{""expression_atlas"": 0.009349112133431061}",unknown,0,[]
ENSG00000210112,MT-TM,0,0.20350871221818578,"{""expression_atlas"": 0.20350871221818578}",unknown,0,[]
ENSG00000125730,C3,0,0.03649614310185424,"{""expression_atlas"": 0.03649614310185424}",unknown,0,"[""CHEMBL4298211""]"
ENSG00000230257,NFE4,0,0.20327723591463912,"{""expression_atlas"": 0.20327723591463912}",unknown,0,[]
ENSG00000163737,PF4,0,0.12391145560672655,"{""expression_atlas"": 0.12391145560672655}",unknown,0,[]
ENSG00000187048,CYP4A11,0,0.2031162912973266,"{""expression_atlas"": 0.2031162912973266}",unknown,0,[]
ENSG00000168003,SLC3A2,0,0,{},unknown,0,[]
ENSG00000240972,MIF,0,0,{},unknown,0,[]
ENSG00000211625,IGKV3D-20,0,0.20270979798221192,"{""expression_atlas"": 0.20270979798221192}",unknown,0,[]
ENSG00000205277,MUC12,0,0.19256755853497862,"{""expression_atlas"": 0.19256755853497862}",unknown,0,[]
ENSG00000141279,NPEPPS,0.04050561729430951,0,"{""gwas_credible_sets"": 0.04050561729430951}",unknown,0,[]
ENSG00000224650,IGHV3-74,0,0.20209484626548924,"{""expression_atlas"": 0.20209484626548924}",unknown,0,[]
ENSG00000170955,CAVIN3,0.03949470574820924,0,"{""gwas_credible_sets"": 0.03949470574820924}",unknown,0,[]
ENSG00000211935,IGHV1-3,0,0.20182502480882367,"{""expression_atlas"": 0.20182502480882367}",unknown,0,[]
ENSG00000175344,CHRNA7,0,0.18472996762967453,"{""expression_atlas"": 0.18472996762967453}",unknown,0,[]
ENSG00000237070,MEOX2-AS2,0,0.20172314751863546,"{""expression_atlas"": 0.20172314751863546}",unknown,0,[]
ENSG00000253838,ENSG00000253838,0,0.20143665892461005,"{""expression_atlas"": 0.20143665892461005}",unknown,0,[]
ENSG00000186862,PDZD7,0,0.2013756858540041,"{""expression_atlas"": 0.2013756858540041}",unknown,0,[]
ENSG00000179593,ALOX15B,0,0.20111014202011457,"{""expression_atlas"": 0.20111014202011457}",unknown,0,[]
ENSG00000204262,COL5A2,0,0.18564937259448624,"{""expression_atlas"": 0.18564937259448624}",unknown,0,"[""CHEMBL2095222"", ""CHEMBL2108709""]"
ENSG00000172216,CEBPB,0,0.20079553486249213,"{""expression_atlas"": 0.20079553486249213}",unknown,0,[]
ENSG00000173535,TNFRSF10C,0,0.20077858256999734,"{""expression_atlas"": 0.20077858256999734}",unknown,0,[]
ENSG00000102241,HTATSF1,0.04009882852097026,0,"{""gwas_credible_sets"": 0.04009882852097026}",unknown,0,[]
ENSG00000148965,SAA4,0,0.20038665816119625,"{""expression_atlas"": 0.20038665816119625}",unknown,0,[]
ENSG00000204472,AIF1,0,0.035007499941570874,"{""expression_atlas"": 0.035007499941570874}",unknown,0,[]
ENSG00000177464,GPR4,0,0.18879073638978028,"{""expression_atlas"": 0.18879073638978028}",unknown,0,[]
ENSG00000155660,PDIA4,0.039120211863567345,0.01821081563612956,"{""gwas_credible_sets"": 0.039120211863567345, ""expression_atlas"": 0.01821081563612956}",unknown,0,[]
ENSG00000151388,ADAMTS12,0,0.1999525139743242,"{""expression_atlas"": 0.1999525139743242}",unknown,0,[]
ENSG00000134470,IL15RA,0.03782781616521729,0.027091542321940908,"{""gwas_credible_sets"": 0.03782781616521729, ""expression_atlas"": 0.027091542321940908}",unknown,0,"[""CHEMBL6068330""]"
ENSG00000106823,ECM2,0.039931293690235695,0,"{""gwas_credible_sets"": 0.039931293690235695}",unknown,0,[]
ENSG00000163347,CLDN1,0,0.17906490252488202,"{""expression_atlas"": 0.17906490252488202}",unknown,0,[]
ENSG00000239998,LILRA2,0,0.1991392892099468,"{""expression_atlas"": 0.1991392892099468}",unknown,0,[]
ENSG00000169676,DRD5,0,0.19895092359172029,"{""expression_atlas"": 0.19895092359172029}",unknown,0,"[""CHEMBL1113"", ""CHEMBL1423"", ""CHEMBL2364968""]"
ENSG00000162267,ITIH3,0,0.1985252297599163,"{""expression_atlas"": 0.1985252297599163}",unknown,0,[]
ENSG00000185269,NOTUM,0,0.19849862611730595,"{""expression_atlas"": 0.19849862611730595}",unknown,0,[]
ENSG00000169248,CXCL11,0,0.19033653134130146,"{""expression_atlas"": 0.19033653134130146}",unknown,0,[]
ENSG00000108242,CYP2C18,0,0.19811515147561934,"{""expression_atlas"": 0.19811515147561934}",unknown,0,[]
ENSG00000204020,LIPN,0,0.19804251185313362,"{""expression_atlas"": 0.19804251185313362}",unknown,0,[]
ENSG00000006747,SCIN,0,0.19804224750905852,"{""expression_atlas"": 0.19804224750905852}",unknown,0,[]
ENSG00000170425,ADORA2B,0,0.19327657512943838,"{""expression_atlas"": 0.19327657512943838}",unknown,0,"[""CHEMBL113"", ""CHEMBL1208646"", ""CHEMBL190"", ""CHEMBL477"", ""CHEMBL628""]"
ENSG00000114251,WNT5A,0,0.18621853448272144,"{""expression_atlas"": 0.18621853448272144}",unknown,0,[]
ENSG00000211950,IGHV1-24,0,0.1972855417439727,"{""expression_atlas"": 0.1972855417439727}",unknown,0,[]
ENSG00000073150,PANX2,0,0.1831491414904999,"{""expression_atlas"": 0.1831491414904999}",unknown,0,[]
ENSG00000256249,ENSG00000256249,0,0.19665788755482486,"{""expression_atlas"": 0.19665788755482486}",unknown,0,[]
ENSG00000142484,TM4SF5,0,0.19662126272175154,"{""expression_atlas"": 0.19662126272175154}",unknown,0,[]
ENSG00000203999,LINC01270,0,0.19658150362441873,"{""expression_atlas"": 0.19658150362441873}",unknown,0,[]
ENSG00000267629,ENSG00000267629,0,0.19642355578854562,"{""expression_atlas"": 0.19642355578854562}",unknown,0,[]
ENSG00000177455,CD19,0,0,{},unknown,0,"[""CHEMBL1742992"", ""CHEMBL2109334"", ""CHEMBL3301574"", ""CHEMBL3989989"", ""CHEMBL4297778"", ""CHEMBL4298047"", ""CHEMBL4594618"", ""CHEMBL5095440""]"
ENSG00000134438,RAX,0,0.19638735835508614,"{""expression_atlas"": 0.19638735835508614}",unknown,0,[]
ENSG00000239571,IGKV2D-30,0,0.19611805605693483,"{""expression_atlas"": 0.19611805605693483}",unknown,0,[]
ENSG00000237153,ENSG00000237153,0,0.1957593870953029,"{""expression_atlas"": 0.1957593870953029}",unknown,0,[]
ENSG00000148600,CDHR1,0,0.1952829988397766,"{""expression_atlas"": 0.1952829988397766}",unknown,0,[]
ENSG00000178882,RFLNA,0.03478434449554804,0.08533253810899105,"{""gwas_credible_sets"": 0.03478434449554804, ""expression_atlas"": 0.08533253810899105}",unknown,0,[]
ENSG00000119125,GDA,0,0.19445324541323578,"{""expression_atlas"": 0.19445324541323578}",unknown,0,[]
ENSG00000140105,WARS1,0,0.19424998886165587,"{""expression_atlas"": 0.19424998886165587}",unknown,0,[]
ENSG00000239951,IGKV3-20,0,0.1941815243090105,"{""expression_atlas"": 0.1941815243090105}",unknown,0,[]
ENSG00000105371,ICAM4,0.038763047606436826,0,"{""gwas_credible_sets"": 0.038763047606436826}",unknown,0,[]
ENSG00000149582,TMEM25,0,0.19380488025555684,"{""expression_atlas"": 0.19380488025555684}",unknown,0,[]
ENSG00000276566,IGKV1D-13,0,0.19362864207028652,"{""expression_atlas"": 0.19362864207028652}",unknown,0,[]
ENSG00000280693,SH3PXD2A-AS1,0,0.19362466503641115,"{""expression_atlas"": 0.19362466503641115}",unknown,0,[]
ENSG00000101470,TNNC2,0,0.19355286179572623,"{""expression_atlas"": 0.19355286179572623}",unknown,0,[]
ENSG00000122756,CNTFR,0,0.19323144464640366,"{""expression_atlas"": 0.19323144464640366}",unknown,0,[]
ENSG00000235272,RAMACL,0.038627812193837006,0,"{""gwas_credible_sets"": 0.038627812193837006}",unknown,0,[]
ENSG00000184672,RALYL,0,0.19295439121774002,"{""expression_atlas"": 0.19295439121774002}",unknown,0,[]
ENSG00000010030,ETV7,0.03653467990385152,0.041072756995621094,"{""gwas_credible_sets"": 0.03653467990385152, ""expression_atlas"": 0.041072756995621094}",unknown,0,[]
ENSG00000143167,GPA33,0.033890815584515954,0.07959076855516131,"{""gwas_credible_sets"": 0.033890815584515954, ""expression_atlas"": 0.07959076855516131}",unknown,0,[]
ENSG00000159871,LYPD5,0,0.19244152975158993,"{""expression_atlas"": 0.19244152975158993}",unknown,0,[]
ENSG00000224041,IGKV3D-15,0,0.19238537078587103,"{""expression_atlas"": 0.19238537078587103}",unknown,0,[]
ENSG00000074410,CA12,0,0.19218888580836518,"{""expression_atlas"": 0.19218888580836518}",unknown,0,"[""CHEMBL17"", ""CHEMBL18"", ""CHEMBL20"", ""CHEMBL328560""]"
ENSG00000141433,ADCYAP1,0,0.18564722667181527,"{""expression_atlas"": 0.18564722667181527}",unknown,0,[]
ENSG00000124391,IL17C,0,0.042499417125775464,"{""expression_atlas"": 0.042499417125775464}",unknown,0,[]
ENSG00000136295,TTYH3,0.038404701166143605,0,"{""gwas_credible_sets"": 0.038404701166143605}",unknown,0,[]
ENSG00000276430,FAM25C,0.0383790237854949,0,"{""gwas_credible_sets"": 0.0383790237854949}",unknown,0,[]
ENSG00000170348,TMED10,0.038366527067694625,0,"{""gwas_credible_sets"": 0.038366527067694625}",unknown,0,[]
ENSG00000188015,S100A3,0,0.19163105371121236,"{""expression_atlas"": 0.19163105371121236}",unknown,0,[]
ENSG00000089685,BIRC5,0,0,{},unknown,0,[]
ENSG00000117228,GBP1,0,0.18811928667940608,"{""expression_atlas"": 0.18811928667940608}",unknown,0,[]
ENSG00000148082,SHC3,0,0.190722176366279,"{""expression_atlas"": 0.190722176366279}",unknown,0,[]
ENSG00000196482,ESRRG,0,0.19064709813100436,"{""expression_atlas"": 0.19064709813100436}",unknown,0,[]
ENSG00000143382,ADAMTSL4,0.0380917713947099,0,"{""gwas_credible_sets"": 0.0380917713947099}",unknown,0,[]
ENSG00000112273,HDGFL1,0.03806383382479612,0,"{""gwas_credible_sets"": 0.03806383382479612}",unknown,0,[]
ENSG00000104974,LILRA1,0,0.19017653754772465,"{""expression_atlas"": 0.19017653754772465}",unknown,0,[]
ENSG00000131781,FMO5,0,0.16974730618540815,"{""expression_atlas"": 0.16974730618540815}",unknown,0,[]
ENSG00000162607,USP1,0.037927774054588595,0,"{""gwas_credible_sets"": 0.037927774054588595}",unknown,0,[]
ENSG00000105352,CEACAM4,0,0.18951084324400042,"{""expression_atlas"": 0.18951084324400042}",unknown,0,[]
ENSG00000121691,CAT,0,0,{},unknown,0,[]
ENSG00000211638,IGLV8-61,0,0.1892705023420072,"{""expression_atlas"": 0.1892705023420072}",unknown,0,[]
ENSG00000130517,PGPEP1,0.037853846841983584,0,"{""gwas_credible_sets"": 0.037853846841983584}",unknown,0,[]
ENSG00000129226,CD68,0,0,{},unknown,0,[]
ENSG00000173457,PPP1R14B,0.037836023505795076,0,"{""gwas_credible_sets"": 0.037836023505795076}",unknown,0,[]
ENSG00000206384,COL6A6,0,0.18915695069042124,"{""expression_atlas"": 0.18915695069042124}",unknown,0,"[""CHEMBL2095222"", ""CHEMBL2108709""]"
ENSG00000275572,GRIFIN,0.037816784720417516,0,"{""gwas_credible_sets"": 0.037816784720417516}",unknown,0,[]
ENSG00000115414,FN1,0,0.02419249750327104,"{""expression_atlas"": 0.02419249750327104}",unknown,0,"[""CHEMBL2095222""]"
ENSG00000177688,SUMO4,0.03778499939342823,0,"{""gwas_credible_sets"": 0.03778499939342823}",unknown,0,[]
ENSG00000244474,UGT1A4,0,0.18891092946791954,"{""expression_atlas"": 0.18891092946791954}",unknown,0,[]
ENSG00000167994,RAB3IL1,0.03775055755140093,0,"{""gwas_credible_sets"": 0.03775055755140093}",unknown,0,[]
ENSG00000163817,SLC6A20,0,0.18874351933911895,"{""expression_atlas"": 0.18874351933911895}",unknown,0,[]
ENSG00000211962,IGHV1-46,0,0.18835247035935915,"{""expression_atlas"": 0.18835247035935915}",unknown,0,[]
ENSG00000129450,SIGLEC9,0,0.18504552355189732,"{""expression_atlas"": 0.18504552355189732}",unknown,0,[]
ENSG00000148498,PARD3,0.0364564451962744,0,"{""gwas_credible_sets"": 0.0364564451962744}",unknown,0,[]
ENSG00000004809,SLC22A16,0.035489000396230805,0.04199379156835641,"{""gwas_credible_sets"": 0.035489000396230805, ""expression_atlas"": 0.04199379156835641}",unknown,0,[]
ENSG00000189377,CXCL17,0,0.18789585147211132,"{""expression_atlas"": 0.18789585147211132}",unknown,0,[]
ENSG00000159399,HK2,0,0.1832728944982842,"{""expression_atlas"": 0.1832728944982842}",unknown,0,[]
ENSG00000175426,PCSK1,0,0.18776753178506925,"{""expression_atlas"": 0.18776753178506925}",unknown,0,[]
ENSG00000171236,LRG1,0,0.15269793082627525,"{""expression_atlas"": 0.15269793082627525}",unknown,0,[]
ENSG00000135932,CAB39,0.037419537206971824,0,"{""gwas_credible_sets"": 0.037419537206971824}",unknown,0,[]
ENSG00000204361,NXPE2,0.03486455177311503,0.03123190959878992,"{""gwas_credible_sets"": 0.03486455177311503, ""expression_atlas"": 0.03123190959878992}",unknown,0,[]
ENSG00000181656,GPR88,0.03737932712640931,0,"{""gwas_credible_sets"": 0.03737932712640931}",unknown,0,[]
ENSG00000223658,C1GALT1C1L,0.03734438025211136,0,"{""gwas_credible_sets"": 0.03734438025211136}",unknown,0,[]
ENSG00000223648,IGHV3-64,0,0.18669643087387275,"{""expression_atlas"": 0.18669643087387275}",unknown,0,[]
ENSG00000198535,C2CD4A,0,0.1866142829400258,"{""expression_atlas"": 0.1866142829400258}",unknown,0,[]
ENSG00000103496,STX4,0.037313507606759166,0,"{""gwas_credible_sets"": 0.037313507606759166}",unknown,0,[]
ENSG00000184502,GAST,0,0,{},unknown,0,[]
ENSG00000108100,CCNY,0.03718788592505137,0,"{""gwas_credible_sets"": 0.03718788592505137}",unknown,0,[]
ENSG00000088926,F11,0,0.18593546522084076,"{""expression_atlas"": 0.18593546522084076}",unknown,0,"[""CHEMBL4297549""]"
ENSG00000170054,SERPINA9,0,0.18591898464116755,"{""expression_atlas"": 0.18591898464116755}",unknown,0,[]
ENSG00000125740,FOSB,0,0.18589568352531832,"{""expression_atlas"": 0.18589568352531832}",unknown,0,[]
ENSG00000186188,FFAR4,0,0.16473371051159588,"{""expression_atlas"": 0.16473371051159588}",unknown,0,[]
ENSG00000105835,NAMPT,0,0.1700444831158722,"{""expression_atlas"": 0.1700444831158722}",unknown,0,[]
ENSG00000008438,PGLYRP1,0,0.17575881272797006,"{""expression_atlas"": 0.17575881272797006}",unknown,0,[]
ENSG00000172831,CES2,0,0.1668162108646288,"{""expression_atlas"": 0.1668162108646288}",unknown,0,[]
ENSG00000101443,WFDC2,0,0.185011520312007,"{""expression_atlas"": 0.185011520312007}",unknown,0,[]
ENSG00000182040,USH1G,0,0.18487312624801708,"{""expression_atlas"": 0.18487312624801708}",unknown,0,[]
ENSG00000117592,PRDX6,0.03697026910493019,0,"{""gwas_credible_sets"": 0.03697026910493019}",unknown,0,[]
ENSG00000115541,HSPE1,0.03301105163375753,0,"{""gwas_credible_sets"": 0.03301105163375753}",unknown,0,[]
ENSG00000105711,SCN1B,0,0.18468937631441046,"{""expression_atlas"": 0.18468937631441046}",unknown,0,[]
ENSG00000167701,GPT,0,0.10988137037608722,"{""expression_atlas"": 0.10988137037608722}",unknown,0,[]
ENSG00000116704,SLC35D1,0.036889133292695185,0,"{""gwas_credible_sets"": 0.036889133292695185}",unknown,0,[]
ENSG00000060069,CTDP1,0.03685504021734807,0,"{""gwas_credible_sets"": 0.03685504021734807}",unknown,0,[]
ENSG00000165556,CDX2,0,0.07998715455300158,"{""expression_atlas"": 0.07998715455300158}",unknown,0,[]
ENSG00000100023,PPIL2,0.03670960904114969,0,"{""gwas_credible_sets"": 0.03670960904114969}",unknown,0,[]
ENSG00000262406,MMP12,0,0.1652008310320131,"{""expression_atlas"": 0.1652008310320131}",unknown,0,[]
ENSG00000164972,SPMIP6,0,0.1833608895801763,"{""expression_atlas"": 0.1833608895801763}",unknown,0,[]
ENSG00000164318,EGFLAM,0.03666887581056691,0,"{""gwas_credible_sets"": 0.03666887581056691}",unknown,0,[]
ENSG00000198130,HIBCH,0.03666860630904131,0,"{""gwas_credible_sets"": 0.03666860630904131}",unknown,0,[]
ENSG00000132429,POPDC3,0,0.18297246773412743,"{""expression_atlas"": 0.18297246773412743}",unknown,0,[]
ENSG00000165606,DRGX,0,0.18285827808786753,"{""expression_atlas"": 0.18285827808786753}",unknown,0,[]
ENSG00000240382,IGKV1-17,0,0.18274286486814376,"{""expression_atlas"": 0.18274286486814376}",unknown,0,[]
ENSG00000165376,CLDN2,0,0.12430244554582909,"{""expression_atlas"": 0.12430244554582909}",unknown,0,[]
ENSG00000233608,TWIST2,0,0.17811422802151491,"{""expression_atlas"": 0.17811422802151491}",unknown,0,[]
ENSG00000174697,LEP,0,0,{},unknown,0,[]
ENSG00000251095,TRINGS,0,0.18222246707675938,"{""expression_atlas"": 0.18222246707675938}",unknown,0,[]
ENSG00000111796,KLRB1,0,0,{},unknown,0,[]
ENSG00000103257,SLC7A5,0,0.12045968101553611,"{""expression_atlas"": 0.12045968101553611}",unknown,0,[]
ENSG00000266968,ENSG00000266968,0,0.18194142895129486,"{""expression_atlas"": 0.18194142895129486}",unknown,0,[]
ENSG00000096063,SRPK1,0.03638512014545853,0,"{""gwas_credible_sets"": 0.03638512014545853}",unknown,0,[]
ENSG00000071967,CYBRD1,0,0.1818714971139072,"{""expression_atlas"": 0.1818714971139072}",unknown,0,[]
ENSG00000100078,PLA2G3,0,0.18154393157784823,"{""expression_atlas"": 0.18154393157784823}",unknown,0,[]
ENSG00000161638,ITGA5,0,0.18137681320809787,"{""expression_atlas"": 0.18137681320809787}",unknown,0,[]
ENSG00000166589,CDH16,0,0.18131800256198313,"{""expression_atlas"": 0.18131800256198313}",unknown,0,[]
ENSG00000188807,TMEM201,0,0,{},unknown,0,[]
ENSG00000106031,HOXA13,0.03500282417349487,0.023821276750747595,"{""gwas_credible_sets"": 0.03500282417349487, ""expression_atlas"": 0.023821276750747595}",unknown,0,[]
ENSG00000260943,LINC02555,0,0.18088031353969794,"{""expression_atlas"": 0.18088031353969794}",unknown,0,[]
ENSG00000085063,CD59,0,0,{},unknown,0,[]
ENSG00000079337,RAPGEF3,0.03617099099213916,0,"{""gwas_credible_sets"": 0.03617099099213916}",unknown,0,[]
ENSG00000111536,IL26,0,0.14867564799567723,"{""expression_atlas"": 0.14867564799567723}",unknown,0,[]
ENSG00000106853,PTGR1,0,0.1808484229504958,"{""expression_atlas"": 0.1808484229504958}",unknown,0,[]
ENSG00000078898,BPIFB2,0.03616266135675144,0,"{""gwas_credible_sets"": 0.03616266135675144}",unknown,0,[]
ENSG00000113070,HBEGF,0,0.18062529611238,"{""expression_atlas"": 0.18062529611238}",unknown,0,[]
ENSG00000156284,CLDN8,0,0.1589533877399146,"{""expression_atlas"": 0.1589533877399146}",unknown,0,[]
ENSG00000133055,MYBPH,0,0.18046576942364626,"{""expression_atlas"": 0.18046576942364626}",unknown,0,[]
ENSG00000198064,NPIPB13,0.03609125477606229,0,"{""gwas_credible_sets"": 0.03609125477606229}",unknown,0,[]
ENSG00000183607,GKN2,0,0.18039607630228416,"{""expression_atlas"": 0.18039607630228416}",unknown,0,[]
ENSG00000167476,JSRP1,0,0.18035906858553213,"{""expression_atlas"": 0.18035906858553213}",unknown,0,[]
ENSG00000237159,CNTFR-AS1,0,0.18008964181858333,"{""expression_atlas"": 0.18008964181858333}",unknown,0,[]
ENSG00000136159,NUDT15,0,0,{},unknown,0,[]
ENSG00000100884,CPNE6,0,0.18006252357970942,"{""expression_atlas"": 0.18006252357970942}",unknown,0,[]
ENSG00000115234,SNX17,0.034430180990698306,0,"{""gwas_credible_sets"": 0.034430180990698306}",unknown,0,[]
ENSG00000250274,ENSG00000250274,0,0.17963815765972183,"{""expression_atlas"": 0.17963815765972183}",unknown,0,[]
ENSG00000150990,DHX37,0.03592351612064449,0,"{""gwas_credible_sets"": 0.03592351612064449}",unknown,0,[]
ENSG00000146070,PLA2G7,0,0.1594977860336536,"{""expression_atlas"": 0.1594977860336536}",unknown,0,[]
ENSG00000152932,RAB3C,0.03586885034060406,0,"{""gwas_credible_sets"": 0.03586885034060406}",unknown,0,[]
ENSG00000223350,IGLV9-49,0,0.17907905921002695,"{""expression_atlas"": 0.17907905921002695}",unknown,0,[]
ENSG00000163806,SPDYA,0.03580939015107048,0,"{""gwas_credible_sets"": 0.03580939015107048}",unknown,0,[]
ENSG00000141744,PNMT,0.03580086801459305,0,"{""gwas_credible_sets"": 0.03580086801459305}",unknown,0,[]
ENSG00000141458,NPC1,0,0,{},unknown,0,[]
ENSG00000122026,RPL21,0.03575862874607312,0,"{""gwas_credible_sets"": 0.03575862874607312}",unknown,0,"[""CHEMBL256997""]"
ENSG00000211957,IGHV3-35,0,0.17872425073768022,"{""expression_atlas"": 0.17872425073768022}",unknown,0,[]
ENSG00000183580,FBXL7,0.03572872540032559,0,"{""gwas_credible_sets"": 0.03572872540032559}",unknown,0,[]
ENSG00000211647,IGLV5-48,0,0.17863882370733267,"{""expression_atlas"": 0.17863882370733267}",unknown,0,[]
ENSG00000162929,SANBR,0.03570072441828814,0,"{""gwas_credible_sets"": 0.03570072441828814}",unknown,0,[]
ENSG00000162344,FGF19,0,0.1267248725353821,"{""expression_atlas"": 0.1267248725353821}",unknown,0,[]
ENSG00000172023,REG1B,0,0.1752860606117443,"{""expression_atlas"": 0.1752860606117443}",unknown,0,[]
ENSG00000243466,IGKV1-5,0,0.17812550073144914,"{""expression_atlas"": 0.17812550073144914}",unknown,0,[]
ENSG00000275896,PRSS2,0,0.17805044981332518,"{""expression_atlas"": 0.17805044981332518}",unknown,0,[]
ENSG00000265203,RBP3,0,0.15510851926365846,"{""expression_atlas"": 0.15510851926365846}",unknown,0,[]
ENSG00000166578,DRC10,0.03553848676459867,0,"{""gwas_credible_sets"": 0.03553848676459867}",unknown,0,[]
ENSG00000185133,INPP5J,0,0.1776310510240035,"{""expression_atlas"": 0.1776310510240035}",unknown,0,[]
ENSG00000127954,STEAP4,0,0.177419964316894,"{""expression_atlas"": 0.177419964316894}",unknown,0,[]
ENSG00000206077,ZDHHC11B,0,0.17727373522862833,"{""expression_atlas"": 0.17727373522862833}",unknown,0,[]
ENSG00000066405,CLDN18,0,0.15860500653808535,"{""expression_atlas"": 0.15860500653808535}",unknown,0,"[""CHEMBL2109427""]"
ENSG00000133321,PLAAT4,0,0.17716391877663376,"{""expression_atlas"": 0.17716391877663376}",unknown,0,[]
ENSG00000137440,FGFBP1,0,0.17714152006283124,"{""expression_atlas"": 0.17714152006283124}",unknown,0,[]
ENSG00000241351,IGKV3-11,0,0.17711991875931338,"{""expression_atlas"": 0.17711991875931338}",unknown,0,[]
ENSG00000188676,IDO2,0,0.01363315504866045,"{""expression_atlas"": 0.01363315504866045}",unknown,0,[]
ENSG00000109272,PF4V1,0,0.1765837129830139,"{""expression_atlas"": 0.1765837129830139}",unknown,0,[]
ENSG00000186281,GPAT2,0.03530248495805076,0,"{""gwas_credible_sets"": 0.03530248495805076}",unknown,0,[]
ENSG00000132436,FIGNL1,0.035292006104614394,0,"{""gwas_credible_sets"": 0.035292006104614394}",unknown,0,[]
ENSG00000211958,IGHV3-38,0,0.17625241341583056,"{""expression_atlas"": 0.17625241341583056}",unknown,0,[]
ENSG00000123064,DDX54,0.03522573364122376,0,"{""gwas_credible_sets"": 0.03522573364122376}",unknown,0,[]
ENSG00000226337,TMEM252-DT,0,0.17600908874486026,"{""expression_atlas"": 0.17600908874486026}",unknown,0,[]
ENSG00000280219,ENSG00000280219,0,0.1759964213669626,"{""expression_atlas"": 0.1759964213669626}",unknown,0,[]
ENSG00000164535,DAGLB,0.03518765013152287,0,"{""gwas_credible_sets"": 0.03518765013152287}",unknown,0,[]
ENSG00000116824,CD2,0,0.020494229472451816,"{""expression_atlas"": 0.020494229472451816}",unknown,0,"[""CHEMBL1201571""]"
ENSG00000254416,LINC02732,0,0.17574086057333882,"{""expression_atlas"": 0.17574086057333882}",unknown,0,[]
ENSG00000099194,SCD,0,0.07658863071488048,"{""expression_atlas"": 0.07658863071488048}",unknown,0,[]
ENSG00000211633,IGKV1D-42,0,0.17529037753118165,"{""expression_atlas"": 0.17529037753118165}",unknown,0,[]
ENSG00000242252,BGLAP,0,0,{},unknown,0,[]
ENSG00000179168,GGN,0,0.17496969569147963,"{""expression_atlas"": 0.17496969569147963}",unknown,0,[]
ENSG00000104415,CCN4,0,0.15835183695692692,"{""expression_atlas"": 0.15835183695692692}",unknown,0,[]
ENSG00000136695,IL36RN,0,0,{},unknown,0,[]
ENSG00000080824,HSP90AA1,0,0,{},unknown,0,[]
ENSG00000203724,C1orf53,0.031165935483036613,0.07428279523300764,"{""gwas_credible_sets"": 0.031165935483036613, ""expression_atlas"": 0.07428279523300764}",unknown,0,[]
ENSG00000162461,SLC25A34,0,0.17425761255365063,"{""expression_atlas"": 0.17425761255365063}",unknown,0,[]
ENSG00000096264,NCR2,0,0.096377428324178,"{""expression_atlas"": 0.096377428324178}",unknown,0,[]
ENSG00000198515,CNGA1,0,0.17403628525401174,"{""expression_atlas"": 0.17403628525401174}",unknown,0,[]
ENSG00000211666,IGLV2-14,0,0.17356423423010073,"{""expression_atlas"": 0.17356423423010073}",unknown,0,[]
ENSG00000065833,ME1,0.033778009945945486,0.018397314749218713,"{""gwas_credible_sets"": 0.033778009945945486, ""expression_atlas"": 0.018397314749218713}",unknown,0,[]
ENSG00000101425,BPI,0,0,{},unknown,0,[]
ENSG00000123843,C4BPB,0,0.1734339788268665,"{""expression_atlas"": 0.1734339788268665}",unknown,0,[]
ENSG00000091831,ESR1,0,0.013323775689022817,"{""expression_atlas"": 0.013323775689022817}",unknown,0,"[""CHEMBL1200430"", ""CHEMBL1200598"", ""CHEMBL1200973"", ""CHEMBL1201151"", ""CHEMBL1201165"", ""CHEMBL1201466"", ""CHEMBL1201467"", ""CHEMBL1201468"", ""CHEMBL1201477"", ""CHEMBL1201649"", ""CHEMBL1230314"", ""CHEMBL135"", ""CHEMBL1358"", ""CHEMBL1405"", ""CHEMBL1511"", ""CHEMBL1655"", ""CHEMBL193482"", ""CHEMBL2105395"", ""CHEMBL2355051"", ""CHEMBL328190"", ""CHEMBL411"", ""CHEMBL4297509"", ""CHEMBL46740"", ""CHEMBL494753"", ""CHEMBL691"", ""CHEMBL81"", ""CHEMBL83""]"
ENSG00000136688,IL36G,0,0,{},unknown,0,[]
ENSG00000225556,C2CD4D,0.03464211563159497,0,"{""gwas_credible_sets"": 0.03464211563159497}",unknown,0,[]
ENSG00000185897,FFAR3,0,0.1686202262182184,"{""expression_atlas"": 0.1686202262182184}",unknown,0,[]
ENSG00000270467,IGHV3OR16-12,0,0.1731721975363637,"{""expression_atlas"": 0.1731721975363637}",unknown,0,[]
ENSG00000211972,IGHV3-66,0,0.17314447020474505,"{""expression_atlas"": 0.17314447020474505}",unknown,0,[]
ENSG00000176076,KCNE5,0,0.1731106214912141,"{""expression_atlas"": 0.1731106214912141}",unknown,0,[]
ENSG00000243244,STON1,0.034584324539745116,0,"{""gwas_credible_sets"": 0.034584324539745116}",unknown,0,[]
ENSG00000149476,TKFC,0,0.17291806329067466,"{""expression_atlas"": 0.17291806329067466}",unknown,0,[]
ENSG00000149294,NCAM1,0,0,{},unknown,0,[]
ENSG00000115956,PLEK,0,0.1727487115750311,"{""expression_atlas"": 0.1727487115750311}",unknown,0,[]
ENSG00000211663,IGLV3-19,0,0.17274742717292843,"{""expression_atlas"": 0.17274742717292843}",unknown,0,[]
ENSG00000124257,NEURL2,0.03452589706193987,0,"{""gwas_credible_sets"": 0.03452589706193987}",unknown,0,[]
ENSG00000250497,ENSG00000250497,0,0.17261127178732005,"{""expression_atlas"": 0.17261127178732005}",unknown,0,[]
ENSG00000211945,IGHV1-18,0,0.17256235324146713,"{""expression_atlas"": 0.17256235324146713}",unknown,0,[]
ENSG00000154096,THY1,0,0.15144117071025032,"{""expression_atlas"": 0.15144117071025032}",unknown,0,[]
ENSG00000211676,IGLJ2,0,0.1724743037075723,"{""expression_atlas"": 0.1724743037075723}",unknown,0,[]
ENSG00000164761,TNFRSF11B,0,0,{},unknown,0,[]
ENSG00000165188,RNF183,0,0.1678405277315192,"{""expression_atlas"": 0.1678405277315192}",unknown,0,[]
ENSG00000161714,PLCD3,0,0.17235824784239026,"{""expression_atlas"": 0.17235824784239026}",unknown,0,[]
ENSG00000224187,LINC01991,0,0.17231437617051554,"{""expression_atlas"": 0.17231437617051554}",unknown,0,[]
ENSG00000108379,WNT3,0,0.17220211964945703,"{""expression_atlas"": 0.17220211964945703}",unknown,0,[]
ENSG00000229544,NKX1-2,0,0.1721268830869504,"{""expression_atlas"": 0.1721268830869504}",unknown,0,[]
ENSG00000136859,ANGPTL2,0,0.1721079597604979,"{""expression_atlas"": 0.1721079597604979}",unknown,0,[]
ENSG00000211664,IGLV2-18,0,0.172058313032805,"{""expression_atlas"": 0.172058313032805}",unknown,0,[]
ENSG00000160753,RUSC1,0.03441088105791578,0,"{""gwas_credible_sets"": 0.03441088105791578}",unknown,0,[]
ENSG00000123500,COL10A1,0,0.17202811103535023,"{""expression_atlas"": 0.17202811103535023}",unknown,0,[]
ENSG00000211949,IGHV3-23,0,0.171984075240065,"{""expression_atlas"": 0.171984075240065}",unknown,0,[]
ENSG00000152128,TMEM163,0.03286238870397072,0,"{""gwas_credible_sets"": 0.03286238870397072}",unknown,0,[]
ENSG00000250358,LINC02200,0,0.17187916868821357,"{""expression_atlas"": 0.17187916868821357}",unknown,0,[]
ENSG00000181577,LINC03040,0,0.17174132563874606,"{""expression_atlas"": 0.17174132563874606}",unknown,0,[]
ENSG00000170801,HTRA3,0,0.1716158328274421,"{""expression_atlas"": 0.1716158328274421}",unknown,0,[]
ENSG00000127838,PNKD,0.03424943832049088,0,"{""gwas_credible_sets"": 0.03424943832049088}",unknown,0,[]
ENSG00000118689,FOXO3,0,0,{},unknown,0,[]
ENSG00000187824,TMEM220,0,0.17119625775859443,"{""expression_atlas"": 0.17119625775859443}",unknown,0,[]
ENSG00000143801,PSEN2,0.03409342637851452,0,"{""gwas_credible_sets"": 0.03409342637851452}",unknown,0,"[""CHEMBL1770916""]"
ENSG00000178075,GRAMD1C,0,0.1703040783555998,"{""expression_atlas"": 0.1703040783555998}",unknown,0,[]
ENSG00000105205,CLC,0,0.17027515144450314,"{""expression_atlas"": 0.17027515144450314}",unknown,0,[]
ENSG00000196735,HLA-DQA1,0,0.07150091979834014,"{""expression_atlas"": 0.07150091979834014}",unknown,0,[]
ENSG00000143450,OAZ3,0.034039949575792885,0,"{""gwas_credible_sets"": 0.034039949575792885}",unknown,0,[]
ENSG00000115415,STAT1,0,0.14712970384500176,"{""expression_atlas"": 0.14712970384500176}",unknown,0,[]
ENSG00000243063,IGKV3-7,0,0.17004325485723706,"{""expression_atlas"": 0.17004325485723706}",unknown,0,[]
ENSG00000008838,MED24,0.0339858680931777,0,"{""gwas_credible_sets"": 0.0339858680931777}",unknown,0,[]
ENSG00000278196,IGLV2-8,0,0.16964292462150304,"{""expression_atlas"": 0.16964292462150304}",unknown,0,[]
ENSG00000144015,TRIM43,0.03390770359188034,0,"{""gwas_credible_sets"": 0.03390770359188034}",unknown,0,[]
ENSG00000135636,DYSF,0,0.1694775837402774,"{""expression_atlas"": 0.1694775837402774}",unknown,0,[]
ENSG00000242580,IGKV1D-43,0,0.16936865172272264,"{""expression_atlas"": 0.16936865172272264}",unknown,0,[]
ENSG00000225523,IGKV6D-21,0,0.16932072114486466,"{""expression_atlas"": 0.16932072114486466}",unknown,0,[]
ENSG00000211904,IGHJ2,0,0.16925596511763577,"{""expression_atlas"": 0.16925596511763577}",unknown,0,[]
ENSG00000180537,RNF182,0,0.16911721798128246,"{""expression_atlas"": 0.16911721798128246}",unknown,0,[]
ENSG00000162745,OLFML2B,0,0.16882379691989352,"{""expression_atlas"": 0.16882379691989352}",unknown,0,[]
ENSG00000240671,IGKV1-8,0,0.16877840272491537,"{""expression_atlas"": 0.16877840272491537}",unknown,0,[]
ENSG00000185467,KPNA7,0.03373912472582393,0,"{""gwas_credible_sets"": 0.03373912472582393}",unknown,0,[]
ENSG00000166165,CKB,0,0.1685988867448874,"{""expression_atlas"": 0.1685988867448874}",unknown,0,[]
ENSG00000211592,IGKC,0,0.16834473129755054,"{""expression_atlas"": 0.16834473129755054}",unknown,0,[]
ENSG00000111732,AICDA,0,0.1494574687437254,"{""expression_atlas"": 0.1494574687437254}",unknown,0,[]
ENSG00000271130,IGHV3OR16-8,0,0.16804339827143058,"{""expression_atlas"": 0.16804339827143058}",unknown,0,[]
ENSG00000114650,SCAP,0.03360310798527175,0,"{""gwas_credible_sets"": 0.03360310798527175}",unknown,0,[]
ENSG00000164266,SPINK1,0,0.05908184555052392,"{""expression_atlas"": 0.05908184555052392}",unknown,0,[]
ENSG00000211947,IGHV3-21,0,0.16782123349372963,"{""expression_atlas"": 0.16782123349372963}",unknown,0,[]
ENSG00000210077,MT-TV,0,0.16778700189777465,"{""expression_atlas"": 0.16778700189777465}",unknown,0,[]
ENSG00000172602,RND1,0,0.16767684484214326,"{""expression_atlas"": 0.16767684484214326}",unknown,0,[]
ENSG00000174175,SELP,0,0.1245466922513244,"{""expression_atlas"": 0.1245466922513244}",unknown,0,[]
ENSG00000198788,MUC2,0,0,{},unknown,0,[]
ENSG00000102239,BRS3,0.0334926848307763,0,"{""gwas_credible_sets"": 0.0334926848307763}",unknown,0,[]
ENSG00000019186,CYP24A1,0,0.16114390897225006,"{""expression_atlas"": 0.16114390897225006}",unknown,0,[]
ENSG00000280165,PCDH20,0,0,{},unknown,0,[]
ENSG00000120738,EGR1,0,0.1491280017641523,"{""expression_atlas"": 0.1491280017641523}",unknown,0,[]
ENSG00000169894,MUC3A,0,0.09848159581797361,"{""expression_atlas"": 0.09848159581797361}",unknown,0,[]
ENSG00000166391,MOGAT2,0,0.16701651845388216,"{""expression_atlas"": 0.16701651845388216}",unknown,0,[]
ENSG00000150593,PDCD4,0.030637997847426976,0,"{""gwas_credible_sets"": 0.030637997847426976}",unknown,0,[]
ENSG00000168612,ZSWIM1,0.03337083843514553,0,"{""gwas_credible_sets"": 0.03337083843514553}",unknown,0,[]
ENSG00000170571,EMB,0,0.1668162108646288,"{""expression_atlas"": 0.1668162108646288}",unknown,0,[]
ENSG00000121690,DEPDC7,0,0.1668162108646288,"{""expression_atlas"": 0.1668162108646288}",unknown,0,[]
ENSG00000243709,LEFTY1,0,0.1508505670685014,"{""expression_atlas"": 0.1508505670685014}",unknown,0,[]
ENSG00000135355,GJA10,0.033346447414719836,0,"{""gwas_credible_sets"": 0.033346447414719836}",unknown,0,[]
ENSG00000176971,FIBIN,0,0.16669637335401757,"{""expression_atlas"": 0.16669637335401757}",unknown,0,[]
ENSG00000229228,LINC00582,0,0.16665054054644668,"{""expression_atlas"": 0.16665054054644668}",unknown,0,[]
ENSG00000179526,SHARPIN,0.033318835964299215,0,"{""gwas_credible_sets"": 0.033318835964299215}",unknown,0,[]
ENSG00000233732,IGHV3OR16-10,0,0.1664585820333988,"{""expression_atlas"": 0.1664585820333988}",unknown,0,[]
ENSG00000064012,CASP8,0,0,{},unknown,0,[]
ENSG00000115386,REG1A,0,0.1571477652649731,"{""expression_atlas"": 0.1571477652649731}",unknown,0,[]
ENSG00000153292,ADGRF1,0,0.16613721578928647,"{""expression_atlas"": 0.16613721578928647}",unknown,0,[]
ENSG00000211955,IGHV3-33,0,0.16608474657010963,"{""expression_atlas"": 0.16608474657010963}",unknown,0,[]
ENSG00000244575,IGKV1-27,0,0.16598152930837923,"{""expression_atlas"": 0.16598152930837923}",unknown,0,[]
ENSG00000187323,DCC,0,0.16580414549305553,"{""expression_atlas"": 0.16580414549305553}",unknown,0,[]
ENSG00000211632,IGKV3D-11,0,0.16574002415920655,"{""expression_atlas"": 0.16574002415920655}",unknown,0,[]
ENSG00000101916,TLR8,0,0.15513907131971588,"{""expression_atlas"": 0.15513907131971588}",unknown,0,[]
ENSG00000211895,IGHA1,0,0.13961531051401485,"{""expression_atlas"": 0.13961531051401485}",unknown,0,[]
ENSG00000161653,NAGS,0,0.16541648064521713,"{""expression_atlas"": 0.16541648064521713}",unknown,0,[]
ENSG00000134184,GSTM1,0,0,{},unknown,0,[]
ENSG00000148584,A1CF,0,0.16535858335789036,"{""expression_atlas"": 0.16535858335789036}",unknown,0,[]
ENSG00000135046,ANXA1,0,0.05043740958470138,"{""expression_atlas"": 0.05043740958470138}",unknown,0,[]
ENSG00000242887,IGHJ3,0,0.16477217363843585,"{""expression_atlas"": 0.16477217363843585}",unknown,0,[]
ENSG00000171903,CYP4F11,0,0.16466995919503777,"{""expression_atlas"": 0.16466995919503777}",unknown,0,[]
ENSG00000170525,PFKFB3,0,0.14947085398288143,"{""expression_atlas"": 0.14947085398288143}",unknown,0,[]
ENSG00000197822,OCLN,0,0,{},unknown,0,[]
ENSG00000204257,HLA-DMA,0,0.1645855174411927,"{""expression_atlas"": 0.1645855174411927}",unknown,0,[]
ENSG00000178342,KCNG2,0.032902173017417165,0,"{""gwas_credible_sets"": 0.032902173017417165}",unknown,0,"[""CHEMBL284348"", ""CHEMBL354077"", ""CHEMBL821""]"
ENSG00000168306,ACOX2,0,0.16436416431607875,"{""expression_atlas"": 0.16436416431607875}",unknown,0,[]
ENSG00000240864,IGKV1-16,0,0.16417094236491467,"{""expression_atlas"": 0.16417094236491467}",unknown,0,[]
ENSG00000135047,CTSL,0,0.14894304541484715,"{""expression_atlas"": 0.14894304541484715}",unknown,0,[]
ENSG00000106483,SFRP4,0.03280598361996678,0,"{""gwas_credible_sets"": 0.03280598361996678}",unknown,0,[]
ENSG00000196415,PRTN3,0,0,{},unknown,0,[]
ENSG00000139144,PIK3C2G,0,0.16377951935004065,"{""expression_atlas"": 0.16377951935004065}",unknown,0,[]
ENSG00000255229,ENSG00000255229,0,0.16376050971274925,"{""expression_atlas"": 0.16376050971274925}",unknown,0,[]
ENSG00000119121,TRPM6,0,0.1637098834379374,"{""expression_atlas"": 0.1637098834379374}",unknown,0,[]
ENSG00000164879,CA3,0,0.16368363138085312,"{""expression_atlas"": 0.16368363138085312}",unknown,0,"[""CHEMBL18"", ""CHEMBL328560""]"
ENSG00000251637,LINC02754,0,0.16361754605708512,"{""expression_atlas"": 0.16361754605708512}",unknown,0,[]
ENSG00000074276,CDHR2,0,0.16359963673243233,"{""expression_atlas"": 0.16359963673243233}",unknown,0,[]
ENSG00000211640,IGLV6-57,0,0.1634542875875827,"{""expression_atlas"": 0.1634542875875827}",unknown,0,[]
ENSG00000130055,GDPD2,0,0.16340904676982218,"{""expression_atlas"": 0.16340904676982218}",unknown,0,[]
ENSG00000165272,AQP3,0,0.1553637261419192,"{""expression_atlas"": 0.1553637261419192}",unknown,0,[]
ENSG00000105784,RUNDC3B,0,0.1632040377904706,"{""expression_atlas"": 0.1632040377904706}",unknown,0,[]
ENSG00000211611,IGKV6-21,0,0.1629610164029262,"{""expression_atlas"": 0.1629610164029262}",unknown,0,[]
ENSG00000211667,IGLV3-12,0,0.16294515388490208,"{""expression_atlas"": 0.16294515388490208}",unknown,0,[]
ENSG00000234745,HLA-B,0,0.10732134043605017,"{""expression_atlas"": 0.10732134043605017}",unknown,0,[]
ENSG00000241244,IGKV1D-16,0,0.16258345338126565,"{""expression_atlas"": 0.16258345338126565}",unknown,0,[]
ENSG00000069482,GAL,0,0.1496460512390373,"{""expression_atlas"": 0.1496460512390373}",unknown,0,[]
ENSG00000211979,IGHV7-81,0,0.16243573696659713,"{""expression_atlas"": 0.16243573696659713}",unknown,0,[]
ENSG00000164880,INTS1,0.03248091042685038,0,"{""gwas_credible_sets"": 0.03248091042685038}",unknown,0,[]
ENSG00000081019,RSBN1,0.03242885360275521,0,"{""gwas_credible_sets"": 0.03242885360275521}",unknown,0,[]
ENSG00000164509,IL31RA,0,0.16211007718197948,"{""expression_atlas"": 0.16211007718197948}",unknown,0,"[""CHEMBL4297794""]"
ENSG00000184731,FAM110C,0.032388806581939274,0,"{""gwas_credible_sets"": 0.032388806581939274}",unknown,0,[]
ENSG00000211964,IGHV3-48,0,0.1618808267560224,"{""expression_atlas"": 0.1618808267560224}",unknown,0,[]
ENSG00000181092,ADIPOQ,0,0,{},unknown,0,[]
ENSG00000132437,DDC,0,0.1615453132871577,"{""expression_atlas"": 0.1615453132871577}",unknown,0,"[""CHEMBL1201236"", ""CHEMBL4802240""]"
ENSG00000060982,BCAT1,0,0.16139259301945572,"{""expression_atlas"": 0.16139259301945572}",unknown,0,[]
ENSG00000110324,IL10RA,0,0,{},unknown,0,[]
ENSG00000185614,INKA1,0.03223756640226904,0,"{""gwas_credible_sets"": 0.03223756640226904}",unknown,0,[]
ENSG00000101825,MXRA5,0,0.13838472804472216,"{""expression_atlas"": 0.13838472804472216}",unknown,0,[]
ENSG00000135898,GPR55,0,0,{},unknown,0,[]
ENSG00000162992,NEUROD1,0.03220863235612617,0,"{""gwas_credible_sets"": 0.03220863235612617}",unknown,0,[]
ENSG00000144820,ADGRG7,0,0.16102176732764784,"{""expression_atlas"": 0.16102176732764784}",unknown,0,[]
ENSG00000134250,NOTCH2,0.03218592402169641,0,"{""gwas_credible_sets"": 0.03218592402169641}",unknown,0,[]
ENSG00000174992,ZG16,0,0.16076133285009261,"{""expression_atlas"": 0.16076133285009261}",unknown,0,[]
ENSG00000006128,TAC1,0,0,{},unknown,0,[]
ENSG00000198286,CARD11,0.0312852408642832,0.016539549230453175,"{""gwas_credible_sets"": 0.0312852408642832, ""expression_atlas"": 0.016539549230453175}",unknown,0,[]
ENSG00000122574,WIPF3,0,0.16054504796609156,"{""expression_atlas"": 0.16054504796609156}",unknown,0,[]
ENSG00000142233,NTN5,0.03208938132812845,0,"{""gwas_credible_sets"": 0.03208938132812845}",unknown,0,[]
ENSG00000107159,CA9,0,0.16029213937184986,"{""expression_atlas"": 0.16029213937184986}",unknown,0,"[""CHEMBL18"", ""CHEMBL328560""]"
ENSG00000164136,IL15,0,0.014044159051011858,"{""expression_atlas"": 0.014044159051011858}",unknown,0,[]
ENSG00000179632,MAF1,0.03200322916396745,0,"{""gwas_credible_sets"": 0.03200322916396745}",unknown,0,[]
ENSG00000167749,KLK4,0,0,{},unknown,0,[]
ENSG00000167723,TRPV3,0,0.1599481180020712,"{""expression_atlas"": 0.1599481180020712}",unknown,0,[]
ENSG00000119915,ELOVL3,0,0.1599082214644697,"{""expression_atlas"": 0.1599082214644697}",unknown,0,[]
ENSG00000124839,RAB17,0,0.15976090975877405,"{""expression_atlas"": 0.15976090975877405}",unknown,0,[]
ENSG00000166897,ELFN2,0.03193207623177297,0,"{""gwas_credible_sets"": 0.03193207623177297}",unknown,0,[]
ENSG00000184371,CSF1,0,0,{},unknown,0,[]
ENSG00000179832,MROH1,0.031902578270673186,0,"{""gwas_credible_sets"": 0.031902578270673186}",unknown,0,[]
ENSG00000174567,GOLT1A,0,0.15948597042789903,"{""expression_atlas"": 0.15948597042789903}",unknown,0,[]
ENSG00000236841,ENSG00000236841,0,0.15942631789439174,"{""expression_atlas"": 0.15942631789439174}",unknown,0,[]
ENSG00000265179,ENSG00000265179,0,0.15939821260832693,"{""expression_atlas"": 0.15939821260832693}",unknown,0,[]
ENSG00000203859,HSD3B2,0,0.15920966966169897,"{""expression_atlas"": 0.15920966966169897}",unknown,0,"[""CHEMBL1200907""]"
ENSG00000115539,PDCL3,0.0318069324057114,0,"{""gwas_credible_sets"": 0.0318069324057114}",unknown,0,[]
ENSG00000176697,BDNF,0,0.1310509601293469,"{""expression_atlas"": 0.1310509601293469}",unknown,0,[]
ENSG00000157017,GHRL,0,0,{},unknown,0,[]
ENSG00000172139,SLC9C1,0.031749761846786025,0,"{""gwas_credible_sets"": 0.031749761846786025}",unknown,0,[]
ENSG00000056558,TRAF1,0.0308529083286987,0.017450580500702716,"{""gwas_credible_sets"": 0.0308529083286987, ""expression_atlas"": 0.017450580500702716}",unknown,0,[]
ENSG00000162753,SLC9C2,0.03171438920537201,0,"{""gwas_credible_sets"": 0.03171438920537201}",unknown,0,[]
ENSG00000100890,PRORP,0.03169089048411509,0,"{""gwas_credible_sets"": 0.03169089048411509}",unknown,0,[]
ENSG00000184602,SNN,0.03081402537329584,0.010448870088113127,"{""gwas_credible_sets"": 0.03081402537329584, ""expression_atlas"": 0.010448870088113127}",unknown,0,[]
ENSG00000181104,F2R,0,0.019129647269792403,"{""expression_atlas"": 0.019129647269792403}",unknown,0,"[""CHEMBL493982""]"
ENSG00000256870,SLC5A8,0,0.15813448399910965,"{""expression_atlas"": 0.15813448399910965}",unknown,0,[]
ENSG00000230731,LINC02938,0,0.15810158158599288,"{""expression_atlas"": 0.15810158158599288}",unknown,0,[]
ENSG00000106538,RARRES2,0,0.015538599940247389,"{""expression_atlas"": 0.015538599940247389}",unknown,0,[]
ENSG00000143278,F13B,0.031613380486522756,0,"{""gwas_credible_sets"": 0.031613380486522756}",unknown,0,[]
ENSG00000245680,ZNF585B,0.03161105914985271,0,"{""gwas_credible_sets"": 0.03161105914985271}",unknown,0,[]
ENSG00000109182,CWH43,0,0.15790662325424853,"{""expression_atlas"": 0.15790662325424853}",unknown,0,[]
ENSG00000229918,DOCK9-AS1,0,0.15785251820509733,"{""expression_atlas"": 0.15785251820509733}",unknown,0,[]
ENSG00000079215,SLC1A3,0,0.15784973799615237,"{""expression_atlas"": 0.15784973799615237}",unknown,0,[]
ENSG00000102174,PHEX,0,0.15767891867396186,"{""expression_atlas"": 0.15767891867396186}",unknown,0,[]
ENSG00000163126,ANKRD23,0.031530677488945634,0,"{""gwas_credible_sets"": 0.031530677488945634}",unknown,0,[]
ENSG00000197576,HOXA4,0.031529941455367326,0,"{""gwas_credible_sets"": 0.031529941455367326}",unknown,0,[]
ENSG00000090530,P3H2,0,0.15764584764924808,"{""expression_atlas"": 0.15764584764924808}",unknown,0,[]
ENSG00000142599,RERE,0.03152446310082603,0,"{""gwas_credible_sets"": 0.03152446310082603}",unknown,0,[]
ENSG00000085982,USP40,0.031515734874946674,0,"{""gwas_credible_sets"": 0.031515734874946674}",unknown,0,[]
ENSG00000197632,SERPINB2,0,0.1426623679829597,"{""expression_atlas"": 0.1426623679829597}",unknown,0,[]
ENSG00000169504,CLIC4,0.031474822731586395,0,"{""gwas_credible_sets"": 0.031474822731586395}",unknown,0,[]
ENSG00000248329,APELA,0,0.15737166232926222,"{""expression_atlas"": 0.15737166232926222}",unknown,0,[]
ENSG00000026025,VIM,0,0.019619207455297723,"{""expression_atlas"": 0.019619207455297723}",unknown,0,[]
ENSG00000167165,UGT1A6,0,0.15712260696795494,"{""expression_atlas"": 0.15712260696795494}",unknown,0,[]
ENSG00000189362,NEMP2,0.031379204043249044,0,"{""gwas_credible_sets"": 0.031379204043249044}",unknown,0,[]
ENSG00000164946,FREM1,0,0.15662726166152816,"{""expression_atlas"": 0.15662726166152816}",unknown,0,[]
ENSG00000211598,IGKV4-1,0,0.15658841046523844,"{""expression_atlas"": 0.15658841046523844}",unknown,0,[]
ENSG00000211934,IGHV1-2,0,0.15628595076219415,"{""expression_atlas"": 0.15628595076219415}",unknown,0,[]
ENSG00000198944,SOWAHA,0,0.15616445040790097,"{""expression_atlas"": 0.15616445040790097}",unknown,0,[]
ENSG00000155393,HEATR3,0,0,{},unknown,0,[]
ENSG00000211942,IGHV3-13,0,0.1561190790671714,"{""expression_atlas"": 0.1561190790671714}",unknown,0,[]
ENSG00000269473,ZNF132-DT,0,0.1560430341693612,"{""expression_atlas"": 0.1560430341693612}",unknown,0,[]
ENSG00000147689,SACK1A,0,0.15603718022326313,"{""expression_atlas"": 0.15603718022326313}",unknown,0,[]
ENSG00000135604,STX11,0,0.15601816511910865,"{""expression_atlas"": 0.15601816511910865}",unknown,0,[]
ENSG00000188403,IGHV1OR15-9,0,0.1559695758516343,"{""expression_atlas"": 0.1559695758516343}",unknown,0,[]
ENSG00000127507,ADGRE2,0,0.15589659723516763,"{""expression_atlas"": 0.15589659723516763}",unknown,0,[]
ENSG00000156687,UNC5D,0,0.1557375006615006,"{""expression_atlas"": 0.1557375006615006}",unknown,0,[]
ENSG00000242485,MRPL20,0.031129462188333193,0,"{""gwas_credible_sets"": 0.031129462188333193}",unknown,0,[]
ENSG00000176022,B3GALT6,0.031119343425170518,0,"{""gwas_credible_sets"": 0.031119343425170518}",unknown,0,[]
ENSG00000139219,COL2A1,0,0.15557041189684034,"{""expression_atlas"": 0.15557041189684034}",unknown,0,"[""CHEMBL2095222"", ""CHEMBL2108709""]"
ENSG00000280079,ENSG00000280079,0,0.15544891421331272,"{""expression_atlas"": 0.15544891421331272}",unknown,0,[]
ENSG00000211897,IGHG3,0,0.12971033283004113,"{""expression_atlas"": 0.12971033283004113}",unknown,0,[]
ENSG00000239855,IGKV1-6,0,0.15540476988409627,"{""expression_atlas"": 0.15540476988409627}",unknown,0,[]
ENSG00000179934,CCR8,0,0.14777937427459623,"{""expression_atlas"": 0.14777937427459623}",unknown,0,[]
ENSG00000211968,IGHV1-58,0,0.15527670599569415,"{""expression_atlas"": 0.15527670599569415}",unknown,0,[]
ENSG00000224373,IGHV4-59,0,0.15518674079400693,"{""expression_atlas"": 0.15518674079400693}",unknown,0,[]
ENSG00000158859,ADAMTS4,0,0.1549980424565415,"{""expression_atlas"": 0.1549980424565415}",unknown,0,[]
ENSG00000164825,DEFB1,0,0.0899621599478152,"{""expression_atlas"": 0.0899621599478152}",unknown,0,[]
ENSG00000211951,IGHV2-26,0,0.15479099145818662,"{""expression_atlas"": 0.15479099145818662}",unknown,0,[]
ENSG00000198691,ABCA4,0,0.15463350798671419,"{""expression_atlas"": 0.15463350798671419}",unknown,0,[]
ENSG00000112232,KHDRBS2,0,0.15460650384389643,"{""expression_atlas"": 0.15460650384389643}",unknown,0,[]
ENSG00000139990,DCAF5,0.030899446033315937,0,"{""gwas_credible_sets"": 0.030899446033315937}",unknown,0,[]
ENSG00000122035,RASL11A,0.030889275181623103,0,"{""gwas_credible_sets"": 0.030889275181623103}",unknown,0,[]
ENSG00000134262,AP4B1,0.030887504171597763,0,"{""gwas_credible_sets"": 0.030887504171597763}",unknown,0,[]
ENSG00000169189,NSMCE1,0.030848145625267387,0,"{""gwas_credible_sets"": 0.030848145625267387}",unknown,0,[]
ENSG00000163520,FBLN2,0,0.15406949107508275,"{""expression_atlas"": 0.15406949107508275}",unknown,0,[]
ENSG00000244731,C4A,0,0.08609751486706413,"{""expression_atlas"": 0.08609751486706413}",unknown,0,[]
ENSG00000115484,CCT4,0.030805460207163068,0,"{""gwas_credible_sets"": 0.030805460207163068}",unknown,0,[]
ENSG00000115457,IGFBP2,0,0.14761249897386847,"{""expression_atlas"": 0.14761249897386847}",unknown,0,[]
ENSG00000149380,P4HA3,0,0.15397293764887754,"{""expression_atlas"": 0.15397293764887754}",unknown,0,[]
ENSG00000185615,PDIA2,0,0.15395643148435387,"{""expression_atlas"": 0.15395643148435387}",unknown,0,[]
ENSG00000197273,GUCA2A,0,0.1508521292875302,"{""expression_atlas"": 0.1508521292875302}",unknown,0,[]
ENSG00000009765,IYD,0,0.15350495044551601,"{""expression_atlas"": 0.15350495044551601}",unknown,0,[]
ENSG00000234506,LINC01506,0,0.1534532791750203,"{""expression_atlas"": 0.1534532791750203}",unknown,0,[]
ENSG00000115523,GNLY,0,0.036715593068699225,"{""expression_atlas"": 0.036715593068699225}",unknown,0,[]
ENSG00000103274,NUBP1,0.03062781567214063,0,"{""gwas_credible_sets"": 0.03062781567214063}",unknown,0,[]
ENSG00000271178,IGHV3OR16-13,0,0.15296447509033656,"{""expression_atlas"": 0.15296447509033656}",unknown,0,[]
ENSG00000242534,IGKV2D-28,0,0.15282774087868878,"{""expression_atlas"": 0.15282774087868878}",unknown,0,[]
ENSG00000166816,LDHD,0,0.1526354145080757,"{""expression_atlas"": 0.1526354145080757}",unknown,0,[]
ENSG00000272398,CD24,0,0.13218662486040716,"{""expression_atlas"": 0.13218662486040716}",unknown,0,[]
ENSG00000278484,LNCMB3,0,0.15261691811527922,"{""expression_atlas"": 0.15261691811527922}",unknown,0,[]
ENSG00000211941,IGHV3-11,0,0.15260394546974257,"{""expression_atlas"": 0.15260394546974257}",unknown,0,[]
ENSG00000231233,CFAP58-DT,0,0.15230732240866102,"{""expression_atlas"": 0.15230732240866102}",unknown,0,[]
ENSG00000168329,CX3CR1,0,0,{},unknown,0,[]
ENSG00000185339,TCN2,0,0.022086811774426396,"{""expression_atlas"": 0.022086811774426396}",unknown,0,[]
ENSG00000156256,USP16,0,0,{},unknown,0,[]
ENSG00000029559,IBSP,0,0,{},unknown,0,[]
ENSG00000280411,IGHV1-69D,0,0.15185318761977817,"{""expression_atlas"": 0.15185318761977817}",unknown,0,[]
ENSG00000125398,SOX9,0,0,{},unknown,0,[]
ENSG00000162849,KIF26B,0,0.15109275169728464,"{""expression_atlas"": 0.15109275169728464}",unknown,0,[]
ENSG00000104321,TRPA1,0,0,{},unknown,0,"[""CHEMBL256087""]"
ENSG00000231528,FAM225A,0,0.15079680747997692,"{""expression_atlas"": 0.15079680747997692}",unknown,0,[]
ENSG00000146592,CREB5,0,0.15067184539588013,"{""expression_atlas"": 0.15067184539588013}",unknown,0,[]
ENSG00000138161,CUZD1,0,0,{},unknown,0,[]
ENSG00000153993,SEMA3D,0,0.13089252900625867,"{""expression_atlas"": 0.13089252900625867}",unknown,0,[]
ENSG00000163286,ALPG,0,0.1504628724088762,"{""expression_atlas"": 0.1504628724088762}",unknown,0,[]
ENSG00000089356,FXYD3,0,0.1504628724088762,"{""expression_atlas"": 0.1504628724088762}",unknown,0,[]
ENSG00000169174,PCSK9,0,0.13820302614777585,"{""expression_atlas"": 0.13820302614777585}",unknown,0,"[""CHEMBL2109540"", ""CHEMBL2364655""]"
ENSG00000099331,MYO9B,0,0,{},unknown,0,[]
ENSG00000196352,CD55,0,0.15021332021447378,"{""expression_atlas"": 0.15021332021447378}",unknown,0,[]
ENSG00000164488,DACT2,0,0.1499594157220152,"{""expression_atlas"": 0.1499594157220152}",unknown,0,[]
ENSG00000187288,CIDEC,0,0.1495552773136152,"{""expression_atlas"": 0.1495552773136152}",unknown,0,[]
ENSG00000177984,LCN15,0,0.14953779112567148,"{""expression_atlas"": 0.14953779112567148}",unknown,0,[]
ENSG00000115884,SDC1,0,0,{},unknown,0,[]
ENSG00000211639,IGLV4-60,0,0.14907667542579217,"{""expression_atlas"": 0.14907667542579217}",unknown,0,[]
ENSG00000152578,GRIA4,0,0.14894304541484715,"{""expression_atlas"": 0.14894304541484715}",unknown,0,"[""CHEMBL1214124"", ""CHEMBL220492""]"
ENSG00000174807,CD248,0,0.14894304541484715,"{""expression_atlas"": 0.14894304541484715}",unknown,0,[]
ENSG00000224596,ZMIZ1-AS1,0,0.14870675069989733,"{""expression_atlas"": 0.14870675069989733}",unknown,0,[]
ENSG00000211956,IGHV4-34,0,0.14870483280060995,"{""expression_atlas"": 0.14870483280060995}",unknown,0,[]
ENSG00000101958,GLRA2,0,0.14861181591095263,"{""expression_atlas"": 0.14861181591095263}",unknown,0,[]
ENSG00000198785,GRIN3A,0,0.14858657226381564,"{""expression_atlas"": 0.14858657226381564}",unknown,0,"[""CHEMBL1094"", ""CHEMBL1201293"", ""CHEMBL395091"", ""CHEMBL660"", ""CHEMBL742"", ""CHEMBL807"", ""CHEMBL900""]"
ENSG00000211896,IGHG1,0,0.1432216839049259,"{""expression_atlas"": 0.1432216839049259}",unknown,0,[]
ENSG00000132692,BCAN,0,0.14841193769224878,"{""expression_atlas"": 0.14841193769224878}",unknown,0,[]
ENSG00000183034,OTOP2,0,0.14825243165897,"{""expression_atlas"": 0.14825243165897}",unknown,0,[]
ENSG00000232070,TMEM253,0,0.1479722006436611,"{""expression_atlas"": 0.1479722006436611}",unknown,0,[]
ENSG00000211660,IGLV2-23,0,0.14775715230565029,"{""expression_atlas"": 0.14775715230565029}",unknown,0,[]
ENSG00000019582,CD74,0,0.1279916565780159,"{""expression_atlas"": 0.1279916565780159}",unknown,0,"[""CHEMBL4298138""]"
ENSG00000168140,VASN,0,0.1474232184208181,"{""expression_atlas"": 0.1474232184208181}",unknown,0,[]
ENSG00000159261,CLDN14,0,0.14717362980700513,"{""expression_atlas"": 0.14717362980700513}",unknown,0,[]
ENSG00000162723,SLAMF9,0,0.14696660822982904,"{""expression_atlas"": 0.14696660822982904}",unknown,0,[]
ENSG00000127074,RGS13,0,0.14692897994454396,"{""expression_atlas"": 0.14692897994454396}",unknown,0,[]
ENSG00000211890,IGHA2,0,0.14656917323014054,"{""expression_atlas"": 0.14656917323014054}",unknown,0,[]
ENSG00000211653,IGLV1-40,0,0.14651601227498037,"{""expression_atlas"": 0.14651601227498037}",unknown,0,[]
ENSG00000270550,IGHV3-30,0,0.14651174932797537,"{""expression_atlas"": 0.14651174932797537}",unknown,0,[]
ENSG00000211959,IGHV4-39,0,0.14647467298882522,"{""expression_atlas"": 0.14647467298882522}",unknown,0,[]
ENSG00000180801,ARSJ,0,0.14632039270489544,"{""expression_atlas"": 0.14632039270489544}",unknown,0,[]
ENSG00000234155,LINC02535,0,0.146209562197375,"{""expression_atlas"": 0.146209562197375}",unknown,0,[]
ENSG00000131386,GALNT15,0,0.14620459654184717,"{""expression_atlas"": 0.14620459654184717}",unknown,0,[]
ENSG00000174156,GSTA3,0,0.14617576279967287,"{""expression_atlas"": 0.14617576279967287}",unknown,0,[]
ENSG00000068366,ACSL4,0,0.14607745868674513,"{""expression_atlas"": 0.14607745868674513}",unknown,0,[]
ENSG00000057252,SOAT1,0,0,{},unknown,0,[]
ENSG00000173391,OLR1,0,0.1457801566726606,"{""expression_atlas"": 0.1457801566726606}",unknown,0,[]
ENSG00000110848,CD69,0,0.022127284766194393,"{""expression_atlas"": 0.022127284766194393}",unknown,0,[]
ENSG00000172901,LVRN,0,0.14570938851696758,"{""expression_atlas"": 0.14570938851696758}",unknown,0,[]
ENSG00000242766,IGKV1D-17,0,0.14570123960082487,"{""expression_atlas"": 0.14570123960082487}",unknown,0,[]
ENSG00000102683,SGCG,0,0,{},unknown,0,[]
ENSG00000166741,NNMT,0,0.14560092255845394,"{""expression_atlas"": 0.14560092255845394}",unknown,0,[]
ENSG00000229525,DNPEP-AS1,0,0.14554933241684825,"{""expression_atlas"": 0.14554933241684825}",unknown,0,[]
ENSG00000254709,IGLL5,0,0.13600860362308995,"{""expression_atlas"": 0.13600860362308995}",unknown,0,[]
ENSG00000135486,HNRNPA1,0,0,{},unknown,0,[]
ENSG00000110218,PANX1,0,0,{},unknown,0,[]
ENSG00000162654,GBP4,0,0.13005394482495045,"{""expression_atlas"": 0.13005394482495045}",unknown,0,[]
ENSG00000175445,LPL,0,0.12834071082238144,"{""expression_atlas"": 0.12834071082238144}",unknown,0,[]
ENSG00000007952,NOX1,0,0.1200212692553251,"{""expression_atlas"": 0.1200212692553251}",unknown,0,[]
ENSG00000244586,WNT5A-AS1,0,0.14500412648425706,"{""expression_atlas"": 0.14500412648425706}",unknown,0,[]
ENSG00000242574,HLA-DMB,0,0.14461320632889965,"{""expression_atlas"": 0.14461320632889965}",unknown,0,[]
ENSG00000118849,RARRES1,0,0.14460124212805242,"{""expression_atlas"": 0.14460124212805242}",unknown,0,[]
ENSG00000259823,LYPD8,0,0.14444435751252116,"{""expression_atlas"": 0.14444435751252116}",unknown,0,[]
ENSG00000118972,FGF23,0,0,{},unknown,0,"[""CHEMBL3707326""]"
ENSG00000180535,BHLHA15,0,0.14408234558773486,"{""expression_atlas"": 0.14408234558773486}",unknown,0,[]
ENSG00000271952,LINC01954,0,0.1440572106329031,"{""expression_atlas"": 0.1440572106329031}",unknown,0,[]
ENSG00000211645,IGLV1-50,0,0.14395549512080288,"{""expression_atlas"": 0.14395549512080288}",unknown,0,[]
ENSG00000254488,ENSG00000254488,0,0.1436440650411352,"{""expression_atlas"": 0.1436440650411352}",unknown,0,[]
ENSG00000002726,AOC1,0,0.11435178303074592,"{""expression_atlas"": 0.11435178303074592}",unknown,0,[]
ENSG00000222047,C10orf55,0,0.14353035922718857,"{""expression_atlas"": 0.14353035922718857}",unknown,0,[]
ENSG00000231389,HLA-DPA1,0,0.13310431199761422,"{""expression_atlas"": 0.13310431199761422}",unknown,0,[]
ENSG00000214782,MS4A18,0,0.143338558590584,"{""expression_atlas"": 0.143338558590584}",unknown,0,[]
ENSG00000101307,SIRPB1,0,0.12224432560724527,"{""expression_atlas"": 0.12224432560724527}",unknown,0,[]
ENSG00000155850,SLC26A2,0,0.13494693042365644,"{""expression_atlas"": 0.13494693042365644}",unknown,0,[]
ENSG00000118596,SLC16A7,0,0,{},unknown,0,[]
ENSG00000117115,PADI2,0,0.13820954136743632,"{""expression_atlas"": 0.13820954136743632}",unknown,0,[]
ENSG00000264125,ENSG00000264125,0,0.14270957858020417,"{""expression_atlas"": 0.14270957858020417}",unknown,0,[]
ENSG00000235122,ENSG00000235122,0,0.142461392248291,"{""expression_atlas"": 0.142461392248291}",unknown,0,[]
ENSG00000144802,NFKBIZ,0,0.13600032946544102,"{""expression_atlas"": 0.13600032946544102}",unknown,0,[]
ENSG00000118946,PCDH17,0,0.1421639496630806,"{""expression_atlas"": 0.1421639496630806}",unknown,0,[]
ENSG00000070193,FGF10,0,0.126963456154068,"{""expression_atlas"": 0.126963456154068}",unknown,0,[]
ENSG00000139540,SLC39A5,0,0.1420191291638309,"{""expression_atlas"": 0.1420191291638309}",unknown,0,[]
ENSG00000100505,TRIM9,0,0.14200613760622088,"{""expression_atlas"": 0.14200613760622088}",unknown,0,[]
ENSG00000232216,IGHV3-43,0,0.14188170465917024,"{""expression_atlas"": 0.14188170465917024}",unknown,0,[]
ENSG00000226197,ENSG00000226197,0,0.14164327971030238,"{""expression_atlas"": 0.14164327971030238}",unknown,0,[]
ENSG00000105707,HPN,0,0.14147158040652327,"{""expression_atlas"": 0.14147158040652327}",unknown,0,[]
ENSG00000240065,PSMB9,0,0.1357121194548542,"{""expression_atlas"": 0.1357121194548542}",unknown,0,"[""CHEMBL325041"", ""CHEMBL3545432"", ""CHEMBL451887""]"
ENSG00000151882,CCL28,0,0.13680228022813173,"{""expression_atlas"": 0.13680228022813173}",unknown,0,[]
ENSG00000042062,RIPOR3,0,0.1413079147384753,"{""expression_atlas"": 0.1413079147384753}",unknown,0,[]
ENSG00000095002,MSH2,0,0,{},unknown,0,[]
ENSG00000110887,DAO,0,0.10326838111887064,"{""expression_atlas"": 0.10326838111887064}",unknown,0,[]
ENSG00000183307,TMEM121B,0,0.14121315200011778,"{""expression_atlas"": 0.14121315200011778}",unknown,0,[]
ENSG00000187783,TMEM72,0,0.14116093681570968,"{""expression_atlas"": 0.14116093681570968}",unknown,0,[]
ENSG00000170381,SEMA3E,0,0.1411605237125951,"{""expression_atlas"": 0.1411605237125951}",unknown,0,[]
ENSG00000254827,SLC67A1-AS,0,0.14109572044883786,"{""expression_atlas"": 0.14109572044883786}",unknown,0,[]
ENSG00000167085,PHB1,0,0,{},unknown,0,[]
ENSG00000151617,EDNRA,0,0.14070996616165257,"{""expression_atlas"": 0.14070996616165257}",unknown,0,"[""CHEMBL1111"", ""CHEMBL2103873"", ""CHEMBL2165326"", ""CHEMBL539423"", ""CHEMBL957""]"
ENSG00000152229,PSTPIP2,0,0.1406981606337541,"{""expression_atlas"": 0.1406981606337541}",unknown,0,[]
ENSG00000153395,LPCAT1,0,0.12532292779620577,"{""expression_atlas"": 0.12532292779620577}",unknown,0,[]
ENSG00000115828,QPCT,0,0.1405040886631304,"{""expression_atlas"": 0.1405040886631304}",unknown,0,[]
ENSG00000143257,NR1I3,0,0.13436894060796944,"{""expression_atlas"": 0.13436894060796944}",unknown,0,[]
ENSG00000259680,IGHV3OR16-17,0,0.14017202971289836,"{""expression_atlas"": 0.14017202971289836}",unknown,0,[]
ENSG00000156587,UBE2L6,0,0.14002374240631774,"{""expression_atlas"": 0.14002374240631774}",unknown,0,[]
ENSG00000099834,CDHR5,0,0.13683481687593416,"{""expression_atlas"": 0.13683481687593416}",unknown,0,[]
ENSG00000211952,IGHV4-28,0,0.13985594295807574,"{""expression_atlas"": 0.13985594295807574}",unknown,0,[]
ENSG00000168913,ENHO,0,0,{},unknown,0,[]
ENSG00000239264,TXNDC5,0,0.13980618582570592,"{""expression_atlas"": 0.13980618582570592}",unknown,0,[]
ENSG00000123358,NR4A1,0,0.026012524922699943,"{""expression_atlas"": 0.026012524922699943}",unknown,0,[]
ENSG00000120498,TEX11,0,0.13970877949775667,"{""expression_atlas"": 0.13970877949775667}",unknown,0,[]
ENSG00000235097,LINC00330,0,0.1396762305015938,"{""expression_atlas"": 0.1396762305015938}",unknown,0,[]
ENSG00000204520,MICA,0,0,{},unknown,0,[]
ENSG00000178301,AQP11,0,0.13902722503206075,"{""expression_atlas"": 0.13902722503206075}",unknown,0,[]
ENSG00000168748,CA7,0,0.13869973749644193,"{""expression_atlas"": 0.13869973749644193}",unknown,0,"[""CHEMBL18"", ""CHEMBL19"", ""CHEMBL328560""]"
ENSG00000163586,FABP1,0,0.1356377146659166,"{""expression_atlas"": 0.1356377146659166}",unknown,0,[]
ENSG00000164220,F2RL2,0,0.1386521978611344,"{""expression_atlas"": 0.1386521978611344}",unknown,0,[]
ENSG00000189283,FHIT,0,0,{},unknown,0,[]
ENSG00000166183,ASPG,0,0.1384258426161661,"{""expression_atlas"": 0.1384258426161661}",unknown,0,[]
ENSG00000239819,IGKV1D-8,0,0.13838577617090378,"{""expression_atlas"": 0.13838577617090378}",unknown,0,[]
ENSG00000210117,MT-TW,0,0.13785374329966257,"{""expression_atlas"": 0.13785374329966257}",unknown,0,[]
ENSG00000175294,CATSPER1,0,0.1377307850751579,"{""expression_atlas"": 0.1377307850751579}",unknown,0,[]
ENSG00000176406,RIMS2,0,0.13770306225041898,"{""expression_atlas"": 0.13770306225041898}",unknown,0,[]
ENSG00000142208,AKT1,0,0,{},unknown,0,"[""CHEMBL2325741""]"
ENSG00000128713,HOXD11,0,0.13744496336711437,"{""expression_atlas"": 0.13744496336711437}",unknown,0,[]
ENSG00000166869,CHP2,0,0.13740427235129504,"{""expression_atlas"": 0.13740427235129504}",unknown,0,[]
ENSG00000159212,CLIC6,0,0.1373685737614783,"{""expression_atlas"": 0.1373685737614783}",unknown,0,[]
ENSG00000106258,CYP3A5,0,0.13712907245482495,"{""expression_atlas"": 0.13712907245482495}",unknown,0,"[""CHEMBL163"", ""CHEMBL2095208""]"
ENSG00000136381,IREB2,0,0,{},unknown,0,[]
ENSG00000144837,PLA1A,0,0.1366471560124626,"{""expression_atlas"": 0.1366471560124626}",unknown,0,[]
ENSG00000106714,CNTNAP3,0,0.011157608060281925,"{""expression_atlas"": 0.011157608060281925}",unknown,0,[]
ENSG00000256660,CLEC12B,0,0.13649540331585586,"{""expression_atlas"": 0.13649540331585586}",unknown,0,[]
ENSG00000223865,HLA-DPB1,0,0.127366543433856,"{""expression_atlas"": 0.127366543433856}",unknown,0,[]
ENSG00000204525,HLA-C,0,0,{},unknown,0,[]
ENSG00000081051,AFP,0,0,{},unknown,0,[]
ENSG00000250243,KCNIP4-AS3,0,0.1359260882474485,"{""expression_atlas"": 0.1359260882474485}",unknown,0,[]
ENSG00000249746,ENSG00000249746,0,0.13589493710237335,"{""expression_atlas"": 0.13589493710237335}",unknown,0,[]
ENSG00000273760,ENSG00000273760,0,0.13588972038253228,"{""expression_atlas"": 0.13588972038253228}",unknown,0,[]
ENSG00000186818,LILRB4,0,0.13584828411008318,"{""expression_atlas"": 0.13584828411008318}",unknown,0,[]
ENSG00000010932,FMO1,0,0.13574388894876246,"{""expression_atlas"": 0.13574388894876246}",unknown,0,[]
ENSG00000131910,NR0B2,0,0.12236952779254771,"{""expression_atlas"": 0.12236952779254771}",unknown,0,[]
ENSG00000204642,HLA-F,0,0.1356105323639971,"{""expression_atlas"": 0.1356105323639971}",unknown,0,[]
ENSG00000198793,MTOR,0,0,{},unknown,0,[]
ENSG00000115353,TACR1,0,0,{},unknown,0,"[""CHEMBL1199324"", ""CHEMBL1471"", ""CHEMBL206253"", ""CHEMBL3707331"", ""CHEMBL3989917""]"
ENSG00000260303,ENSG00000260303,0,0.13533445979104772,"{""expression_atlas"": 0.13533445979104772}",unknown,0,[]
ENSG00000272666,KLHDC7B-DT,0,0.13528819993647004,"{""expression_atlas"": 0.13528819993647004}",unknown,0,[]
ENSG00000171385,KCND3,0,0.13525129515281267,"{""expression_atlas"": 0.13525129515281267}",unknown,0,"[""CHEMBL2111112"", ""CHEMBL284348"", ""CHEMBL354077"", ""CHEMBL821""]"
ENSG00000132702,HAPLN2,0,0.1352050228495764,"{""expression_atlas"": 0.1352050228495764}",unknown,0,[]
ENSG00000114812,VIPR1,0,0.017583991574206283,"{""expression_atlas"": 0.017583991574206283}",unknown,0,[]
ENSG00000184613,NELL2,0,0.13509558618585288,"{""expression_atlas"": 0.13509558618585288}",unknown,0,[]
ENSG00000228742,LINC02577,0,0.13499226649765403,"{""expression_atlas"": 0.13499226649765403}",unknown,0,[]
ENSG00000142959,BEST4,0,0.13492201605374113,"{""expression_atlas"": 0.13492201605374113}",unknown,0,[]
ENSG00000174562,KLK15,0,0.13490203552179228,"{""expression_atlas"": 0.13490203552179228}",unknown,0,[]
ENSG00000137819,PAQR5,0,0.1348029926973867,"{""expression_atlas"": 0.1348029926973867}",unknown,0,[]
ENSG00000271216,LINC01050,0,0.13479028397333132,"{""expression_atlas"": 0.13479028397333132}",unknown,0,[]
ENSG00000162078,ZG16B,0,0.13445746352694868,"{""expression_atlas"": 0.13445746352694868}",unknown,0,[]
ENSG00000117215,PLA2G2D,0,0.032805394746053027,"{""expression_atlas"": 0.032805394746053027}",unknown,0,[]
ENSG00000260314,MRC1,0,0,{},unknown,0,[]
ENSG00000178752,ERFE,0,0.1342416978611132,"{""expression_atlas"": 0.1342416978611132}",unknown,0,[]
ENSG00000185022,MAFF,0,0.1341564443865521,"{""expression_atlas"": 0.1341564443865521}",unknown,0,[]
ENSG00000140379,BCL2A1,0,0.13404855534769416,"{""expression_atlas"": 0.13404855534769416}",unknown,0,[]
ENSG00000183010,PYCR1,0,0.13396516121016086,"{""expression_atlas"": 0.13396516121016086}",unknown,0,[]
ENSG00000228971,LINC02607,0,0.13393549554005532,"{""expression_atlas"": 0.13393549554005532}",unknown,0,[]
ENSG00000183742,MACC1,0,0,{},unknown,0,[]
ENSG00000197122,SRC,0,0,{},unknown,0,"[""CHEMBL1421"", ""CHEMBL24828"", ""CHEMBL288441"", ""CHEMBL571546""]"
ENSG00000149932,TMEM219,0,0,{},unknown,0,[]
ENSG00000144895,EIF2A,0,0,{},unknown,0,[]
ENSG00000211967,IGHV3-53,0,0.13367907427015216,"{""expression_atlas"": 0.13367907427015216}",unknown,0,[]
ENSG00000135077,HAVCR2,0,0.037970523023962824,"{""expression_atlas"": 0.037970523023962824}",unknown,0,[]
ENSG00000170476,MZB1,0,0.1238581334131533,"{""expression_atlas"": 0.1238581334131533}",unknown,0,[]
ENSG00000260586,ENSG00000260586,0,0.13333828139212148,"{""expression_atlas"": 0.13333828139212148}",unknown,0,[]
ENSG00000231475,IGHV4-31,0,0.13301244355981667,"{""expression_atlas"": 0.13301244355981667}",unknown,0,[]
ENSG00000251546,IGKV1D-39,0,0.1328820685589415,"{""expression_atlas"": 0.1328820685589415}",unknown,0,[]
ENSG00000103310,ZP2,0,0.1282834043164178,"{""expression_atlas"": 0.1282834043164178}",unknown,0,[]
ENSG00000198400,NTRK1,0,0.12704082083182408,"{""expression_atlas"": 0.12704082083182408}",unknown,0,"[""CHEMBL1946170"", ""CHEMBL1983268"", ""CHEMBL3889654"", ""CHEMBL4297852"", ""CHEMBL4298138""]"
ENSG00000163823,CCR1,0,0.0754345033957268,"{""expression_atlas"": 0.0754345033957268}",unknown,0,[]
ENSG00000116062,MSH6,0,0,{},unknown,0,[]
ENSG00000144191,CNGA3,0,0.13248930226375336,"{""expression_atlas"": 0.13248930226375336}",unknown,0,[]
ENSG00000211637,IGLV4-69,0,0.1324739593185587,"{""expression_atlas"": 0.1324739593185587}",unknown,0,[]
ENSG00000000938,FGR,0,0.13232259803339008,"{""expression_atlas"": 0.13232259803339008}",unknown,0,"[""CHEMBL1421""]"
ENSG00000141646,SMAD4,0,0,{},unknown,0,[]
ENSG00000234546,LNCTAM34A,0,0.13224351235308435,"{""expression_atlas"": 0.13224351235308435}",unknown,0,[]
ENSG00000160505,NLRP4,0,0.13223033873956833,"{""expression_atlas"": 0.13223033873956833}",unknown,0,[]
ENSG00000128683,GAD1,0,0.09567137956889205,"{""expression_atlas"": 0.09567137956889205}",unknown,0,[]
ENSG00000105664,COMP,0,0,{},unknown,0,[]
ENSG00000038427,VCAN,0,0.12749048108650396,"{""expression_atlas"": 0.12749048108650396}",unknown,0,[]
ENSG00000187094,CCK,0,0.06598767970525603,"{""expression_atlas"": 0.06598767970525603}",unknown,0,[]
ENSG00000138315,OIT3,0,0.12872144961630883,"{""expression_atlas"": 0.12872144961630883}",unknown,0,[]
ENSG00000124256,ZBP1,0,0.09606463950280258,"{""expression_atlas"": 0.09606463950280258}",unknown,0,[]
ENSG00000164920,OSR2,0,0.13163246300723674,"{""expression_atlas"": 0.13163246300723674}",unknown,0,[]
ENSG00000211946,IGHV3-20,0,0.13152585614283913,"{""expression_atlas"": 0.13152585614283913}",unknown,0,[]
ENSG00000110344,UBE4A,0,0,{},unknown,0,[]
ENSG00000124299,PEPD,0,0.11605477532219756,"{""expression_atlas"": 0.11605477532219756}",unknown,0,[]
ENSG00000224961,LINC01752,0,0.13117116706079082,"{""expression_atlas"": 0.13117116706079082}",unknown,0,[]
ENSG00000140749,IGSF6,0,0.12811346176783653,"{""expression_atlas"": 0.12811346176783653}",unknown,0,[]
ENSG00000026751,SLAMF7,0,0.12456129695675763,"{""expression_atlas"": 0.12456129695675763}",unknown,0,"[""CHEMBL1743010""]"
ENSG00000103335,PIEZO1,0,0,{},unknown,0,[]
ENSG00000186417,GLDN,0,0.13083426540574208,"{""expression_atlas"": 0.13083426540574208}",unknown,0,[]
ENSG00000124813,RUNX2,0,0,{},unknown,0,[]
ENSG00000145491,ROPN1L,0,0.13056842014064934,"{""expression_atlas"": 0.13056842014064934}",unknown,0,[]
ENSG00000172243,CLEC7A,0,0.07514585671825402,"{""expression_atlas"": 0.07514585671825402}",unknown,0,[]
ENSG00000144908,ALDH1L1,0,0.13050466510318823,"{""expression_atlas"": 0.13050466510318823}",unknown,0,[]
ENSG00000146674,IGFBP3,0,0,{},unknown,0,[]
ENSG00000167157,PRRX2,0,0.13031650679871457,"{""expression_atlas"": 0.13031650679871457}",unknown,0,[]
ENSG00000162843,WDR64,0,0.1302927497440159,"{""expression_atlas"": 0.1302927497440159}",unknown,0,[]
ENSG00000125966,MMP24,0,0.13008965528722535,"{""expression_atlas"": 0.13008965528722535}",unknown,0,[]
ENSG00000100197,CYP2D6,0,0.12547181740412122,"{""expression_atlas"": 0.12547181740412122}",unknown,0,[]
ENSG00000130427,EPO,0,0,{},unknown,0,[]
ENSG00000125409,TEKT3,0,0.1298959015833947,"{""expression_atlas"": 0.1298959015833947}",unknown,0,[]
ENSG00000248676,MTTP-AS1,0,0.12985707116028747,"{""expression_atlas"": 0.12985707116028747}",unknown,0,[]
ENSG00000102678,FGF9,0,0.12981683934260096,"{""expression_atlas"": 0.12981683934260096}",unknown,0,[]
ENSG00000183134,PTGDR2,0,0,{},unknown,0,"[""CHEMBL361812""]"
ENSG00000176771,NCKAP5,0,0.12975222986664375,"{""expression_atlas"": 0.12975222986664375}",unknown,0,[]
ENSG00000165023,DIRAS2,0,0.1297158350120732,"{""expression_atlas"": 0.1297158350120732}",unknown,0,[]
ENSG00000112303,VNN2,0,0.126586995886573,"{""expression_atlas"": 0.126586995886573}",unknown,0,[]
ENSG00000172482,AGXT,0,0.12944015474131643,"{""expression_atlas"": 0.12944015474131643}",unknown,0,[]
ENSG00000197241,SLC2A7,0,0.12941750162556076,"{""expression_atlas"": 0.12941750162556076}",unknown,0,[]
ENSG00000179639,FCER1A,0,0.010207974433836456,"{""expression_atlas"": 0.010207974433836456}",unknown,0,[]
ENSG00000111674,ENO2,0,0,{},unknown,0,[]
ENSG00000163993,S100P,0,0.11208189542322149,"{""expression_atlas"": 0.11208189542322149}",unknown,0,[]
ENSG00000266010,GATA6-AS1,0,0.12911455634190555,"{""expression_atlas"": 0.12911455634190555}",unknown,0,[]
ENSG00000126778,SIX1,0,0.12901776301185494,"{""expression_atlas"": 0.12901776301185494}",unknown,0,[]
ENSG00000162896,PIGR,0,0.11822812403541247,"{""expression_atlas"": 0.11822812403541247}",unknown,0,[]
ENSG00000215196,BASP1-AS1,0,0.1286116698730696,"{""expression_atlas"": 0.1286116698730696}",unknown,0,[]
ENSG00000108187,PBLD,0,0.1285792809243129,"{""expression_atlas"": 0.1285792809243129}",unknown,0,[]
ENSG00000146755,TRIM50,0,0.12842103594011636,"{""expression_atlas"": 0.12842103594011636}",unknown,0,[]
ENSG00000204305,AGER,0,0,{},unknown,0,[]
ENSG00000158315,RHBDL2,0,0.1282130520839992,"{""expression_atlas"": 0.1282130520839992}",unknown,0,[]
ENSG00000165621,OXGR1,0,0.1282025622111478,"{""expression_atlas"": 0.1282025622111478}",unknown,0,[]
ENSG00000165238,WNK2,0,0,{},unknown,0,[]
ENSG00000180720,CHRM4,0,0.12779333357606606,"{""expression_atlas"": 0.12779333357606606}",unknown,0,"[""CHEMBL1201335"", ""CHEMBL21536"", ""CHEMBL3707224""]"
ENSG00000177485,ZBTB33,0,0,{},unknown,0,[]
ENSG00000171388,APLN,0,0.11590014709464322,"{""expression_atlas"": 0.11590014709464322}",unknown,0,[]
ENSG00000107984,DKK1,0,0,{},unknown,0,[]
ENSG00000158955,WNT9B,0,0.12733860413787282,"{""expression_atlas"": 0.12733860413787282}",unknown,0,[]
ENSG00000242173,ARHGDIG,0,0.12727318661678005,"{""expression_atlas"": 0.12727318661678005}",unknown,0,[]
ENSG00000170558,CDH2,0,0,{},unknown,0,[]
ENSG00000266036,SLC9A3R1-AS1,0,0.1271740170066027,"{""expression_atlas"": 0.1271740170066027}",unknown,0,[]
ENSG00000189325,BNIP5,0,0.12691749435470068,"{""expression_atlas"": 0.12691749435470068}",unknown,0,[]
ENSG00000260172,LINC01413,0,0.12691431155453778,"{""expression_atlas"": 0.12691431155453778}",unknown,0,[]
ENSG00000171862,PTEN,0,0,{},unknown,0,[]
ENSG00000133661,SFTPD,0,0.11652374140095519,"{""expression_atlas"": 0.11652374140095519}",unknown,0,[]
ENSG00000041982,TNC,0,0.0732581945266535,"{""expression_atlas"": 0.0732581945266535}",unknown,0,[]
ENSG00000062716,VMP1,0,0.10833326813439087,"{""expression_atlas"": 0.10833326813439087}",unknown,0,[]
ENSG00000121900,TMEM54,0,0.12638881282345604,"{""expression_atlas"": 0.12638881282345604}",unknown,0,[]
ENSG00000233041,PHGR1,0,0.12638881282345604,"{""expression_atlas"": 0.12638881282345604}",unknown,0,[]
ENSG00000164305,CASP3,0,0,{},unknown,0,[]
ENSG00000160255,ITGB2,0,0.07668286859982681,"{""expression_atlas"": 0.07668286859982681}",unknown,0,"[""CHEMBL2048028""]"
ENSG00000057593,F7,0,0.1122400315111551,"{""expression_atlas"": 0.1122400315111551}",unknown,0,"[""CHEMBL2108334"", ""CHEMBL5315078"", ""CHEMBL6068490""]"
ENSG00000267795,SMIM22,0,0.1258801045339966,"{""expression_atlas"": 0.1258801045339966}",unknown,0,[]
ENSG00000104332,SFRP1,0,0.12575944395050895,"{""expression_atlas"": 0.12575944395050895}",unknown,0,[]
ENSG00000135549,PKIB,0,0.1257094845388086,"{""expression_atlas"": 0.1257094845388086}",unknown,0,[]
ENSG00000211970,IGHV4-61,0,0.1256861927128101,"{""expression_atlas"": 0.1256861927128101}",unknown,0,[]
ENSG00000006327,TNFRSF12A,0,0.04535651105471286,"{""expression_atlas"": 0.04535651105471286}",unknown,0,[]
ENSG00000182836,PLCXD3,0,0.12529070308265267,"{""expression_atlas"": 0.12529070308265267}",unknown,0,[]
ENSG00000134812,CBLIF,0,0.11535163653399648,"{""expression_atlas"": 0.11535163653399648}",unknown,0,[]
ENSG00000197919,IFNA1,0,0,{},unknown,0,[]
ENSG00000214872,SMTNL1,0,0.12497821755153096,"{""expression_atlas"": 0.12497821755153096}",unknown,0,[]
ENSG00000104918,RETN,0,0.10257591720725308,"{""expression_atlas"": 0.10257591720725308}",unknown,0,[]
ENSG00000155966,AFF2,0,0.12495691150233813,"{""expression_atlas"": 0.12495691150233813}",unknown,0,[]
ENSG00000160791,CCR5,0,0.018058440519617604,"{""expression_atlas"": 0.018058440519617604}",unknown,0,"[""CHEMBL256907""]"
ENSG00000186868,MAPT,0,0,{},unknown,0,[]
ENSG00000189430,NCR1,0,0,{},unknown,0,[]
ENSG00000140368,PSTPIP1,0,0,{},unknown,0,[]
ENSG00000198358,ENSG00000198358,0,0.1245545363407622,"{""expression_atlas"": 0.1245545363407622}",unknown,0,[]
ENSG00000254126,CD8B2,0,0.12446900379663317,"{""expression_atlas"": 0.12446900379663317}",unknown,0,[]
ENSG00000085552,IGSF9,0,0.12437861645346181,"{""expression_atlas"": 0.12437861645346181}",unknown,0,[]
ENSG00000105852,PON3,0,0.11820655527501008,"{""expression_atlas"": 0.11820655527501008}",unknown,0,[]
ENSG00000233884,ENSG00000233884,0,0.12414571763692106,"{""expression_atlas"": 0.12414571763692106}",unknown,0,[]
ENSG00000122862,SRGN,0,0.12413239602213051,"{""expression_atlas"": 0.12413239602213051}",unknown,0,[]
ENSG00000180806,HOXC9,0,0.12402330581942199,"{""expression_atlas"": 0.12402330581942199}",unknown,0,[]
ENSG00000059804,SLC2A3,0,0.1240188904072287,"{""expression_atlas"": 0.1240188904072287}",unknown,0,[]
ENSG00000079385,CEACAM1,0,0.05732357813895603,"{""expression_atlas"": 0.05732357813895603}",unknown,0,[]
ENSG00000185201,IFITM2,0,0.12379030067731908,"{""expression_atlas"": 0.12379030067731908}",unknown,0,[]
ENSG00000112149,CD83,0,0,{},unknown,0,[]
ENSG00000155666,KDM8,0,0.12351641777843834,"{""expression_atlas"": 0.12351641777843834}",unknown,0,[]
ENSG00000210156,MT-TK,0,0.1233451210435919,"{""expression_atlas"": 0.1233451210435919}",unknown,0,[]
ENSG00000092969,TGFB2,0,0,{},unknown,0,"[""CHEMBL3039545""]"
ENSG00000090659,CD209,0,0,{},unknown,0,[]
ENSG00000248927,ENSG00000248927,0,0.1230991623735295,"{""expression_atlas"": 0.1230991623735295}",unknown,0,[]
ENSG00000165841,CYP2C19,0,0.11735879729820368,"{""expression_atlas"": 0.11735879729820368}",unknown,0,[]
ENSG00000166888,STAT6,0,0,{},unknown,0,[]
ENSG00000211656,IGLV2-33,0,0.12245252456759595,"{""expression_atlas"": 0.12245252456759595}",unknown,0,[]
ENSG00000242515,UGT1A10,0,0.12242646955191003,"{""expression_atlas"": 0.12242646955191003}",unknown,0,[]
ENSG00000109132,PHOX2B,0,0,{},unknown,0,[]
ENSG00000266541,ENSG00000266541,0,0.12215544474715172,"{""expression_atlas"": 0.12215544474715172}",unknown,0,[]
ENSG00000165409,TSHR,0,0.12212276066990083,"{""expression_atlas"": 0.12212276066990083}",unknown,0,"[""CHEMBL1201532"", ""CHEMBL1201533""]"
ENSG00000070031,SCT,0,0.06873227567668377,"{""expression_atlas"": 0.06873227567668377}",unknown,0,[]
ENSG00000130173,ANGPTL8,0,0,{},unknown,0,[]
ENSG00000171094,ALK,0,0,{},unknown,0,"[""CHEMBL1738797"", ""CHEMBL1983268"", ""CHEMBL2403108"", ""CHEMBL3286830"", ""CHEMBL3545311"", ""CHEMBL4113131"", ""CHEMBL601719""]"
ENSG00000148655,LRMDA,0,0,{},unknown,0,[]
ENSG00000125835,SNRPB,0,0,{},unknown,0,[]
ENSG00000165819,METTL3,0,0,{},unknown,0,[]
ENSG00000100342,APOL1,0,0.12150694014436451,"{""expression_atlas"": 0.12150694014436451}",unknown,0,[]
ENSG00000076706,MCAM,0,0.033784848321614214,"{""expression_atlas"": 0.033784848321614214}",unknown,0,[]
ENSG00000148400,NOTCH1,0,0,{},unknown,0,[]
ENSG00000145839,IL9,0,0,{},unknown,0,[]
ENSG00000072274,TFRC,0,0.08175149400882276,"{""expression_atlas"": 0.08175149400882276}",unknown,0,[]
ENSG00000143416,SELENBP1,0,0.12047984785935455,"{""expression_atlas"": 0.12047984785935455}",unknown,0,[]
ENSG00000235523,ENSG00000235523,0,0.12037320249669894,"{""expression_atlas"": 0.12037320249669894}",unknown,0,[]
ENSG00000117472,TSPAN1,0,0.12037029792710098,"{""expression_atlas"": 0.12037029792710098}",unknown,0,[]
ENSG00000105251,SHD,0,0.12037029792710098,"{""expression_atlas"": 0.12037029792710098}",unknown,0,[]
ENSG00000234690,EPCAM-DT,0,0.12037029792710098,"{""expression_atlas"": 0.12037029792710098}",unknown,0,[]
ENSG00000105755,ETHE1,0,0.12037029792710098,"{""expression_atlas"": 0.12037029792710098}",unknown,0,[]
ENSG00000136457,CHAD,0,0.12028069524149128,"{""expression_atlas"": 0.12028069524149128}",unknown,0,[]
ENSG00000076242,MLH1,0,0,{},unknown,0,[]
ENSG00000196460,RFX8,0,0.11998130983901513,"{""expression_atlas"": 0.11998130983901513}",unknown,0,[]
ENSG00000100448,CTSG,0,0,{},unknown,0,[]
ENSG00000127588,GNG13,0,0.11964621808561579,"{""expression_atlas"": 0.11964621808561579}",unknown,0,[]
ENSG00000095970,TREM2,0,0.1193915424691186,"{""expression_atlas"": 0.1193915424691186}",unknown,0,[]
ENSG00000130600,H19,0,0.11916387738687959,"{""expression_atlas"": 0.11916387738687959}",unknown,0,[]
ENSG00000291237,SOD2,0,0,{},unknown,0,[]
ENSG00000101098,RIMS4,0,0.1189996361450214,"{""expression_atlas"": 0.1189996361450214}",unknown,0,[]
ENSG00000211892,IGHG4,0,0.11889310786537718,"{""expression_atlas"": 0.11889310786537718}",unknown,0,[]
ENSG00000137275,RIPK1,0,0,{},unknown,0,[]
ENSG00000168394,TAP1,0,0.11096083256975389,"{""expression_atlas"": 0.11096083256975389}",unknown,0,[]
ENSG00000128052,KDR,0,0.03594573209302677,"{""expression_atlas"": 0.03594573209302677}",unknown,0,"[""CHEMBL1289494"", ""CHEMBL1289601"", ""CHEMBL1289926"", ""CHEMBL1336"", ""CHEMBL1743062"", ""CHEMBL1946170"", ""CHEMBL2105717"", ""CHEMBL24828"", ""CHEMBL4303214"", ""CHEMBL477772"", ""CHEMBL502835"", ""CHEMBL535"", ""CHEMBL608533""]"
ENSG00000178343,SHISA3,0,0.1183416994085618,"{""expression_atlas"": 0.1183416994085618}",unknown,0,[]
ENSG00000152669,CCNO,0,0.11827469937070473,"{""expression_atlas"": 0.11827469937070473}",unknown,0,[]
ENSG00000066044,ELAVL1,0,0,{},unknown,0,[]
ENSG00000057663,ATG5,0,0,{},unknown,0,[]
ENSG00000175497,DPP10,0,0.11802183187010622,"{""expression_atlas"": 0.11802183187010622}",unknown,0,[]
ENSG00000149735,GPHA2,0,0,{},unknown,0,[]
ENSG00000226087,ENSG00000226087,0,0.1178016042982617,"{""expression_atlas"": 0.1178016042982617}",unknown,0,[]
ENSG00000008517,IL32,0,0.03651284403450438,"{""expression_atlas"": 0.03651284403450438}",unknown,0,[]
ENSG00000180767,CHST13,0,0.11433301587272726,"{""expression_atlas"": 0.11433301587272726}",unknown,0,[]
ENSG00000128709,HOXD9,0,0.1172639505985621,"{""expression_atlas"": 0.1172639505985621}",unknown,0,[]
ENSG00000153822,KCNJ16,0,0.11716768383217792,"{""expression_atlas"": 0.11716768383217792}",unknown,0,[]
ENSG00000171345,KRT19,0,0.10833326813439087,"{""expression_atlas"": 0.10833326813439087}",unknown,0,[]
ENSG00000244383,FAM3D-AS1,0,0.11707025172760871,"{""expression_atlas"": 0.11707025172760871}",unknown,0,[]
ENSG00000174059,CD34,0,0.03039369794958635,"{""expression_atlas"": 0.03039369794958635}",unknown,0,[]
ENSG00000117707,PROX1,0,0,{},unknown,0,[]
ENSG00000162040,HS3ST6,0,0.11654175542908216,"{""expression_atlas"": 0.11654175542908216}",unknown,0,[]
ENSG00000122711,SPINK4,0,0.11647014411966905,"{""expression_atlas"": 0.11647014411966905}",unknown,0,[]
ENSG00000132915,PDE6A,0,0.11639883979172974,"{""expression_atlas"": 0.11639883979172974}",unknown,0,"[""CHEMBL628"", ""CHEMBL932""]"
ENSG00000172724,CCL19,0,0.01003273868003964,"{""expression_atlas"": 0.01003273868003964}",unknown,0,[]
ENSG00000116031,CD207,0,0.10400723243662374,"{""expression_atlas"": 0.10400723243662374}",unknown,0,[]
ENSG00000110448,CD5,0,0.018640303492843915,"{""expression_atlas"": 0.018640303492843915}",unknown,0,[]
ENSG00000168062,BATF2,0,0.11573850513037628,"{""expression_atlas"": 0.11573850513037628}",unknown,0,[]
ENSG00000077279,DCX,0,0,{},unknown,0,[]
ENSG00000054179,ENTPD2,0,0,{},unknown,0,[]
ENSG00000115053,NUCLEOLIN,0,0,{},unknown,0,[]
ENSG00000110492,MDK,0,0.09602151983295062,"{""expression_atlas"": 0.09602151983295062}",unknown,0,[]
ENSG00000134245,WNT2B,0,0,{},unknown,0,[]
ENSG00000249856,ENSG00000249856,0,0.11523360731977042,"{""expression_atlas"": 0.11523360731977042}",unknown,0,[]
ENSG00000172410,INSL5,0,0.0977455529119137,"{""expression_atlas"": 0.0977455529119137}",unknown,0,[]
ENSG00000205403,CFI,0,0.1106514513892007,"{""expression_atlas"": 0.1106514513892007}",unknown,0,[]
ENSG00000211669,IGLV3-10,0,0.1150417409257817,"{""expression_atlas"": 0.1150417409257817}",unknown,0,[]
ENSG00000198829,SUCNR1,0,0.1021554042862283,"{""expression_atlas"": 0.1021554042862283}",unknown,0,[]
ENSG00000149043,SYT8,0,0.1150340454523045,"{""expression_atlas"": 0.1150340454523045}",unknown,0,[]
ENSG00000138115,CYP2C8,0,0.11498641143765466,"{""expression_atlas"": 0.11498641143765466}",unknown,0,[]
ENSG00000149635,OCSTAMP,0,0.11498048942787545,"{""expression_atlas"": 0.11498048942787545}",unknown,0,[]
ENSG00000043591,ADRB1,0,0.11496556182539755,"{""expression_atlas"": 0.11496556182539755}",unknown,0,"[""CHEMBL1201234"", ""CHEMBL1201237"", ""CHEMBL1201262"", ""CHEMBL1201274"", ""CHEMBL1290"", ""CHEMBL13"", ""CHEMBL1437"", ""CHEMBL1546"", ""CHEMBL1742466"", ""CHEMBL2103827"", ""CHEMBL211456"", ""CHEMBL24"", ""CHEMBL27"", ""CHEMBL27810"", ""CHEMBL423"", ""CHEMBL429"", ""CHEMBL434"", ""CHEMBL434394"", ""CHEMBL4594379"", ""CHEMBL471"", ""CHEMBL499"", ""CHEMBL500"", ""CHEMBL521606"", ""CHEMBL546"", ""CHEMBL59"", ""CHEMBL631"", ""CHEMBL642"", ""CHEMBL645"", ""CHEMBL679"", ""CHEMBL723"", ""CHEMBL839"", ""CHEMBL926""]"
ENSG00000162614,NEXN,0,0.1149024219671623,"{""expression_atlas"": 0.1149024219671623}",unknown,0,[]
ENSG00000213145,CRIP1,0,0.1146861449694323,"{""expression_atlas"": 0.1146861449694323}",unknown,0,[]
ENSG00000188820,CALHM6,0,0.10705985160751422,"{""expression_atlas"": 0.10705985160751422}",unknown,0,[]
ENSG00000111801,BTN3A3,0,0.11458541324987243,"{""expression_atlas"": 0.11458541324987243}",unknown,0,[]
ENSG00000129465,RIPK3,0,0,{},unknown,0,[]
ENSG00000125877,ITPA,0,0,{},unknown,0,[]
ENSG00000214530,STARD10,0,0.11435178303074592,"{""expression_atlas"": 0.11435178303074592}",unknown,0,[]
ENSG00000204099,NEU4,0,0.11435178303074592,"{""expression_atlas"": 0.11435178303074592}",unknown,0,[]
ENSG00000100644,HIF1A,0,0.06771764278492769,"{""expression_atlas"": 0.06771764278492769}",unknown,0,[]
ENSG00000232352,SEMA3B-AS1,0,0.11412596868888453,"{""expression_atlas"": 0.11412596868888453}",unknown,0,[]
ENSG00000146039,SLC17A4,0,0.11412018254292375,"{""expression_atlas"": 0.11412018254292375}",unknown,0,[]
ENSG00000065618,COL17A1,0,0.09700894267959735,"{""expression_atlas"": 0.09700894267959735}",unknown,0,[]
ENSG00000101412,E2F1,0,0,{},unknown,0,[]
ENSG00000188404,SELL,0,0.09317580320929968,"{""expression_atlas"": 0.09317580320929968}",unknown,0,[]
ENSG00000173083,HPSE,0,0,{},unknown,0,[]
ENSG00000163629,PTPN13,0,0.11351354951750706,"{""expression_atlas"": 0.11351354951750706}",unknown,0,[]
ENSG00000107317,PTGDS,0,0.0385308433623236,"{""expression_atlas"": 0.0385308433623236}",unknown,0,[]
ENSG00000089041,P2RX7,0,0.032848267317576015,"{""expression_atlas"": 0.032848267317576015}",unknown,0,[]
ENSG00000123342,MMP19,0,0.10867581059718708,"{""expression_atlas"": 0.10867581059718708}",unknown,0,[]
ENSG00000178726,THBD,0,0,{},unknown,0,[]
ENSG00000148053,NTRK2,0,0.11308420824023263,"{""expression_atlas"": 0.11308420824023263}",unknown,0,"[""CHEMBL1983268"", ""CHEMBL3889654"", ""CHEMBL4297852"", ""CHEMBL4298138""]"
ENSG00000204516,MICB,0,0.024474837584841997,"{""expression_atlas"": 0.024474837584841997}",unknown,0,[]
ENSG00000171747,LGALS4,0,0.10833326813439087,"{""expression_atlas"": 0.10833326813439087}",unknown,0,[]
ENSG00000039987,BEST2,0,0.11288813852936624,"{""expression_atlas"": 0.11288813852936624}",unknown,0,[]
ENSG00000156006,NAT2,0,0,{},unknown,0,[]
ENSG00000101327,PDYN,0,0,{},unknown,0,[]
ENSG00000263567,ENSG00000263567,0,0.11237232335673641,"{""expression_atlas"": 0.11237232335673641}",unknown,0,[]
ENSG00000164485,IL22RA2,0,0,{},unknown,0,[]
ENSG00000112299,VNN1,0,0.10919061013933495,"{""expression_atlas"": 0.10919061013933495}",unknown,0,[]
ENSG00000142089,IFITM3,0,0.10446874828723533,"{""expression_atlas"": 0.10446874828723533}",unknown,0,[]
ENSG00000167748,KLK1,0,0.1063632971172568,"{""expression_atlas"": 0.1063632971172568}",unknown,0,[]
ENSG00000164692,COL1A2,0,0.10080892053042859,"{""expression_atlas"": 0.10080892053042859}",unknown,0,"[""CHEMBL2095222"", ""CHEMBL2108709""]"
ENSG00000269335,IKBKG,0,0,{},unknown,0,[]
ENSG00000157005,SST,0,0.09955928466163463,"{""expression_atlas"": 0.09955928466163463}",unknown,0,[]
ENSG00000028137,TNFRSF1B,0,0,{},unknown,0,[]
ENSG00000184374,COLEC10,0,0.111690638899727,"{""expression_atlas"": 0.111690638899727}",unknown,0,[]
ENSG00000008516,MMP25,0,0.1116870734504809,"{""expression_atlas"": 0.1116870734504809}",unknown,0,[]
ENSG00000254645,ENSG00000254645,0,0.1116409779291757,"{""expression_atlas"": 0.1116409779291757}",unknown,0,[]
ENSG00000141449,GREB1L,0,0.11158867580051467,"{""expression_atlas"": 0.11158867580051467}",unknown,0,[]
ENSG00000115705,TPO,0,0,{},unknown,0,"[""CHEMBL1515"", ""CHEMBL1518"", ""CHEMBL508102""]"
ENSG00000163518,FCRL4,0,0.1111332141551493,"{""expression_atlas"": 0.1111332141551493}",unknown,0,[]
ENSG00000188818,ZDHHC11,0,0.11085526406106205,"{""expression_atlas"": 0.11085526406106205}",unknown,0,[]
ENSG00000169403,PTAFR,0,0.11081714645291946,"{""expression_atlas"": 0.11081714645291946}",unknown,0,"[""CHEMBL91397""]"
ENSG00000279965,LINC03032,0,0.11077504428032933,"{""expression_atlas"": 0.11077504428032933}",unknown,0,[]
ENSG00000030582,GRN,0,0.09629623834168079,"{""expression_atlas"": 0.09629623834168079}",unknown,0,[]
ENSG00000153898,MCOLN2,0,0.1105461750182276,"{""expression_atlas"": 0.1105461750182276}",unknown,0,[]
ENSG00000184500,PROS1,0,0.022406013078140184,"{""expression_atlas"": 0.022406013078140184}",unknown,0,"[""CHEMBL6068491""]"
ENSG00000104371,DKK4,0,0.11046618754462884,"{""expression_atlas"": 0.11046618754462884}",unknown,0,[]
ENSG00000085741,WNT11,0,0.11017362978257321,"{""expression_atlas"": 0.11017362978257321}",unknown,0,[]
ENSG00000101049,SGK2,0,0.10993498419978978,"{""expression_atlas"": 0.10993498419978978}",unknown,0,[]
ENSG00000160183,TMPRSS3,0,0.1097383120034251,"{""expression_atlas"": 0.1097383120034251}",unknown,0,[]
ENSG00000120885,CLU,0,0.02534928754245659,"{""expression_atlas"": 0.02534928754245659}",unknown,0,[]
ENSG00000163235,TGFA,0,0,{},unknown,0,[]
ENSG00000104537,ANXA13,0,0.1095233260945895,"{""expression_atlas"": 0.1095233260945895}",unknown,0,[]
ENSG00000250681,ENSG00000250681,0,0.10949841147902098,"{""expression_atlas"": 0.10949841147902098}",unknown,0,[]
ENSG00000233493,TMEM238,0,0.10911582189984273,"{""expression_atlas"": 0.10911582189984273}",unknown,0,[]
ENSG00000113889,KNG1,0,0.0987158242700486,"{""expression_atlas"": 0.0987158242700486}",unknown,0,[]
ENSG00000275385,CCL18,0,0.1012335450774992,"{""expression_atlas"": 0.1012335450774992}",unknown,0,[]
ENSG00000114200,BCHE,0,0,{},unknown,0,"[""CHEMBL636"", ""CHEMBL95""]"
ENSG00000106178,CCL24,0,0.028075259605573524,"{""expression_atlas"": 0.028075259605573524}",unknown,0,[]
ENSG00000279835,ENSG00000279835,0,0.10863332757024749,"{""expression_atlas"": 0.10863332757024749}",unknown,0,[]
ENSG00000184584,STING1,0,0.04776745506574393,"{""expression_atlas"": 0.04776745506574393}",unknown,0,[]
ENSG00000236481,LINC02195,0,0.10844629363180926,"{""expression_atlas"": 0.10844629363180926}",unknown,0,[]
ENSG00000174640,SLCO2A1,0,0,{},unknown,0,[]
ENSG00000145451,GLRA3,0,0.10834845875081157,"{""expression_atlas"": 0.10834845875081157}",unknown,0,[]
ENSG00000166143,PPP1R14D,0,0.10833326813439087,"{""expression_atlas"": 0.10833326813439087}",unknown,0,[]
ENSG00000166920,COXFA4L3,0,0.10833326813439087,"{""expression_atlas"": 0.10833326813439087}",unknown,0,[]
ENSG00000069764,PLA2G10,0,0.10833326813439087,"{""expression_atlas"": 0.10833326813439087}",unknown,0,[]
ENSG00000188095,MESP2,0,0.10833326813439087,"{""expression_atlas"": 0.10833326813439087}",unknown,0,[]
ENSG00000214212,C19orf38,0,0.10821418567500081,"{""expression_atlas"": 0.10821418567500081}",unknown,0,[]
ENSG00000226979,LTA,0,0,{},unknown,0,[]
ENSG00000184368,MAP7D2,0,0.1079648503297333,"{""expression_atlas"": 0.1079648503297333}",unknown,0,[]
ENSG00000181649,PHLDA2,0,0.10778852344235436,"{""expression_atlas"": 0.10778852344235436}",unknown,0,[]
ENSG00000134853,PDGFRA,0,0,{},unknown,0,"[""CHEMBL1201556"", ""CHEMBL1743049"", ""CHEMBL1946170"", ""CHEMBL4204794"", ""CHEMBL4216467"", ""CHEMBL477772"", ""CHEMBL502835"", ""CHEMBL535"", ""CHEMBL576982"", ""CHEMBL608533""]"
ENSG00000181408,UTS2R,0,0.10749199471222416,"{""expression_atlas"": 0.10749199471222416}",unknown,0,[]
ENSG00000172936,MYD88,0,0,{},unknown,0,[]
ENSG00000096996,IL12RB1,0,0.04632280453802335,"{""expression_atlas"": 0.04632280453802335}",unknown,0,[]
ENSG00000040199,PHLPP2,0,0.10438078286339884,"{""expression_atlas"": 0.10438078286339884}",unknown,0,[]
ENSG00000166278,C2,0,0.10723951824917229,"{""expression_atlas"": 0.10723951824917229}",unknown,0,[]
ENSG00000264230,ANXA8L1,0,0.10723899269868996,"{""expression_atlas"": 0.10723899269868996}",unknown,0,[]
ENSG00000168528,SERINC2,0,0.10713729078973297,"{""expression_atlas"": 0.10713729078973297}",unknown,0,[]
ENSG00000109107,ALDOC,0,0.10703309268071616,"{""expression_atlas"": 0.10703309268071616}",unknown,0,[]
ENSG00000198643,FAM3D,0,0.1069937869455358,"{""expression_atlas"": 0.1069937869455358}",unknown,0,[]
ENSG00000140718,FTO,0,0,{},unknown,0,[]
ENSG00000126353,CCR7,0,0.018751395215840436,"{""expression_atlas"": 0.018751395215840436}",unknown,0,[]
ENSG00000156966,B3GNT7,0,0.10654101835909766,"{""expression_atlas"": 0.10654101835909766}",unknown,0,[]
ENSG00000253549,CA3-AS1,0,0.10652974465237862,"{""expression_atlas"": 0.10652974465237862}",unknown,0,[]
ENSG00000197415,VEPH1,0,0.10649466130478512,"{""expression_atlas"": 0.10649466130478512}",unknown,0,[]
ENSG00000130226,DPP6,0,0.10645226101051627,"{""expression_atlas"": 0.10645226101051627}",unknown,0,[]
ENSG00000091513,TF,0,0,{},unknown,0,[]
ENSG00000134571,MYBPC3,0,0.10612483685752601,"{""expression_atlas"": 0.10612483685752601}",unknown,0,[]
ENSG00000158125,XDH,0,0.029202227401814607,"{""expression_atlas"": 0.029202227401814607}",unknown,0,"[""CHEMBL1164729"", ""CHEMBL1467""]"
ENSG00000108602,ALDH3A1,0,0.10566264682509387,"{""expression_atlas"": 0.10566264682509387}",unknown,0,[]
ENSG00000180861,LINC01559,0,0.10563538732091556,"{""expression_atlas"": 0.10563538732091556}",unknown,0,[]
ENSG00000115718,PROC,0,0.03652417758596916,"{""expression_atlas"": 0.03652417758596916}",unknown,0,"[""CHEMBL5315087""]"
ENSG00000137693,YAP1,0,0,{},unknown,0,[]
ENSG00000182240,BACE2,0,0.10536429969850677,"{""expression_atlas"": 0.10536429969850677}",unknown,0,[]
ENSG00000260963,LINC03064,0,0.10511344005265333,"{""expression_atlas"": 0.10511344005265333}",unknown,0,[]
ENSG00000138336,TET1,0,0,{},unknown,0,[]
ENSG00000146147,MLIP,0,0.10478598009645086,"{""expression_atlas"": 0.10478598009645086}",unknown,0,[]
ENSG00000182871,COL18A1,0,0.10473568307468566,"{""expression_atlas"": 0.10473568307468566}",unknown,0,"[""CHEMBL2095222"", ""CHEMBL2108709""]"
ENSG00000171126,KCNG3,0,0.1047278216821682,"{""expression_atlas"": 0.1047278216821682}",unknown,0,"[""CHEMBL284348"", ""CHEMBL354077"", ""CHEMBL821""]"
ENSG00000115919,KYNU,0,0.08951335727352822,"{""expression_atlas"": 0.08951335727352822}",unknown,0,[]
ENSG00000236700,LINC01010,0,0.10458436027796193,"{""expression_atlas"": 0.10458436027796193}",unknown,0,[]
ENSG00000163106,HPGDS,0,0.032387368537162224,"{""expression_atlas"": 0.032387368537162224}",unknown,0,[]
ENSG00000137752,CASP1,0,0.065421874474162,"{""expression_atlas"": 0.065421874474162}",unknown,0,[]
ENSG00000054938,CHRDL2,0,0.10405495638043648,"{""expression_atlas"": 0.10405495638043648}",unknown,0,[]
ENSG00000198053,SIRPA,0,0,{},unknown,0,[]
ENSG00000266978,LIMASI,0,0.10384491648872322,"{""expression_atlas"": 0.10384491648872322}",unknown,0,[]
ENSG00000027644,INSRR,0,0.10372102583000015,"{""expression_atlas"": 0.10372102583000015}",unknown,0,[]
ENSG00000211659,IGLV3-25,0,0.10364814039189549,"{""expression_atlas"": 0.10364814039189549}",unknown,0,[]
ENSG00000164294,GPX8,0,0.08842236691446975,"{""expression_atlas"": 0.08842236691446975}",unknown,0,[]
ENSG00000178462,TUBAL3,0,0.10361422567597257,"{""expression_atlas"": 0.10361422567597257}",unknown,0,[]
ENSG00000142405,NLRP12,0,0.02189589960411554,"{""expression_atlas"": 0.02189589960411554}",unknown,0,[]
ENSG00000067177,PHKA1,0,0.10337786957578873,"{""expression_atlas"": 0.10337786957578873}",unknown,0,[]
ENSG00000144619,CNTN4,0,0.10330540242336661,"{""expression_atlas"": 0.10330540242336661}",unknown,0,[]
ENSG00000168010,ATG16L2,0,0,{},unknown,0,[]
ENSG00000113083,LOX,0,0.011412891268728704,"{""expression_atlas"": 0.011412891268728704}",unknown,0,[]
ENSG00000211673,IGLV3-1,0,0.1031608502472547,"{""expression_atlas"": 0.1031608502472547}",unknown,0,[]
ENSG00000184809,B3GALT5-AS1,0,0.10315399894357653,"{""expression_atlas"": 0.10315399894357653}",unknown,0,[]
ENSG00000186204,CYP4F12,0,0.10299827021334443,"{""expression_atlas"": 0.10299827021334443}",unknown,0,[]
ENSG00000172175,MALT1,0,0,{},unknown,0,[]
ENSG00000104760,FGL1,0,0,{},unknown,0,[]
ENSG00000105483,CARD8,0,0,{},unknown,0,[]
ENSG00000172137,CALB2,0,0.02181302555015283,"{""expression_atlas"": 0.02181302555015283}",unknown,0,[]
ENSG00000177169,ULK1,0,0,{},unknown,0,[]
ENSG00000229474,PATL2,0,0.10251772242636574,"{""expression_atlas"": 0.10251772242636574}",unknown,0,[]
ENSG00000116132,PRRX1,0,0.0948763947622377,"{""expression_atlas"": 0.0948763947622377}",unknown,0,[]
ENSG00000147804,SLC39A4,0,0.1024154477318666,"{""expression_atlas"": 0.1024154477318666}",unknown,0,[]
ENSG00000153303,FRMD1,0,0.1023793873580417,"{""expression_atlas"": 0.1023793873580417}",unknown,0,[]
ENSG00000143819,EPHX1,0,0.02024824603758974,"{""expression_atlas"": 0.02024824603758974}",unknown,0,[]
ENSG00000106333,PCOLCE,0,0.10232987448130536,"{""expression_atlas"": 0.10232987448130536}",unknown,0,[]
ENSG00000189334,S100A14,0,0.10231475323803581,"{""expression_atlas"": 0.10231475323803581}",unknown,0,[]
ENSG00000262814,MRPL12,0,0.10231475323803581,"{""expression_atlas"": 0.10231475323803581}",unknown,0,[]
ENSG00000178078,STAP2,0,0.10231475323803581,"{""expression_atlas"": 0.10231475323803581}",unknown,0,[]
ENSG00000135916,ITM2C,0,0.10231475323803581,"{""expression_atlas"": 0.10231475323803581}",unknown,0,[]
ENSG00000183048,SLC25A10,0,0.10231475323803581,"{""expression_atlas"": 0.10231475323803581}",unknown,0,[]
ENSG00000244187,TMEM141,0,0.10231475323803581,"{""expression_atlas"": 0.10231475323803581}",unknown,0,[]
ENSG00000250479,CHCHD10,0,0.10231475323803581,"{""expression_atlas"": 0.10231475323803581}",unknown,0,[]
ENSG00000137767,SQOR,0,0.10231475323803581,"{""expression_atlas"": 0.10231475323803581}",unknown,0,[]
ENSG00000123159,GIPC1,0,0.10231475323803581,"{""expression_atlas"": 0.10231475323803581}",unknown,0,[]
ENSG00000170606,HSPA4,0,0,{},unknown,0,[]
ENSG00000242950,ERVW-1,0,0,{},unknown,0,[]
ENSG00000123561,SERPINA7,0,0.08940165641095545,"{""expression_atlas"": 0.08940165641095545}",unknown,0,[]
ENSG00000123815,COQ8B,0,0,{},unknown,0,[]
ENSG00000183773,AIFM3,0,0.10164199566287876,"{""expression_atlas"": 0.10164199566287876}",unknown,0,[]
ENSG00000166823,MESP1,0,0.10138396945293981,"{""expression_atlas"": 0.10138396945293981}",unknown,0,[]
ENSG00000176387,HSD11B2,0,0.10137464745689424,"{""expression_atlas"": 0.10137464745689424}",unknown,0,"[""CHEMBL499915""]"
ENSG00000172551,MUCL1,0,0.10128868617908647,"{""expression_atlas"": 0.10128868617908647}",unknown,0,[]
ENSG00000135318,NT5E,0,0,{},unknown,0,[]
ENSG00000170837,GPR27,0,0.10128127088209606,"{""expression_atlas"": 0.10128127088209606}",unknown,0,[]
ENSG00000261618,LINC02605,0,0.10127617291190814,"{""expression_atlas"": 0.10127617291190814}",unknown,0,[]
ENSG00000104432,IL7,0,0.03494230488889672,"{""expression_atlas"": 0.03494230488889672}",unknown,0,[]
ENSG00000182816,KRTAP13-2,0,0.10108260076552104,"{""expression_atlas"": 0.10108260076552104}",unknown,0,[]
ENSG00000259237,LINC02490,0,0.10092272818438844,"{""expression_atlas"": 0.10092272818438844}",unknown,0,[]
ENSG00000261729,GS1-204I12.4,0,0.10089576790552562,"{""expression_atlas"": 0.10089576790552562}",unknown,0,[]
ENSG00000121807,CCR2,0,0.04504182467105497,"{""expression_atlas"": 0.04504182467105497}",unknown,0,[]
ENSG00000118217,ATF6,0,0,{},unknown,0,[]
ENSG00000079112,CDH17,0,0,{},unknown,0,[]
ENSG00000104067,TJP1,0,0,{},unknown,0,[]
ENSG00000143799,PARP1,0,0,{},unknown,0,"[""CHEMBL1094636"", ""CHEMBL1173055"", ""CHEMBL3137320"", ""CHEMBL521686""]"
ENSG00000255267,LINC02687,0,0.10047547827128132,"{""expression_atlas"": 0.10047547827128132}",unknown,0,[]
ENSG00000256540,IQSEC3-AS1,0,0.1003261571837215,"{""expression_atlas"": 0.1003261571837215}",unknown,0,[]
ENSG00000163606,CD200R1,0,0,{},unknown,0,[]
ENSG00000122971,ACADS,0,0.10020043281042366,"{""expression_atlas"": 0.10020043281042366}",unknown,0,[]
ENSG00000179431,FJX1,0,0.10005738161041716,"{""expression_atlas"": 0.10005738161041716}",unknown,0,[]
ENSG00000235026,DPP10-AS1,0,0.10005737400989172,"{""expression_atlas"": 0.10005737400989172}",unknown,0,[]
ENSG00000025708,TYMP,0,0.090673322928904,"{""expression_atlas"": 0.090673322928904}",unknown,0,"[""CHEMBL235668""]"
ENSG00000261371,PECAM1,0,0.052962931087924436,"{""expression_atlas"": 0.052962931087924436}",unknown,0,[]
ENSG00000177181,RIMKLA,0,0.09967829410819862,"{""expression_atlas"": 0.09967829410819862}",unknown,0,[]
ENSG00000166664,CHRFAM7A,0,0.08978271504760478,"{""expression_atlas"": 0.08978271504760478}",unknown,0,[]
ENSG00000167107,ACSF2,0,0.09927589311337048,"{""expression_atlas"": 0.09927589311337048}",unknown,0,[]
ENSG00000087088,BAX,0,0.05086861853558038,"{""expression_atlas"": 0.05086861853558038}",unknown,0,[]
ENSG00000010810,FYN,0,0.03177829523683396,"{""expression_atlas"": 0.03177829523683396}",unknown,0,"[""CHEMBL1421""]"
ENSG00000223806,LINC00114,0,0.099045441451758,"{""expression_atlas"": 0.099045441451758}",unknown,0,[]
ENSG00000142168,SOD1,0,0,{},unknown,0,[]
ENSG00000150556,LYPD6B,0,0.09873526657041802,"{""expression_atlas"": 0.09873526657041802}",unknown,0,[]
ENSG00000132744,ACY3,0,0.09849787277565891,"{""expression_atlas"": 0.09849787277565891}",unknown,0,[]
ENSG00000120708,TGFBI,0,0.09812200023730566,"{""expression_atlas"": 0.09812200023730566}",unknown,0,[]
ENSG00000279017,ENSG00000279017,0,0.09790800437790867,"{""expression_atlas"": 0.09790800437790867}",unknown,0,[]
ENSG00000058404,CAMK2B,0,0.09788836647747458,"{""expression_atlas"": 0.09788836647747458}",unknown,0,[]
ENSG00000148737,TCF7L2,0,0,{},unknown,0,[]
ENSG00000126456,IRF3,0,0,{},unknown,0,[]
ENSG00000130303,BST2,0,0.09782829791046686,"{""expression_atlas"": 0.09782829791046686}",unknown,0,[]
ENSG00000175793,SFN,0,0.09772150046164832,"{""expression_atlas"": 0.09772150046164832}",unknown,0,[]
ENSG00000170214,ADRA1B,0,0.09759134661327273,"{""expression_atlas"": 0.09759134661327273}",unknown,0,"[""CHEMBL1201212"", ""CHEMBL1201234"", ""CHEMBL1201262"", ""CHEMBL1201319"", ""CHEMBL1201454"", ""CHEMBL1215"", ""CHEMBL1266"", ""CHEMBL1437"", ""CHEMBL1546"", ""CHEMBL2"", ""CHEMBL2103827"", ""CHEMBL211456"", ""CHEMBL2364968"", ""CHEMBL312448"", ""CHEMBL3559672"", ""CHEMBL429"", ""CHEMBL524"", ""CHEMBL597"", ""CHEMBL611"", ""CHEMBL644"", ""CHEMBL679"", ""CHEMBL707"", ""CHEMBL709"", ""CHEMBL723"", ""CHEMBL753"", ""CHEMBL761"", ""CHEMBL762"", ""CHEMBL770"", ""CHEMBL836""]"
ENSG00000281756,C2-AS1,0,0.09751726124259404,"{""expression_atlas"": 0.09751726124259404}",unknown,0,[]
ENSG00000136997,MYC,0,0,{},unknown,0,[]
ENSG00000172270,BSG,0,0.0886059443809366,"{""expression_atlas"": 0.0886059443809366}",unknown,0,[]
ENSG00000187513,GJA4,0,0,{},unknown,0,[]
ENSG00000132906,CASP9,0,0,{},unknown,0,[]
ENSG00000149328,GLB1L2,0,0.09713339439748722,"{""expression_atlas"": 0.09713339439748722}",unknown,0,[]
ENSG00000253288,ENSG00000253288,0,0.0971291717388513,"{""expression_atlas"": 0.0971291717388513}",unknown,0,[]
ENSG00000173809,TDRD12,0,0.09712076720767887,"{""expression_atlas"": 0.09712076720767887}",unknown,0,[]
ENSG00000204267,TAP2,0,0.045913433732266876,"{""expression_atlas"": 0.045913433732266876}",unknown,0,[]
ENSG00000132465,JCHAIN,0,0.08936582724890829,"{""expression_atlas"": 0.08936582724890829}",unknown,0,[]
ENSG00000143590,EFNA3,0,0.0817511488977982,"{""expression_atlas"": 0.0817511488977982}",unknown,0,[]
ENSG00000138207,RBP4,0,0.07856189703354795,"{""expression_atlas"": 0.07856189703354795}",unknown,0,[]
ENSG00000171777,RASGRP4,0,0.09683806416168271,"{""expression_atlas"": 0.09683806416168271}",unknown,0,[]
ENSG00000166126,AMN,0,0.09682678021442638,"{""expression_atlas"": 0.09682678021442638}",unknown,0,[]
ENSG00000157368,IL34,0,0,{},unknown,0,[]
ENSG00000255007,LINC02489,0,0.09660295824323416,"{""expression_atlas"": 0.09660295824323416}",unknown,0,[]
ENSG00000203943,SAMD13,0,0.09649782135932139,"{""expression_atlas"": 0.09649782135932139}",unknown,0,[]
ENSG00000198734,F5,0,0,{},unknown,0,[]
ENSG00000183840,GPR39,0,0.09027772344532572,"{""expression_atlas"": 0.09027772344532572}",unknown,0,[]
ENSG00000177409,SAMD9L,0,0.09634688677661352,"{""expression_atlas"": 0.09634688677661352}",unknown,0,[]
ENSG00000167644,C19orf33,0,0.09633850068209754,"{""expression_atlas"": 0.09633850068209754}",unknown,0,[]
ENSG00000114023,FAM162A,0,0.09629623834168079,"{""expression_atlas"": 0.09629623834168079}",unknown,0,[]
ENSG00000167617,CDC42EP5,0,0.09629623834168079,"{""expression_atlas"": 0.09629623834168079}",unknown,0,[]
ENSG00000010438,PRSS3,0,0.09629623834168079,"{""expression_atlas"": 0.09629623834168079}",unknown,0,[]
ENSG00000160271,RALGDS,0,0.09629623834168079,"{""expression_atlas"": 0.09629623834168079}",unknown,0,[]
ENSG00000185168,LINC00482,0,0.09629623834168079,"{""expression_atlas"": 0.09629623834168079}",unknown,0,[]
ENSG00000269313,MAGIX,0,0.09629623834168079,"{""expression_atlas"": 0.09629623834168079}",unknown,0,[]
ENSG00000184828,ZBTB7C,0,0.09629623834168079,"{""expression_atlas"": 0.09629623834168079}",unknown,0,[]
ENSG00000139209,SLC38A4,0,0.09619874539523375,"{""expression_atlas"": 0.09619874539523375}",unknown,0,[]
ENSG00000204290,BTNL2,0,0.06545270600614929,"{""expression_atlas"": 0.06545270600614929}",unknown,0,[]
ENSG00000213886,UBD,0,0.09608271996393362,"{""expression_atlas"": 0.09608271996393362}",unknown,0,[]
ENSG00000131951,LRRC9,0,0.09603778057399084,"{""expression_atlas"": 0.09603778057399084}",unknown,0,[]
ENSG00000095777,MYO3A,0,0.09580994694268734,"{""expression_atlas"": 0.09580994694268734}",unknown,0,[]
ENSG00000104059,ENTREP2,0,0.09568067895083801,"{""expression_atlas"": 0.09568067895083801}",unknown,0,[]
ENSG00000004468,CD38,0,0.0426630114817985,"{""expression_atlas"": 0.0426630114817985}",unknown,0,"[""CHEMBL1743007"", ""CHEMBL3545131""]"
ENSG00000139187,KLRG1,0,0,{},unknown,0,[]
ENSG00000151790,TDO2,0,0.09243851137038624,"{""expression_atlas"": 0.09243851137038624}",unknown,0,[]
ENSG00000226004,SIMALR,0,0.09544913465466938,"{""expression_atlas"": 0.09544913465466938}",unknown,0,[]
ENSG00000187583,PLEKHN1,0,0.09532354906550218,"{""expression_atlas"": 0.09532354906550218}",unknown,0,[]
ENSG00000264269,DYM-AS1,0,0.09532354906550218,"{""expression_atlas"": 0.09532354906550218}",unknown,0,[]
ENSG00000176532,PRR15,0,0.09529664755628796,"{""expression_atlas"": 0.09529664755628796}",unknown,0,[]
ENSG00000131096,PYY,0,0.06553881455480622,"{""expression_atlas"": 0.06553881455480622}",unknown,0,[]
ENSG00000158516,CPA2,0,0.09512082070280413,"{""expression_atlas"": 0.09512082070280413}",unknown,0,[]
ENSG00000138435,CHRNA1,0,0.09508718100227412,"{""expression_atlas"": 0.09508718100227412}",unknown,0,"[""CHEMBL1182833"", ""CHEMBL1190"", ""CHEMBL1201206"", ""CHEMBL1201219"", ""CHEMBL1201244"", ""CHEMBL1201248"", ""CHEMBL1237123"", ""CHEMBL1259"", ""CHEMBL1360"", ""CHEMBL185073"", ""CHEMBL339427"", ""CHEMBL360055"", ""CHEMBL703""]"
ENSG00000163736,PPBP,0,0.07812377521551706,"{""expression_atlas"": 0.07812377521551706}",unknown,0,[]
ENSG00000177000,MTHFR,0,0,{},unknown,0,[]
ENSG00000267607,ICAM4-AS1,0,0.09481504663272534,"{""expression_atlas"": 0.09481504663272534}",unknown,0,[]
ENSG00000166598,HSP90B1,0,0,{},unknown,0,[]
ENSG00000007174,DNAH9,0,0.09465388465160628,"{""expression_atlas"": 0.09465388465160628}",unknown,0,[]
ENSG00000187699,AKAP19,0,0.0943730767970502,"{""expression_atlas"": 0.0943730767970502}",unknown,0,[]
ENSG00000140853,NLRC5,0,0.09128415221861617,"{""expression_atlas"": 0.09128415221861617}",unknown,0,[]
ENSG00000112561,TFEB,0,0,{},unknown,0,[]
ENSG00000105221,AKT2,0,0,{},unknown,0,"[""CHEMBL2325741""]"
ENSG00000186350,RXRA,0,0,{},unknown,0,"[""CHEMBL1023"", ""CHEMBL1131"", ""CHEMBL705""]"
ENSG00000089723,OTUB2,0,0.09418409013510931,"{""expression_atlas"": 0.09418409013510931}",unknown,0,[]
ENSG00000185885,IFITM1,0,0.07896608113093527,"{""expression_atlas"": 0.07896608113093527}",unknown,0,[]
ENSG00000140873,ADAMTS18,0,0.09407544564030819,"{""expression_atlas"": 0.09407544564030819}",unknown,0,[]
ENSG00000136450,SRSF1,0,0.07222217875626058,"{""expression_atlas"": 0.07222217875626058}",unknown,0,[]
ENSG00000159231,CBR3,0,0.09084800341631848,"{""expression_atlas"": 0.09084800341631848}",unknown,0,[]
ENSG00000151468,CCDC3,0,0.09374137683298085,"{""expression_atlas"": 0.09374137683298085}",unknown,0,[]
ENSG00000227482,ENSG00000227482,0,0.09344447918478196,"{""expression_atlas"": 0.09344447918478196}",unknown,0,[]
ENSG00000254467,ENSG00000254467,0,0.09340489007956519,"{""expression_atlas"": 0.09340489007956519}",unknown,0,[]
ENSG00000219159,ENSG00000219159,0,0.09335697270587859,"{""expression_atlas"": 0.09335697270587859}",unknown,0,[]
ENSG00000204291,COL15A1,0,0.09329884263716016,"{""expression_atlas"": 0.09329884263716016}",unknown,0,"[""CHEMBL2095222"", ""CHEMBL2108709""]"
ENSG00000159713,TPPP3,0,0.09326909061257654,"{""expression_atlas"": 0.09326909061257654}",unknown,0,[]
ENSG00000214922,HLA-F-AS1,0,0.08563617850712213,"{""expression_atlas"": 0.08563617850712213}",unknown,0,[]
ENSG00000180644,PRF1,0,0.020150912172277106,"{""expression_atlas"": 0.020150912172277106}",unknown,0,[]
ENSG00000224389,C4B,0,0.08772136124703153,"{""expression_atlas"": 0.08772136124703153}",unknown,0,[]
ENSG00000184261,KCNK12,0,0.09294985789541876,"{""expression_atlas"": 0.09294985789541876}",unknown,0,[]
ENSG00000196776,CD47,0,0,{},unknown,0,[]
ENSG00000171223,JUNB,0,0.0895875987996039,"{""expression_atlas"": 0.0895875987996039}",unknown,0,[]
ENSG00000125968,ID1,0,0.054086618116603695,"{""expression_atlas"": 0.054086618116603695}",unknown,0,[]
ENSG00000249395,CASC9,0,0.09253168031670501,"{""expression_atlas"": 0.09253168031670501}",unknown,0,[]
ENSG00000171711,DEFB4A,0,0.08177381504822202,"{""expression_atlas"": 0.08177381504822202}",unknown,0,[]
ENSG00000260467,ENSG00000260467,0,0.09236491328615457,"{""expression_atlas"": 0.09236491328615457}",unknown,0,[]
ENSG00000142549,IGLON5,0,0.09233965925783472,"{""expression_atlas"": 0.09233965925783472}",unknown,0,[]
ENSG00000117090,SLAMF1,0,0.035064009087656944,"{""expression_atlas"": 0.035064009087656944}",unknown,0,[]
ENSG00000231292,IGKV1OR2-108,0,0.09224577332568065,"{""expression_atlas"": 0.09224577332568065}",unknown,0,[]
ENSG00000163959,SLC51A,0,0.0919370981679928,"{""expression_atlas"": 0.0919370981679928}",unknown,0,[]
ENSG00000166710,B2M,0,0.06988673168112546,"{""expression_atlas"": 0.06988673168112546}",unknown,0,[]
ENSG00000099958,DERL3,0,0.09175714638678867,"{""expression_atlas"": 0.09175714638678867}",unknown,0,[]
ENSG00000258474,LINC02313,0,0.09162541138307873,"{""expression_atlas"": 0.09162541138307873}",unknown,0,[]
ENSG00000100097,LGALS1,0,0.024004203310441143,"{""expression_atlas"": 0.024004203310441143}",unknown,0,[]
ENSG00000197977,ELOVL2,0,0.0913827293064505,"{""expression_atlas"": 0.0913827293064505}",unknown,0,[]
ENSG00000171428,NAT1,0,0,{},unknown,0,[]
ENSG00000196468,FGF16,0,0,{},unknown,0,[]
ENSG00000258818,RNASE4,0,0,{},unknown,0,[]
ENSG00000108839,ALOX12,0,0,{},unknown,0,[]
ENSG00000140522,RLBP1,0,0,{},unknown,0,[]
ENSG00000148516,ZEB1,0,0,{},unknown,0,[]
ENSG00000065675,PRKCQ,0,0,{},unknown,0,"[""CHEMBL608533""]"
ENSG00000166426,CRABP1,0,0.08505685912266057,"{""expression_atlas"": 0.08505685912266057}",unknown,0,[]
ENSG00000054356,PTPRN,0,0.08345987485298752,"{""expression_atlas"": 0.08345987485298752}",unknown,0,[]
ENSG00000148180,GSN,0,0,{},unknown,0,[]
ENSG00000186732,MPPED1,0,0.09088124524478437,"{""expression_atlas"": 0.09088124524478437}",unknown,0,[]
ENSG00000206337,HCP5,0,0.09066894019996773,"{""expression_atlas"": 0.09066894019996773}",unknown,0,[]
ENSG00000211899,IGHM,0,0.09054343997403627,"{""expression_atlas"": 0.09054343997403627}",unknown,0,[]
ENSG00000146648,EGFR,0,0,{},unknown,0,"[""CHEMBL1173655"", ""CHEMBL1201577"", ""CHEMBL1201827"", ""CHEMBL1743047"", ""CHEMBL180022"", ""CHEMBL2110732"", ""CHEMBL24828"", ""CHEMBL3353410"", ""CHEMBL3545311"", ""CHEMBL3786343"", ""CHEMBL4297774"", ""CHEMBL4558324"", ""CHEMBL4650319"", ""CHEMBL553"", ""CHEMBL554"", ""CHEMBL939""]"
ENSG00000139343,SNRPF,0,0.09027772344532572,"{""expression_atlas"": 0.09027772344532572}",unknown,0,[]
ENSG00000085831,TTC39A,0,0.09027772344532572,"{""expression_atlas"": 0.09027772344532572}",unknown,0,[]
ENSG00000103855,CD276,0,0.09027772344532572,"{""expression_atlas"": 0.09027772344532572}",unknown,0,[]
ENSG00000172366,MCRIP2,0,0.09027772344532572,"{""expression_atlas"": 0.09027772344532572}",unknown,0,[]
ENSG00000171813,PWWP2B,0,0.09027772344532572,"{""expression_atlas"": 0.09027772344532572}",unknown,0,[]
ENSG00000176894,PXMP2,0,0.09027772344532572,"{""expression_atlas"": 0.09027772344532572}",unknown,0,[]
ENSG00000271447,MMP28,0,0.09027772344532572,"{""expression_atlas"": 0.09027772344532572}",unknown,0,[]
ENSG00000160113,NR2F6,0,0.09027772344532572,"{""expression_atlas"": 0.09027772344532572}",unknown,0,[]
ENSG00000167136,ENDOG,0,0.09027772344532572,"{""expression_atlas"": 0.09027772344532572}",unknown,0,[]
ENSG00000092345,DAZL,0,0.0902439418532821,"{""expression_atlas"": 0.0902439418532821}",unknown,0,[]
ENSG00000124701,APOBEC2,0,0.09019686657574406,"{""expression_atlas"": 0.09019686657574406}",unknown,0,[]
ENSG00000179344,HLA-DQB1,0,0.07763542728765917,"{""expression_atlas"": 0.07763542728765917}",unknown,0,[]
ENSG00000164458,TBXT,0,0.0842827360793273,"{""expression_atlas"": 0.0842827360793273}",unknown,0,[]
ENSG00000005844,ITGAL,0,0.01961607813325299,"{""expression_atlas"": 0.01961607813325299}",unknown,0,"[""CHEMBL2048028""]"
ENSG00000145649,GZMA,0,0.019178239026543243,"{""expression_atlas"": 0.019178239026543243}",unknown,0,[]
ENSG00000222001,ENSG00000222001,0,0.08990403970698835,"{""expression_atlas"": 0.08990403970698835}",unknown,0,[]
ENSG00000179913,B3GNT3,0,0.0898869437670051,"{""expression_atlas"": 0.0898869437670051}",unknown,0,[]
ENSG00000101680,LAMA1,0,0.0898391435087259,"{""expression_atlas"": 0.0898391435087259}",unknown,0,"[""CHEMBL2095222""]"
ENSG00000120949,TNFRSF8,0,0.01372806968377501,"{""expression_atlas"": 0.01372806968377501}",unknown,0,"[""CHEMBL1742994""]"
ENSG00000070190,DAPP1,0,0.07462735607757853,"{""expression_atlas"": 0.07462735607757853}",unknown,0,[]
ENSG00000173621,LRFN4,0,0.08982529510317114,"{""expression_atlas"": 0.08982529510317114}",unknown,0,[]
ENSG00000233077,LINC01271,0,0.08973781378140856,"{""expression_atlas"": 0.08973781378140856}",unknown,0,[]
ENSG00000117601,SERPINC1,0,0,{},unknown,0,"[""CHEMBL1201202"", ""CHEMBL1201414"", ""CHEMBL1201448"", ""CHEMBL1201460"", ""CHEMBL1201476"", ""CHEMBL1201513"", ""CHEMBL1201534"", ""CHEMBL1201657"", ""CHEMBL2109204"", ""CHEMBL4650299""]"
ENSG00000206503,HLA-A,0,0.05061219326703812,"{""expression_atlas"": 0.05061219326703812}",unknown,0,[]
ENSG00000274139,ENSG00000274139,0,0.08944227871266108,"{""expression_atlas"": 0.08944227871266108}",unknown,0,[]
ENSG00000137251,TINAG,0,0.08936934863587949,"{""expression_atlas"": 0.08936934863587949}",unknown,0,[]
ENSG00000248663,LINC00992,0,0.08934971696785884,"{""expression_atlas"": 0.08934971696785884}",unknown,0,[]
ENSG00000253313,C1orf210,0,0.08930985624628053,"{""expression_atlas"": 0.08930985624628053}",unknown,0,[]
ENSG00000149131,SERPING1,0,0.05362471514050852,"{""expression_atlas"": 0.05362471514050852}",unknown,0,"[""CHEMBL2108350""]"
ENSG00000119715,ESRRB,0,0.044665666356348,"{""expression_atlas"": 0.044665666356348}",unknown,0,[]
ENSG00000205362,MT1A,0,0.08899910622061101,"{""expression_atlas"": 0.08899910622061101}",unknown,0,[]
ENSG00000196154,S100A4,0,0,{},unknown,0,[]
ENSG00000182752,PAPPA,0,0.0888910578724813,"{""expression_atlas"": 0.0888910578724813}",unknown,0,[]
ENSG00000172037,LAMB2,0,0,{},unknown,0,"[""CHEMBL2095222""]"
ENSG00000213927,CCL27,0,0,{},unknown,0,[]
ENSG00000148848,ADAM12,0,0.08866257514305782,"{""expression_atlas"": 0.08866257514305782}",unknown,0,[]
ENSG00000146678,IGFBP1,0,0,{},unknown,0,[]
ENSG00000164047,CAMP,0,0,{},unknown,0,[]
ENSG00000259884,NR4A1AS,0,0.08861252555709173,"{""expression_atlas"": 0.08861252555709173}",unknown,0,[]
ENSG00000132000,PODNL1,0,0.08844673592879031,"{""expression_atlas"": 0.08844673592879031}",unknown,0,[]
ENSG00000226629,LINC00974,0,0.088320036399886,"{""expression_atlas"": 0.088320036399886}",unknown,0,[]
ENSG00000101213,PTK6,0,0.07615227442204209,"{""expression_atlas"": 0.07615227442204209}",unknown,0,"[""CHEMBL24828""]"
ENSG00000114204,SERPINI2,0,0.08828449720430945,"{""expression_atlas"": 0.08828449720430945}",unknown,0,[]
ENSG00000042832,TG,0,0,{},unknown,0,[]
ENSG00000263639,MSMB,0,0.07828707971095815,"{""expression_atlas"": 0.07828707971095815}",unknown,0,[]
ENSG00000079805,DNM2,0,0,{},unknown,0,[]
ENSG00000135116,HRK,0,0.08810322102596647,"{""expression_atlas"": 0.08810322102596647}",unknown,0,[]
ENSG00000026950,BTN3A1,0,0.08808076828116239,"{""expression_atlas"": 0.08808076828116239}",unknown,0,[]
ENSG00000153002,CPB1,0,0.08804074755403814,"{""expression_atlas"": 0.08804074755403814}",unknown,0,[]
ENSG00000188373,GPR15LG,0,0.0879957783396051,"{""expression_atlas"": 0.0879957783396051}",unknown,0,[]
ENSG00000113088,GZMK,0,0.018460287072960293,"{""expression_atlas"": 0.018460287072960293}",unknown,0,[]
ENSG00000160182,TFF1,0,0.05867653721352291,"{""expression_atlas"": 0.05867653721352291}",unknown,0,[]
ENSG00000165973,NELL1,0,0,{},unknown,0,[]
ENSG00000119547,ONECUT2,0,0.08776019865009337,"{""expression_atlas"": 0.08776019865009337}",unknown,0,[]
ENSG00000172817,CYP7B1,0,0.08462923753766344,"{""expression_atlas"": 0.08462923753766344}",unknown,0,[]
ENSG00000203710,CR1,0,0.08038831619472703,"{""expression_atlas"": 0.08038831619472703}",unknown,0,[]
ENSG00000126432,PRDX5,0,0.07745038361572053,"{""expression_atlas"": 0.07745038361572053}",unknown,0,[]
ENSG00000215788,TNFRSF25,0,0,{},unknown,0,[]
ENSG00000211626,IGKV6D-41,0,0.0872733648868632,"{""expression_atlas"": 0.0872733648868632}",unknown,0,[]
ENSG00000188037,CLCN1,0,0.08722095342634037,"{""expression_atlas"": 0.08722095342634037}",unknown,0,[]
ENSG00000148344,PTGES,0,0.07640186718380343,"{""expression_atlas"": 0.07640186718380343}",unknown,0,[]
ENSG00000175697,GPR156,0,0.08695855909343408,"{""expression_atlas"": 0.08695855909343408}",unknown,0,[]
ENSG00000196628,TCF4,0,0.014607581088481536,"{""expression_atlas"": 0.014607581088481536}",unknown,0,[]
ENSG00000196196,HRCT1,0,0.08681963137791393,"{""expression_atlas"": 0.08681963137791393}",unknown,0,[]
ENSG00000087250,MT3,0,0.08673228047434584,"{""expression_atlas"": 0.08673228047434584}",unknown,0,[]
ENSG00000273971,ENSG00000273971,0,0.0866763906041502,"{""expression_atlas"": 0.0866763906041502}",unknown,0,[]
ENSG00000148680,HTR7,0,0,{},unknown,0,"[""CHEMBL243712""]"
ENSG00000119227,PIGZ,0,0.08660608848489776,"{""expression_atlas"": 0.08660608848489776}",unknown,0,[]
ENSG00000277481,PKD1L3,0,0.08647157917398393,"{""expression_atlas"": 0.08647157917398393}",unknown,0,[]
ENSG00000160471,COX6B2,0,0.08636686496162457,"{""expression_atlas"": 0.08636686496162457}",unknown,0,[]
ENSG00000154734,ADAMTS1,0,0.0863169357646804,"{""expression_atlas"": 0.0863169357646804}",unknown,0,[]
ENSG00000224259,LINC01133,0,0.0862697969309246,"{""expression_atlas"": 0.0862697969309246}",unknown,0,[]
ENSG00000274536,MIR223HG,0,0.08625827131923194,"{""expression_atlas"": 0.08625827131923194}",unknown,0,[]
ENSG00000049283,EPN3,0,0.08617148759708812,"{""expression_atlas"": 0.08617148759708812}",unknown,0,[]
ENSG00000214595,EML6,0,0.0860807075980375,"{""expression_atlas"": 0.0860807075980375}",unknown,0,[]
ENSG00000096060,FKBP5,0,0.015003188106583147,"{""expression_atlas"": 0.015003188106583147}",unknown,0,[]
ENSG00000167080,B4GALNT2,0,0.08576761542967941,"{""expression_atlas"": 0.08576761542967941}",unknown,0,[]
ENSG00000183242,WT1-AS,0,0.0857360827232745,"{""expression_atlas"": 0.0857360827232745}",unknown,0,[]
ENSG00000259863,SH3RF3-AS1,0,0.08570418779826972,"{""expression_atlas"": 0.08570418779826972}",unknown,0,[]
ENSG00000052344,PRSS8,0,0.07543210622504581,"{""expression_atlas"": 0.07543210622504581}",unknown,0,[]
ENSG00000134285,FKBP11,0,0.032777269347831116,"{""expression_atlas"": 0.032777269347831116}",unknown,0,[]
ENSG00000168243,GNG4,0,0.07633692580753504,"{""expression_atlas"": 0.07633692580753504}",unknown,0,[]
ENSG00000250266,LINC01612,0,0.08538665644129577,"{""expression_atlas"": 0.08538665644129577}",unknown,0,[]
ENSG00000109181,UGT2B10,0,0.08532933598025778,"{""expression_atlas"": 0.08532933598025778}",unknown,0,[]
ENSG00000128309,MPST,0,0.08070332691018242,"{""expression_atlas"": 0.08070332691018242}",unknown,0,[]
ENSG00000186810,CXCR3,0,0,{},unknown,0,[]
ENSG00000211654,IGLV5-37,0,0.08517416622136076,"{""expression_atlas"": 0.08517416622136076}",unknown,0,[]
ENSG00000196419,XRCC6,0,0,{},unknown,0,[]
ENSG00000182968,SOX1,0,0,{},unknown,0,[]
ENSG00000162909,CAPN2,0,0,{},unknown,0,[]
ENSG00000068745,IP6K2,0,0,{},unknown,0,[]
ENSG00000110046,ATG2A,0,0,{},unknown,0,[]
ENSG00000086062,B4GALT1,0,0,{},unknown,0,[]
ENSG00000174514,SLC60A1,0,0.08509622162065426,"{""expression_atlas"": 0.08509622162065426}",unknown,0,[]
ENSG00000124939,SCGB2A1,0,0.08507103631254263,"{""expression_atlas"": 0.08507103631254263}",unknown,0,[]
ENSG00000100427,MLC1,0,0.017476370671008518,"{""expression_atlas"": 0.017476370671008518}",unknown,0,[]
ENSG00000170421,KRT8,0,0.0686316298935232,"{""expression_atlas"": 0.0686316298935232}",unknown,0,[]
ENSG00000147889,CDKN2A,0,0,{},unknown,0,[]
ENSG00000102871,TRADD,0,0,{},unknown,0,[]
ENSG00000095203,EPB41L4B,0,0.08491168281725027,"{""expression_atlas"": 0.08491168281725027}",unknown,0,[]
ENSG00000187097,ENTPD5,0,0.08483746036362244,"{""expression_atlas"": 0.08483746036362244}",unknown,0,[]
ENSG00000177606,JUN,0,0,{},unknown,0,[]
ENSG00000152266,PTH,0,0,{},unknown,0,[]
ENSG00000169594,BNC1,0,0.08475572784726443,"{""expression_atlas"": 0.08475572784726443}",unknown,0,[]
ENSG00000198074,AKR1B10,0,0.08470119355185406,"{""expression_atlas"": 0.08470119355185406}",unknown,0,[]
ENSG00000261146,ENSG00000261146,0,0.08465778443801303,"{""expression_atlas"": 0.08465778443801303}",unknown,0,[]
ENSG00000184113,CLDN5,0,0.07325200979104082,"{""expression_atlas"": 0.07325200979104082}",unknown,0,[]
ENSG00000123240,OPTN,0,0,{},unknown,0,[]
ENSG00000099624,ATP5F1D,0,0.0844421377623263,"{""expression_atlas"": 0.0844421377623263}",unknown,0,[]
ENSG00000164756,SLC30A8,0,0.08433802169950479,"{""expression_atlas"": 0.08433802169950479}",unknown,0,[]
ENSG00000267147,LINC01842,0,0.0841963245788113,"{""expression_atlas"": 0.0841963245788113}",unknown,0,[]
ENSG00000125775,SDCBP2,0,0.08418526676139794,"{""expression_atlas"": 0.08418526676139794}",unknown,0,[]
ENSG00000250133,HOXC-AS2,0,0.08412573796416403,"{""expression_atlas"": 0.08412573796416403}",unknown,0,[]
ENSG00000204256,BRD2,0,0,{},unknown,0,[]
ENSG00000088002,SULT2B1,0,0.08392195602632634,"{""expression_atlas"": 0.08392195602632634}",unknown,0,[]
ENSG00000198355,PIM3,0,0.08376882828345236,"{""expression_atlas"": 0.08376882828345236}",unknown,0,[]
ENSG00000101489,CELF4,0,0.0837495612990622,"{""expression_atlas"": 0.0837495612990622}",unknown,0,[]
ENSG00000100219,XBP1,0,0.022549141292012697,"{""expression_atlas"": 0.022549141292012697}",unknown,0,[]
ENSG00000091879,ANGPT2,0,0.021049871191689513,"{""expression_atlas"": 0.021049871191689513}",unknown,0,"[""CHEMBL4297750""]"
ENSG00000236637,IFNA4,0,0,{},unknown,0,[]
ENSG00000139289,PHLDA1,0,0.08358044091853356,"{""expression_atlas"": 0.08358044091853356}",unknown,0,[]
ENSG00000138738,PRDM5,0,0.018123576785553736,"{""expression_atlas"": 0.018123576785553736}",unknown,0,[]
ENSG00000182985,CADM1,0,0,{},unknown,0,[]
ENSG00000251393,ENSG00000251393,0,0.08350050897329621,"{""expression_atlas"": 0.08350050897329621}",unknown,0,[]
ENSG00000228526,MIR34AHG,0,0.08346875448141629,"{""expression_atlas"": 0.08346875448141629}",unknown,0,[]
ENSG00000165449,SLC16A9,0,0.08346436254043728,"{""expression_atlas"": 0.08346436254043728}",unknown,0,[]
ENSG00000135362,PRR5L,0,0.0834081054323144,"{""expression_atlas"": 0.0834081054323144}",unknown,0,[]
ENSG00000095380,NANS,0,0.0834081054323144,"{""expression_atlas"": 0.0834081054323144}",unknown,0,[]
ENSG00000075142,SRI,0,0.0834081054323144,"{""expression_atlas"": 0.0834081054323144}",unknown,0,[]
ENSG00000204219,TCEA3,0,0.0834081054323144,"{""expression_atlas"": 0.0834081054323144}",unknown,0,[]
ENSG00000277972,CISD3,0,0.0834081054323144,"{""expression_atlas"": 0.0834081054323144}",unknown,0,[]
ENSG00000130768,SMPDL3B,0,0.0834081054323144,"{""expression_atlas"": 0.0834081054323144}",unknown,0,[]
ENSG00000100300,TSPO,0,0.0834081054323144,"{""expression_atlas"": 0.0834081054323144}",unknown,0,[]
ENSG00000139410,SDSL,0,0.0834081054323144,"{""expression_atlas"": 0.0834081054323144}",unknown,0,[]
ENSG00000135617,PRADC1,0,0.0834081054323144,"{""expression_atlas"": 0.0834081054323144}",unknown,0,[]
ENSG00000137563,GGH,0,0.0834081054323144,"{""expression_atlas"": 0.0834081054323144}",unknown,0,[]
ENSG00000170545,SMAGP,0,0.0834081054323144,"{""expression_atlas"": 0.0834081054323144}",unknown,0,[]
ENSG00000159199,ATP5MC1,0,0.0834081054323144,"{""expression_atlas"": 0.0834081054323144}",unknown,0,[]
ENSG00000228643,ENSG00000228643,0,0.08320249722135464,"{""expression_atlas"": 0.08320249722135464}",unknown,0,[]
ENSG00000113722,CDX1,0,0.08301198557965889,"{""expression_atlas"": 0.08301198557965889}",unknown,0,[]
ENSG00000243384,ENSG00000243384,0,0.08292907057017455,"{""expression_atlas"": 0.08292907057017455}",unknown,0,[]
ENSG00000222041,CYTOR,0,0.08290617497401334,"{""expression_atlas"": 0.08290617497401334}",unknown,0,[]
ENSG00000173757,STAT5B,0,0,{},unknown,0,[]
ENSG00000233030,ENSG00000233030,0,0.0827706472779301,"{""expression_atlas"": 0.0827706472779301}",unknown,0,[]
ENSG00000130429,ARPC1B,0,0.08275116295622734,"{""expression_atlas"": 0.08275116295622734}",unknown,0,[]
ENSG00000184381,PLA2G6,0,0,{},unknown,0,[]
ENSG00000106588,PSMA2,0,0,{},unknown,0,"[""CHEMBL325041"", ""CHEMBL3545432"", ""CHEMBL451887""]"
ENSG00000198650,TAT,0,0.07808494013755388,"{""expression_atlas"": 0.07808494013755388}",unknown,0,[]
ENSG00000129354,AP1M2,0,0.07801657441744894,"{""expression_atlas"": 0.07801657441744894}",unknown,0,[]
ENSG00000223485,LINC01615,0,0.08244525391659333,"{""expression_atlas"": 0.08244525391659333}",unknown,0,[]
ENSG00000255026,ENSG00000255026,0,0.08221188140405425,"{""expression_atlas"": 0.08221188140405425}",unknown,0,[]
ENSG00000091592,NLRP1,0,0,{},unknown,0,[]
ENSG00000136436,CALCOCO2,0,0,{},unknown,0,[]
ENSG00000010292,NCAPD2,0,0,{},unknown,0,[]
ENSG00000134216,CHIA,0,0,{},unknown,0,[]
ENSG00000205755,CRLF2,0,0.08202903437433516,"{""expression_atlas"": 0.08202903437433516}",unknown,0,[]
ENSG00000100292,HMOX1,0,0.016807091747496478,"{""expression_atlas"": 0.016807091747496478}",unknown,0,[]
ENSG00000182327,GLTPD2,0,0.08185249564969146,"{""expression_atlas"": 0.08185249564969146}",unknown,0,[]
ENSG00000184434,LRRC19,0,0.08184304260180232,"{""expression_atlas"": 0.08184304260180232}",unknown,0,[]
ENSG00000172404,DNAJB7,0,0.08182716801001991,"{""expression_atlas"": 0.08182716801001991}",unknown,0,[]
ENSG00000257612,MIR4307HG,0,0.08178974022129958,"{""expression_atlas"": 0.08178974022129958}",unknown,0,[]
ENSG00000158055,GRHL3,0,0.07612864872200559,"{""expression_atlas"": 0.07612864872200559}",unknown,0,[]
ENSG00000069667,RORA,0,0,{},unknown,0,[]
ENSG00000186198,SLC51B,0,0.08165698341831426,"{""expression_atlas"": 0.08165698341831426}",unknown,0,[]
ENSG00000152377,SPOCK1,0,0.08135607798204857,"{""expression_atlas"": 0.08135607798204857}",unknown,0,[]
ENSG00000163600,ICOS,0,0.011275822801184757,"{""expression_atlas"": 0.011275822801184757}",unknown,0,[]
ENSG00000134193,REG4,0,0.074934008983615,"{""expression_atlas"": 0.074934008983615}",unknown,0,[]
ENSG00000115363,EVA1A,0,0.08132646940332344,"{""expression_atlas"": 0.08132646940332344}",unknown,0,[]
ENSG00000143369,ECM1,0,0,{},unknown,0,[]
ENSG00000277653,ENSG00000277653,0,0.0812693199821288,"{""expression_atlas"": 0.0812693199821288}",unknown,0,[]
ENSG00000124490,CRISP2,0,0.08112172469096435,"{""expression_atlas"": 0.08112172469096435}",unknown,0,[]
ENSG00000114859,CLCN2,0,0.08110111089628633,"{""expression_atlas"": 0.08110111089628633}",unknown,0,"[""CHEMBL1201134""]"
ENSG00000159166,LAD1,0,0.0733647687856622,"{""expression_atlas"": 0.0733647687856622}",unknown,0,[]
ENSG00000088727,KIF9,0,0,{},unknown,0,[]
ENSG00000111341,MGP,0,0.036807568043423396,"{""expression_atlas"": 0.036807568043423396}",unknown,0,[]
ENSG00000139292,LGR5,0,0,{},unknown,0,[]
ENSG00000102996,MMP15,0,0.07745038361572053,"{""expression_atlas"": 0.07745038361572053}",unknown,0,[]
ENSG00000130816,DNMT1,0,0,{},unknown,0,"[""CHEMBL1201129"", ""CHEMBL1489""]"
ENSG00000169562,GJB1,0,0.0804065613951059,"{""expression_atlas"": 0.0804065613951059}",unknown,0,[]
ENSG00000171431,KRT20,0,0.054588444662865596,"{""expression_atlas"": 0.054588444662865596}",unknown,0,[]
ENSG00000250198,LINC02199,0,0.08031088273806854,"{""expression_atlas"": 0.08031088273806854}",unknown,0,[]
ENSG00000187242,KRT12,0,0.0802391905132451,"{""expression_atlas"": 0.0802391905132451}",unknown,0,[]
ENSG00000012660,ELOVL5,0,0.08018596649015954,"{""expression_atlas"": 0.08018596649015954}",unknown,0,[]
ENSG00000260877,ENSG00000260877,0,0.08017307800774491,"{""expression_atlas"": 0.08017307800774491}",unknown,0,[]
ENSG00000105928,GSDME,0,0.024377841909853926,"{""expression_atlas"": 0.024377841909853926}",unknown,0,[]
ENSG00000197921,HES5,0,0.08010914712084224,"{""expression_atlas"": 0.08010914712084224}",unknown,0,[]
ENSG00000253140,LINC02947,0,0.0798169909297587,"{""expression_atlas"": 0.0798169909297587}",unknown,0,[]
ENSG00000163191,S100A11,0,0.07675404929174642,"{""expression_atlas"": 0.07675404929174642}",unknown,0,[]
ENSG00000110092,CCND1,0,0,{},unknown,0,"[""CHEMBL189963""]"
ENSG00000169752,NRG4,0,0,{},unknown,0,[]
ENSG00000118260,CREB1,0,0,{},unknown,0,[]
ENSG00000196581,AJAP1,0,0.07953683439320858,"{""expression_atlas"": 0.07953683439320858}",unknown,0,[]
ENSG00000251179,TMEM92-AS1,0,0.07938017802090966,"{""expression_atlas"": 0.07938017802090966}",unknown,0,[]
ENSG00000106799,TGFBR1,0,0.07101664364620122,"{""expression_atlas"": 0.07101664364620122}",unknown,0,[]
ENSG00000185313,SCN10A,0,0,{},unknown,0,"[""CHEMBL1068"", ""CHEMBL1075"", ""CHEMBL1077896"", ""CHEMBL108"", ""CHEMBL1086"", ""CHEMBL1087"", ""CHEMBL1093"", ""CHEMBL1095"", ""CHEMBL1179047"", ""CHEMBL1194"", ""CHEMBL1195"", ""CHEMBL1196"", ""CHEMBL1197"", ""CHEMBL1200"", ""CHEMBL1200443"", ""CHEMBL1201217"", ""CHEMBL1201242"", ""CHEMBL1201336"", ""CHEMBL1201486"", ""CHEMBL1201754"", ""CHEMBL1242"", ""CHEMBL1294"", ""CHEMBL16"", ""CHEMBL1762"", ""CHEMBL184412"", ""CHEMBL220492"", ""CHEMBL315985"", ""CHEMBL370805"", ""CHEMBL3989949"", ""CHEMBL492"", ""CHEMBL517"", ""CHEMBL558"", ""CHEMBL569"", ""CHEMBL58323"", ""CHEMBL631"", ""CHEMBL640"", ""CHEMBL698"", ""CHEMBL741"", ""CHEMBL744"", ""CHEMBL750"", ""CHEMBL79"", ""CHEMBL856"", ""CHEMBL861"", ""CHEMBL87992"", ""CHEMBL900"", ""CHEMBL918""]"
ENSG00000205358,MT1H,0,0.07931160507468948,"{""expression_atlas"": 0.07931160507468948}",unknown,0,[]
ENSG00000141854,MISP3,0,0.0792864555845391,"{""expression_atlas"": 0.0792864555845391}",unknown,0,[]
ENSG00000113140,SPARC,0,0.026293563231246573,"{""expression_atlas"": 0.026293563231246573}",unknown,0,[]
ENSG00000204655,MOG,0,0,{},unknown,0,[]
ENSG00000159224,GIP,0,0.04662359813260495,"{""expression_atlas"": 0.04662359813260495}",unknown,0,[]
ENSG00000154589,LY96,0,0.0496282939172056,"{""expression_atlas"": 0.0496282939172056}",unknown,0,[]
ENSG00000204592,HLA-E,0,0.07149266179912664,"{""expression_atlas"": 0.07149266179912664}",unknown,0,[]
ENSG00000111087,GLI1,0,0,{},unknown,0,[]
ENSG00000119699,TGFB3,0,0,{},unknown,0,"[""CHEMBL3039545""]"
ENSG00000125753,VASP,0,0,{},unknown,0,[]
ENSG00000186803,IFNA10,0,0,{},unknown,0,[]
ENSG00000143545,RAB13,0,0,{},unknown,0,[]
ENSG00000189091,SF3B3,0,0,{},unknown,0,[]
ENSG00000115252,PDE1A,0,0,{},unknown,0,"[""CHEMBL628"", ""CHEMBL932""]"
ENSG00000120889,TNFRSF10B,0,0,{},unknown,0,[]
ENSG00000111684,LPCAT3,0,0,{},unknown,0,[]
ENSG00000174775,HRAS,0,0,{},unknown,0,[]
ENSG00000170266,GLB1,0,0,{},unknown,0,[]
ENSG00000147852,VLDLR,0,0.07900519519545483,"{""expression_atlas"": 0.07900519519545483}",unknown,0,[]
ENSG00000180287,PLD5,0,0.07893025794809598,"{""expression_atlas"": 0.07893025794809598}",unknown,0,[]
ENSG00000143379,SETDB1,0,0,{},unknown,0,[]
ENSG00000168032,ENTPD3,0,0.07197490687271067,"{""expression_atlas"": 0.07197490687271067}",unknown,0,[]
ENSG00000172061,LRRC15,0,0.07880065103007548,"{""expression_atlas"": 0.07880065103007548}",unknown,0,[]
ENSG00000277586,NEFL,0,0.02314742301402973,"{""expression_atlas"": 0.02314742301402973}",unknown,0,[]
ENSG00000163501,IHH,0,0.07868109737007721,"{""expression_atlas"": 0.07868109737007721}",unknown,0,[]
ENSG00000164484,TMEM200A,0,0.07866503781330832,"{""expression_atlas"": 0.07866503781330832}",unknown,0,[]
ENSG00000269646,ZNF888-AS1,0,0.07857066971331761,"{""expression_atlas"": 0.07857066971331761}",unknown,0,[]
ENSG00000229618,ENSG00000229618,0,0.07850984397105454,"{""expression_atlas"": 0.07850984397105454}",unknown,0,[]
ENSG00000162460,TMEM82,0,0.07848427210613006,"{""expression_atlas"": 0.07848427210613006}",unknown,0,[]
ENSG00000120913,PDLIM2,0,0.022123525073589306,"{""expression_atlas"": 0.022123525073589306}",unknown,0,[]
ENSG00000164344,KLKB1,0,0.07848067063000848,"{""expression_atlas"": 0.07848067063000848}",unknown,0,"[""CHEMBL1201837"", ""CHEMBL3545189"", ""CHEMBL4297549"", ""CHEMBL5189739""]"
ENSG00000136048,DRAM1,0,0.0728065844512008,"{""expression_atlas"": 0.0728065844512008}",unknown,0,[]
ENSG00000110013,SIAE,0,0.07532702055604723,"{""expression_atlas"": 0.07532702055604723}",unknown,0,[]
ENSG00000168938,PPIC,0,0.07824069365261564,"{""expression_atlas"": 0.07824069365261564}",unknown,0,[]
ENSG00000100028,SNRPD3,0,0.07824069365261564,"{""expression_atlas"": 0.07824069365261564}",unknown,0,[]
ENSG00000158014,SLC30A2,0,0.07516321581840976,"{""expression_atlas"": 0.07516321581840976}",unknown,0,[]
ENSG00000227258,SMIM2-AS1,0,0.07818171615876758,"{""expression_atlas"": 0.07818171615876758}",unknown,0,[]
ENSG00000149418,ST14,0,0.05793421913936444,"{""expression_atlas"": 0.05793421913936444}",unknown,0,[]
ENSG00000165215,CLDN3,0,0.07348158085287511,"{""expression_atlas"": 0.07348158085287511}",unknown,0,[]
ENSG00000176058,TPRN,0,0.07768846350904678,"{""expression_atlas"": 0.07768846350904678}",unknown,0,[]
ENSG00000182326,C1S,0,0.03805086767404828,"{""expression_atlas"": 0.03805086767404828}",unknown,0,"[""CHEMBL4297549"", ""CHEMBL4297832""]"
ENSG00000118271,TTR,0,0,{},unknown,0,"[""CHEMBL2103837"", ""CHEMBL3940890""]"
ENSG00000253958,CLDN23,0,0.07761966107585949,"{""expression_atlas"": 0.07761966107585949}",unknown,0,[]
ENSG00000109956,B3GAT1,0,0,{},unknown,0,[]
ENSG00000121410,A1BG,0,0,{},unknown,0,[]
ENSG00000145321,GC,0,0.0425148823312288,"{""expression_atlas"": 0.0425148823312288}",unknown,0,[]
ENSG00000154188,ANGPT1,0,0.011926510050488812,"{""expression_atlas"": 0.011926510050488812}",unknown,0,[]
ENSG00000100994,PYGB,0,0.07745038361572053,"{""expression_atlas"": 0.07745038361572053}",unknown,0,[]
ENSG00000116096,SPR,0,0.07745038361572053,"{""expression_atlas"": 0.07745038361572053}",unknown,0,[]
ENSG00000111802,TDP2,0,0.07745038361572053,"{""expression_atlas"": 0.07745038361572053}",unknown,0,[]
ENSG00000181061,HIGD1A,0,0.07745038361572053,"{""expression_atlas"": 0.07745038361572053}",unknown,0,[]
ENSG00000010256,UQCRC1,0,0.07745038361572053,"{""expression_atlas"": 0.07745038361572053}",unknown,0,[]
ENSG00000126460,PRRG2,0,0.07745038361572053,"{""expression_atlas"": 0.07745038361572053}",unknown,0,[]
ENSG00000167642,SPINT2,0,0.07745038361572053,"{""expression_atlas"": 0.07745038361572053}",unknown,0,[]
ENSG00000179091,CYC1,0,0.07745038361572053,"{""expression_atlas"": 0.07745038361572053}",unknown,0,[]
ENSG00000233554,B4GALT1-AS1,0,0.07745038361572053,"{""expression_atlas"": 0.07745038361572053}",unknown,0,[]
ENSG00000008382,MPND,0,0.07745038361572053,"{""expression_atlas"": 0.07745038361572053}",unknown,0,[]
ENSG00000197747,S100A10,0,0.07745038361572053,"{""expression_atlas"": 0.07745038361572053}",unknown,0,[]
ENSG00000105552,BCAT2,0,0.07745038361572053,"{""expression_atlas"": 0.07745038361572053}",unknown,0,[]
ENSG00000179958,DCTPP1,0,0.07745038361572053,"{""expression_atlas"": 0.07745038361572053}",unknown,0,[]
ENSG00000178741,COX5A,0,0.07745038361572053,"{""expression_atlas"": 0.07745038361572053}",unknown,0,[]
ENSG00000160325,CACFD1,0,0.07745038361572053,"{""expression_atlas"": 0.07745038361572053}",unknown,0,[]
ENSG00000224051,CPTP,0,0.07745038361572053,"{""expression_atlas"": 0.07745038361572053}",unknown,0,[]
ENSG00000235021,ENSG00000235021,0,0.07743793255624531,"{""expression_atlas"": 0.07743793255624531}",unknown,0,[]
ENSG00000166145,SPINT1,0,0.0774082994497643,"{""expression_atlas"": 0.0774082994497643}",unknown,0,[]
ENSG00000138668,HNRNPD,0,0,{},unknown,0,[]
ENSG00000149257,SERPINH1,0,0,{},unknown,0,[]
ENSG00000106991,ENG,0,0.04545325543987739,"{""expression_atlas"": 0.04545325543987739}",unknown,0,[]
ENSG00000179348,GATA2,0,0,{},unknown,0,[]
ENSG00000085511,MAP3K4,0,0,{},unknown,0,[]
ENSG00000104886,PLEKHJ1,0,0.07712979568128159,"{""expression_atlas"": 0.07712979568128159}",unknown,0,[]
ENSG00000151694,ADAM17,0,0,{},unknown,0,[]
ENSG00000233399,LINC01648,0,0.07701167572606138,"{""expression_atlas"": 0.07701167572606138}",unknown,0,[]
ENSG00000203805,PLPP4,0,0.07697016171094885,"{""expression_atlas"": 0.07697016171094885}",unknown,0,[]
ENSG00000110628,SLC67A1,0,0.0768760415092714,"{""expression_atlas"": 0.0768760415092714}",unknown,0,[]
ENSG00000164363,SLC6A18,0,0.07686511597159815,"{""expression_atlas"": 0.07686511597159815}",unknown,0,[]
ENSG00000135218,CD36,0,0,{},unknown,0,[]
ENSG00000161905,ALOX15,0,0.07350581407431604,"{""expression_atlas"": 0.07350581407431604}",unknown,0,[]
ENSG00000165168,CYBB,0,0.06565887453037539,"{""expression_atlas"": 0.06565887453037539}",unknown,0,[]
ENSG00000154640,BTG3,0,0,{},unknown,0,[]
ENSG00000278857,IGKV1D-12,0,0.07646642787854897,"{""expression_atlas"": 0.07646642787854897}",unknown,0,[]
ENSG00000162365,CYP4A22,0,0.07645934190517818,"{""expression_atlas"": 0.07645934190517818}",unknown,0,[]
ENSG00000237927,ENSG00000237927,0,0.07633569339439977,"{""expression_atlas"": 0.07633569339439977}",unknown,0,[]
ENSG00000136697,IL1F10,0,0,{},unknown,0,[]
ENSG00000186377,CYP4X1,0,0.07627566478880983,"{""expression_atlas"": 0.07627566478880983}",unknown,0,[]
ENSG00000133169,BEX1,0,0.07623914073627074,"{""expression_atlas"": 0.07623914073627074}",unknown,0,[]
ENSG00000279756,ENSG00000279756,0,0.0761315604692914,"{""expression_atlas"": 0.0761315604692914}",unknown,0,[]
ENSG00000104899,AMH,0,0,{},unknown,0,[]
ENSG00000165644,COMTD1,0,0.07599996854515849,"{""expression_atlas"": 0.07599996854515849}",unknown,0,[]
ENSG00000137672,TRPC6,0,0,{},unknown,0,[]
ENSG00000196781,TLE1,0,0,{},unknown,0,[]
ENSG00000155846,PPARGC1B,0,0,{},unknown,0,[]
ENSG00000009724,MASP2,0,0,{},unknown,0,[]
ENSG00000117407,ARTN,0,0.07594924007898485,"{""expression_atlas"": 0.07594924007898485}",unknown,0,[]
ENSG00000170262,MRAP,0,0,{},unknown,0,[]
ENSG00000014257,ACP3,0,0.0758218107263589,"{""expression_atlas"": 0.0758218107263589}",unknown,0,"[""CHEMBL1237024""]"
ENSG00000110446,SLC15A3,0,0.04756362180068872,"{""expression_atlas"": 0.04756362180068872}",unknown,0,[]
ENSG00000267015,ENSG00000267015,0,0.07566694379454,"{""expression_atlas"": 0.07566694379454}",unknown,0,[]
ENSG00000165548,TMEM63C,0,0.07564967670659326,"{""expression_atlas"": 0.07564967670659326}",unknown,0,[]
ENSG00000237289,CKMT1B,0,0.07564211304310492,"{""expression_atlas"": 0.07564211304310492}",unknown,0,[]
ENSG00000164181,ELOVL7,0,0.022904286451696787,"{""expression_atlas"": 0.022904286451696787}",unknown,0,[]
ENSG00000143839,REN,0,0,{},unknown,0,"[""CHEMBL1639""]"
ENSG00000166148,AVPR1A,0,0.07537526408687396,"{""expression_atlas"": 0.07537526408687396}",unknown,0,"[""CHEMBL1200690"", ""CHEMBL1201528"", ""CHEMBL1429"", ""CHEMBL1755"", ""CHEMBL2135460"", ""CHEMBL373742""]"
ENSG00000259923,ENSG00000259923,0,0.0753476565101084,"{""expression_atlas"": 0.0753476565101084}",unknown,0,[]
ENSG00000147697,GSDMC,0,0.06764837711940555,"{""expression_atlas"": 0.06764837711940555}",unknown,0,[]
ENSG00000135940,COX5B,0,0.07522134817688414,"{""expression_atlas"": 0.07522134817688414}",unknown,0,[]
ENSG00000128829,EIF2AK4,0,0,{},unknown,0,[]
ENSG00000120341,SEC16B,0,0.07516414602159141,"{""expression_atlas"": 0.07516414602159141}",unknown,0,[]
ENSG00000124145,SDC4,0,0.07511361873227576,"{""expression_atlas"": 0.07511361873227576}",unknown,0,"[""CHEMBL4298138""]"
ENSG00000113721,PDGFRB,0,0.03892155883564756,"{""expression_atlas"": 0.03892155883564756}",unknown,0,"[""CHEMBL1201556"", ""CHEMBL1289494"", ""CHEMBL1336"", ""CHEMBL1421"", ""CHEMBL1946170"", ""CHEMBL477772"", ""CHEMBL502835"", ""CHEMBL535"", ""CHEMBL576982"", ""CHEMBL608533"", ""CHEMBL941""]"
ENSG00000074211,PPP2R2C,0,0.07498138490214677,"{""expression_atlas"": 0.07498138490214677}",unknown,0,[]
ENSG00000069399,BCL3,0,0,{},unknown,0,[]
ENSG00000130948,HSD17B3,0,0.07486728021041046,"{""expression_atlas"": 0.07486728021041046}",unknown,0,[]
ENSG00000178084,HTR3C,0,0.07486589495451974,"{""expression_atlas"": 0.07486589495451974}",unknown,0,"[""CHEMBL1643895"", ""CHEMBL243712"", ""CHEMBL56564""]"
ENSG00000256643,LINC02441,0,0.07484501604708783,"{""expression_atlas"": 0.07484501604708783}",unknown,0,[]
ENSG00000089250,NOS1,0,0,{},unknown,0,[]
ENSG00000164128,NPY1R,0,0.07465189233093168,"{""expression_atlas"": 0.07465189233093168}",unknown,0,[]
ENSG00000164405,UQCRQ,0,0.07460519791502336,"{""expression_atlas"": 0.07460519791502336}",unknown,0,[]
ENSG00000183813,CCR4,0,0.036964286443611875,"{""expression_atlas"": 0.036964286443611875}",unknown,0,"[""CHEMBL1743041""]"
ENSG00000107562,CXCL12,0,0,{},unknown,0,[]
ENSG00000167419,LPO,0,0.0745689644911887,"{""expression_atlas"": 0.0745689644911887}",unknown,0,[]
ENSG00000138798,EGF,0,0,{},unknown,0,[]
ENSG00000122188,LAX1,0,0.07450090404396574,"{""expression_atlas"": 0.07450090404396574}",unknown,0,[]
ENSG00000141655,TNFRSF11A,0,0.012947803525644586,"{""expression_atlas"": 0.012947803525644586}",unknown,0,[]
ENSG00000147036,LANCL3,0,0.07449856953453125,"{""expression_atlas"": 0.07449856953453125}",unknown,0,[]
ENSG00000187017,ESPN,0,0.07447222459339024,"{""expression_atlas"": 0.07447222459339024}",unknown,0,[]
ENSG00000135052,GOLM1,0,0.07142357233039394,"{""expression_atlas"": 0.07142357233039394}",unknown,0,[]
ENSG00000137757,CASP5,0,0.0743556090747444,"{""expression_atlas"": 0.0743556090747444}",unknown,0,[]
ENSG00000157404,KIT,0,0,{},unknown,0,"[""CHEMBL1289494"", ""CHEMBL1336"", ""CHEMBL1421"", ""CHEMBL1946170"", ""CHEMBL3813873"", ""CHEMBL4204794"", ""CHEMBL4216467"", ""CHEMBL477772"", ""CHEMBL535"", ""CHEMBL576982"", ""CHEMBL608533"", ""CHEMBL941""]"
ENSG00000138061,CYP1B1,0,0.07415625213304682,"{""expression_atlas"": 0.07415625213304682}",unknown,0,[]
ENSG00000145103,ILDR1,0,0.0741470375348094,"{""expression_atlas"": 0.0741470375348094}",unknown,0,[]
ENSG00000157227,MMP14,0,0.02682535179165607,"{""expression_atlas"": 0.02682535179165607}",unknown,0,[]
ENSG00000080493,SLC4A4,0,0.07407120565325967,"{""expression_atlas"": 0.07407120565325967}",unknown,0,[]
ENSG00000096717,SIRT1,0,0,{},unknown,0,[]
ENSG00000253365,IGKV1D-22,0,0,{},unknown,0,[]
ENSG00000136960,ENPP2,0,0.023252615021738768,"{""expression_atlas"": 0.023252615021738768}",unknown,0,[]
ENSG00000269667,LNCRMP,0,0.07389878571535359,"{""expression_atlas"": 0.07389878571535359}",unknown,0,[]
ENSG00000114455,HHLA2,0,0.07387481861741628,"{""expression_atlas"": 0.07387481861741628}",unknown,0,[]
ENSG00000152763,DNAI4,0,0.07371866199126186,"{""expression_atlas"": 0.07371866199126186}",unknown,0,[]
ENSG00000168283,BMI1,0,0,{},unknown,0,[]
ENSG00000131095,GFAP,0,0,{},unknown,0,[]
ENSG00000182154,MRPL41,0,0.07350659054645688,"{""expression_atlas"": 0.07350659054645688}",unknown,0,[]
ENSG00000162889,MAPKAPK2,0,0,{},unknown,0,[]
ENSG00000227188,MGAT3-AS1,0,0.07342258967115223,"{""expression_atlas"": 0.07342258967115223}",unknown,0,[]
ENSG00000281491,DNAJB5-DT,0,0.07324488657889412,"{""expression_atlas"": 0.07324488657889412}",unknown,0,[]
ENSG00000122254,HS3ST2,0,0.073232783222862,"{""expression_atlas"": 0.073232783222862}",unknown,0,[]
ENSG00000260001,TGFBR3L,0,0.07318660539806973,"{""expression_atlas"": 0.07318660539806973}",unknown,0,[]
ENSG00000137496,IL18BP,0,0,{},unknown,0,[]
ENSG00000275234,ENSG00000275234,0,0.07314637807033808,"{""expression_atlas"": 0.07314637807033808}",unknown,0,[]
ENSG00000275395,FCGBP,0,0.046696857396779146,"{""expression_atlas"": 0.046696857396779146}",unknown,0,[]
ENSG00000186470,BTN3A2,0,0.018553396756003558,"{""expression_atlas"": 0.018553396756003558}",unknown,0,[]
ENSG00000167633,KIR3DL1,0,0,{},unknown,0,[]
ENSG00000171206,TRIM8,0,0,{},unknown,0,[]
ENSG00000176797,DEFB103A,0,0,{},unknown,0,[]
ENSG00000251322,SHANK3,0,0,{},unknown,0,[]
ENSG00000177556,ATOX1,0,0,{},unknown,0,[]
ENSG00000196878,LAMB3,0,0,{},unknown,0,"[""CHEMBL2095222""]"
ENSG00000171456,ASXL1,0,0,{},unknown,0,[]
ENSG00000154165,GPR15,0,0.010096769779078665,"{""expression_atlas"": 0.010096769779078665}",unknown,0,[]
ENSG00000173080,RXFP4,0,0.0636953942919563,"{""expression_atlas"": 0.0636953942919563}",unknown,0,[]
ENSG00000227947,LINC01738,0,0.07278876138119773,"{""expression_atlas"": 0.07278876138119773}",unknown,0,[]
ENSG00000279780,ENSG00000279780,0,0.07272388753259412,"{""expression_atlas"": 0.07272388753259412}",unknown,0,[]
ENSG00000242366,UGT1A8,0,0.07270458236986913,"{""expression_atlas"": 0.07270458236986913}",unknown,0,[]
ENSG00000142192,APP,0,0,{},unknown,0,"[""CHEMBL3039540"", ""CHEMBL3833321"", ""CHEMBL4297245""]"
ENSG00000171855,IFNB1,0,0,{},unknown,0,[]
ENSG00000070748,CHAT,0,0,{},unknown,0,[]
ENSG00000115594,IL1R1,0,0.02826679778167594,"{""expression_atlas"": 0.02826679778167594}",unknown,0,"[""CHEMBL1201570""]"
ENSG00000104518,GSDMD,0,0,{},unknown,0,[]
ENSG00000066739,ATG2B,0,0,{},unknown,0,[]
ENSG00000171124,FUT3,0,0,{},unknown,0,[]
ENSG00000100373,UPK3A,0,0.0725025643019726,"{""expression_atlas"": 0.0725025643019726}",unknown,0,[]
ENSG00000227471,AKR1B15,0,0.07247046643424578,"{""expression_atlas"": 0.07247046643424578}",unknown,0,[]
ENSG00000261183,SPINT1-AS1,0,0.07246701499789601,"{""expression_atlas"": 0.07246701499789601}",unknown,0,[]
ENSG00000142583,SLC2A5,0,0.023024278034070544,"{""expression_atlas"": 0.023024278034070544}",unknown,0,[]
ENSG00000128272,ATF4,0,0,{},unknown,0,[]
ENSG00000160683,CXCR5,0,0,{},unknown,0,[]
ENSG00000138398,PPIG,0,0,{},unknown,0,[]
ENSG00000116985,BMP8B,0,0.04572905625951786,"{""expression_atlas"": 0.04572905625951786}",unknown,0,[]
ENSG00000100911,PSME2,0,0.07222217875626058,"{""expression_atlas"": 0.07222217875626058}",unknown,0,[]
ENSG00000215301,DDX3X,0,0.07222217875626058,"{""expression_atlas"": 0.07222217875626058}",unknown,0,[]
ENSG00000169575,VPREB1,0,0.07210151409970955,"{""expression_atlas"": 0.07210151409970955}",unknown,0,[]
ENSG00000107201,RIGI,0,0,{},unknown,0,[]
ENSG00000077150,NFKB2,0,0,{},unknown,0,[]
ENSG00000170893,TRH,0,0,{},unknown,0,[]
ENSG00000186847,KRT14,0,0.07187970124396681,"{""expression_atlas"": 0.07187970124396681}",unknown,0,[]
ENSG00000244005,NFS1,0,0,{},unknown,0,[]
ENSG00000188257,PLA2G2A,0,0.05589946455338185,"{""expression_atlas"": 0.05589946455338185}",unknown,0,[]
ENSG00000101144,BMP7,0,0.013175964830302542,"{""expression_atlas"": 0.013175964830302542}",unknown,0,[]
ENSG00000000005,TNMD,0,0.07157961398931761,"{""expression_atlas"": 0.07157961398931761}",unknown,0,[]
ENSG00000135312,HTR1B,0,0.0715539711095912,"{""expression_atlas"": 0.0715539711095912}",unknown,0,"[""CHEMBL1185"", ""CHEMBL1278"", ""CHEMBL1279"", ""CHEMBL128"", ""CHEMBL1505"", ""CHEMBL1510"", ""CHEMBL2364968"", ""CHEMBL243712"", ""CHEMBL905""]"
ENSG00000211966,IGHV5-51,0,0.07153967108237648,"{""expression_atlas"": 0.07153967108237648}",unknown,0,[]
ENSG00000138449,SLC40A1,0,0.042831781248649024,"{""expression_atlas"": 0.042831781248649024}",unknown,0,[]
ENSG00000005102,MEOX1,0,0.07149266179912664,"{""expression_atlas"": 0.07149266179912664}",unknown,0,[]
ENSG00000135083,CCNJL,0,0.07145172000446452,"{""expression_atlas"": 0.07145172000446452}",unknown,0,[]
ENSG00000158813,EDA,0,0,{},unknown,0,[]
ENSG00000134343,ANO3,0,0.07132437267155878,"{""expression_atlas"": 0.07132437267155878}",unknown,0,[]
ENSG00000197506,SLC28A3,0,0.0667179702056113,"{""expression_atlas"": 0.0667179702056113}",unknown,0,[]
ENSG00000158828,PINK1,0,0,{},unknown,0,[]
ENSG00000119714,GPR68,0,0,{},unknown,0,[]
ENSG00000159216,RUNX1,0,0,{},unknown,0,[]
ENSG00000274414,PMAR72,0,0.07117324051894003,"{""expression_atlas"": 0.07117324051894003}",unknown,0,[]
ENSG00000094755,GABRP,0,0.07106524621438697,"{""expression_atlas"": 0.07106524621438697}",unknown,0,"[""CHEMBL1102"", ""CHEMBL12"", ""CHEMBL1200472"", ""CHEMBL1200694"", ""CHEMBL1200733"", ""CHEMBL1200790"", ""CHEMBL1200802"", ""CHEMBL1201293"", ""CHEMBL1201317"", ""CHEMBL1213252"", ""CHEMBL1256"", ""CHEMBL1257"", ""CHEMBL1522"", ""CHEMBL1568698"", ""CHEMBL1697737"", ""CHEMBL207538"", ""CHEMBL220492"", ""CHEMBL285674"", ""CHEMBL315795"", ""CHEMBL3989949"", ""CHEMBL407"", ""CHEMBL4105630"", ""CHEMBL4297526"", ""CHEMBL440"", ""CHEMBL441"", ""CHEMBL449"", ""CHEMBL450"", ""CHEMBL451"", ""CHEMBL452"", ""CHEMBL454"", ""CHEMBL526"", ""CHEMBL568"", ""CHEMBL580"", ""CHEMBL591"", ""CHEMBL655"", ""CHEMBL661"", ""CHEMBL681"", ""CHEMBL70418"", ""CHEMBL7413"", ""CHEMBL856"", ""CHEMBL931"", ""CHEMBL967"", ""CHEMBL968"", ""CHEMBL969"", ""CHEMBL970""]"
ENSG00000158467,AHCYL2,0,0.07095346522839065,"{""expression_atlas"": 0.07095346522839065}",unknown,0,[]
ENSG00000150961,SEC24D,0,0.07091407433453355,"{""expression_atlas"": 0.07091407433453355}",unknown,0,[]
ENSG00000235049,LINC00940,0,0.07084737039534904,"{""expression_atlas"": 0.07084737039534904}",unknown,0,[]
ENSG00000274576,IGHV2-70,0,0.07075435460208543,"{""expression_atlas"": 0.07075435460208543}",unknown,0,[]
ENSG00000184207,PGP,0,0,{},unknown,0,[]
ENSG00000260816,ENSG00000260816,0,0.0705777482244892,"{""expression_atlas"": 0.0705777482244892}",unknown,0,[]
ENSG00000168461,RAB31,0,0.03907821655169447,"{""expression_atlas"": 0.03907821655169447}",unknown,0,[]
ENSG00000113389,NPR3,0,0.020736439720356076,"{""expression_atlas"": 0.020736439720356076}",unknown,0,[]
ENSG00000163914,RHO,0,0,{},unknown,0,[]
ENSG00000169692,AGPAT2,0,0.07047633515726277,"{""expression_atlas"": 0.07047633515726277}",unknown,0,[]
ENSG00000144891,AGTR1,0,0,{},unknown,0,"[""CHEMBL1014"", ""CHEMBL1017"", ""CHEMBL1069"", ""CHEMBL1200692"", ""CHEMBL1513"", ""CHEMBL191"", ""CHEMBL2028661"", ""CHEMBL408403"", ""CHEMBL539423"", ""CHEMBL813"", ""CHEMBL938""]"
ENSG00000149311,ATM,0,0,{},unknown,0,[]
ENSG00000162645,GBP2,0,0.06580068147613137,"{""expression_atlas"": 0.06580068147613137}",unknown,0,[]
ENSG00000275718,CCL15,0,0.06427039734205732,"{""expression_atlas"": 0.06427039734205732}",unknown,0,[]
ENSG00000099849,RASSF7,0,0.07030850432074977,"{""expression_atlas"": 0.07030850432074977}",unknown,0,[]
ENSG00000184611,KCNH7,0,0.070296702226346,"{""expression_atlas"": 0.070296702226346}",unknown,0,"[""CHEMBL284348"", ""CHEMBL354077"", ""CHEMBL821""]"
ENSG00000184908,CLCNKB,0,0.07028682053041009,"{""expression_atlas"": 0.07028682053041009}",unknown,0,[]
ENSG00000171560,FGA,0,0.014355037263669967,"{""expression_atlas"": 0.014355037263669967}",unknown,0,"[""CHEMBL1201505""]"
ENSG00000103316,CRYM,0,0.07014696113417125,"{""expression_atlas"": 0.07014696113417125}",unknown,0,[]
ENSG00000102970,CCL17,0,0,{},unknown,0,[]
ENSG00000167700,SLC33A2,0,0.07007472154885502,"{""expression_atlas"": 0.07007472154885502}",unknown,0,[]
ENSG00000110107,PRPF19,0,0.07006379672562855,"{""expression_atlas"": 0.07006379672562855}",unknown,0,[]
ENSG00000105427,CNFN,0,0.07000574628353559,"{""expression_atlas"": 0.07000574628353559}",unknown,0,[]
ENSG00000160856,FCRL3,0,0.036504585001788215,"{""expression_atlas"": 0.036504585001788215}",unknown,0,[]
ENSG00000132932,ATP8A2,0,0,{},unknown,0,[]
ENSG00000115758,ODC1,0,0,{},unknown,0,"[""CHEMBL830""]"
ENSG00000196660,SLC30A10,0,0.06990806758467635,"{""expression_atlas"": 0.06990806758467635}",unknown,0,[]
ENSG00000179750,APOBEC3B,0,0.06981121726698032,"{""expression_atlas"": 0.06981121726698032}",unknown,0,[]
ENSG00000153283,CD96,0,0,{},unknown,0,[]
ENSG00000056972,TRAF3IP2,0,0,{},unknown,0,[]
ENSG00000070018,LRP6,0,0,{},unknown,0,[]
ENSG00000148735,PLEKHS1,0,0.06973585435477964,"{""expression_atlas"": 0.06973585435477964}",unknown,0,[]
ENSG00000105974,CAV1,0,0.022944194186699705,"{""expression_atlas"": 0.022944194186699705}",unknown,0,[]
ENSG00000167004,PDIA3,0,0.06954006201758164,"{""expression_atlas"": 0.06954006201758164}",unknown,0,[]
ENSG00000121361,KCNJ8,0,0.06953809783372636,"{""expression_atlas"": 0.06953809783372636}",unknown,0,"[""CHEMBL181""]"
ENSG00000130821,SLC6A8,0,0.014352164296247492,"{""expression_atlas"": 0.014352164296247492}",unknown,0,[]
ENSG00000182950,CIMAP1C,0,0.06935431704478509,"{""expression_atlas"": 0.06935431704478509}",unknown,0,[]
ENSG00000187608,ISG15,0,0.021865000001252282,"{""expression_atlas"": 0.021865000001252282}",unknown,0,[]
ENSG00000105289,TJP3,0,0.06928104983937682,"{""expression_atlas"": 0.06928104983937682}",unknown,0,[]
ENSG00000160339,FCN2,0,0.033841180711459175,"{""expression_atlas"": 0.033841180711459175}",unknown,0,[]
ENSG00000140287,HDC,0,0.06545372998087447,"{""expression_atlas"": 0.06545372998087447}",unknown,0,[]
ENSG00000132434,LANCL2,0,0,{},unknown,0,[]
ENSG00000277639,CHD9NB,0,0.0692105237740367,"{""expression_atlas"": 0.0692105237740367}",unknown,0,[]
ENSG00000067225,PKM,0,0,{},unknown,0,[]
ENSG00000181885,CLDN7,0,0.06612693014144395,"{""expression_atlas"": 0.06612693014144395}",unknown,0,[]
ENSG00000211662,IGLV3-21,0,0.06907564605982537,"{""expression_atlas"": 0.06907564605982537}",unknown,0,[]
ENSG00000197548,ATG7,0,0,{},unknown,0,[]
ENSG00000126266,FFAR1,0,0.06437284009321789,"{""expression_atlas"": 0.06437284009321789}",unknown,0,[]
ENSG00000174804,FZD4,0,0,{},unknown,0,[]
ENSG00000090376,IRAK3,0,0.06002986341933025,"{""expression_atlas"": 0.06002986341933025}",unknown,0,[]
ENSG00000080293,SCTR,0,0.06875888013353433,"{""expression_atlas"": 0.06875888013353433}",unknown,0,"[""CHEMBL1201488"", ""CHEMBL1201616"", ""CHEMBL6067494""]"
ENSG00000158022,TRIM63,0,0.06108938795551896,"{""expression_atlas"": 0.06108938795551896}",unknown,0,[]
ENSG00000280228,AMANZI,0,0.0686169031293708,"{""expression_atlas"": 0.0686169031293708}",unknown,0,[]
ENSG00000122194,PLG,0,0,{},unknown,0,"[""CHEMBL1046"", ""CHEMBL2108147"", ""CHEMBL2108250"", ""CHEMBL3707226"", ""CHEMBL877""]"
ENSG00000095713,CRTAC1,0,0.06851142757429897,"{""expression_atlas"": 0.06851142757429897}",unknown,0,[]
ENSG00000214546,ENSG00000214546,0,0.0685061697583011,"{""expression_atlas"": 0.0685061697583011}",unknown,0,[]
ENSG00000078902,TOLLIP,0,0,{},unknown,0,[]
ENSG00000116678,LEPR,0,0,{},unknown,0,"[""CHEMBL2107857""]"
ENSG00000173153,ESRRA,0,0,{},unknown,0,[]
ENSG00000105699,LSR,0,0,{},unknown,0,[]
ENSG00000160211,G6PD,0,0,{},unknown,0,[]
ENSG00000180869,LINC01555,0,0.06834475844027246,"{""expression_atlas"": 0.06834475844027246}",unknown,0,[]
ENSG00000121851,POLR3GL,0,0.06828971670144836,"{""expression_atlas"": 0.06828971670144836}",unknown,0,[]
ENSG00000171791,BCL2,0,0,{},unknown,0,"[""CHEMBL3137309""]"
ENSG00000121858,TNFSF10,0,0.01230803712881096,"{""expression_atlas"": 0.01230803712881096}",unknown,0,[]
ENSG00000034971,MYOC,0,0.0682312591878128,"{""expression_atlas"": 0.0682312591878128}",unknown,0,[]
ENSG00000243772,KIR2DL3,0,0,{},unknown,0,[]
ENSG00000126581,BECN1,0,0,{},unknown,0,[]
ENSG00000187957,DNER,0,0.017507578404547957,"{""expression_atlas"": 0.017507578404547957}",unknown,0,[]
ENSG00000112562,SMOC2,0,0.029387154007183284,"{""expression_atlas"": 0.029387154007183284}",unknown,0,[]
ENSG00000138448,ITGAV,0,0,{},unknown,0,"[""CHEMBL1201584""]"
ENSG00000168476,REEP4,0,0.06811131925643402,"{""expression_atlas"": 0.06811131925643402}",unknown,0,[]
ENSG00000211655,IGLV1-36,0,0.06807770119693418,"{""expression_atlas"": 0.06807770119693418}",unknown,0,[]
ENSG00000259459,LINC02568,0,0.06806740176123434,"{""expression_atlas"": 0.06806740176123434}",unknown,0,[]
ENSG00000101439,CST3,0,0,{},unknown,0,[]
ENSG00000218416,GPC1-AS1,0,0.06784081511101256,"{""expression_atlas"": 0.06784081511101256}",unknown,0,[]
ENSG00000185483,ROR1,0,0.06774825889710195,"{""expression_atlas"": 0.06774825889710195}",unknown,0,[]
ENSG00000175318,GRAMD2A,0,0.06774734116348767,"{""expression_atlas"": 0.06774734116348767}",unknown,0,[]
ENSG00000168621,GDNF,0,0,{},unknown,0,[]
ENSG00000173253,DMRT2,0,0.06762499435260616,"{""expression_atlas"": 0.06762499435260616}",unknown,0,[]
ENSG00000204922,UQCC3,0,0.06749369294145598,"{""expression_atlas"": 0.06749369294145598}",unknown,0,[]
ENSG00000165025,SYK,0,0,{},unknown,0,"[""CHEMBL2103830""]"
ENSG00000239697,TNFSF12,0,0,{},unknown,0,[]
ENSG00000163794,UCN,0,0,{},unknown,0,[]
ENSG00000143184,XCL1,0,0,{},unknown,0,[]
ENSG00000214274,ANG,0,0,{},unknown,0,[]
ENSG00000137825,ITPKA,0,0.06741017777702132,"{""expression_atlas"": 0.06741017777702132}",unknown,0,[]
ENSG00000072042,RDH11,0,0.026404180008629097,"{""expression_atlas"": 0.026404180008629097}",unknown,0,[]
ENSG00000111339,ART4,0,0,{},unknown,0,[]
ENSG00000167601,AXL,0,0,{},unknown,0,"[""CHEMBL3301622""]"
ENSG00000214285,NPS,0,0,{},unknown,0,[]
ENSG00000224968,LINC01645,0,0.06704888324840905,"{""expression_atlas"": 0.06704888324840905}",unknown,0,[]
ENSG00000079387,SENP1,0,0,{},unknown,0,[]
ENSG00000129167,TPH1,0,0.011517880907127076,"{""expression_atlas"": 0.011517880907127076}",unknown,0,"[""CHEMBL2103855"", ""CHEMBL2105695""]"
ENSG00000106384,MOGAT3,0,0.06685402953143711,"{""expression_atlas"": 0.06685402953143711}",unknown,0,[]
ENSG00000167741,GGT6,0,0.06677388389878018,"{""expression_atlas"": 0.06677388389878018}",unknown,0,[]
ENSG00000111404,RERGL,0,0.06675643458760654,"{""expression_atlas"": 0.06675643458760654}",unknown,0,[]
ENSG00000144278,GALNT13,0,0.06673510952599035,"{""expression_atlas"": 0.06673510952599035}",unknown,0,[]
ENSG00000106992,AK1,0,0.06673373633624871,"{""expression_atlas"": 0.06673373633624871}",unknown,0,[]
ENSG00000259207,ITGB3,0,0,{},unknown,0,"[""CHEMBL1174"", ""CHEMBL1201584"", ""CHEMBL916""]"
ENSG00000082701,GSK3B,0,0,{},unknown,0,"[""CHEMBL1200826"", ""CHEMBL1201170""]"
ENSG00000160710,ADAR,0,0,{},unknown,0,[]
ENSG00000251562,MALAT1,0,0,{},unknown,0,[]
ENSG00000173039,RELA,0,0,{},unknown,0,[]
ENSG00000086696,HSD17B2,0,0.06665272441574356,"{""expression_atlas"": 0.06665272441574356}",unknown,0,[]
ENSG00000272079,ENSG00000272079,0,0.06633959242165727,"{""expression_atlas"": 0.06633959242165727}",unknown,0,[]
ENSG00000186951,PPARA,0,0,{},unknown,0,"[""CHEMBL247951"", ""CHEMBL3707395"", ""CHEMBL457"", ""CHEMBL557555"", ""CHEMBL672"", ""CHEMBL981""]"
ENSG00000125850,OVOL2,0,0.06622021515907875,"{""expression_atlas"": 0.06622021515907875}",unknown,0,[]
ENSG00000227373,RABGAP1L-DT,0,0.06612682575445153,"{""expression_atlas"": 0.06612682575445153}",unknown,0,[]
ENSG00000204435,CSNK2B,0,0.06612118468350943,"{""expression_atlas"": 0.06612118468350943}",unknown,0,[]
ENSG00000183273,CCDC60,0,0.06609939400839061,"{""expression_atlas"": 0.06609939400839061}",unknown,0,[]
ENSG00000157992,KRTCAP3,0,0.06604382841850606,"{""expression_atlas"": 0.06604382841850606}",unknown,0,[]
ENSG00000099795,NDUFB7,0,0.06604382841850606,"{""expression_atlas"": 0.06604382841850606}",unknown,0,"[""CHEMBL1431""]"
ENSG00000169271,HSPB3,0,0.06603762732831094,"{""expression_atlas"": 0.06603762732831094}",unknown,0,[]
ENSG00000106605,BLVRA,0,0.06601273086733368,"{""expression_atlas"": 0.06601273086733368}",unknown,0,[]
ENSG00000124151,NCOA3,0,0.02068304795973803,"{""expression_atlas"": 0.02068304795973803}",unknown,0,[]
ENSG00000158716,DUSP23,0,0.06588858270296324,"{""expression_atlas"": 0.06588858270296324}",unknown,0,[]
ENSG00000134259,NGF,0,0,{},unknown,0,[]
ENSG00000130529,TRPM4,0,0.0657929392937135,"{""expression_atlas"": 0.0657929392937135}",unknown,0,[]
ENSG00000250125,LINC02232,0,0.06571740486881647,"{""expression_atlas"": 0.06571740486881647}",unknown,0,[]
ENSG00000186912,P2RY4,0,0.06553799281939315,"{""expression_atlas"": 0.06553799281939315}",unknown,0,"[""CHEMBL221326""]"
ENSG00000171877,FRMD5,0,0.06553493998253275,"{""expression_atlas"": 0.06553493998253275}",unknown,0,[]
ENSG00000164270,HTR4,0,0.06548481832691538,"{""expression_atlas"": 0.06548481832691538}",unknown,0,"[""CHEMBL117287"", ""CHEMBL243712"", ""CHEMBL86""]"
ENSG00000134852,CLOCK,0,0,{},unknown,0,[]
ENSG00000137965,IFI44,0,0.06540996532552555,"{""expression_atlas"": 0.06540996532552555}",unknown,0,[]
ENSG00000251061,LINC02512,0,0.06535453639088179,"{""expression_atlas"": 0.06535453639088179}",unknown,0,[]
ENSG00000005893,LAMP2,0,0,{},unknown,0,[]
ENSG00000125166,GOT2,0,0,{},unknown,0,[]
ENSG00000100030,MAPK1,0,0,{},unknown,0,[]
ENSG00000280371,ENSG00000280371,0,0,{},unknown,0,[]
ENSG00000279284,ENSG00000279284,0,0,{},unknown,0,[]
ENSG00000101200,AVP,0,0,{},unknown,0,[]
ENSG00000119630,PGF,0,0,{},unknown,0,"[""CHEMBL1742982""]"
ENSG00000109072,VTN,0,0,{},unknown,0,[]
ENSG00000115966,ATF2,0,0,{},unknown,0,[]
ENSG00000136694,IL36A,0,0,{},unknown,0,[]
ENSG00000169032,MAP2K1,0,0,{},unknown,0,"[""CHEMBL1614701"", ""CHEMBL2103875"", ""CHEMBL2146883"", ""CHEMBL3187723""]"
ENSG00000163285,GABRG1,0,0.06503253540618377,"{""expression_atlas"": 0.06503253540618377}",unknown,0,"[""CHEMBL1102"", ""CHEMBL12"", ""CHEMBL1200472"", ""CHEMBL1200694"", ""CHEMBL1200733"", ""CHEMBL1200790"", ""CHEMBL1200802"", ""CHEMBL1201293"", ""CHEMBL1201317"", ""CHEMBL1213252"", ""CHEMBL1256"", ""CHEMBL1257"", ""CHEMBL1522"", ""CHEMBL1568698"", ""CHEMBL1697737"", ""CHEMBL207538"", ""CHEMBL220492"", ""CHEMBL285674"", ""CHEMBL315795"", ""CHEMBL3989949"", ""CHEMBL407"", ""CHEMBL4105630"", ""CHEMBL4297526"", ""CHEMBL440"", ""CHEMBL441"", ""CHEMBL449"", ""CHEMBL450"", ""CHEMBL451"", ""CHEMBL452"", ""CHEMBL454"", ""CHEMBL526"", ""CHEMBL568"", ""CHEMBL580"", ""CHEMBL591"", ""CHEMBL655"", ""CHEMBL661"", ""CHEMBL681"", ""CHEMBL70418"", ""CHEMBL7413"", ""CHEMBL856"", ""CHEMBL931"", ""CHEMBL967"", ""CHEMBL968"", ""CHEMBL969"", ""CHEMBL970""]"
ENSG00000132205,EMILIN2,0,0.06486621610515998,"{""expression_atlas"": 0.06486621610515998}",unknown,0,[]
ENSG00000179178,TMEM125,0,0.06486227633348167,"{""expression_atlas"": 0.06486227633348167}",unknown,0,[]
ENSG00000133392,MYH11,0,0.016236525262007098,"{""expression_atlas"": 0.016236525262007098}",unknown,0,[]
ENSG00000132698,RAB25,0,0.06476796284396588,"{""expression_atlas"": 0.06476796284396588}",unknown,0,[]
ENSG00000182463,TSHZ2,0,0.06470071630040716,"{""expression_atlas"": 0.06470071630040716}",unknown,0,[]
ENSG00000151834,GABRA2,0,0.0646883705632426,"{""expression_atlas"": 0.0646883705632426}",unknown,0,"[""CHEMBL1102"", ""CHEMBL12"", ""CHEMBL1200472"", ""CHEMBL1200694"", ""CHEMBL1200733"", ""CHEMBL1200790"", ""CHEMBL1200802"", ""CHEMBL1201293"", ""CHEMBL1201317"", ""CHEMBL1213252"", ""CHEMBL1256"", ""CHEMBL1257"", ""CHEMBL1522"", ""CHEMBL1568698"", ""CHEMBL1697737"", ""CHEMBL207538"", ""CHEMBL220492"", ""CHEMBL277062"", ""CHEMBL285674"", ""CHEMBL315795"", ""CHEMBL3989949"", ""CHEMBL407"", ""CHEMBL4105630"", ""CHEMBL4297526"", ""CHEMBL440"", ""CHEMBL441"", ""CHEMBL449"", ""CHEMBL450"", ""CHEMBL451"", ""CHEMBL452"", ""CHEMBL454"", ""CHEMBL526"", ""CHEMBL568"", ""CHEMBL580"", ""CHEMBL591"", ""CHEMBL655"", ""CHEMBL661"", ""CHEMBL681"", ""CHEMBL70418"", ""CHEMBL7413"", ""CHEMBL856"", ""CHEMBL931"", ""CHEMBL967"", ""CHEMBL968"", ""CHEMBL969"", ""CHEMBL970""]"
ENSG00000130487,KLHDC7B,0,0.06466850025006385,"{""expression_atlas"": 0.06466850025006385}",unknown,0,[]
ENSG00000156510,HKDC1,0,0.06465807638043014,"{""expression_atlas"": 0.06465807638043014}",unknown,0,[]
ENSG00000101210,EEF1A2,0,0.021481959733744553,"{""expression_atlas"": 0.021481959733744553}",unknown,0,"[""CHEMBL451930""]"
ENSG00000011600,TYROBP,0,0.060081050267250885,"{""expression_atlas"": 0.060081050267250885}",unknown,0,[]
ENSG00000091129,NRCAM,0,0.06455879491373914,"{""expression_atlas"": 0.06455879491373914}",unknown,0,[]
ENSG00000196208,GREB1,0,0.06455254381402056,"{""expression_atlas"": 0.06455254381402056}",unknown,0,[]
ENSG00000149516,MS4A3,0,0.06445109447535835,"{""expression_atlas"": 0.06445109447535835}",unknown,0,[]
ENSG00000178568,ERBB4,0,0,{},unknown,0,"[""CHEMBL1173655"", ""CHEMBL180022"", ""CHEMBL2110732"", ""CHEMBL24828""]"
ENSG00000275897,ENSG00000275897,0,0.06443844139230258,"{""expression_atlas"": 0.06443844139230258}",unknown,0,[]
ENSG00000137801,THBS1,0,0.059751959385737796,"{""expression_atlas"": 0.059751959385737796}",unknown,0,[]
ENSG00000167634,NLRP7,0,0.056628982813871784,"{""expression_atlas"": 0.056628982813871784}",unknown,0,[]
ENSG00000132530,XAF1,0,0.06422752673169987,"{""expression_atlas"": 0.06422752673169987}",unknown,0,[]
ENSG00000103044,HAS3,0,0.064219663886601,"{""expression_atlas"": 0.064219663886601}",unknown,0,[]
ENSG00000196260,SFTA2,0,0.06419237557606453,"{""expression_atlas"": 0.06419237557606453}",unknown,0,[]
ENSG00000235563,ENSG00000235563,0,0.06415914394125798,"{""expression_atlas"": 0.06415914394125798}",unknown,0,[]
ENSG00000147601,TERF1,0,0.013434198513018861,"{""expression_atlas"": 0.013434198513018861}",unknown,0,[]
ENSG00000178773,CPNE7,0,0.06412409933891697,"{""expression_atlas"": 0.06412409933891697}",unknown,0,[]
ENSG00000184937,WT1,0,0.013249371302033661,"{""expression_atlas"": 0.013249371302033661}",unknown,0,[]
ENSG00000100336,APOL4,0,0.06402848259807715,"{""expression_atlas"": 0.06402848259807715}",unknown,0,[]
ENSG00000255478,ENSG00000255478,0,0.06402196427891539,"{""expression_atlas"": 0.06402196427891539}",unknown,0,[]
ENSG00000174776,WDR49,0,0.0639572650599045,"{""expression_atlas"": 0.0639572650599045}",unknown,0,[]
ENSG00000130479,MAP1S,0,0,{},unknown,0,[]
ENSG00000104237,RP1,0,0,{},unknown,0,[]
ENSG00000126010,GRPR,0,0,{},unknown,0,[]
ENSG00000104689,TNFRSF10A,0,0,{},unknown,0,[]
ENSG00000172062,SMN1,0,0,{},unknown,0,"[""CHEMBL4297240""]"
ENSG00000109501,WFS1,0,0,{},unknown,0,[]
ENSG00000081059,TCF7,0,0,{},unknown,0,[]
ENSG00000150630,VEGFC,0,0,{},unknown,0,[]
ENSG00000176463,SLCO3A1,0,0,{},unknown,0,[]
ENSG00000284883,KRT88P,0,0,{},unknown,0,[]
ENSG00000242110,AMACR,0,0,{},unknown,0,[]
ENSG00000125810,CD93,0,0.036324032094434466,"{""expression_atlas"": 0.036324032094434466}",unknown,0,[]
ENSG00000170522,ELOVL6,0,0.011901393102085888,"{""expression_atlas"": 0.011901393102085888}",unknown,0,[]
ENSG00000102854,MSLN,0,0.01124872035542405,"{""expression_atlas"": 0.01124872035542405}",unknown,0,[]
ENSG00000167799,NUDT8,0,0.06352511720241752,"{""expression_atlas"": 0.06352511720241752}",unknown,0,[]
ENSG00000173557,CIMIP2C,0,0.06346781030368964,"{""expression_atlas"": 0.06346781030368964}",unknown,0,[]
ENSG00000167914,GSDMA,0,0.011146032889035828,"{""expression_atlas"": 0.011146032889035828}",unknown,0,[]
ENSG00000112473,SLC39A7,0,0.06341029231262175,"{""expression_atlas"": 0.06341029231262175}",unknown,0,[]
ENSG00000231720,ENSG00000231720,0,0.06340652416399883,"{""expression_atlas"": 0.06340652416399883}",unknown,0,[]
ENSG00000127324,TSPAN8,0,0,{},unknown,0,[]
ENSG00000147647,DPYS,0,0.06335805255383156,"{""expression_atlas"": 0.06335805255383156}",unknown,0,[]
ENSG00000078081,LAMP3,0,0.060258652632031284,"{""expression_atlas"": 0.060258652632031284}",unknown,0,[]
ENSG00000263429,TMEM238L,0,0.06329324236255159,"{""expression_atlas"": 0.06329324236255159}",unknown,0,[]
ENSG00000160408,ST6GALNAC6,0,0.06328209150892243,"{""expression_atlas"": 0.06328209150892243}",unknown,0,[]
ENSG00000266850,RBBP8-AS1,0,0.06316458542801288,"{""expression_atlas"": 0.06316458542801288}",unknown,0,[]
ENSG00000160013,PTGIR,0,0.009052169950968112,"{""expression_atlas"": 0.009052169950968112}",unknown,0,"[""CHEMBL1139"", ""CHEMBL1237119"", ""CHEMBL238804"", ""CHEMBL494""]"
ENSG00000105894,PTN,0,0.06300622392523869,"{""expression_atlas"": 0.06300622392523869}",unknown,0,[]
ENSG00000270403,ENSG00000270403,0,0.06298358998981249,"{""expression_atlas"": 0.06298358998981249}",unknown,0,[]
ENSG00000011405,PIK3C2A,0,0,{},unknown,0,[]
ENSG00000131771,PPP1R1B,0,0.06281766945322576,"{""expression_atlas"": 0.06281766945322576}",unknown,0,[]
ENSG00000135917,SLC19A3,0,0.06273541951595783,"{""expression_atlas"": 0.06273541951595783}",unknown,0,[]
ENSG00000261123,ENSG00000261123,0,0.06271929825838816,"{""expression_atlas"": 0.06271929825838816}",unknown,0,[]
ENSG00000235385,LINC02154,0,0.06265824421277409,"{""expression_atlas"": 0.06265824421277409}",unknown,0,[]
ENSG00000278445,ENSG00000278445,0,0.06263067536606907,"{""expression_atlas"": 0.06263067536606907}",unknown,0,[]
ENSG00000177508,IRX3,0,0.06261249435920106,"{""expression_atlas"": 0.06261249435920106}",unknown,0,[]
ENSG00000073734,ABCB11,0,0.06239401225926202,"{""expression_atlas"": 0.06239401225926202}",unknown,0,[]
ENSG00000257743,MGAM2,0,0.06237987689137963,"{""expression_atlas"": 0.06237987689137963}",unknown,0,"[""CHEMBL476960""]"
ENSG00000163565,IFI16,0,0.05771947337413854,"{""expression_atlas"": 0.05771947337413854}",unknown,0,[]
ENSG00000268628,ENSG00000268628,0,0.06224686631200967,"{""expression_atlas"": 0.06224686631200967}",unknown,0,[]
ENSG00000120251,GRIA2,0,0.06207856186040334,"{""expression_atlas"": 0.06207856186040334}",unknown,0,"[""CHEMBL1214124"", ""CHEMBL220492""]"
ENSG00000102962,CCL22,0,0,{},unknown,0,[]
ENSG00000118515,SGK1,0,0.047533822818317466,"{""expression_atlas"": 0.047533822818317466}",unknown,0,[]
ENSG00000132329,RAMP1,0,0.052923062894388376,"{""expression_atlas"": 0.052923062894388376}",unknown,0,"[""CHEMBL2103758"", ""CHEMBL2397415""]"
ENSG00000260057,LINC01571,0,0.06180303866988977,"{""expression_atlas"": 0.06180303866988977}",unknown,0,[]
ENSG00000259590,LINC02244,0,0.06180235722897627,"{""expression_atlas"": 0.06180235722897627}",unknown,0,[]
ENSG00000267174,TSPAN16-AS1,0,0.06173089425803236,"{""expression_atlas"": 0.06173089425803236}",unknown,0,[]
ENSG00000142623,PADI1,0,0.06170177228087278,"{""expression_atlas"": 0.06170177228087278}",unknown,0,[]
ENSG00000279427,ENSG00000279427,0,0.06170143862414219,"{""expression_atlas"": 0.06170143862414219}",unknown,0,[]
ENSG00000230873,STMND1,0,0.06168390360432752,"{""expression_atlas"": 0.06168390360432752}",unknown,0,[]
ENSG00000162631,NTNG1,0,0.061647798798973495,"{""expression_atlas"": 0.061647798798973495}",unknown,0,[]
ENSG00000124508,BTN2A2,0,0.061599784028278155,"{""expression_atlas"": 0.061599784028278155}",unknown,0,[]
ENSG00000047457,CP,0,0.01729598478423625,"{""expression_atlas"": 0.01729598478423625}",unknown,0,[]
ENSG00000136155,SCEL,0,0.06147722002856537,"{""expression_atlas"": 0.06147722002856537}",unknown,0,[]
ENSG00000126251,GPR42,0,0.06127642638361168,"{""expression_atlas"": 0.06127642638361168}",unknown,0,[]
ENSG00000174611,KY,0,0.06125179628212133,"{""expression_atlas"": 0.06125179628212133}",unknown,0,[]
ENSG00000257524,ENSG00000257524,0,0.061204782526617936,"{""expression_atlas"": 0.061204782526617936}",unknown,0,[]
ENSG00000182600,SNORC,0,0.06119854683575263,"{""expression_atlas"": 0.06119854683575263}",unknown,0,[]
ENSG00000187642,PERM1,0,0.061134317483947084,"{""expression_atlas"": 0.061134317483947084}",unknown,0,[]
ENSG00000163075,CFAP221,0,0.06108821254651515,"{""expression_atlas"": 0.06108821254651515}",unknown,0,[]
ENSG00000165496,RPL10L,0,0.06100592365268561,"{""expression_atlas"": 0.06100592365268561}",unknown,0,[]
ENSG00000165794,SLC39A2,0,0.06096209705346609,"{""expression_atlas"": 0.06096209705346609}",unknown,0,[]
ENSG00000188186,LAMTOR4,0,0.0608285396505473,"{""expression_atlas"": 0.0608285396505473}",unknown,0,[]
ENSG00000181852,RNF41,0,0,{},unknown,0,[]
ENSG00000198727,MT-CYB,0,0,{},unknown,0,[]
ENSG00000133961,NUMB,0,0,{},unknown,0,[]
ENSG00000137648,TMPRSS4,0,0,{},unknown,0,[]
ENSG00000236882,LINC01554,0,0,{},unknown,0,[]
ENSG00000136143,SUCLA2,0,0,{},unknown,0,[]
ENSG00000075711,DLG1,0,0,{},unknown,0,[]
ENSG00000134901,POGLUT2,0,0,{},unknown,0,[]
ENSG00000103642,LACTB,0,0,{},unknown,0,[]
ENSG00000126464,PRR12,0,0,{},unknown,0,[]
ENSG00000104154,SLC30A4,0,0,{},unknown,0,[]
ENSG00000126602,TRAP1,0,0,{},unknown,0,[]
ENSG00000163877,SNIP1,0,0,{},unknown,0,[]
ENSG00000118985,ELL2,0,0,{},unknown,0,[]
ENSG00000146457,WTAP,0,0,{},unknown,0,[]
ENSG00000116473,RAP1A,0,0,{},unknown,0,[]
ENSG00000067955,CBFB,0,0,{},unknown,0,[]
ENSG00000139370,SLC15A4,0,0,{},unknown,0,[]
ENSG00000067900,ROCK1,0,0,{},unknown,0,"[""CHEMBL2005186"", ""CHEMBL4594250""]"
ENSG00000116745,RPE65,0,0,{},unknown,0,"[""CHEMBL3707275""]"
ENSG00000137142,IGFBPL1,0,0,{},unknown,0,[]
ENSG00000100697,DICER1,0,0,{},unknown,0,[]
ENSG00000177666,PNPLA2,0,0,{},unknown,0,[]
ENSG00000159256,MORC3,0,0,{},unknown,0,[]
ENSG00000168646,AXIN2,0,0,{},unknown,0,[]
ENSG00000189060,H1-0,0,0,{},unknown,0,[]
ENSG00000117400,MPL,0,0,{},unknown,0,"[""CHEMBL1201832"", ""CHEMBL2103883"", ""CHEMBL2107831"", ""CHEMBL461101""]"
ENSG00000151414,NEK7,0,0,{},unknown,0,[]
ENSG00000170296,GABARAP,0,0,{},unknown,0,[]
ENSG00000126861,OMG,0,0,{},unknown,0,[]
ENSG00000101557,USP14,0,0,{},unknown,0,[]
ENSG00000071564,TCF3,0,0,{},unknown,0,[]
ENSG00000149091,DGKZ,0,0,{},unknown,0,[]
ENSG00000175334,BANF1,0,0,{},unknown,0,[]
ENSG00000187416,LHFPL3,0,0,{},unknown,0,[]
ENSG00000078589,P2RY10,0,0,{},unknown,0,[]
ENSG00000186265,BTLA,0,0,{},unknown,0,[]
ENSG00000108960,MMD,0,0,{},unknown,0,[]
ENSG00000105643,ARRDC2,0,0,{},unknown,0,[]
ENSG00000132155,RAF1,0,0,{},unknown,0,"[""CHEMBL1336"", ""CHEMBL1946170"", ""CHEMBL3348923""]"
ENSG00000204540,PSORS1C1,0,0,{},unknown,0,[]
ENSG00000117450,PRDX1,0,0,{},unknown,0,[]
ENSG00000117394,SLC2A1,0,0,{},unknown,0,[]
ENSG00000133121,STARD13,0,0,{},unknown,0,[]
ENSG00000136930,PSMB7,0,0,{},unknown,0,"[""CHEMBL325041"", ""CHEMBL3545432"", ""CHEMBL451887""]"
ENSG00000151233,GXYLT1,0,0,{},unknown,0,[]
ENSG00000125872,LRRN4,0,0,{},unknown,0,[]
ENSG00000170962,PDGFD,0,0,{},unknown,0,[]
ENSG00000149658,YTHDF1,0,0,{},unknown,0,[]
ENSG00000128513,POT1,0,0,{},unknown,0,[]
ENSG00000113719,ERGIC1,0,0,{},unknown,0,[]
ENSG00000104413,ESRP1,0,0,{},unknown,0,[]
ENSG00000135679,MDM2,0,0,{},unknown,0,[]
ENSG00000197329,PELI1,0,0,{},unknown,0,[]
ENSG00000130283,GDF1,0,0,{},unknown,0,[]
ENSG00000176769,TCERG1L,0,0,{},unknown,0,[]
ENSG00000240403,KIR3DL2,0,0,{},unknown,0,[]
ENSG00000206073,SERPINB4,0,0,{},unknown,0,[]
ENSG00000204580,DDR1,0,0,{},unknown,0,[]
ENSG00000023041,ZDHHC6,0,0,{},unknown,0,[]
ENSG00000164430,CGAS,0,0,{},unknown,0,[]
ENSG00000139155,SLCO1C1,0,0,{},unknown,0,[]
ENSG00000090674,MCOLN1,0,0,{},unknown,0,[]
ENSG00000110330,BIRC2,0,0,{},unknown,0,[]
ENSG00000133135,RNF128,0,0,{},unknown,0,[]
ENSG00000196262,PPIA,0,0,{},unknown,0,"[""CHEMBL160""]"
ENSG00000007062,PROM1,0,0,{},unknown,0,[]
ENSG00000125266,EFNB2,0,0,{},unknown,0,[]
ENSG00000120899,PTK2B,0,0,{},unknown,0,[]
ENSG00000109171,SLAIN2,0,0,{},unknown,0,[]
ENSG00000074603,DPP8,0,0,{},unknown,0,[]
ENSG00000166863,TAC3,0,0,{},unknown,0,[]
ENSG00000182621,PLCB1,0,0,{},unknown,0,[]
ENSG00000090621,PABPC4,0,0,{},unknown,0,[]
ENSG00000111276,CDKN1B,0,0,{},unknown,0,[]
ENSG00000132703,APCS,0,0,{},unknown,0,[]
ENSG00000204469,PRRC2A,0,0,{},unknown,0,[]
ENSG00000164164,OTUD4,0,0,{},unknown,0,[]
ENSG00000166340,TPP1,0,0,{},unknown,0,[]
ENSG00000213903,LTB4R,0,0,{},unknown,0,[]
ENSG00000013297,CLDN11,0,0,{},unknown,0,[]
ENSG00000105701,FKBP8,0,0,{},unknown,0,[]
ENSG00000112851,ERBIN,0,0,{},unknown,0,[]
ENSG00000188895,MSL1,0,0,{},unknown,0,[]
ENSG00000204385,SLC44A4,0,0.060631167836166636,"{""expression_atlas"": 0.060631167836166636}",unknown,0,[]
ENSG00000161011,SQSTM1,0,0,{},unknown,0,[]
ENSG00000144063,MALL,0,0.06061897260002585,"{""expression_atlas"": 0.06061897260002585}",unknown,0,[]
ENSG00000225111,ENSG00000225111,0,0.06061102486678219,"{""expression_atlas"": 0.06061102486678219}",unknown,0,[]
ENSG00000233516,ENSG00000233516,0,0.06060108318978871,"{""expression_atlas"": 0.06060108318978871}",unknown,0,[]
ENSG00000165078,CPA6,0,0.06056103230427589,"{""expression_atlas"": 0.06056103230427589}",unknown,0,[]
ENSG00000164342,TLR3,0,0.018321142324864606,"{""expression_atlas"": 0.018321142324864606}",unknown,0,[]
ENSG00000232806,ENSG00000232806,0,0.06046086831963053,"{""expression_atlas"": 0.06046086831963053}",unknown,0,[]
ENSG00000169704,GP9,0,0.06041511175690643,"{""expression_atlas"": 0.06041511175690643}",unknown,0,[]
ENSG00000231713,ENSG00000231713,0,0.060390625303459074,"{""expression_atlas"": 0.060390625303459074}",unknown,0,[]
ENSG00000186480,INSIG1,0,0.060386206959623503,"{""expression_atlas"": 0.060386206959623503}",unknown,0,[]
ENSG00000274993,ENSG00000274993,0,0.060323003032541386,"{""expression_atlas"": 0.060323003032541386}",unknown,0,[]
ENSG00000163874,ZC3H12A,0,0.06031217368775526,"{""expression_atlas"": 0.06031217368775526}",unknown,0,[]
ENSG00000073464,CLCN4,0,0.06022981212620812,"{""expression_atlas"": 0.06022981212620812}",unknown,0,[]
ENSG00000206013,IFITM5,0,0.06015520274099485,"{""expression_atlas"": 0.06015520274099485}",unknown,0,[]
ENSG00000050767,COL23A1,0,0.057077049842021034,"{""expression_atlas"": 0.057077049842021034}",unknown,0,[]
ENSG00000180509,KCNE1,0,0.06001930969040068,"{""expression_atlas"": 0.06001930969040068}",unknown,0,[]
ENSG00000158816,VWA5B1,0,0.05977693293998745,"{""expression_atlas"": 0.05977693293998745}",unknown,0,[]
ENSG00000188338,SLC38A3,0,0.05205392281810182,"{""expression_atlas"": 0.05205392281810182}",unknown,0,[]
ENSG00000116176,TPSG1,0,0.05964676514617422,"{""expression_atlas"": 0.05964676514617422}",unknown,0,[]
ENSG00000275672,ENSG00000275672,0,0.05964545406517385,"{""expression_atlas"": 0.05964545406517385}",unknown,0,[]
ENSG00000125746,EML2,0,0.05952636118586865,"{""expression_atlas"": 0.05952636118586865}",unknown,0,[]
ENSG00000205364,MT1M,0,0.05945230394557167,"{""expression_atlas"": 0.05945230394557167}",unknown,0,[]
ENSG00000155816,FMN2,0,0.05943572893368978,"{""expression_atlas"": 0.05943572893368978}",unknown,0,[]
ENSG00000145287,PLAC8,0,0.05942293752721264,"{""expression_atlas"": 0.05942293752721264}",unknown,0,[]
ENSG00000196091,MYBPC1,0,0.05941807758226935,"{""expression_atlas"": 0.05941807758226935}",unknown,0,[]
ENSG00000120875,DUSP4,0,0.05475401653798277,"{""expression_atlas"": 0.05475401653798277}",unknown,0,[]
ENSG00000068028,RASSF1,0,0,{},unknown,0,[]
ENSG00000127831,VIL1,0,0,{},unknown,0,[]
ENSG00000092009,CMA1,0,0,{},unknown,0,[]
ENSG00000095059,DHPS,0,0,{},unknown,0,[]
ENSG00000105246,EBI3,0,0,{},unknown,0,[]
ENSG00000185985,SLITRK2,0,0.059124615146256235,"{""expression_atlas"": 0.059124615146256235}",unknown,0,[]
ENSG00000116584,ARHGEF2,0,0,{},unknown,0,[]
ENSG00000184601,C14orf180,0,0.05905965957692062,"{""expression_atlas"": 0.05905965957692062}",unknown,0,[]
ENSG00000267968,ENSG00000267968,0,0.059036992353440225,"{""expression_atlas"": 0.059036992353440225}",unknown,0,[]
ENSG00000084733,RAB10,0,0,{},unknown,0,[]
ENSG00000100359,SGSM3,0,0.058986458230065854,"{""expression_atlas"": 0.058986458230065854}",unknown,0,[]
ENSG00000138496,PARP9,0,0.058975345975948106,"{""expression_atlas"": 0.058975345975948106}",unknown,0,[]
ENSG00000181374,CCL13,0,0.050163669054931234,"{""expression_atlas"": 0.050163669054931234}",unknown,0,[]
ENSG00000165899,OTOGL,0,0.058864818587593515,"{""expression_atlas"": 0.058864818587593515}",unknown,0,[]
ENSG00000204482,LST1,0,0.05886420714886363,"{""expression_atlas"": 0.05886420714886363}",unknown,0,[]
ENSG00000180745,CLRN3,0,0.05868225136255876,"{""expression_atlas"": 0.05868225136255876}",unknown,0,[]
ENSG00000275688,CCL15-CCL14,0,0.0586680791951659,"{""expression_atlas"": 0.0586680791951659}",unknown,0,[]
ENSG00000184363,PKP3,0,0.05863185899798472,"{""expression_atlas"": 0.05863185899798472}",unknown,0,[]
ENSG00000165030,NFIL3,0,0,{},unknown,0,[]
ENSG00000173821,RNF213,0,0.05857220767641288,"{""expression_atlas"": 0.05857220767641288}",unknown,0,[]
ENSG00000182866,LCK,0,0.015188808277484634,"{""expression_atlas"": 0.015188808277484634}",unknown,0,"[""CHEMBL1421"", ""CHEMBL477772""]"
ENSG00000071575,TRIB2,0,0.05844871084884257,"{""expression_atlas"": 0.05844871084884257}",unknown,0,[]
ENSG00000100299,ARSA,0,0.05840691730978337,"{""expression_atlas"": 0.05840691730978337}",unknown,0,[]
ENSG00000188833,ENTPD8,0,0.05838567380262008,"{""expression_atlas"": 0.05838567380262008}",unknown,0,[]
ENSG00000248144,ADH1C,0,0.058139674719215675,"{""expression_atlas"": 0.058139674719215675}",unknown,0,"[""CHEMBL1308""]"
ENSG00000188056,TREML4,0,0.057807045424133174,"{""expression_atlas"": 0.057807045424133174}",unknown,0,[]
ENSG00000165699,TSC1,0,0,{},unknown,0,[]
ENSG00000214102,WEE2,0,0.05773426301474112,"{""expression_atlas"": 0.05773426301474112}",unknown,0,[]
ENSG00000165886,UBTD1,0,0.05770625903503909,"{""expression_atlas"": 0.05770625903503909}",unknown,0,[]
ENSG00000130545,CRB3,0,0.05768930550378768,"{""expression_atlas"": 0.05768930550378768}",unknown,0,[]
ENSG00000278982,ENSG00000278982,0,0.057606999458601565,"{""expression_atlas"": 0.057606999458601565}",unknown,0,[]
ENSG00000267466,ENSG00000267466,0,0.0574586682434081,"{""expression_atlas"": 0.0574586682434081}",unknown,0,[]
ENSG00000261625,ENSG00000261625,0,0.05744732355422105,"{""expression_atlas"": 0.05744732355422105}",unknown,0,[]
ENSG00000260704,LINC00543,0,0.057391124598914676,"{""expression_atlas"": 0.057391124598914676}",unknown,0,[]
ENSG00000257084,MIR200CHG,0,0.05735265072984529,"{""expression_atlas"": 0.05735265072984529}",unknown,0,[]
ENSG00000214049,UCA1,0,0.057263776700978236,"{""expression_atlas"": 0.057263776700978236}",unknown,0,[]
ENSG00000159182,PRAC1,0,0.056907738966794054,"{""expression_atlas"": 0.056907738966794054}",unknown,0,[]
ENSG00000150893,FREM2,0,0.05686507428715289,"{""expression_atlas"": 0.05686507428715289}",unknown,0,[]
ENSG00000124562,SNRPC,0,0.05679031728092573,"{""expression_atlas"": 0.05679031728092573}",unknown,0,[]
ENSG00000170439,TMT1B,0,0.056776764616187136,"{""expression_atlas"": 0.056776764616187136}",unknown,0,[]
ENSG00000088247,KHSRP,0,0.05673817992508425,"{""expression_atlas"": 0.05673817992508425}",unknown,0,[]
ENSG00000159217,IGF2BP1,0,0.04895672146586521,"{""expression_atlas"": 0.04895672146586521}",unknown,0,[]
ENSG00000140511,HAPLN3,0,0.05663618475846767,"{""expression_atlas"": 0.05663618475846767}",unknown,0,[]
ENSG00000257842,NOVA1-DT,0,0.056574563967998356,"{""expression_atlas"": 0.056574563967998356}",unknown,0,[]
ENSG00000124664,SPDEF,0,0.05655349138648889,"{""expression_atlas"": 0.05655349138648889}",unknown,0,[]
ENSG00000157657,ZNF618,0,0.056400176355868255,"{""expression_atlas"": 0.056400176355868255}",unknown,0,[]
ENSG00000234389,ENSG00000234389,0,0.05637054029376033,"{""expression_atlas"": 0.05637054029376033}",unknown,0,[]
ENSG00000204033,LRIT2,0,0.056258120717352304,"{""expression_atlas"": 0.056258120717352304}",unknown,0,[]
ENSG00000145283,SLC10A6,0,0.05623642562858633,"{""expression_atlas"": 0.05623642562858633}",unknown,0,[]
ENSG00000121879,PIK3CA,0,0,{},unknown,0,"[""CHEMBL2396661"", ""CHEMBL3218576"", ""CHEMBL4650215""]"
ENSG00000140505,CYP1A2,0,0,{},unknown,0,[]
ENSG00000253102,LRRC59-AS1,0,0.05605426232758752,"{""expression_atlas"": 0.05605426232758752}",unknown,0,[]
ENSG00000250829,ENSG00000250829,0,0.05591127845961569,"{""expression_atlas"": 0.05591127845961569}",unknown,0,[]
ENSG00000271824,SMIM32,0,0.05587789719393098,"{""expression_atlas"": 0.05587789719393098}",unknown,0,[]
ENSG00000152580,IGSF10,0,0.05587740095763927,"{""expression_atlas"": 0.05587740095763927}",unknown,0,[]
ENSG00000236915,CLCA4-AS1,0,0.055823871497614225,"{""expression_atlas"": 0.055823871497614225}",unknown,0,[]
ENSG00000280135,ENSG00000280135,0,0.05572693986169456,"{""expression_atlas"": 0.05572693986169456}",unknown,0,[]
ENSG00000169976,SF3B5,0,0.05571538590337685,"{""expression_atlas"": 0.05571538590337685}",unknown,0,[]
ENSG00000173702,MUC13,0,0.0451515466521913,"{""expression_atlas"": 0.0451515466521913}",unknown,0,[]
ENSG00000159189,C1QC,0,0.05534166958747357,"{""expression_atlas"": 0.05534166958747357}",unknown,0,[]
ENSG00000254042,SLIT3-AS2,0,0.05530611428640532,"{""expression_atlas"": 0.05530611428640532}",unknown,0,[]
ENSG00000254102,BHLHE22-AS1,0,0.05518628142946303,"{""expression_atlas"": 0.05518628142946303}",unknown,0,[]
ENSG00000065609,SNAP91,0,0.05513377107381785,"{""expression_atlas"": 0.05513377107381785}",unknown,0,[]
ENSG00000184709,LRRC26,0,0.05511572687260186,"{""expression_atlas"": 0.05511572687260186}",unknown,0,[]
ENSG00000160161,CILP2,0,0.05508891200747771,"{""expression_atlas"": 0.05508891200747771}",unknown,0,[]
ENSG00000211961,IGHV1-45,0,0.055061836986756436,"{""expression_atlas"": 0.055061836986756436}",unknown,0,[]
ENSG00000119686,FLVCR2,0,0.05500383363385572,"{""expression_atlas"": 0.05500383363385572}",unknown,0,[]
ENSG00000183463,URAD,0,0.05497831615319332,"{""expression_atlas"": 0.05497831615319332}",unknown,0,[]
ENSG00000117152,RGS4,0,0.04736511587442478,"{""expression_atlas"": 0.04736511587442478}",unknown,0,[]
ENSG00000005513,SOX8,0,0.05495475282631906,"{""expression_atlas"": 0.05495475282631906}",unknown,0,[]
ENSG00000011083,SLC6A7,0,0.05492821076235674,"{""expression_atlas"": 0.05492821076235674}",unknown,0,[]
ENSG00000116691,MIIP,0,0.05485956959308248,"{""expression_atlas"": 0.05485956959308248}",unknown,0,[]
ENSG00000187714,SLC18A3,0,0,{},unknown,0,[]
ENSG00000233816,IFNA13,0,0,{},unknown,0,[]
ENSG00000266265,KLF14,0,0,{},unknown,0,[]
ENSG00000128310,GALR3,0,0,{},unknown,0,[]
ENSG00000145907,G3BP1,0,0,{},unknown,0,[]
ENSG00000124762,CDKN1A,0,0,{},unknown,0,[]
ENSG00000075223,SEMA3C,0,0,{},unknown,0,[]
ENSG00000197763,TXNRD3,0,0,{},unknown,0,[]
ENSG00000183434,TFDP3,0,0,{},unknown,0,[]
ENSG00000263761,GDF2,0,0,{},unknown,0,[]
ENSG00000292348,CD99,0,0,{},unknown,0,[]
ENSG00000002586,CD99,0,0,{},unknown,0,[]
ENSG00000133706,LARS1,0,0,{},unknown,0,[]
ENSG00000163898,LIPH,0,0.054643099398741214,"{""expression_atlas"": 0.054643099398741214}",unknown,0,[]
ENSG00000109265,CRACD,0,0.05458648046860831,"{""expression_atlas"": 0.05458648046860831}",unknown,0,[]
ENSG00000104812,GYS1,0,0.054413875426963854,"{""expression_atlas"": 0.054413875426963854}",unknown,0,[]
ENSG00000176919,C8G,0,0.05433170448700127,"{""expression_atlas"": 0.05433170448700127}",unknown,0,[]
ENSG00000237424,FOXD2-AS1,0,0.054314256085657306,"{""expression_atlas"": 0.054314256085657306}",unknown,0,[]
ENSG00000178445,GLDC,0,0.05430558999230286,"{""expression_atlas"": 0.05430558999230286}",unknown,0,[]
ENSG00000223572,CKMT1A,0,0.054238896718439254,"{""expression_atlas"": 0.054238896718439254}",unknown,0,[]
ENSG00000084207,GSTP1,0,0.05423499464479885,"{""expression_atlas"": 0.05423499464479885}",unknown,0,[]
ENSG00000235568,NFAM1,0,0.045044710851941346,"{""expression_atlas"": 0.045044710851941346}",unknown,0,[]
ENSG00000120088,CRHR1,0,0.04812276778295107,"{""expression_atlas"": 0.04812276778295107}",unknown,0,"[""CHEMBL291657""]"
ENSG00000233017,ENSG00000233017,0,0.05402582109593216,"{""expression_atlas"": 0.05402582109593216}",unknown,0,[]
ENSG00000148734,NPFFR1,0,0.05402134739363731,"{""expression_atlas"": 0.05402134739363731}",unknown,0,[]
ENSG00000108641,B9D1,0,0.05402101895744424,"{""expression_atlas"": 0.05402101895744424}",unknown,0,[]
ENSG00000145335,SNCA,0,0.014382421608903575,"{""expression_atlas"": 0.014382421608903575}",unknown,0,[]
ENSG00000140285,FGF7,0,0.03922889809667201,"{""expression_atlas"": 0.03922889809667201}",unknown,0,[]
ENSG00000131355,ADGRE3,0,0.05399496778112114,"{""expression_atlas"": 0.05399496778112114}",unknown,0,[]
ENSG00000249453,PPARGC1A-AS1,0,0.053904090156850944,"{""expression_atlas"": 0.053904090156850944}",unknown,0,[]
ENSG00000043462,LCP2,0,0.053763638043249434,"{""expression_atlas"": 0.053763638043249434}",unknown,0,[]
ENSG00000148357,HMCN2,0,0.05370409381978344,"{""expression_atlas"": 0.05370409381978344}",unknown,0,[]
ENSG00000185774,KCNIP4,0,0.05062505342075001,"{""expression_atlas"": 0.05062505342075001}",unknown,0,[]
ENSG00000044574,HSPA5,0,0.012757086682233772,"{""expression_atlas"": 0.012757086682233772}",unknown,0,[]
ENSG00000162618,ADGRL4,0,0.05360082940307162,"{""expression_atlas"": 0.05360082940307162}",unknown,0,[]
ENSG00000260418,ENSG00000260418,0,0.05351894999400482,"{""expression_atlas"": 0.05351894999400482}",unknown,0,[]
ENSG00000151789,ZNF385D,0,0.05343789480869695,"{""expression_atlas"": 0.05343789480869695}",unknown,0,[]
ENSG00000255435,TTC36-AS1,0,0.05333682243005902,"{""expression_atlas"": 0.05333682243005902}",unknown,0,[]
ENSG00000189337,KAZN,0,0.053298985303456774,"{""expression_atlas"": 0.053298985303456774}",unknown,0,[]
ENSG00000263312,LINC01975,0,0.053292273075988585,"{""expression_atlas"": 0.053292273075988585}",unknown,0,[]
ENSG00000183625,CCR3,0,0.03583590108999374,"{""expression_atlas"": 0.03583590108999374}",unknown,0,[]
ENSG00000171246,NPTX1,0,0.053249553443156995,"{""expression_atlas"": 0.053249553443156995}",unknown,0,[]
ENSG00000179776,CDH5,0,0.0501658442122965,"{""expression_atlas"": 0.0501658442122965}",unknown,0,[]
ENSG00000183765,CHEK2,0,0,{},unknown,0,[]
ENSG00000159403,C1R,0,0.05317601991112036,"{""expression_atlas"": 0.05317601991112036}",unknown,0,[]
ENSG00000156219,ART3,0,0.05316544872163753,"{""expression_atlas"": 0.05316544872163753}",unknown,0,[]
ENSG00000198216,CACNA1E,0,0.053099240597879786,"{""expression_atlas"": 0.053099240597879786}",unknown,0,"[""CHEMBL1008"", ""CHEMBL1059"", ""CHEMBL1628502"", ""CHEMBL940""]"
ENSG00000164651,SP8,0,0.053094315229237625,"{""expression_atlas"": 0.053094315229237625}",unknown,0,[]
ENSG00000204252,HLA-DOA,0,0.053058367322425394,"{""expression_atlas"": 0.053058367322425394}",unknown,0,[]
ENSG00000161649,CD300LG,0,0.05299414278775461,"{""expression_atlas"": 0.05299414278775461}",unknown,0,[]
ENSG00000049192,ADAMTS6,0,0.05299221478844141,"{""expression_atlas"": 0.05299221478844141}",unknown,0,[]
ENSG00000065923,SLC9A7,0,0.05297772678579705,"{""expression_atlas"": 0.05297772678579705}",unknown,0,[]
ENSG00000172215,CXCR6,0,0.01726186792502265,"{""expression_atlas"": 0.01726186792502265}",unknown,0,[]
ENSG00000101158,NELFCD,0,0,{},unknown,0,[]
ENSG00000204653,ASPDH,0,0.05276468919246175,"{""expression_atlas"": 0.05276468919246175}",unknown,0,[]
ENSG00000168389,MFSD2A,0,0.05258605276775481,"{""expression_atlas"": 0.05258605276775481}",unknown,0,[]
ENSG00000177989,CIMAP1B,0,0.05252093014880942,"{""expression_atlas"": 0.05252093014880942}",unknown,0,[]
ENSG00000253508,ENSG00000253508,0,0.052509454287160376,"{""expression_atlas"": 0.052509454287160376}",unknown,0,[]
ENSG00000181036,FCRL6,0,0.05247023950081931,"{""expression_atlas"": 0.05247023950081931}",unknown,0,[]
ENSG00000275719,ENSG00000275719,0,0.05237159233044911,"{""expression_atlas"": 0.05237159233044911}",unknown,0,[]
ENSG00000050030,NEXMIF,0,0.05236701745529499,"{""expression_atlas"": 0.05236701745529499}",unknown,0,[]
ENSG00000182492,BGN,0,0.05231124840218325,"{""expression_atlas"": 0.05231124840218325}",unknown,0,[]
ENSG00000174837,ADGRE1,0,0.05220156967058535,"{""expression_atlas"": 0.05220156967058535}",unknown,0,[]
ENSG00000010282,HHATL,0,0.05197237517759233,"{""expression_atlas"": 0.05197237517759233}",unknown,0,[]
ENSG00000156076,WIF1,0,0.04276235221612826,"{""expression_atlas"": 0.04276235221612826}",unknown,0,[]
ENSG00000185880,TRIM69,0,0.051820889781492706,"{""expression_atlas"": 0.051820889781492706}",unknown,0,[]
ENSG00000185290,NUPR2,0,0.05175466852627773,"{""expression_atlas"": 0.05175466852627773}",unknown,0,[]
ENSG00000225885,ENSG00000225885,0,0.05173514117428782,"{""expression_atlas"": 0.05173514117428782}",unknown,0,[]
ENSG00000107807,TLX1,0,0.0516103860246643,"{""expression_atlas"": 0.0516103860246643}",unknown,0,[]
ENSG00000186652,PRG2,0,0.041391885387537825,"{""expression_atlas"": 0.041391885387537825}",unknown,0,[]
ENSG00000169181,GSG1L,0,0.051577559761827686,"{""expression_atlas"": 0.051577559761827686}",unknown,0,[]
ENSG00000215458,AATBC,0,0.05152479318824174,"{""expression_atlas"": 0.05152479318824174}",unknown,0,[]
ENSG00000224177,LINC00570,0,0.05145613115222988,"{""expression_atlas"": 0.05145613115222988}",unknown,0,[]
ENSG00000180210,F2,0,0,{},unknown,0,"[""CHEMBL1166"", ""CHEMBL1201554"", ""CHEMBL1201662"", ""CHEMBL1201666"", ""CHEMBL5314348"", ""CHEMBL539697"", ""CHEMBL6068492""]"
ENSG00000133937,GSC,0,0.051408149079616675,"{""expression_atlas"": 0.051408149079616675}",unknown,0,[]
ENSG00000269893,SNHG8,0,0.051294248272284494,"{""expression_atlas"": 0.051294248272284494}",unknown,0,[]
ENSG00000163359,COL6A3,0,0.045971323676102606,"{""expression_atlas"": 0.045971323676102606}",unknown,0,"[""CHEMBL2095222"", ""CHEMBL2108709""]"
ENSG00000180340,FZD2,0,0.05126166420469624,"{""expression_atlas"": 0.05126166420469624}",unknown,0,[]
ENSG00000244158,CALHM6-AS1,0,0.05122968578144666,"{""expression_atlas"": 0.05122968578144666}",unknown,0,[]
ENSG00000169946,ZFPM2,0,0.05121297623369945,"{""expression_atlas"": 0.05121297623369945}",unknown,0,[]
ENSG00000237989,LINC01679,0,0.05119032978679186,"{""expression_atlas"": 0.05119032978679186}",unknown,0,[]
ENSG00000272491,ENSG00000272491,0,0.05117945329300414,"{""expression_atlas"": 0.05117945329300414}",unknown,0,[]
ENSG00000118729,CASQ2,0,0.0511020728751802,"{""expression_atlas"": 0.0511020728751802}",unknown,0,[]
ENSG00000111335,OAS2,0,0.05107243104581661,"{""expression_atlas"": 0.05107243104581661}",unknown,0,[]
ENSG00000173237,C11orf86,0,0.05105921919144816,"{""expression_atlas"": 0.05105921919144816}",unknown,0,[]
ENSG00000238160,LINC02863,0,0.05090709746577751,"{""expression_atlas"": 0.05090709746577751}",unknown,0,[]
ENSG00000134955,SLC37A2,0,0.05086680769320112,"{""expression_atlas"": 0.05086680769320112}",unknown,0,[]
ENSG00000183281,PLGLB1,0,0.05053634816323176,"{""expression_atlas"": 0.05053634816323176}",unknown,0,[]
ENSG00000124143,ARHGAP40,0,0.05047237931305739,"{""expression_atlas"": 0.05047237931305739}",unknown,0,[]
ENSG00000104369,JPH1,0,0.05044538673157353,"{""expression_atlas"": 0.05044538673157353}",unknown,0,[]
ENSG00000211685,IGLC7,0,0.050393345833951116,"{""expression_atlas"": 0.050393345833951116}",unknown,0,[]
ENSG00000175387,SMAD2,0,0,{},unknown,0,[]
ENSG00000214415,GNAT3,0,0.04582388919577082,"{""expression_atlas"": 0.04582388919577082}",unknown,0,[]
ENSG00000196754,S100A2,0,0.05035423784927616,"{""expression_atlas"": 0.05035423784927616}",unknown,0,[]
ENSG00000159184,HOXB13,0,0.05031612162521419,"{""expression_atlas"": 0.05031612162521419}",unknown,0,[]
ENSG00000091622,PITPNM3,0,0.050286298403825855,"{""expression_atlas"": 0.050286298403825855}",unknown,0,[]
ENSG00000244734,HBB,0,0.050252585956317236,"{""expression_atlas"": 0.050252585956317236}",unknown,0,"[""CHEMBL4594311"", ""CHEMBL4650269""]"
ENSG00000181631,P2RY13,0,0.04108882534112108,"{""expression_atlas"": 0.04108882534112108}",unknown,0,[]
ENSG00000078549,ADCYAP1R1,0,0.05017793001289399,"{""expression_atlas"": 0.05017793001289399}",unknown,0,[]
ENSG00000163638,ADAMTS9,0,0.05016233092165389,"{""expression_atlas"": 0.05016233092165389}",unknown,0,[]
ENSG00000170099,SERPINA6,0,0.050031091401493026,"{""expression_atlas"": 0.050031091401493026}",unknown,0,[]
ENSG00000110876,SELPLG,0,0.03347098338073084,"{""expression_atlas"": 0.03347098338073084}",unknown,0,[]
ENSG00000196542,SPTSSB,0,0.04995927824577451,"{""expression_atlas"": 0.04995927824577451}",unknown,0,[]
ENSG00000143878,RHOB,0,0.017028003274321066,"{""expression_atlas"": 0.017028003274321066}",unknown,0,[]
ENSG00000187193,MT1X,0,0.04984894462579255,"{""expression_atlas"": 0.04984894462579255}",unknown,0,[]
ENSG00000164867,NOS3,0,0,{},unknown,0,[]
ENSG00000135074,ADAM19,0,0.02294524542242673,"{""expression_atlas"": 0.02294524542242673}",unknown,0,[]
ENSG00000239590,OR1J4,0,0.04972202975804942,"{""expression_atlas"": 0.04972202975804942}",unknown,0,[]
ENSG00000162069,BICDL2,0,0.04965474422776656,"{""expression_atlas"": 0.04965474422776656}",unknown,0,[]
ENSG00000112541,PDE10A,0,0.0496526133472884,"{""expression_atlas"": 0.0496526133472884}",unknown,0,"[""CHEMBL19449"", ""CHEMBL628"", ""CHEMBL932""]"
ENSG00000171867,PRNP,0,0.01605149819437096,"{""expression_atlas"": 0.01605149819437096}",unknown,0,[]
ENSG00000253364,COPDA1,0,0.04960599369830148,"{""expression_atlas"": 0.04960599369830148}",unknown,0,[]
ENSG00000104044,OCA2,0,0.04355404906196136,"{""expression_atlas"": 0.04355404906196136}",unknown,0,[]
ENSG00000046604,DSG2,0,0,{},unknown,0,[]
ENSG00000144730,IL17RD,0,0.04421847285729146,"{""expression_atlas"": 0.04421847285729146}",unknown,0,[]
ENSG00000015520,NPC1L1,0,0.044919992433818175,"{""expression_atlas"": 0.044919992433818175}",unknown,0,"[""CHEMBL1138""]"
ENSG00000259092,TRAV30,0,0.04945282649394615,"{""expression_atlas"": 0.04945282649394615}",unknown,0,[]
ENSG00000117461,PIK3R3,0,0.04945281740117098,"{""expression_atlas"": 0.04945281740117098}",unknown,0,[]
ENSG00000100234,TIMP3,0,0.009859619811648422,"{""expression_atlas"": 0.009859619811648422}",unknown,0,[]
ENSG00000069812,HES2,0,0.049178611817528604,"{""expression_atlas"": 0.049178611817528604}",unknown,0,[]
ENSG00000198502,HLA-DRB5,0,0.021140761435694246,"{""expression_atlas"": 0.021140761435694246}",unknown,0,[]
ENSG00000165617,DACT1,0,0.049057331033537724,"{""expression_atlas"": 0.049057331033537724}",unknown,0,[]
ENSG00000064545,TMEM161A,0,0.04896355556479702,"{""expression_atlas"": 0.04896355556479702}",unknown,0,[]
ENSG00000102837,OLFM4,0,0.03947769333508952,"{""expression_atlas"": 0.03947769333508952}",unknown,0,[]
ENSG00000129451,KLK10,0,0.04893104052452271,"{""expression_atlas"": 0.04893104052452271}",unknown,0,[]
ENSG00000125144,MT1G,0,0.048797510449622016,"{""expression_atlas"": 0.048797510449622016}",unknown,0,[]
ENSG00000171889,MIR31HG,0,0.048732413115659776,"{""expression_atlas"": 0.048732413115659776}",unknown,0,[]
ENSG00000197646,PDCD1LG2,0,0.04567432348079357,"{""expression_atlas"": 0.04567432348079357}",unknown,0,[]
ENSG00000066230,SLC9A3,0,0.025226781492556145,"{""expression_atlas"": 0.025226781492556145}",unknown,0,"[""CHEMBL3304485""]"
ENSG00000136854,STXBP1,0,0.048659123291322055,"{""expression_atlas"": 0.048659123291322055}",unknown,0,[]
ENSG00000025156,HSF2,0,0,{},unknown,0,[]
ENSG00000175206,NPPA,0,0,{},unknown,0,[]
ENSG00000130726,TRIM28,0,0,{},unknown,0,[]
ENSG00000146094,DOK3,0,0,{},unknown,0,[]
ENSG00000157999,ANKRD61,0,0.04858775949168604,"{""expression_atlas"": 0.04858775949168604}",unknown,0,[]
ENSG00000253297,ENSG00000253297,0,0.048571361214868276,"{""expression_atlas"": 0.048571361214868276}",unknown,0,[]
ENSG00000137959,IFI44L,0,0.04857033659253002,"{""expression_atlas"": 0.04857033659253002}",unknown,0,[]
ENSG00000282608,ADORA3,0,0.01364113747894439,"{""expression_atlas"": 0.01364113747894439}",unknown,0,"[""CHEMBL113"", ""CHEMBL1208646"", ""CHEMBL190"", ""CHEMBL477""]"
ENSG00000182931,WFDC10B,0,0.048398120264458985,"{""expression_atlas"": 0.048398120264458985}",unknown,0,[]
ENSG00000253598,SLC10A5,0,0.048340679180440556,"{""expression_atlas"": 0.048340679180440556}",unknown,0,[]
ENSG00000152207,CYSLTR2,0,0.048302455129333434,"{""expression_atlas"": 0.048302455129333434}",unknown,0,[]
ENSG00000150051,MKX,0,0.04827598149865361,"{""expression_atlas"": 0.04827598149865361}",unknown,0,[]
ENSG00000236039,LINC02889,0,0.0482306304329716,"{""expression_atlas"": 0.0482306304329716}",unknown,0,[]
ENSG00000110680,CALCA,0,0,{},unknown,0,"[""CHEMBL3707328"", ""CHEMBL3833320"", ""CHEMBL4297756""]"
ENSG00000104140,RHOV,0,0.04795615746389458,"{""expression_atlas"": 0.04795615746389458}",unknown,0,[]
ENSG00000170419,VSTM2A,0,0.04791568365742587,"{""expression_atlas"": 0.04791568365742587}",unknown,0,[]
ENSG00000173262,SLC2A14,0,0.043351881499772905,"{""expression_atlas"": 0.043351881499772905}",unknown,0,[]
ENSG00000280721,LINC01943,0,0.0478628373925327,"{""expression_atlas"": 0.0478628373925327}",unknown,0,[]
ENSG00000248790,ENSG00000248790,0,0.04785737648097414,"{""expression_atlas"": 0.04785737648097414}",unknown,0,[]
ENSG00000177807,KCNJ10,0,0.04784351171671804,"{""expression_atlas"": 0.04784351171671804}",unknown,0,[]
ENSG00000189195,BTBD8,0,0.047806614375178746,"{""expression_atlas"": 0.047806614375178746}",unknown,0,[]
ENSG00000174325,DIRC1,0,0.047800296340092585,"{""expression_atlas"": 0.047800296340092585}",unknown,0,[]
ENSG00000205057,CLLU1-AS1,0,0.04773911312179834,"{""expression_atlas"": 0.04773911312179834}",unknown,0,[]
ENSG00000168036,CTNNB1,0,0,{},unknown,0,[]
ENSG00000259001,ENSG00000259001,0,0.0476797408146458,"{""expression_atlas"": 0.0476797408146458}",unknown,0,[]
ENSG00000100294,MCAT,0,0,{},unknown,0,[]
ENSG00000251003,ZFPM2-AS1,0,0.04755218636879341,"{""expression_atlas"": 0.04755218636879341}",unknown,0,[]
ENSG00000145911,N4BP3,0,0.01355723856675416,"{""expression_atlas"": 0.01355723856675416}",unknown,0,[]
ENSG00000198670,LPA,0,0,{},unknown,0,[]
ENSG00000169427,KCNK9,0,0.04743036485608277,"{""expression_atlas"": 0.04743036485608277}",unknown,0,"[""CHEMBL1200694"", ""CHEMBL1200733"", ""CHEMBL1256"", ""CHEMBL1257"", ""CHEMBL1754"", ""CHEMBL931""]"
ENSG00000235142,LINC02532,0,0.04742624723643565,"{""expression_atlas"": 0.04742624723643565}",unknown,0,[]
ENSG00000198729,PPP1R14C,0,0.04735729316863936,"{""expression_atlas"": 0.04735729316863936}",unknown,0,[]
ENSG00000167850,CD300C,0,0.04734733242726307,"{""expression_atlas"": 0.04734733242726307}",unknown,0,[]
ENSG00000197410,DCHS2,0,0.04734551247888024,"{""expression_atlas"": 0.04734551247888024}",unknown,0,[]
ENSG00000253618,GRPEL2-AS1,0,0.047331935697014965,"{""expression_atlas"": 0.047331935697014965}",unknown,0,[]
ENSG00000165949,IFI27,0,0.04719479176990623,"{""expression_atlas"": 0.04719479176990623}",unknown,0,[]
ENSG00000153294,ADGRF4,0,0.047148528385447565,"{""expression_atlas"": 0.047148528385447565}",unknown,0,[]
ENSG00000237594,TIAM1-AS1,0,0.047012044623858995,"{""expression_atlas"": 0.047012044623858995}",unknown,0,[]
ENSG00000258521,ENSG00000258521,0,0.0469719220393572,"{""expression_atlas"": 0.0469719220393572}",unknown,0,[]
ENSG00000084774,CAD,0,0,{},unknown,0,[]
ENSG00000101670,LIPG,0,0.04682170370439311,"{""expression_atlas"": 0.04682170370439311}",unknown,0,[]
ENSG00000230728,ENSG00000230728,0,0.04678857594824455,"{""expression_atlas"": 0.04678857594824455}",unknown,0,[]
ENSG00000186891,TNFRSF18,0,0.040373397511035955,"{""expression_atlas"": 0.040373397511035955}",unknown,0,[]
ENSG00000186074,CD300LF,0,0.029839940332710046,"{""expression_atlas"": 0.029839940332710046}",unknown,0,[]
ENSG00000175899,A2M,0,0.010003136614613224,"{""expression_atlas"": 0.010003136614613224}",unknown,0,"[""CHEMBL2110572""]"
ENSG00000103742,IGDCC4,0,0.04667992240830819,"{""expression_atlas"": 0.04667992240830819}",unknown,0,[]
ENSG00000204389,HSPA1A,0,0.028605977405771435,"{""expression_atlas"": 0.028605977405771435}",unknown,0,[]
ENSG00000234511,C5orf58,0,0.04666301320745728,"{""expression_atlas"": 0.04666301320745728}",unknown,0,[]
ENSG00000174946,GPR171,0,0.046650784410587905,"{""expression_atlas"": 0.046650784410587905}",unknown,0,[]
ENSG00000151835,SACS,0,0.046629111558056116,"{""expression_atlas"": 0.046629111558056116}",unknown,0,[]
ENSG00000125823,CSTL1,0,0.04654390292220937,"{""expression_atlas"": 0.04654390292220937}",unknown,0,[]
ENSG00000102096,PIM2,0,0.04639624775928885,"{""expression_atlas"": 0.04639624775928885}",unknown,0,[]
ENSG00000267506,LINC03161,0,0.04628121222276991,"{""expression_atlas"": 0.04628121222276991}",unknown,0,[]
ENSG00000242247,ARFGAP3,0,0.0462353914413937,"{""expression_atlas"": 0.0462353914413937}",unknown,0,[]
ENSG00000141499,WRAP53,0,0.04623035659805214,"{""expression_atlas"": 0.04623035659805214}",unknown,0,[]
ENSG00000140323,DISP2,0,0.04620913918151013,"{""expression_atlas"": 0.04620913918151013}",unknown,0,[]
ENSG00000170775,GPR37,0,0.04620262292982653,"{""expression_atlas"": 0.04620262292982653}",unknown,0,[]
ENSG00000162772,ATF3,0,0.03930897624741782,"{""expression_atlas"": 0.03930897624741782}",unknown,0,[]
ENSG00000117984,CTSD,0,0,{},unknown,0,[]
ENSG00000257241,ENSG00000257241,0,0.046050971134678216,"{""expression_atlas"": 0.046050971134678216}",unknown,0,[]
ENSG00000204983,PRSS1,0,0.04585526058436309,"{""expression_atlas"": 0.04585526058436309}",unknown,0,[]
ENSG00000133115,STOML3,0,0.045783924533267066,"{""expression_atlas"": 0.045783924533267066}",unknown,0,[]
ENSG00000111262,KCNA1,0,0.03817849238977843,"{""expression_atlas"": 0.03817849238977843}",unknown,0,"[""CHEMBL284348"", ""CHEMBL354077"", ""CHEMBL821""]"
ENSG00000001626,CFTR,0,0,{},unknown,0,"[""CHEMBL2010601"", ""CHEMBL2103870"", ""CHEMBL2108184"", ""CHEMBL3544914"", ""CHEMBL4298128"", ""CHEMBL5314934""]"
ENSG00000152785,BMP3,0,0.0456557012929611,"{""expression_atlas"": 0.0456557012929611}",unknown,0,[]
ENSG00000246430,LINC00968,0,0.045653545312884784,"{""expression_atlas"": 0.045653545312884784}",unknown,0,[]
ENSG00000100596,SPTLC2,0,0,{},unknown,0,[]
ENSG00000006283,CACNA1G,0,0,{},unknown,0,"[""CHEMBL1008"", ""CHEMBL1059"", ""CHEMBL1100"", ""CHEMBL1628502"", ""CHEMBL695"", ""CHEMBL696"", ""CHEMBL697"", ""CHEMBL797"", ""CHEMBL940""]"
ENSG00000080618,CPB2,0,0,{},unknown,0,[]
ENSG00000132646,PCNA,0,0,{},unknown,0,[]
ENSG00000152939,MARVELD2,0,0,{},unknown,0,[]
ENSG00000134443,GRP,0,0,{},unknown,0,[]
ENSG00000186716,BCR,0,0,{},unknown,0,"[""CHEMBL1171837"", ""CHEMBL1421"", ""CHEMBL255863"", ""CHEMBL288441"", ""CHEMBL4208229"", ""CHEMBL941""]"
ENSG00000075388,FGF4,0,0.04558449992061279,"{""expression_atlas"": 0.04558449992061279}",unknown,0,[]
ENSG00000128578,STRIP2,0,0.045583464949380106,"{""expression_atlas"": 0.045583464949380106}",unknown,0,[]
ENSG00000168404,MLKL,0,0.028183472923452847,"{""expression_atlas"": 0.028183472923452847}",unknown,0,[]
ENSG00000255819,KLRC4-KLRK1,0,0.04553638044683746,"{""expression_atlas"": 0.04553638044683746}",unknown,0,[]
ENSG00000254789,LINC03196,0,0.04549700663001918,"{""expression_atlas"": 0.04549700663001918}",unknown,0,[]
ENSG00000198417,MT1F,0,0.045474643771938945,"{""expression_atlas"": 0.045474643771938945}",unknown,0,[]
ENSG00000089199,CHGB,0,0,{},unknown,0,[]
ENSG00000160593,JAML,0,0.040753553985431734,"{""expression_atlas"": 0.040753553985431734}",unknown,0,[]
ENSG00000272821,ENSG00000272821,0,0.045306942889646866,"{""expression_atlas"": 0.045306942889646866}",unknown,0,[]
ENSG00000260597,ENSG00000260597,0,0.045263120656354294,"{""expression_atlas"": 0.045263120656354294}",unknown,0,[]
ENSG00000165966,PDZRN4,0,0.04516652902921278,"{""expression_atlas"": 0.04516652902921278}",unknown,0,[]
ENSG00000174944,P2RY14,0,0.03475171039866927,"{""expression_atlas"": 0.03475171039866927}",unknown,0,[]
ENSG00000080644,CHRNA3,0,0.03474557524047131,"{""expression_atlas"": 0.03474557524047131}",unknown,0,"[""CHEMBL1201329"", ""CHEMBL1271"", ""CHEMBL267936""]"
ENSG00000173372,C1QA,0,0.045155439320347365,"{""expression_atlas"": 0.045155439320347365}",unknown,0,[]
ENSG00000107521,HPS1,0,0,{},unknown,0,[]
ENSG00000100196,KDELR3,0,0.04514511514510593,"{""expression_atlas"": 0.04514511514510593}",unknown,0,[]
ENSG00000177535,OR2B11,0,0.045075396421652154,"{""expression_atlas"": 0.045075396421652154}",unknown,0,[]
ENSG00000271384,ENSG00000271384,0,0.04506153433784071,"{""expression_atlas"": 0.04506153433784071}",unknown,0,[]
ENSG00000173193,PARP14,0,0.04503410069306167,"{""expression_atlas"": 0.04503410069306167}",unknown,0,[]
ENSG00000226806,LCT-AS1,0,0.04501270074728384,"{""expression_atlas"": 0.04501270074728384}",unknown,0,[]
ENSG00000243055,GK-AS1,0,0.044932165116283465,"{""expression_atlas"": 0.044932165116283465}",unknown,0,[]
ENSG00000135346,CGA,0,0,{},unknown,0,[]
ENSG00000169035,KLK7,0,0.04480405483097949,"{""expression_atlas"": 0.04480405483097949}",unknown,0,[]
ENSG00000100604,CHGA,0,0,{},unknown,0,[]
ENSG00000167105,TMEM92,0,0.04472791830004892,"{""expression_atlas"": 0.04472791830004892}",unknown,0,[]
ENSG00000155511,GRIA1,0,0.044716921267472974,"{""expression_atlas"": 0.044716921267472974}",unknown,0,"[""CHEMBL1214124"", ""CHEMBL220492""]"
ENSG00000134324,LPIN1,0,0.04469403260728593,"{""expression_atlas"": 0.04469403260728593}",unknown,0,[]
ENSG00000172478,MAB21L4,0,0.044665666356348,"{""expression_atlas"": 0.044665666356348}",unknown,0,[]
ENSG00000162174,ASRGL1,0,0.04465484070115562,"{""expression_atlas"": 0.04465484070115562}",unknown,0,[]
ENSG00000277282,IGHV1OR21-1,0,0.044653016759755776,"{""expression_atlas"": 0.044653016759755776}",unknown,0,[]
ENSG00000151276,MAGI1,0,0,{},unknown,0,[]
ENSG00000158714,SLAMF8,0,0.04459908602761097,"{""expression_atlas"": 0.04459908602761097}",unknown,0,[]
ENSG00000273769,L1CAM-AS1,0,0,{},unknown,0,[]
ENSG00000116815,CD58,0,0,{},unknown,0,[]
ENSG00000132746,ALDH3B2,0,0.04455756888716465,"{""expression_atlas"": 0.04455756888716465}",unknown,0,[]
ENSG00000167332,OR51E2,0,0.04445348602441375,"{""expression_atlas"": 0.04445348602441375}",unknown,0,[]
ENSG00000133019,CHRM3,0,0.04444900036943321,"{""expression_atlas"": 0.04444900036943321}",unknown,0,"[""CHEMBL1123"", ""CHEMBL1180725"", ""CHEMBL1186610"", ""CHEMBL1187833"", ""CHEMBL1194325"", ""CHEMBL1200604"", ""CHEMBL1201232"", ""CHEMBL1201286"", ""CHEMBL1201325"", ""CHEMBL1201335"", ""CHEMBL1201338"", ""CHEMBL1201340"", ""CHEMBL1201354"", ""CHEMBL1201764"", ""CHEMBL1231"", ""CHEMBL1346"", ""CHEMBL1382"", ""CHEMBL1482"", ""CHEMBL1495"", ""CHEMBL1621597"", ""CHEMBL168815"", ""CHEMBL1734"", ""CHEMBL1888176"", ""CHEMBL1900528"", ""CHEMBL3707224"", ""CHEMBL376897"", ""CHEMBL3833319"", ""CHEMBL517712"", ""CHEMBL524004"", ""CHEMBL550"", ""CHEMBL620"", ""CHEMBL667"", ""CHEMBL965"", ""CHEMBL978""]"
ENSG00000196843,ARID5A,0,0.04436794510076089,"{""expression_atlas"": 0.04436794510076089}",unknown,0,[]
ENSG00000116016,EPAS1,0,0,{},unknown,0,"[""CHEMBL4585668""]"
ENSG00000184995,IFNE,0,0.0442957659131636,"{""expression_atlas"": 0.0442957659131636}",unknown,0,[]
ENSG00000186529,CYP4F3,0,0.03841258028747721,"{""expression_atlas"": 0.03841258028747721}",unknown,0,[]
ENSG00000182022,CHST15,0,0.01038071102211774,"{""expression_atlas"": 0.01038071102211774}",unknown,0,[]
ENSG00000176165,FOXG1,0,0.04418405844311696,"{""expression_atlas"": 0.04418405844311696}",unknown,0,[]
ENSG00000187474,FPR3,0,0.04414122694200668,"{""expression_atlas"": 0.04414122694200668}",unknown,0,[]
ENSG00000124116,WFDC3,0,0.04412196507363323,"{""expression_atlas"": 0.04412196507363323}",unknown,0,[]
ENSG00000006062,MAP3K14,0,0,{},unknown,0,[]
ENSG00000102032,RENBP,0,0,{},unknown,0,[]
ENSG00000073111,MCM2,0,0,{},unknown,0,[]
ENSG00000183287,CCBE1,0,0.04407213264481874,"{""expression_atlas"": 0.04407213264481874}",unknown,0,[]
ENSG00000101224,CDC25B,0,0.044025426188228765,"{""expression_atlas"": 0.044025426188228765}",unknown,0,[]
ENSG00000131389,SLC6A6,0,0.04398545290440792,"{""expression_atlas"": 0.04398545290440792}",unknown,0,[]
ENSG00000101846,STS,0,0.04396176262475212,"{""expression_atlas"": 0.04396176262475212}",unknown,0,[]
ENSG00000173698,ADGRG2,0,0.04392231295702271,"{""expression_atlas"": 0.04392231295702271}",unknown,0,[]
ENSG00000117148,ACTL8,0,0.04387213482062939,"{""expression_atlas"": 0.04387213482062939}",unknown,0,[]
ENSG00000275210,ENSG00000275210,0,0.04386433662365114,"{""expression_atlas"": 0.04386433662365114}",unknown,0,[]
ENSG00000165457,FOLR2,0,0.01187250390598443,"{""expression_atlas"": 0.01187250390598443}",unknown,0,[]
ENSG00000076662,ICAM3,0,0,{},unknown,0,[]
ENSG00000187391,MAGI2,0,0,{},unknown,0,[]
ENSG00000151090,THRB,0,0.028822518577502402,"{""expression_atlas"": 0.028822518577502402}",unknown,0,"[""CHEMBL1544"", ""CHEMBL1624"", ""CHEMBL3261331"", ""CHEMBL559""]"
ENSG00000167851,CD300A,0,0.040576317917857194,"{""expression_atlas"": 0.040576317917857194}",unknown,0,[]
ENSG00000143632,ACTA1,0,0,{},unknown,0,[]
ENSG00000210151,MT-TS1,0,0.04348744908162792,"{""expression_atlas"": 0.04348744908162792}",unknown,0,[]
ENSG00000147256,ARHGAP36,0,0.043416490892696676,"{""expression_atlas"": 0.043416490892696676}",unknown,0,[]
ENSG00000229017,LINC01277,0,0.043393016650912,"{""expression_atlas"": 0.043393016650912}",unknown,0,[]
ENSG00000029153,BMAL2,0,0.03616793775946305,"{""expression_atlas"": 0.03616793775946305}",unknown,0,[]
ENSG00000151023,ENKUR,0,0.03569385148499925,"{""expression_atlas"": 0.03569385148499925}",unknown,0,[]
ENSG00000109705,NKX3-2,0,0.04324959937392253,"{""expression_atlas"": 0.04324959937392253}",unknown,0,[]
ENSG00000234477,ENSG00000234477,0,0.043185541783706885,"{""expression_atlas"": 0.043185541783706885}",unknown,0,[]
ENSG00000101460,MAP1LC3A,0,0,{},unknown,0,[]
ENSG00000188242,SLC9A3-OT1,0,0.043127797607418014,"{""expression_atlas"": 0.043127797607418014}",unknown,0,[]
ENSG00000007933,FMO3,0,0.04312276911578874,"{""expression_atlas"": 0.04312276911578874}",unknown,0,[]
ENSG00000176907,TCIM,0,0.04310487234468817,"{""expression_atlas"": 0.04310487234468817}",unknown,0,[]
ENSG00000121966,CXCR4,0,0.012506971839032812,"{""expression_atlas"": 0.012506971839032812}",unknown,0,"[""CHEMBL18442"", ""CHEMBL518924""]"
ENSG00000179218,CALR,0,0,{},unknown,0,[]
ENSG00000261609,GAN,0,0,{},unknown,0,[]
ENSG00000091583,APOH,0,0.04303108619079038,"{""expression_atlas"": 0.04303108619079038}",unknown,0,[]
ENSG00000260145,ENSG00000260145,0,0.04301576204766186,"{""expression_atlas"": 0.04301576204766186}",unknown,0,[]
ENSG00000072133,RPS6KA6,0,0.042982897289957196,"{""expression_atlas"": 0.042982897289957196}",unknown,0,[]
ENSG00000282851,BISPR,0,0.04297924913909421,"{""expression_atlas"": 0.04297924913909421}",unknown,0,[]
ENSG00000276533,ENSG00000276533,0,0.042949963170419984,"{""expression_atlas"": 0.042949963170419984}",unknown,0,[]
ENSG00000241119,UGT1A9,0,0.04272689618174516,"{""expression_atlas"": 0.04272689618174516}",unknown,0,[]
ENSG00000184867,ARMCX2,0,0.04268846233152367,"{""expression_atlas"": 0.04268846233152367}",unknown,0,[]
ENSG00000142661,MYOM3,0,0.042663803951952614,"{""expression_atlas"": 0.042663803951952614}",unknown,0,[]
ENSG00000118680,MYL12B,0,0.04265963832541165,"{""expression_atlas"": 0.04265963832541165}",unknown,0,[]
ENSG00000163686,ABHD6,0,0.04263731354862628,"{""expression_atlas"": 0.04263731354862628}",unknown,0,[]
ENSG00000134489,HRH4,0,0.04257932318758762,"{""expression_atlas"": 0.04257932318758762}",unknown,0,[]
ENSG00000260265,LINC02562,0,0.04257891285125871,"{""expression_atlas"": 0.04257891285125871}",unknown,0,[]
ENSG00000131165,CHMP1A,0,0,{},unknown,0,[]
ENSG00000116237,ICMT,0,0,{},unknown,0,[]
ENSG00000134830,C5AR2,0,0,{},unknown,0,[]
ENSG00000002330,BAD,0,0,{},unknown,0,[]
ENSG00000129521,EGLN3,0,0,{},unknown,0,"[""CHEMBL2338329"", ""CHEMBL3544988"", ""CHEMBL3646221""]"
ENSG00000090020,SLC9A1,0,0,{},unknown,0,[]
ENSG00000188910,GJB3,0,0.04253051804546731,"{""expression_atlas"": 0.04253051804546731}",unknown,0,[]
ENSG00000206075,SERPINB5,0,0.03794275202833852,"{""expression_atlas"": 0.03794275202833852}",unknown,0,[]
ENSG00000167210,LOXHD1,0,0.042489791430400714,"{""expression_atlas"": 0.042489791430400714}",unknown,0,[]
ENSG00000164626,KCNK5,0,0.04247722663111611,"{""expression_atlas"": 0.04247722663111611}",unknown,0,[]
ENSG00000189143,CLDN4,0,0,{},unknown,0,[]
ENSG00000174600,CMKLR1,0,0.02367649169531265,"{""expression_atlas"": 0.02367649169531265}",unknown,0,[]
ENSG00000005421,PON1,0,0,{},unknown,0,[]
ENSG00000111640,GAPDH,0,0,{},unknown,0,[]
ENSG00000157110,RBPMS,0,0.04233926109000093,"{""expression_atlas"": 0.04233926109000093}",unknown,0,[]
ENSG00000156564,LRFN2,0,0.04231412704931626,"{""expression_atlas"": 0.04231412704931626}",unknown,0,[]
ENSG00000091136,LAMB1,0,0.02308127040738916,"{""expression_atlas"": 0.02308127040738916}",unknown,0,"[""CHEMBL2095222""]"
ENSG00000197536,CARINH,0,0.016877085047919016,"{""expression_atlas"": 0.016877085047919016}",unknown,0,[]
ENSG00000158473,CD1D,0,0.013509528956535946,"{""expression_atlas"": 0.013509528956535946}",unknown,0,[]
ENSG00000185345,PRKN,0,0,{},unknown,0,[]
ENSG00000090104,RGS1,0,0,{},unknown,0,[]
ENSG00000204614,TRIM40,0,0.042082293184867746,"{""expression_atlas"": 0.042082293184867746}",unknown,0,[]
ENSG00000162512,SDC3,0,0.042061638296981785,"{""expression_atlas"": 0.042061638296981785}",unknown,0,[]
ENSG00000111913,RIPOR2,0,0.04201900034113294,"{""expression_atlas"": 0.04201900034113294}",unknown,0,[]
ENSG00000166736,HTR3A,0,0.04201014873138331,"{""expression_atlas"": 0.04201014873138331}",unknown,0,"[""CHEMBL1110"", ""CHEMBL1189679"", ""CHEMBL1643895"", ""CHEMBL2104993"", ""CHEMBL2368925"", ""CHEMBL243712"", ""CHEMBL289469"", ""CHEMBL46"", ""CHEMBL56564"", ""CHEMBL86""]"
ENSG00000255980,LINC02953,0,0.04200120130622803,"{""expression_atlas"": 0.04200120130622803}",unknown,0,[]
ENSG00000062038,CDH3,0,0.036254716446986225,"{""expression_atlas"": 0.036254716446986225}",unknown,0,[]
ENSG00000153246,PLA2R1,0,0.022268400961604276,"{""expression_atlas"": 0.022268400961604276}",unknown,0,[]
ENSG00000204264,PSMB8,0,0.02210695478854765,"{""expression_atlas"": 0.02210695478854765}",unknown,0,"[""CHEMBL325041"", ""CHEMBL3545432"", ""CHEMBL451887""]"
ENSG00000205502,C2CD4B,0,0.04176133852724103,"{""expression_atlas"": 0.04176133852724103}",unknown,0,[]
ENSG00000278869,ENSG00000278869,0,0.041727760736922706,"{""expression_atlas"": 0.041727760736922706}",unknown,0,[]
ENSG00000255186,ENSG00000255186,0,0.0417113047065544,"{""expression_atlas"": 0.0417113047065544}",unknown,0,[]
ENSG00000166401,SERPINB8,0,0.038646126521484914,"{""expression_atlas"": 0.038646126521484914}",unknown,0,[]
ENSG00000162892,IL24,0,0.018215226369136066,"{""expression_atlas"": 0.018215226369136066}",unknown,0,[]
ENSG00000251139,ENSG00000251139,0,0.04149983309330021,"{""expression_atlas"": 0.04149983309330021}",unknown,0,[]
ENSG00000144452,ABCA12,0,0.04148337717339447,"{""expression_atlas"": 0.04148337717339447}",unknown,0,[]
ENSG00000130649,CYP2E1,0,0.01997847009082156,"{""expression_atlas"": 0.01997847009082156}",unknown,0,[]
ENSG00000110243,APOA5,0,0.04140692164811894,"{""expression_atlas"": 0.04140692164811894}",unknown,0,[]
ENSG00000165125,TRPV6,0,0.04138501475660181,"{""expression_atlas"": 0.04138501475660181}",unknown,0,[]
ENSG00000122512,PMS2,0,0,{},unknown,0,[]
ENSG00000169855,ROBO1,0,0.0413391833565305,"{""expression_atlas"": 0.0413391833565305}",unknown,0,[]
ENSG00000232821,ENSG00000232821,0,0.04133742048952255,"{""expression_atlas"": 0.04133742048952255}",unknown,0,[]
ENSG00000112183,RBM24,0,0.04133645807980733,"{""expression_atlas"": 0.04133645807980733}",unknown,0,[]
ENSG00000266283,GATA6-AS2,0,0.04128156401348726,"{""expression_atlas"": 0.04128156401348726}",unknown,0,[]
ENSG00000113249,HAVCR1,0,0.0335847645363492,"{""expression_atlas"": 0.0335847645363492}",unknown,0,[]
ENSG00000070081,NUCB2,0,0.041173104323426364,"{""expression_atlas"": 0.041173104323426364}",unknown,0,[]
ENSG00000254287,ENSG00000254287,0,0.04115747506220205,"{""expression_atlas"": 0.04115747506220205}",unknown,0,[]
ENSG00000126545,CSN1S1,0,0,{},unknown,0,[]
ENSG00000083444,PLOD1,0,0,{},unknown,0,[]
ENSG00000204531,POU5F1,0,0,{},unknown,0,[]
ENSG00000185728,YTHDF3,0,0,{},unknown,0,[]
ENSG00000165953,SERPINA12,0,0,{},unknown,0,[]
ENSG00000107447,DNTT,0,0,{},unknown,0,[]
ENSG00000164120,HPGD,0,0,{},unknown,0,[]
ENSG00000177885,GRB2,0,0,{},unknown,0,[]
ENSG00000167772,ANGPTL4,0,0,{},unknown,0,[]
ENSG00000145782,ATG12,0,0,{},unknown,0,[]
ENSG00000138379,MSTN,0,0,{},unknown,0,[]
ENSG00000196092,PAX5,0,0,{},unknown,0,[]
ENSG00000198648,STK39,0,0,{},unknown,0,[]
ENSG00000117475,BLZF1,0,0,{},unknown,0,[]
ENSG00000141867,BRD4,0,0,{},unknown,0,[]
ENSG00000082196,C1QTNF3,0,0,{},unknown,0,[]
ENSG00000271715,ENSG00000271715,0,0.04099906983675274,"{""expression_atlas"": 0.04099906983675274}",unknown,0,[]
ENSG00000126561,STAT5A,0,0,{},unknown,0,[]
ENSG00000128268,MGAT3,0,0.011598759404970512,"{""expression_atlas"": 0.011598759404970512}",unknown,0,[]
ENSG00000243832,LINC02000,0,0.04089212770730265,"{""expression_atlas"": 0.04089212770730265}",unknown,0,[]
ENSG00000102908,NFAT5,0,0,{},unknown,0,[]
ENSG00000164733,CTSB,0,0,{},unknown,0,[]
ENSG00000090512,FETUB,0,0.04086453610623877,"{""expression_atlas"": 0.04086453610623877}",unknown,0,[]
ENSG00000234156,ENSG00000234156,0,0.040834976920387435,"{""expression_atlas"": 0.040834976920387435}",unknown,0,[]
ENSG00000111052,LIN7A,0,0.04079804091187041,"{""expression_atlas"": 0.04079804091187041}",unknown,0,[]
ENSG00000169252,ADRB2,0,0,{},unknown,0,"[""CHEMBL1002"", ""CHEMBL1094966"", ""CHEMBL1095777"", ""CHEMBL1198857"", ""CHEMBL1201213"", ""CHEMBL1201234"", ""CHEMBL1201237"", ""CHEMBL1201262"", ""CHEMBL1201273"", ""CHEMBL1201295"", ""CHEMBL1256786"", ""CHEMBL1263"", ""CHEMBL1290"", ""CHEMBL1363"", ""CHEMBL1437"", ""CHEMBL1546"", ""CHEMBL1760"", ""CHEMBL2103827"", ""CHEMBL211456"", ""CHEMBL27"", ""CHEMBL27810"", ""CHEMBL429"", ""CHEMBL434"", ""CHEMBL434394"", ""CHEMBL471"", ""CHEMBL499"", ""CHEMBL500"", ""CHEMBL521606"", ""CHEMBL546"", ""CHEMBL605846"", ""CHEMBL631"", ""CHEMBL679"", ""CHEMBL714"", ""CHEMBL723"", ""CHEMBL83063"", ""CHEMBL839"", ""CHEMBL926""]"
ENSG00000237643,LINC01610,0,0.040772795569963584,"{""expression_atlas"": 0.040772795569963584}",unknown,0,[]
ENSG00000204671,IL31,0,0,{},unknown,0,[]
ENSG00000186086,NBPF6,0,0.04067102964338241,"{""expression_atlas"": 0.04067102964338241}",unknown,0,[]
ENSG00000130775,THEMIS2,0,0.040664305303796604,"{""expression_atlas"": 0.040664305303796604}",unknown,0,[]
ENSG00000003436,TFPI,0,0.016571764219905385,"{""expression_atlas"": 0.016571764219905385}",unknown,0,"[""CHEMBL3301583"", ""CHEMBL3990039"", ""CHEMBL4297730""]"
ENSG00000134871,COL4A2,0,0.04057751465440039,"{""expression_atlas"": 0.04057751465440039}",unknown,0,"[""CHEMBL2095222"", ""CHEMBL2108709""]"
ENSG00000109158,GABRA4,0,0.040567960282186954,"{""expression_atlas"": 0.040567960282186954}",unknown,0,"[""CHEMBL1102"", ""CHEMBL12"", ""CHEMBL1200472"", ""CHEMBL1200694"", ""CHEMBL1200733"", ""CHEMBL1200790"", ""CHEMBL1200802"", ""CHEMBL1201293"", ""CHEMBL1201317"", ""CHEMBL1213252"", ""CHEMBL1256"", ""CHEMBL1257"", ""CHEMBL1522"", ""CHEMBL1568698"", ""CHEMBL1697737"", ""CHEMBL207538"", ""CHEMBL220492"", ""CHEMBL285674"", ""CHEMBL315795"", ""CHEMBL3989949"", ""CHEMBL407"", ""CHEMBL4105630"", ""CHEMBL4297526"", ""CHEMBL440"", ""CHEMBL441"", ""CHEMBL449"", ""CHEMBL450"", ""CHEMBL451"", ""CHEMBL452"", ""CHEMBL454"", ""CHEMBL526"", ""CHEMBL568"", ""CHEMBL580"", ""CHEMBL591"", ""CHEMBL655"", ""CHEMBL661"", ""CHEMBL681"", ""CHEMBL70418"", ""CHEMBL7413"", ""CHEMBL856"", ""CHEMBL931"", ""CHEMBL967"", ""CHEMBL968"", ""CHEMBL969"", ""CHEMBL970""]"
ENSG00000100665,SERPINA4,0,0.03596839931650717,"{""expression_atlas"": 0.03596839931650717}",unknown,0,[]
ENSG00000074800,ENO1,0,0,{},unknown,0,[]
ENSG00000266378,ENSG00000266378,0,0.04046406796680443,"{""expression_atlas"": 0.04046406796680443}",unknown,0,[]
ENSG00000005882,PDK2,0,0.04044883325833652,"{""expression_atlas"": 0.04044883325833652}",unknown,0,[]
ENSG00000104783,KCNN4,0,0,{},unknown,0,"[""CHEMBL1371""]"
ENSG00000246228,CASC8,0,0.04033434738573474,"{""expression_atlas"": 0.04033434738573474}",unknown,0,[]
ENSG00000185306,C12orf56,0,0.04032770530182414,"{""expression_atlas"": 0.04032770530182414}",unknown,0,[]
ENSG00000162924,REL,0,0,{},unknown,0,[]
ENSG00000163751,CPA3,0,0.04031688977024661,"{""expression_atlas"": 0.04031688977024661}",unknown,0,[]
ENSG00000159228,CBR1,0,0.04029496330598088,"{""expression_atlas"": 0.04029496330598088}",unknown,0,[]
ENSG00000255847,ENSG00000255847,0,0.0402781584823402,"{""expression_atlas"": 0.0402781584823402}",unknown,0,[]
ENSG00000185105,MYADML2,0,0.04023398611067037,"{""expression_atlas"": 0.04023398611067037}",unknown,0,[]
ENSG00000189068,VSTM1,0,0.015024659961105788,"{""expression_atlas"": 0.015024659961105788}",unknown,0,[]
ENSG00000184564,SLITRK6,0,0.04022235579100404,"{""expression_atlas"": 0.04022235579100404}",unknown,0,[]
ENSG00000104951,IL4I1,0,0.04018383526012678,"{""expression_atlas"": 0.04018383526012678}",unknown,0,[]
ENSG00000221878,PSG7,0,0.04016578167233397,"{""expression_atlas"": 0.04016578167233397}",unknown,0,[]
ENSG00000176273,SLC35G1,0,0.040162235794221235,"{""expression_atlas"": 0.040162235794221235}",unknown,0,[]
ENSG00000186297,GABRA5,0,0.04015022406741467,"{""expression_atlas"": 0.04015022406741467}",unknown,0,"[""CHEMBL1102"", ""CHEMBL12"", ""CHEMBL1200472"", ""CHEMBL1200694"", ""CHEMBL1200733"", ""CHEMBL1200790"", ""CHEMBL1200802"", ""CHEMBL1201293"", ""CHEMBL1201317"", ""CHEMBL1213252"", ""CHEMBL1256"", ""CHEMBL1257"", ""CHEMBL1522"", ""CHEMBL1568698"", ""CHEMBL1697737"", ""CHEMBL207538"", ""CHEMBL220492"", ""CHEMBL285674"", ""CHEMBL315795"", ""CHEMBL3989949"", ""CHEMBL407"", ""CHEMBL4105630"", ""CHEMBL4297526"", ""CHEMBL440"", ""CHEMBL441"", ""CHEMBL449"", ""CHEMBL450"", ""CHEMBL451"", ""CHEMBL452"", ""CHEMBL454"", ""CHEMBL526"", ""CHEMBL568"", ""CHEMBL580"", ""CHEMBL591"", ""CHEMBL655"", ""CHEMBL661"", ""CHEMBL681"", ""CHEMBL70418"", ""CHEMBL7413"", ""CHEMBL856"", ""CHEMBL931"", ""CHEMBL967"", ""CHEMBL968"", ""CHEMBL969"", ""CHEMBL970""]"
ENSG00000173762,CD7,0,0.014530841012710377,"{""expression_atlas"": 0.014530841012710377}",unknown,0,[]
ENSG00000187479,C11orf96,0,0.040095350502628455,"{""expression_atlas"": 0.040095350502628455}",unknown,0,[]
ENSG00000144057,ST6GAL2,0,0.04009451112811,"{""expression_atlas"": 0.04009451112811}",unknown,0,[]
ENSG00000143248,RGS5,0,0.04002706206482811,"{""expression_atlas"": 0.04002706206482811}",unknown,0,[]
ENSG00000107281,NPDC1,0,0.039940150291596185,"{""expression_atlas"": 0.039940150291596185}",unknown,0,[]
ENSG00000033170,FUT8,0,0.02587503110402912,"{""expression_atlas"": 0.02587503110402912}",unknown,0,[]
ENSG00000162437,RAVER2,0,0.039858304770020385,"{""expression_atlas"": 0.039858304770020385}",unknown,0,[]
ENSG00000135378,PRRG4,0,0.03979053190661462,"{""expression_atlas"": 0.03979053190661462}",unknown,0,[]
ENSG00000185215,TNFAIP2,0,0.03978989158176925,"{""expression_atlas"": 0.03978989158176925}",unknown,0,[]
ENSG00000196503,ARL9,0,0.03963291483316562,"{""expression_atlas"": 0.03963291483316562}",unknown,0,[]
ENSG00000254521,SIGLEC12,0,0.03960152682178096,"{""expression_atlas"": 0.03960152682178096}",unknown,0,[]
ENSG00000279701,ENSG00000279701,0,0.03957715388290538,"{""expression_atlas"": 0.03957715388290538}",unknown,0,[]
ENSG00000188641,DPYD,0,0.03953106680427396,"{""expression_atlas"": 0.03953106680427396}",unknown,0,[]
ENSG00000066336,SPI1,0,0.03191818033883899,"{""expression_atlas"": 0.03191818033883899}",unknown,0,[]
ENSG00000172183,ISG20,0,0,{},unknown,0,[]
ENSG00000182718,ANXA2,0,0,{},unknown,0,[]
ENSG00000106462,EZH2,0,0,{},unknown,0,"[""CHEMBL3414621""]"
ENSG00000105357,MYH14,0,0,{},unknown,0,[]
ENSG00000177272,KCNA3,0,0,{},unknown,0,"[""CHEMBL284348"", ""CHEMBL354077"", ""CHEMBL821""]"
ENSG00000213949,ITGA1,0,0,{},unknown,0,[]
ENSG00000073792,IGF2BP2,0,0,{},unknown,0,[]
ENSG00000213928,IRF9,0,0,{},unknown,0,[]
ENSG00000075073,TACR2,0,0,{},unknown,0,[]
ENSG00000130300,PLVAP,0,0.034952055414142466,"{""expression_atlas"": 0.034952055414142466}",unknown,0,[]
ENSG00000185015,CA13,0,0.0394892146687646,"{""expression_atlas"": 0.0394892146687646}",unknown,0,"[""CHEMBL18"", ""CHEMBL328560""]"
ENSG00000168631,MUCL3,0,0.03946238055559837,"{""expression_atlas"": 0.03946238055559837}",unknown,0,[]
ENSG00000129654,FOXJ1,0,0.03939858827232522,"{""expression_atlas"": 0.03939858827232522}",unknown,0,[]
ENSG00000145391,SETD7,0,0.03936755825443735,"{""expression_atlas"": 0.03936755825443735}",unknown,0,[]
ENSG00000162779,AXDND1,0,0.039359226953327255,"{""expression_atlas"": 0.039359226953327255}",unknown,0,[]
ENSG00000135100,HNF1A,0,0,{},unknown,0,[]
ENSG00000100146,SOX10,0,0,{},unknown,0,[]
ENSG00000084453,SLCO1A2,0,0.03930869565222888,"{""expression_atlas"": 0.03930869565222888}",unknown,0,[]
ENSG00000258404,LINC02320,0,0.0392938872540827,"{""expression_atlas"": 0.0392938872540827}",unknown,0,[]
ENSG00000153165,RGPD3,0,0.03922646784837432,"{""expression_atlas"": 0.03922646784837432}",unknown,0,[]
ENSG00000005379,TSPOAP1,0,0.03921272183452907,"{""expression_atlas"": 0.03921272183452907}",unknown,0,[]
ENSG00000178965,ERICH3,0,0.03918013556930274,"{""expression_atlas"": 0.03918013556930274}",unknown,0,[]
ENSG00000204866,IGFL2,0,0.0391513555080196,"{""expression_atlas"": 0.0391513555080196}",unknown,0,[]
ENSG00000170298,LGALS9B,0,0.03908332476923733,"{""expression_atlas"": 0.03908332476923733}",unknown,0,[]
ENSG00000137561,TTPA,0,0.039023986914263106,"{""expression_atlas"": 0.039023986914263106}",unknown,0,[]
ENSG00000145416,MARCHF1,0,0.03893068361456826,"{""expression_atlas"": 0.03893068361456826}",unknown,0,[]
ENSG00000189157,FAM47E,0,0.03891443734233422,"{""expression_atlas"": 0.03891443734233422}",unknown,0,[]
ENSG00000069493,CLEC2D,0,0.009731962192423763,"{""expression_atlas"": 0.009731962192423763}",unknown,0,[]
ENSG00000113805,CNTN3,0,0.03889770582070054,"{""expression_atlas"": 0.03889770582070054}",unknown,0,[]
ENSG00000226012,ENSG00000226012,0,0.03887347440716531,"{""expression_atlas"": 0.03887347440716531}",unknown,0,[]
ENSG00000257761,ENSG00000257761,0,0.03884797000971377,"{""expression_atlas"": 0.03884797000971377}",unknown,0,[]
ENSG00000214279,SCART1,0,0.038835616002631544,"{""expression_atlas"": 0.038835616002631544}",unknown,0,[]
ENSG00000119917,IFIT3,0,0.038806565361499394,"{""expression_atlas"": 0.038806565361499394}",unknown,0,[]
ENSG00000134755,DSC2,0,0.009298329602022702,"{""expression_atlas"": 0.009298329602022702}",unknown,0,[]
ENSG00000140961,OSGIN1,0,0.0387304814900722,"{""expression_atlas"": 0.0387304814900722}",unknown,0,[]
ENSG00000225940,C5orf67,0,0.03873003892210919,"{""expression_atlas"": 0.03873003892210919}",unknown,0,[]
ENSG00000198964,SGMS1,0,0.03870897479302326,"{""expression_atlas"": 0.03870897479302326}",unknown,0,[]
ENSG00000118322,ATP10B,0,0.03870872553650224,"{""expression_atlas"": 0.03870872553650224}",unknown,0,[]
ENSG00000198488,B3GNT6,0,0.03870872553650224,"{""expression_atlas"": 0.03870872553650224}",unknown,0,[]
ENSG00000146038,DCDC2,0,0.03869763152963384,"{""expression_atlas"": 0.03869763152963384}",unknown,0,[]
ENSG00000224916,APOC4-APOC2,0,0.038653196960455674,"{""expression_atlas"": 0.038653196960455674}",unknown,0,[]
ENSG00000256632,ENSG00000256632,0,0.038640006576944885,"{""expression_atlas"": 0.038640006576944885}",unknown,0,[]
ENSG00000185304,RGPD2,0,0.03862576701006259,"{""expression_atlas"": 0.03862576701006259}",unknown,0,[]
ENSG00000196557,CACNA1H,0,0.00847900742166888,"{""expression_atlas"": 0.00847900742166888}",unknown,0,"[""CHEMBL1008"", ""CHEMBL1059"", ""CHEMBL1100"", ""CHEMBL1628502"", ""CHEMBL695"", ""CHEMBL696"", ""CHEMBL697"", ""CHEMBL797"", ""CHEMBL940""]"
ENSG00000204345,CD300LD,0,0.03856475324160051,"{""expression_atlas"": 0.03856475324160051}",unknown,0,[]
ENSG00000108001,EBF3,0,0.03856107987370876,"{""expression_atlas"": 0.03856107987370876}",unknown,0,[]
ENSG00000162670,BRINP3,0,0.03854685610769143,"{""expression_atlas"": 0.03854685610769143}",unknown,0,[]
ENSG00000135333,EPHA7,0,0.03853520283197471,"{""expression_atlas"": 0.03853520283197471}",unknown,0,"[""CHEMBL24828""]"
ENSG00000166147,FBN1,0,0.03850593129025133,"{""expression_atlas"": 0.03850593129025133}",unknown,0,[]
ENSG00000128567,PODXL,0,0.031959536193793846,"{""expression_atlas"": 0.031959536193793846}",unknown,0,[]
ENSG00000196353,CPNE4,0,0.03844333705311002,"{""expression_atlas"": 0.03844333705311002}",unknown,0,[]
ENSG00000091128,LAMB4,0,0.03838491049625186,"{""expression_atlas"": 0.03838491049625186}",unknown,0,"[""CHEMBL2095222""]"
ENSG00000222017,ENSG00000222017,0,0.038378233476776824,"{""expression_atlas"": 0.038378233476776824}",unknown,0,[]
ENSG00000250699,ENSG00000250699,0,0.03834260636467168,"{""expression_atlas"": 0.03834260636467168}",unknown,0,[]
ENSG00000111817,DSE,0,0.03832494968113309,"{""expression_atlas"": 0.03832494968113309}",unknown,0,[]
ENSG00000253522,MIR3142HG,0,0.0383164500560328,"{""expression_atlas"": 0.0383164500560328}",unknown,0,[]
ENSG00000237172,B3GNT9,0,0.03831498266504473,"{""expression_atlas"": 0.03831498266504473}",unknown,0,[]
ENSG00000108039,XPNPEP1,0,0,{},unknown,0,[]
ENSG00000179133,C10orf67,0,0.0191179485672478,"{""expression_atlas"": 0.0191179485672478}",unknown,0,[]
ENSG00000151135,TMEM263,0,0.038175129511182765,"{""expression_atlas"": 0.038175129511182765}",unknown,0,[]
ENSG00000266970,SOCS3-DT,0,0.03812569768785387,"{""expression_atlas"": 0.03812569768785387}",unknown,0,[]
ENSG00000148773,MKI67,0,0,{},unknown,0,[]
ENSG00000272338,ENSG00000272338,0,0.03808783804812062,"{""expression_atlas"": 0.03808783804812062}",unknown,0,[]
ENSG00000156234,CXCL13,0,0.012838890830001837,"{""expression_atlas"": 0.012838890830001837}",unknown,0,[]
ENSG00000160097,FNDC5,0,0,{},unknown,0,[]
ENSG00000105223,PLD3,0,0,{},unknown,0,[]
ENSG00000123560,PLP1,0,0,{},unknown,0,[]
ENSG00000079335,CDC14A,0,0.03798735247938453,"{""expression_atlas"": 0.03798735247938453}",unknown,0,[]
ENSG00000262038,ENSG00000262038,0,0.037967544565429306,"{""expression_atlas"": 0.037967544565429306}",unknown,0,[]
ENSG00000069018,TRPC7,0,0.037928227391854814,"{""expression_atlas"": 0.037928227391854814}",unknown,0,[]
ENSG00000148541,FAM13C,0,0.03789484648019455,"{""expression_atlas"": 0.03789484648019455}",unknown,0,[]
ENSG00000134013,LOXL2,0,0.03786819341848563,"{""expression_atlas"": 0.03786819341848563}",unknown,0,[]
ENSG00000128731,HERC2,0,0,{},unknown,0,[]
ENSG00000141349,G6PC3,0,0,{},unknown,0,[]
ENSG00000243273,ENSG00000243273,0,0.037820268718469593,"{""expression_atlas"": 0.037820268718469593}",unknown,0,[]
ENSG00000101335,MYL9,0,0.017495468678402598,"{""expression_atlas"": 0.017495468678402598}",unknown,0,[]
ENSG00000134107,BHLHE40,0,0.033237183304965515,"{""expression_atlas"": 0.033237183304965515}",unknown,0,[]
ENSG00000123095,BHLHE41,0,0.03776403983340479,"{""expression_atlas"": 0.03776403983340479}",unknown,0,[]
ENSG00000170396,ZNF804A,0,0.03769092783977047,"{""expression_atlas"": 0.03769092783977047}",unknown,0,[]
ENSG00000114638,UPK1B,0,0.03768688265289203,"{""expression_atlas"": 0.03768688265289203}",unknown,0,[]
ENSG00000147872,PLIN2,0,0.037683611839128724,"{""expression_atlas"": 0.037683611839128724}",unknown,0,[]
ENSG00000267706,ENSG00000267706,0,0.03766956028067152,"{""expression_atlas"": 0.03766956028067152}",unknown,0,[]
ENSG00000061337,LZTS1,0,0.016907147512131043,"{""expression_atlas"": 0.016907147512131043}",unknown,0,[]
ENSG00000236525,ENSG00000236525,0,0.03765274232108622,"{""expression_atlas"": 0.03765274232108622}",unknown,0,[]
ENSG00000198821,CD247,0,0.010745850033059591,"{""expression_atlas"": 0.010745850033059591}",unknown,0,[]
ENSG00000125246,CLYBL,0,0.037631116309775274,"{""expression_atlas"": 0.037631116309775274}",unknown,0,[]
ENSG00000197142,ACSL5,0,0.03763080851202681,"{""expression_atlas"": 0.03763080851202681}",unknown,0,[]
ENSG00000171067,C11orf24,0,0.037599944534738285,"{""expression_atlas"": 0.037599944534738285}",unknown,0,[]
ENSG00000167755,KLK6,0,0.037599905688901,"{""expression_atlas"": 0.037599905688901}",unknown,0,[]
ENSG00000130822,PNCK,0,0.037507980209164946,"{""expression_atlas"": 0.037507980209164946}",unknown,0,[]
ENSG00000118492,ADGB,0,0.03743453058199986,"{""expression_atlas"": 0.03743453058199986}",unknown,0,[]
ENSG00000136040,PLXNC1,0,0.037397491442825594,"{""expression_atlas"": 0.037397491442825594}",unknown,0,[]
ENSG00000175779,LINC02694,0,0.037385828287453945,"{""expression_atlas"": 0.037385828287453945}",unknown,0,[]
ENSG00000226519,LINC00390,0,0.03732301093593385,"{""expression_atlas"": 0.03732301093593385}",unknown,0,[]
ENSG00000277249,MIR6784,0,0.0372817574833668,"{""expression_atlas"": 0.0372817574833668}",unknown,0,[]
ENSG00000269919,ENSG00000269919,0,0.037225052015811014,"{""expression_atlas"": 0.037225052015811014}",unknown,0,[]
ENSG00000226954,ENSG00000226954,0,0.03719496312505724,"{""expression_atlas"": 0.03719496312505724}",unknown,0,[]
ENSG00000197099,HRG-AS1,0,0.03718706607083373,"{""expression_atlas"": 0.03718706607083373}",unknown,0,[]
ENSG00000158578,ALAS2,0,0.037171969647766506,"{""expression_atlas"": 0.037171969647766506}",unknown,0,[]
ENSG00000186790,FOXE3,0,0.037155749369839924,"{""expression_atlas"": 0.037155749369839924}",unknown,0,[]
ENSG00000167613,LAIR1,0,0.03712057945048607,"{""expression_atlas"": 0.03712057945048607}",unknown,0,[]
ENSG00000064886,CHI3L2,0,0.037116250961025866,"{""expression_atlas"": 0.037116250961025866}",unknown,0,[]
ENSG00000260725,ENSG00000260725,0,0.037081571412932654,"{""expression_atlas"": 0.037081571412932654}",unknown,0,[]
ENSG00000102882,MAPK3,0,0,{},unknown,0,[]
ENSG00000149295,DRD2,0,0,{},unknown,0,"[""CHEMBL1085"", ""CHEMBL1088"", ""CHEMBL1112"", ""CHEMBL1113"", ""CHEMBL1200854"", ""CHEMBL1200951"", ""CHEMBL1200986"", ""CHEMBL1201"", ""CHEMBL1201087"", ""CHEMBL1201250"", ""CHEMBL1201328"", ""CHEMBL1237021"", ""CHEMBL1303"", ""CHEMBL1378"", ""CHEMBL1423"", ""CHEMBL14376"", ""CHEMBL1584"", ""CHEMBL1621"", ""CHEMBL1764"", ""CHEMBL178803"", ""CHEMBL2028019"", ""CHEMBL2105760"", ""CHEMBL2107360"", ""CHEMBL219916"", ""CHEMBL2218861"", ""CHEMBL2219425"", ""CHEMBL2364968"", ""CHEMBL243712"", ""CHEMBL26"", ""CHEMBL28218"", ""CHEMBL297302"", ""CHEMBL301265"", ""CHEMBL3187365"", ""CHEMBL3306803"", ""CHEMBL42"", ""CHEMBL422"", ""CHEMBL460"", ""CHEMBL46516"", ""CHEMBL493"", ""CHEMBL53"", ""CHEMBL54"", ""CHEMBL564"", ""CHEMBL567"", ""CHEMBL570"", ""CHEMBL589"", ""CHEMBL644"", ""CHEMBL708"", ""CHEMBL71"", ""CHEMBL715"", ""CHEMBL716"", ""CHEMBL726"", ""CHEMBL728"", ""CHEMBL831"", ""CHEMBL85"", ""CHEMBL86"", ""CHEMBL908""]"
ENSG00000054219,LY75,0,0,{},unknown,0,[]
ENSG00000091656,ZFHX4,0,0.032460263031255904,"{""expression_atlas"": 0.032460263031255904}",unknown,0,[]
ENSG00000211661,IGLV3-22,0,0.037011016911858846,"{""expression_atlas"": 0.037011016911858846}",unknown,0,[]
ENSG00000116703,PDC,0,0,{},unknown,0,[]
ENSG00000110756,HPS5,0,0,{},unknown,0,[]
ENSG00000142867,BCL10,0,0,{},unknown,0,[]
ENSG00000104368,PLAT,0,0,{},unknown,0,"[""CHEMBL1046"", ""CHEMBL1201593"", ""CHEMBL2107885"", ""CHEMBL2108791""]"
ENSG00000249859,PVT1,0,0.026145250771686883,"{""expression_atlas"": 0.026145250771686883}",unknown,0,[]
ENSG00000104549,SQLE,0,0.03688739034081156,"{""expression_atlas"": 0.03688739034081156}",unknown,0,[]
ENSG00000224958,PGM5-AS1,0,0.03688151560730501,"{""expression_atlas"": 0.03688151560730501}",unknown,0,[]
ENSG00000238243,OR2W3,0,0.03685443836053123,"{""expression_atlas"": 0.03685443836053123}",unknown,0,[]
ENSG00000109819,PPARGC1A,0,0.02581794611821312,"{""expression_atlas"": 0.02581794611821312}",unknown,0,[]
ENSG00000107105,ELAVL2,0,0.03225155313429004,"{""expression_atlas"": 0.03225155313429004}",unknown,0,[]
ENSG00000257185,LINC02293,0,0.036798831348144746,"{""expression_atlas"": 0.036798831348144746}",unknown,0,[]
ENSG00000152952,PLOD2,0,0.03675596233716742,"{""expression_atlas"": 0.03675596233716742}",unknown,0,[]
ENSG00000155307,SAMSN1,0,0.03669294405287803,"{""expression_atlas"": 0.03669294405287803}",unknown,0,[]
ENSG00000269961,ERBIN-DT,0,0.03668939822189114,"{""expression_atlas"": 0.03668939822189114}",unknown,0,[]
ENSG00000130508,PXDN,0,0.0366630542254857,"{""expression_atlas"": 0.0366630542254857}",unknown,0,[]
ENSG00000095981,KCNK16,0,0.03661227112102696,"{""expression_atlas"": 0.03661227112102696}",unknown,0,[]
ENSG00000280109,PLAC4,0,0.03659894384389071,"{""expression_atlas"": 0.03659894384389071}",unknown,0,[]
ENSG00000225833,ACE2-DT,0,0.03659378580659312,"{""expression_atlas"": 0.03659378580659312}",unknown,0,[]
ENSG00000198858,R3HDM4,0,0.036573080769976084,"{""expression_atlas"": 0.036573080769976084}",unknown,0,[]
ENSG00000084636,COL16A1,0,0.03653715000093248,"{""expression_atlas"": 0.03653715000093248}",unknown,0,[]
ENSG00000206069,LHFPL7,0,0.03649615636902386,"{""expression_atlas"": 0.03649615636902386}",unknown,0,[]
ENSG00000096696,DSP,0,0,{},unknown,0,[]
ENSG00000187258,NPSR1,0,0,{},unknown,0,[]
ENSG00000170581,STAT2,0,0,{},unknown,0,[]
ENSG00000109572,CLCN3,0,0,{},unknown,0,[]
ENSG00000121853,GHSR,0,0,{},unknown,0,"[""CHEMBL278623""]"
ENSG00000108773,KAT2A,0,0,{},unknown,0,[]
ENSG00000159377,PSMB4,0,0,{},unknown,0,"[""CHEMBL325041"", ""CHEMBL3545432"", ""CHEMBL451887""]"
ENSG00000133805,AMPD3,0,0,{},unknown,0,[]
ENSG00000106571,GLI3,0,0,{},unknown,0,[]
ENSG00000100393,EP300,0,0,{},unknown,0,[]
ENSG00000171444,MCC,0,0,{},unknown,0,[]
ENSG00000186010,NDUFA13,0,0,{},unknown,0,"[""CHEMBL1431""]"
ENSG00000117697,NSL1,0,0,{},unknown,0,[]
ENSG00000172059,KLF11,0,0,{},unknown,0,[]
ENSG00000126218,F10,0,0,{},unknown,0,"[""CHEMBL1201554"", ""CHEMBL1269025"", ""CHEMBL198362"", ""CHEMBL231779"", ""CHEMBL3833393"", ""CHEMBL4297951"", ""CHEMBL512351""]"
ENSG00000188672,RHCE,0,0,{},unknown,0,[]
ENSG00000172273,HINFP,0,0,{},unknown,0,[]
ENSG00000145147,SLIT2,0,0,{},unknown,0,[]
ENSG00000136816,TOR1B,0,0,{},unknown,0,[]
ENSG00000167635,ZNF146,0,0,{},unknown,0,[]
ENSG00000178473,UCN3,0,0,{},unknown,0,[]
ENSG00000068308,OTUD5,0,0,{},unknown,0,[]
ENSG00000255733,IFNG-AS1,0,0,{},unknown,0,[]
ENSG00000120948,TARDBP,0,0,{},unknown,0,[]
ENSG00000134594,RAB33A,0,0,{},unknown,0,[]
ENSG00000167281,RBFOX3,0,0,{},unknown,0,[]
ENSG00000104133,SPG11,0,0,{},unknown,0,[]
ENSG00000102539,MLNR,0,0,{},unknown,0,[]
ENSG00000167941,SOST,0,0,{},unknown,0,"[""CHEMBL2107874""]"
ENSG00000143740,SNAP47,0,0,{},unknown,0,[]
ENSG00000139679,LPAR6,0,0,{},unknown,0,[]
ENSG00000157654,PALM2AKAP2,0,0.03646938383065059,"{""expression_atlas"": 0.03646938383065059}",unknown,0,[]
ENSG00000188282,RUFY4,0,0.03644474881412059,"{""expression_atlas"": 0.03644474881412059}",unknown,0,[]
ENSG00000258279,LINC00592,0,0.03638266792311513,"{""expression_atlas"": 0.03638266792311513}",unknown,0,[]
ENSG00000198796,ALPK2,0,0.023857930059508106,"{""expression_atlas"": 0.023857930059508106}",unknown,0,[]
ENSG00000249096,LINC02362,0,0.036339862639513665,"{""expression_atlas"": 0.036339862639513665}",unknown,0,[]
ENSG00000261026,ENSG00000261026,0,0.036339033323280645,"{""expression_atlas"": 0.036339033323280645}",unknown,0,[]
ENSG00000136826,KLF4,0,0,{},unknown,0,[]
ENSG00000081923,ATP8B1,0,0,{},unknown,0,[]
ENSG00000231748,ENSG00000231748,0,0.03629572199537741,"{""expression_atlas"": 0.03629572199537741}",unknown,0,[]
ENSG00000163673,DCLK3,0,0.03172964234977173,"{""expression_atlas"": 0.03172964234977173}",unknown,0,[]
ENSG00000070808,CAMK2A,0,0.036284315907945466,"{""expression_atlas"": 0.036284315907945466}",unknown,0,[]
ENSG00000255774,LINC02747,0,0.036246128618460695,"{""expression_atlas"": 0.036246128618460695}",unknown,0,[]
ENSG00000145934,TENM2,0,0.03623745024382968,"{""expression_atlas"": 0.03623745024382968}",unknown,0,[]
ENSG00000227017,ENSG00000227017,0,0.036232742043200636,"{""expression_atlas"": 0.036232742043200636}",unknown,0,[]
ENSG00000163430,FSTL1,0,0.03619452575460605,"{""expression_atlas"": 0.03619452575460605}",unknown,0,[]
ENSG00000184530,C6orf58,0,0.03618863009363026,"{""expression_atlas"": 0.03618863009363026}",unknown,0,[]
ENSG00000128218,VPREB3,0,0.03616803577213566,"{""expression_atlas"": 0.03616803577213566}",unknown,0,[]
ENSG00000088827,SIGLEC1,0,0.03615430069909899,"{""expression_atlas"": 0.03615430069909899}",unknown,0,[]
ENSG00000180089,TMEM86B,0,0.03615384197895276,"{""expression_atlas"": 0.03615384197895276}",unknown,0,[]
ENSG00000167767,KRT80,0,0.036144752516691726,"{""expression_atlas"": 0.036144752516691726}",unknown,0,[]
ENSG00000111181,SLC6A12,0,0.03613447654516816,"{""expression_atlas"": 0.03613447654516816}",unknown,0,[]
ENSG00000188536,HBA2,0,0.02282448961599992,"{""expression_atlas"": 0.02282448961599992}",unknown,0,[]
ENSG00000211973,IGHV1-69,0,0.03608265177002872,"{""expression_atlas"": 0.03608265177002872}",unknown,0,[]
ENSG00000196431,CRYBA4,0,0.03605226150073918,"{""expression_atlas"": 0.03605226150073918}",unknown,0,[]
ENSG00000225606,ENSG00000225606,0,0.036038154726403954,"{""expression_atlas"": 0.036038154726403954}",unknown,0,[]
ENSG00000239900,ADSL,0,0,{},unknown,0,[]
ENSG00000144136,SLC20A1,0,0.03594873932251983,"{""expression_atlas"": 0.03594873932251983}",unknown,0,[]
ENSG00000245248,USP2-AS1,0,0.0359395482548266,"{""expression_atlas"": 0.0359395482548266}",unknown,0,[]
ENSG00000150681,RGS18,0,0.03593259928527267,"{""expression_atlas"": 0.03593259928527267}",unknown,0,[]
ENSG00000267568,ENSG00000267568,0,0.03584626280811654,"{""expression_atlas"": 0.03584626280811654}",unknown,0,[]
ENSG00000285744,MITA1,0,0.03583815343245163,"{""expression_atlas"": 0.03583815343245163}",unknown,0,[]
ENSG00000124602,UNC5CL,0,0.035830612166835064,"{""expression_atlas"": 0.035830612166835064}",unknown,0,[]
ENSG00000107798,LIPA,0,0.035801939916676136,"{""expression_atlas"": 0.035801939916676136}",unknown,0,[]
ENSG00000272864,ENSG00000272864,0,0.03579878382949416,"{""expression_atlas"": 0.03579878382949416}",unknown,0,[]
ENSG00000258476,LINC02207,0,0.035780441155302926,"{""expression_atlas"": 0.035780441155302926}",unknown,0,[]
ENSG00000112195,TREML2,0,0.03575432117359453,"{""expression_atlas"": 0.03575432117359453}",unknown,0,[]
ENSG00000259030,FPGT-TNNI3K,0,0.035746480068944264,"{""expression_atlas"": 0.035746480068944264}",unknown,0,[]
ENSG00000163958,ZDHHC19,0,0.03571108555543417,"{""expression_atlas"": 0.03571108555543417}",unknown,0,[]
ENSG00000166407,LMO1,0,0.02122865682580071,"{""expression_atlas"": 0.02122865682580071}",unknown,0,[]
ENSG00000038945,MSR1,0,0.03566172114976186,"{""expression_atlas"": 0.03566172114976186}",unknown,0,[]
ENSG00000078114,NEBL,0,0.035612844393680475,"{""expression_atlas"": 0.035612844393680475}",unknown,0,[]
ENSG00000258792,ENSG00000258792,0,0.03556642357620825,"{""expression_atlas"": 0.03556642357620825}",unknown,0,[]
ENSG00000110077,MS4A6A,0,0.020537480558886056,"{""expression_atlas"": 0.020537480558886056}",unknown,0,[]
ENSG00000257180,ENSG00000257180,0,0.03552917732560334,"{""expression_atlas"": 0.03552917732560334}",unknown,0,[]
ENSG00000213759,UGT2B11,0,0.035511253723719605,"{""expression_atlas"": 0.035511253723719605}",unknown,0,[]
ENSG00000164736,SOX17,0,0.03539877135594636,"{""expression_atlas"": 0.03539877135594636}",unknown,0,[]
ENSG00000154217,PITPNC1,0,0.035357211194273985,"{""expression_atlas"": 0.035357211194273985}",unknown,0,[]
ENSG00000157193,LRP8,0,0.03533943235476291,"{""expression_atlas"": 0.03533943235476291}",unknown,0,[]
ENSG00000136542,GALNT5,0,0.035334107718033074,"{""expression_atlas"": 0.035334107718033074}",unknown,0,[]
ENSG00000075239,ACAT1,0,0.03528550357715814,"{""expression_atlas"": 0.03528550357715814}",unknown,0,[]
ENSG00000127948,POR,0,0.035246437177844474,"{""expression_atlas"": 0.035246437177844474}",unknown,0,[]
ENSG00000102575,ACP5,0,0.030659565511849285,"{""expression_atlas"": 0.030659565511849285}",unknown,0,[]
ENSG00000008853,RHOBTB2,0,0.03521820572909645,"{""expression_atlas"": 0.03521820572909645}",unknown,0,[]
ENSG00000110063,DCPS,0,0.03521812795173792,"{""expression_atlas"": 0.03521812795173792}",unknown,0,[]
ENSG00000135821,GLUL,0,0.019114165099352286,"{""expression_atlas"": 0.019114165099352286}",unknown,0,[]
ENSG00000128791,TWSG1,0,0.03515798236043113,"{""expression_atlas"": 0.03515798236043113}",unknown,0,[]
ENSG00000123096,SSPN,0,0.035115415550067614,"{""expression_atlas"": 0.035115415550067614}",unknown,0,[]
ENSG00000142449,FBN3,0,0.03508319750641228,"{""expression_atlas"": 0.03508319750641228}",unknown,0,[]
ENSG00000254746,ENSG00000254746,0,0.0350405945125961,"{""expression_atlas"": 0.0350405945125961}",unknown,0,[]
ENSG00000069122,ADGRF5,0,0.03503872114399878,"{""expression_atlas"": 0.03503872114399878}",unknown,0,[]
ENSG00000235140,ENSG00000235140,0,0.0349994312146145,"{""expression_atlas"": 0.0349994312146145}",unknown,0,[]
ENSG00000105516,DBP,0,0.018294139737331117,"{""expression_atlas"": 0.018294139737331117}",unknown,0,[]
ENSG00000138279,ANXA7,0,0,{},unknown,0,[]
ENSG00000167371,PRRT2,0,0,{},unknown,0,[]
ENSG00000171951,SCG2,0,0,{},unknown,0,[]
ENSG00000133794,BMAL1,0,0,{},unknown,0,[]
ENSG00000131871,SELENOS,0,0,{},unknown,0,[]
ENSG00000149269,PAK1,0,0,{},unknown,0,[]
ENSG00000128271,ADORA2A,0,0,{},unknown,0,"[""CHEMBL113"", ""CHEMBL1208646"", ""CHEMBL190"", ""CHEMBL317052"", ""CHEMBL431770"", ""CHEMBL477"", ""CHEMBL628""]"
ENSG00000165029,ABCA1,0,0,{},unknown,0,[]
ENSG00000156515,HK1,0,0,{},unknown,0,[]
ENSG00000164061,BSN,0,0,{},unknown,0,[]
ENSG00000133962,CATSPERB,0,0.03495538132633152,"{""expression_atlas"": 0.03495538132633152}",unknown,0,[]
ENSG00000130287,NCAN,0,0.034903132208735234,"{""expression_atlas"": 0.034903132208735234}",unknown,0,[]
ENSG00000156466,GDF6,0,0.03490147323410919,"{""expression_atlas"": 0.03490147323410919}",unknown,0,[]
ENSG00000235092,ID2-AS1,0,0.03485202884738535,"{""expression_atlas"": 0.03485202884738535}",unknown,0,[]
ENSG00000229637,PRAC2,0,0.03482183283305931,"{""expression_atlas"": 0.03482183283305931}",unknown,0,[]
ENSG00000239713,APOBEC3G,0,0.034798596921856315,"{""expression_atlas"": 0.034798596921856315}",unknown,0,[]
ENSG00000139687,RB1,0,0,{},unknown,0,[]
ENSG00000147262,GPR119,0,0,{},unknown,0,[]
ENSG00000145824,CXCL14,0,0,{},unknown,0,[]
ENSG00000150977,RILPL2,0,0.034769169520989116,"{""expression_atlas"": 0.034769169520989116}",unknown,0,[]
ENSG00000136235,GPNMB,0,0.03476611567529239,"{""expression_atlas"": 0.03476611567529239}",unknown,0,[]
ENSG00000233590,LINC02640,0,0.034765712571076884,"{""expression_atlas"": 0.034765712571076884}",unknown,0,[]
ENSG00000198814,GK,0,0.030158594291918348,"{""expression_atlas"": 0.030158594291918348}",unknown,0,[]
ENSG00000256039,LINC02446,0,0.03470928145249615,"{""expression_atlas"": 0.03470928145249615}",unknown,0,[]
ENSG00000236389,ENSG00000236389,0,0.03468874964921589,"{""expression_atlas"": 0.03468874964921589}",unknown,0,[]
ENSG00000150750,POU2AF2,0,0.03461771465537092,"{""expression_atlas"": 0.03461771465537092}",unknown,0,[]
ENSG00000137869,CYP19A1,0,0.029973199527227764,"{""expression_atlas"": 0.029973199527227764}",unknown,0,"[""CHEMBL1200374"", ""CHEMBL1399"", ""CHEMBL1444"", ""CHEMBL1571"", ""CHEMBL488""]"
ENSG00000116574,RHOU,0,0.03447766948866006,"{""expression_atlas"": 0.03447766948866006}",unknown,0,[]
ENSG00000255443,CD44-AS1,0,0.03444279678129713,"{""expression_atlas"": 0.03444279678129713}",unknown,0,[]
ENSG00000226571,ENSG00000226571,0,0.03442592269949938,"{""expression_atlas"": 0.03442592269949938}",unknown,0,[]
ENSG00000113303,BTNL8,0,0.01634189127665197,"{""expression_atlas"": 0.01634189127665197}",unknown,0,[]
ENSG00000158786,PLA2G2F,0,0.03430963362247723,"{""expression_atlas"": 0.03430963362247723}",unknown,0,[]
ENSG00000139973,SYT16,0,0.03426748403266381,"{""expression_atlas"": 0.03426748403266381}",unknown,0,[]
ENSG00000213339,QTRT1,0,0.029651706878139037,"{""expression_atlas"": 0.029651706878139037}",unknown,0,[]
ENSG00000170017,ALCAM,0,0.03419052003358456,"{""expression_atlas"": 0.03419052003358456}",unknown,0,[]
ENSG00000113369,ARRDC3,0,0.03419052003358456,"{""expression_atlas"": 0.03419052003358456}",unknown,0,[]
ENSG00000176485,PLAAT3,0,0.03418774259851307,"{""expression_atlas"": 0.03418774259851307}",unknown,0,[]
ENSG00000275342,PRAG1,0,0.03418022459349007,"{""expression_atlas"": 0.03418022459349007}",unknown,0,[]
ENSG00000004866,ST7,0,0.015122113534471387,"{""expression_atlas"": 0.015122113534471387}",unknown,0,[]
ENSG00000163947,ARHGEF3,0,0.034139853384642024,"{""expression_atlas"": 0.034139853384642024}",unknown,0,[]
ENSG00000183484,GPR132,0,0.03410797872969332,"{""expression_atlas"": 0.03410797872969332}",unknown,0,[]
ENSG00000100031,GGT1,0,0.014260904431142975,"{""expression_atlas"": 0.014260904431142975}",unknown,0,[]
ENSG00000163032,VSNL1,0,0.03395950066919774,"{""expression_atlas"": 0.03395950066919774}",unknown,0,[]
ENSG00000126368,NR1D1,0,0.014117613993134479,"{""expression_atlas"": 0.014117613993134479}",unknown,0,[]
ENSG00000162409,PRKAA2,0,0.03380114808731626,"{""expression_atlas"": 0.03380114808731626}",unknown,0,[]
ENSG00000113916,BCL6,0,0.029236202460742856,"{""expression_atlas"": 0.029236202460742856}",unknown,0,[]
ENSG00000270777,ENSG00000270777,0,0.03374927945263604,"{""expression_atlas"": 0.03374927945263604}",unknown,0,[]
ENSG00000069966,GNB5,0,0.013372465722247538,"{""expression_atlas"": 0.013372465722247538}",unknown,0,[]
ENSG00000189120,SP6,0,0.013225570823005343,"{""expression_atlas"": 0.013225570823005343}",unknown,0,[]
ENSG00000108684,ASIC2,0,0.03369608870002524,"{""expression_atlas"": 0.03369608870002524}",unknown,0,[]
ENSG00000140107,SLC25A47,0,0.03366922054232954,"{""expression_atlas"": 0.03366922054232954}",unknown,0,[]
ENSG00000003400,CASP10,0,0.013078039114036303,"{""expression_atlas"": 0.013078039114036303}",unknown,0,[]
ENSG00000100625,SIX4,0,0.03365539580838003,"{""expression_atlas"": 0.03365539580838003}",unknown,0,[]
ENSG00000186150,UBL4B,0,0.03364961901983084,"{""expression_atlas"": 0.03364961901983084}",unknown,0,[]
ENSG00000196228,SULT1C3,0,0.033635174602254424,"{""expression_atlas"": 0.033635174602254424}",unknown,0,[]
ENSG00000280281,ENSG00000280281,0,0.0336347663897936,"{""expression_atlas"": 0.0336347663897936}",unknown,0,[]
ENSG00000189221,MAOA,0,0.012838890830001837,"{""expression_atlas"": 0.012838890830001837}",unknown,0,"[""CHEMBL1089"", ""CHEMBL18116"", ""CHEMBL3989843"", ""CHEMBL673"", ""CHEMBL86304"", ""CHEMBL92401""]"
ENSG00000142515,KLK3,0,0.029800674377021143,"{""expression_atlas"": 0.029800674377021143}",unknown,0,[]
ENSG00000157168,NRG1,0,0.012782641773700516,"{""expression_atlas"": 0.012782641773700516}",unknown,0,[]
ENSG00000162897,FCAMR,0,0.033578675630039884,"{""expression_atlas"": 0.033578675630039884}",unknown,0,[]
ENSG00000102755,FLT1,0,0.03355574308318303,"{""expression_atlas"": 0.03355574308318303}",unknown,0,"[""CHEMBL1289494"", ""CHEMBL1289601"", ""CHEMBL1289926"", ""CHEMBL1336"", ""CHEMBL1946170"", ""CHEMBL24828"", ""CHEMBL4303214"", ""CHEMBL477772"", ""CHEMBL502835"", ""CHEMBL535""]"
ENSG00000004799,PDK4,0,0.03349610170794404,"{""expression_atlas"": 0.03349610170794404}",unknown,0,[]
ENSG00000128340,RAC2,0,0.02891089816067936,"{""expression_atlas"": 0.02891089816067936}",unknown,0,[]
ENSG00000211886,TRAJ3,0,0.033458227423763635,"{""expression_atlas"": 0.033458227423763635}",unknown,0,[]
ENSG00000087470,DNM1L,0,0,{},unknown,0,[]
ENSG00000067082,KLF6,0,0,{},unknown,0,[]
ENSG00000160678,S100A1,0,0,{},unknown,0,[]
ENSG00000030110,BAK1,0,0,{},unknown,0,[]
ENSG00000134243,SORT1,0,0,{},unknown,0,[]
ENSG00000064419,TNPO3,0,0,{},unknown,0,[]
ENSG00000136158,SPRY2,0,0,{},unknown,0,[]
ENSG00000130707,ASS1,0,0.03340422504636775,"{""expression_atlas"": 0.03340422504636775}",unknown,0,[]
ENSG00000155380,SLC16A1,0,0.0333872465816358,"{""expression_atlas"": 0.0333872465816358}",unknown,0,[]
ENSG00000081181,ARG2,0,0.030344931899074837,"{""expression_atlas"": 0.030344931899074837}",unknown,0,[]
ENSG00000131849,ZNF132,0,0.03333844627282042,"{""expression_atlas"": 0.03333844627282042}",unknown,0,[]
ENSG00000278535,DHRS11,0,0.03333497823355211,"{""expression_atlas"": 0.03333497823355211}",unknown,0,[]
ENSG00000171310,CHST11,0,0.03331646293338342,"{""expression_atlas"": 0.03331646293338342}",unknown,0,[]
ENSG00000148671,ADIRF,0,0.03328746686152058,"{""expression_atlas"": 0.03328746686152058}",unknown,0,[]
ENSG00000205922,ONECUT3,0,0.033258581031721926,"{""expression_atlas"": 0.033258581031721926}",unknown,0,[]
ENSG00000104894,CD37,0,0.011412891268728704,"{""expression_atlas"": 0.011412891268728704}",unknown,0,[]
ENSG00000117322,CR2,0,0,{},unknown,0,[]
ENSG00000123685,BATF3,0,0.010929552419906303,"{""expression_atlas"": 0.010929552419906303}",unknown,0,[]
ENSG00000034053,APBA2,0,0.03308859227890517,"{""expression_atlas"": 0.03308859227890517}",unknown,0,[]
ENSG00000279862,ENSG00000279862,0,0.033006140441358515,"{""expression_atlas"": 0.033006140441358515}",unknown,0,[]
ENSG00000198794,SCAMP5,0,0.03298521179361135,"{""expression_atlas"": 0.03298521179361135}",unknown,0,[]
ENSG00000183347,GBP6,0,0.032946741199718944,"{""expression_atlas"": 0.032946741199718944}",unknown,0,[]
ENSG00000125820,NKX2-2,0,0.03293166578089669,"{""expression_atlas"": 0.03293166578089669}",unknown,0,[]
ENSG00000155545,MIER3,0,0.03291348545234772,"{""expression_atlas"": 0.03291348545234772}",unknown,0,[]
ENSG00000145192,AHSG,0,0,{},unknown,0,[]
ENSG00000132854,KANK4,0,0.032835567869792984,"{""expression_atlas"": 0.032835567869792984}",unknown,0,[]
ENSG00000168412,MTNR1A,0,0.03278226895675638,"{""expression_atlas"": 0.03278226895675638}",unknown,0,"[""CHEMBL10878"", ""CHEMBL1218"", ""CHEMBL2103822"", ""CHEMBL45""]"
ENSG00000110436,SLC1A2,0,0.009496333391465623,"{""expression_atlas"": 0.009496333391465623}",unknown,0,[]
ENSG00000182247,UBE2E2,0,0.009468330373054754,"{""expression_atlas"": 0.009468330373054754}",unknown,0,[]
ENSG00000153233,PTPRR,0,0.03273311928083384,"{""expression_atlas"": 0.03273311928083384}",unknown,0,[]
ENSG00000135476,ESPL1,0,0.03271742841034658,"{""expression_atlas"": 0.03271742841034658}",unknown,0,[]
ENSG00000168502,MTCL1,0,0.03270063406671241,"{""expression_atlas"": 0.03270063406671241}",unknown,0,[]
ENSG00000196730,DAPK1,0,0.009161806422578906,"{""expression_atlas"": 0.009161806422578906}",unknown,0,[]
ENSG00000075884,ARHGAP15,0,0.009146463387957363,"{""expression_atlas"": 0.009146463387957363}",unknown,0,[]
ENSG00000226699,ENSG00000226699,0,0.03267867633709331,"{""expression_atlas"": 0.03267867633709331}",unknown,0,[]
ENSG00000234292,ENSG00000234292,0,0.03266860419814185,"{""expression_atlas"": 0.03266860419814185}",unknown,0,[]
ENSG00000198443,KRTAP4-1,0,0.032653828514619294,"{""expression_atlas"": 0.032653828514619294}",unknown,0,[]
ENSG00000136574,GATA4,0,0.03264291105177812,"{""expression_atlas"": 0.03264291105177812}",unknown,0,[]
ENSG00000227313,LINC02630,0,0.03263500668600232,"{""expression_atlas"": 0.03263500668600232}",unknown,0,[]
ENSG00000166265,CYYR1,0,0.032547616529222625,"{""expression_atlas"": 0.032547616529222625}",unknown,0,[]
ENSG00000138744,NAAA,0,0.03247604541689458,"{""expression_atlas"": 0.03247604541689458}",unknown,0,[]
ENSG00000114268,PFKFB4,0,0.03241763185410579,"{""expression_atlas"": 0.03241763185410579}",unknown,0,[]
ENSG00000204444,APOM,0,0.03238166188375787,"{""expression_atlas"": 0.03238166188375787}",unknown,0,[]
ENSG00000155465,SLC7A7,0,0.03230895216696058,"{""expression_atlas"": 0.03230895216696058}",unknown,0,[]
ENSG00000180138,CSNK1A1L,0,0.03230332166864545,"{""expression_atlas"": 0.03230332166864545}",unknown,0,[]
ENSG00000181626,ANKRD62,0,0.03230308513062927,"{""expression_atlas"": 0.03230308513062927}",unknown,0,[]
ENSG00000007350,TKTL1,0,0.03228728594158206,"{""expression_atlas"": 0.03228728594158206}",unknown,0,[]
ENSG00000173114,LRRN3,0,0.0322134881728988,"{""expression_atlas"": 0.0322134881728988}",unknown,0,[]
ENSG00000106113,CRHR2,0,0,{},unknown,0,[]
ENSG00000004846,ABCB5,0,0.03212905800391952,"{""expression_atlas"": 0.03212905800391952}",unknown,0,[]
ENSG00000125878,TCF15,0,0.032123648667166986,"{""expression_atlas"": 0.032123648667166986}",unknown,0,[]
ENSG00000221852,KRTAP1-5,0,0.032011004111072966,"{""expression_atlas"": 0.032011004111072966}",unknown,0,[]
ENSG00000135960,EDAR,0,0.031961290244848804,"{""expression_atlas"": 0.031961290244848804}",unknown,0,[]
ENSG00000156345,CDK20,0,0.03192100680022626,"{""expression_atlas"": 0.03192100680022626}",unknown,0,[]
ENSG00000164418,GRIK2,0,0.031918728319409756,"{""expression_atlas"": 0.031918728319409756}",unknown,0,"[""CHEMBL220492""]"
ENSG00000122133,PAEP,0,0.0319150603465441,"{""expression_atlas"": 0.0319150603465441}",unknown,0,[]
ENSG00000272636,DOC2B,0,0.03187692964406746,"{""expression_atlas"": 0.03187692964406746}",unknown,0,[]
ENSG00000112414,ADGRG6,0,0.03183158871424595,"{""expression_atlas"": 0.03183158871424595}",unknown,0,[]
ENSG00000257191,ENSG00000257191,0,0.031746063919575934,"{""expression_atlas"": 0.031746063919575934}",unknown,0,[]
ENSG00000227507,LTB,0,0.02312274416690456,"{""expression_atlas"": 0.02312274416690456}",unknown,0,[]
ENSG00000166960,CCDC178,0,0.03174407353607721,"{""expression_atlas"": 0.03174407353607721}",unknown,0,[]
ENSG00000164114,MAP9,0,0.03167623818798512,"{""expression_atlas"": 0.03167623818798512}",unknown,0,[]
ENSG00000110723,EXPH5,0,0.031618696360365114,"{""expression_atlas"": 0.031618696360365114}",unknown,0,[]
ENSG00000279570,ENSG00000279570,0,0.03160555683957275,"{""expression_atlas"": 0.03160555683957275}",unknown,0,[]
ENSG00000180061,TMEM150B,0,0.031597965932969624,"{""expression_atlas"": 0.031597965932969624}",unknown,0,[]
ENSG00000183775,KCTD16,0,0.031585099870701815,"{""expression_atlas"": 0.031585099870701815}",unknown,0,[]
ENSG00000134757,DSG3,0,0.031570619984280957,"{""expression_atlas"": 0.031570619984280957}",unknown,0,[]
ENSG00000158106,RHPN1,0,0.031527362311550754,"{""expression_atlas"": 0.031527362311550754}",unknown,0,[]
ENSG00000223829,ENSG00000223829,0,0.031527362311550754,"{""expression_atlas"": 0.031527362311550754}",unknown,0,[]
ENSG00000157514,TSC22D3,0,0,{},unknown,0,[]
ENSG00000174738,NR1D2,0,0.031441937532165225,"{""expression_atlas"": 0.031441937532165225}",unknown,0,[]
ENSG00000253824,ENSG00000253824,0,0.03143006357144608,"{""expression_atlas"": 0.03143006357144608}",unknown,0,[]
ENSG00000087589,CASS4,0,0.02837396614909118,"{""expression_atlas"": 0.02837396614909118}",unknown,0,[]
ENSG00000116663,FBXO6,0,0.03141050361212159,"{""expression_atlas"": 0.03141050361212159}",unknown,0,[]
ENSG00000166750,SLFN5,0,0.03139235272508192,"{""expression_atlas"": 0.03139235272508192}",unknown,0,[]
ENSG00000181458,TMEM45A,0,0.03139196085378905,"{""expression_atlas"": 0.03139196085378905}",unknown,0,[]
ENSG00000141338,ABCA8,0,0.03136492021293862,"{""expression_atlas"": 0.03136492021293862}",unknown,0,[]
ENSG00000239513,LINC01210,0,0.03129793728139311,"{""expression_atlas"": 0.03129793728139311}",unknown,0,[]
ENSG00000166961,MS4A15,0,0.03129695069123477,"{""expression_atlas"": 0.03129695069123477}",unknown,0,[]
ENSG00000112837,TBX18,0,0.03123512216821223,"{""expression_atlas"": 0.03123512216821223}",unknown,0,[]
ENSG00000274173,LINC02967,0,0.031233117888677435,"{""expression_atlas"": 0.031233117888677435}",unknown,0,[]
ENSG00000148803,FUOM,0,0.031233117888677435,"{""expression_atlas"": 0.031233117888677435}",unknown,0,[]
ENSG00000152137,HSPB8,0,0.03123073292586846,"{""expression_atlas"": 0.03123073292586846}",unknown,0,[]
ENSG00000283175,ENSG00000283175,0,0.03118877739986219,"{""expression_atlas"": 0.03118877739986219}",unknown,0,[]
ENSG00000163273,NPPC,0,0.031188747136317856,"{""expression_atlas"": 0.031188747136317856}",unknown,0,[]
ENSG00000255434,ENSG00000255434,0,0.031156227503142658,"{""expression_atlas"": 0.031156227503142658}",unknown,0,[]
ENSG00000259520,SLC28A2-AS1,0,0.031088917046509065,"{""expression_atlas"": 0.031088917046509065}",unknown,0,[]
ENSG00000109062,NHERF1,0,0.026499446747324698,"{""expression_atlas"": 0.026499446747324698}",unknown,0,[]
ENSG00000128714,HOXD13,0,0.031046154422926305,"{""expression_atlas"": 0.031046154422926305}",unknown,0,[]
ENSG00000158966,CACHD1,0,0.031030366344887268,"{""expression_atlas"": 0.031030366344887268}",unknown,0,[]
ENSG00000133317,LGALS12,0,0.03097668285044311,"{""expression_atlas"": 0.03097668285044311}",unknown,0,[]
ENSG00000267748,ENSG00000267748,0,0.03092558965163227,"{""expression_atlas"": 0.03092558965163227}",unknown,0,[]
ENSG00000101276,SLC52A3,0,0.030915011656315317,"{""expression_atlas"": 0.030915011656315317}",unknown,0,[]
ENSG00000243290,IGKV1-12,0,0.03091354478607605,"{""expression_atlas"": 0.03091354478607605}",unknown,0,[]
ENSG00000278281,MIR7856,0,0.03091354478607605,"{""expression_atlas"": 0.03091354478607605}",unknown,0,[]
ENSG00000165895,ARHGAP42,0,0.030905324138978212,"{""expression_atlas"": 0.030905324138978212}",unknown,0,[]
ENSG00000234965,SHISA8,0,0.03085661219379383,"{""expression_atlas"": 0.03085661219379383}",unknown,0,[]
ENSG00000258082,LINC03108,0,0.030810237927959436,"{""expression_atlas"": 0.030810237927959436}",unknown,0,[]
ENSG00000241163,LINC00877,0,0.0307425646698474,"{""expression_atlas"": 0.0307425646698474}",unknown,0,[]
ENSG00000116183,PAPPA2,0,0.030637414797747196,"{""expression_atlas"": 0.030637414797747196}",unknown,0,[]
ENSG00000129991,TNNI3,0,0.030630321632067505,"{""expression_atlas"": 0.030630321632067505}",unknown,0,[]
ENSG00000161031,PGLYRP2,0,0.013019455264661738,"{""expression_atlas"": 0.013019455264661738}",unknown,0,[]
ENSG00000164105,SAP30,0,0.030591517924786184,"{""expression_atlas"": 0.030591517924786184}",unknown,0,[]
ENSG00000272050,ENSG00000272050,0,0.03058247356403587,"{""expression_atlas"": 0.03058247356403587}",unknown,0,[]
ENSG00000186973,CFAP144,0,0.030569058865336594,"{""expression_atlas"": 0.030569058865336594}",unknown,0,[]
ENSG00000259040,BLOC1S5-TXNDC5,0,0.030556626189906656,"{""expression_atlas"": 0.030556626189906656}",unknown,0,[]
ENSG00000225929,ENSG00000225929,0,0.030474377631948303,"{""expression_atlas"": 0.030474377631948303}",unknown,0,[]
ENSG00000196224,KRTAP5-3,0,0.030404485320028204,"{""expression_atlas"": 0.030404485320028204}",unknown,0,[]
ENSG00000166923,GREM1,0,0.025082108503871558,"{""expression_atlas"": 0.025082108503871558}",unknown,0,[]
ENSG00000035403,VCL,0,0,{},unknown,0,[]
ENSG00000079308,TNS1,0,0,{},unknown,0,[]
ENSG00000254636,ARMS2,0,0,{},unknown,0,[]
ENSG00000198892,SHISA4,0,0,{},unknown,0,[]
ENSG00000185875,THNSL1,0,0,{},unknown,0,[]
ENSG00000152061,RABGAP1L,0,0,{},unknown,0,[]
ENSG00000177971,IMP3,0,0,{},unknown,0,[]
ENSG00000118526,TCF21,0,0,{},unknown,0,[]
ENSG00000144285,SCN1A,0,0,{},unknown,0,"[""CHEMBL1068"", ""CHEMBL1075"", ""CHEMBL1077896"", ""CHEMBL108"", ""CHEMBL1087"", ""CHEMBL1093"", ""CHEMBL1095"", ""CHEMBL1179047"", ""CHEMBL1194"", ""CHEMBL1195"", ""CHEMBL1196"", ""CHEMBL1197"", ""CHEMBL1200"", ""CHEMBL1200443"", ""CHEMBL1201217"", ""CHEMBL1201242"", ""CHEMBL1201336"", ""CHEMBL1201486"", ""CHEMBL1201754"", ""CHEMBL1242"", ""CHEMBL1294"", ""CHEMBL16"", ""CHEMBL1762"", ""CHEMBL184412"", ""CHEMBL220492"", ""CHEMBL315985"", ""CHEMBL370805"", ""CHEMBL3989949"", ""CHEMBL492"", ""CHEMBL517"", ""CHEMBL558"", ""CHEMBL569"", ""CHEMBL58323"", ""CHEMBL631"", ""CHEMBL640"", ""CHEMBL698"", ""CHEMBL741"", ""CHEMBL744"", ""CHEMBL750"", ""CHEMBL79"", ""CHEMBL856"", ""CHEMBL861"", ""CHEMBL87992"", ""CHEMBL900"", ""CHEMBL918""]"
ENSG00000173692,PSMD1,0,0,{},unknown,0,"[""CHEMBL325041"", ""CHEMBL3545432"", ""CHEMBL451887""]"
ENSG00000175097,RAG2,0,0,{},unknown,0,[]
ENSG00000172500,FIBP,0,0,{},unknown,0,[]
ENSG00000106635,BCL7B,0,0,{},unknown,0,[]
ENSG00000130164,LDLR,0,0,{},unknown,0,[]
ENSG00000116213,WRAP73,0,0,{},unknown,0,[]
ENSG00000129993,CBFA2T3,0,0,{},unknown,0,[]
ENSG00000168564,CDKN2AIP,0,0,{},unknown,0,[]
ENSG00000169635,HIC2,0,0,{},unknown,0,[]
ENSG00000198561,CTNND1,0,0,{},unknown,0,[]
ENSG00000129347,KRI1,0,0,{},unknown,0,[]
ENSG00000183098,GPC6,0,0,{},unknown,0,[]
ENSG00000081479,LRP2,0,0,{},unknown,0,[]
ENSG00000164611,PTTG1,0,0,{},unknown,0,[]
ENSG00000198752,CDC42BPB,0,0,{},unknown,0,[]
ENSG00000137764,MAP2K5,0,0,{},unknown,0,[]
ENSG00000073849,ST6GAL1,0,0,{},unknown,0,[]
ENSG00000089280,FUS,0,0,{},unknown,0,[]
ENSG00000122778,KIAA1549,0,0,{},unknown,0,[]
ENSG00000118655,DCLRE1B,0,0,{},unknown,0,[]
ENSG00000172071,EIF2AK3,0,0,{},unknown,0,[]
ENSG00000170209,ANKK1,0,0,{},unknown,0,[]
ENSG00000073008,PVR,0,0,{},unknown,0,[]
ENSG00000126775,ATG14,0,0,{},unknown,0,[]
ENSG00000129667,RHBDF2,0,0,{},unknown,0,[]
ENSG00000135372,NAT10,0,0,{},unknown,0,[]
ENSG00000142611,PRDM16,0,0,{},unknown,0,[]
ENSG00000104814,MAP4K1,0,0,{},unknown,0,[]
ENSG00000170255,MRGPRX1,0,0,{},unknown,0,[]
ENSG00000099864,PALM,0,0,{},unknown,0,[]
ENSG00000141232,TOB1,0,0,{},unknown,0,[]
ENSG00000176302,FOXR1,0,0,{},unknown,0,[]
ENSG00000136717,BIN1,0,0,{},unknown,0,[]
ENSG00000131378,RFTN1,0,0,{},unknown,0,[]
ENSG00000159082,SYNJ1,0,0,{},unknown,0,[]
ENSG00000117593,DARS2,0,0,{},unknown,0,[]
ENSG00000154930,ACSS1,0,0,{},unknown,0,[]
ENSG00000078061,ARAF,0,0,{},unknown,0,"[""CHEMBL3348923""]"
ENSG00000172113,NME6,0,0,{},unknown,0,[]
ENSG00000173281,PPP1R3B,0,0,{},unknown,0,[]
ENSG00000118194,TNNT2,0,0,{},unknown,0,[]
ENSG00000257727,CNPY2,0,0,{},unknown,0,[]
ENSG00000183955,KMT5A,0,0,{},unknown,0,[]
ENSG00000115306,SPTBN1,0,0,{},unknown,0,[]
ENSG00000154319,FAM167A,0,0,{},unknown,0,[]
ENSG00000154767,XPC,0,0,{},unknown,0,[]
ENSG00000197323,TRIM33,0,0,{},unknown,0,[]
ENSG00000310584,CSN1S2BP,0,0,{},unknown,0,[]
ENSG00000105364,MRPL4,0,0,{},unknown,0,[]
ENSG00000116127,ALMS1,0,0,{},unknown,0,[]
ENSG00000198570,RD3,0,0,{},unknown,0,[]
ENSG00000170385,SLC30A1,0,0,{},unknown,0,[]
ENSG00000114026,OGG1,0,0,{},unknown,0,[]
ENSG00000152661,GJA1,0,0,{},unknown,0,[]
ENSG00000108106,UBE2S,0,0,{},unknown,0,[]
ENSG00000063660,GPC1,0,0,{},unknown,0,[]
ENSG00000137841,PLCB2,0,0,{},unknown,0,[]
ENSG00000169629,RGPD8,0,0,{},unknown,0,[]
ENSG00000259205,PRKXP1,0,0,{},unknown,0,[]
ENSG00000155792,DEPTOR,0,0,{},unknown,0,[]
ENSG00000107331,ABCA2,0,0,{},unknown,0,[]
ENSG00000258947,TUBB3,0,0,{},unknown,0,"[""CHEMBL107"", ""CHEMBL1201748"", ""CHEMBL1201752"", ""CHEMBL159"", ""CHEMBL1683590"", ""CHEMBL1742994"", ""CHEMBL1743082"", ""CHEMBL2110725"", ""CHEMBL3301582"", ""CHEMBL3301589"", ""CHEMBL3545132"", ""CHEMBL428647"", ""CHEMBL4297841"", ""CHEMBL553025"", ""CHEMBL90555"", ""CHEMBL92""]"
ENSG00000137463,MGARP,0,0,{},unknown,0,[]
ENSG00000244476,ERVFRD-1,0,0,{},unknown,0,[]
ENSG00000166035,LIPC,0,0,{},unknown,0,[]
ENSG00000183117,CSMD1,0,0,{},unknown,0,[]
ENSG00000105810,CDK6,0,0,{},unknown,0,"[""CHEMBL189963"", ""CHEMBL3301610"", ""CHEMBL3545110"", ""CHEMBL3894860""]"
ENSG00000004139,SARM1,0,0,{},unknown,0,[]
ENSG00000183695,MRGPRX2,0,0,{},unknown,0,[]
ENSG00000198836,OPA1,0,0,{},unknown,0,[]
ENSG00000187682,ERAS,0,0,{},unknown,0,[]
ENSG00000056097,ZFR,0,0,{},unknown,0,[]
ENSG00000122986,HVCN1,0,0,{},unknown,0,[]
ENSG00000145703,IQGAP2,0,0,{},unknown,0,[]
ENSG00000078618,NRDC,0,0,{},unknown,0,[]
ENSG00000139988,RDH12,0,0,{},unknown,0,[]
ENSG00000215183,MSMP,0,0,{},unknown,0,[]
ENSG00000120563,LYZL1,0,0,{},unknown,0,[]
ENSG00000175591,P2RY2,0,0,{},unknown,0,"[""CHEMBL221326""]"
ENSG00000175197,DDIT3,0,0,{},unknown,0,[]
ENSG00000183780,SLC35F3,0,0,{},unknown,0,[]
ENSG00000131788,PIAS3,0,0,{},unknown,0,[]
ENSG00000100968,NFATC4,0,0,{},unknown,0,[]
ENSG00000165312,OTUD1,0,0,{},unknown,0,[]
ENSG00000137804,NUSAP1,0,0,{},unknown,0,[]
ENSG00000171596,NMUR1,0,0,{},unknown,0,[]
ENSG00000158748,HTR6,0,0,{},unknown,0,"[""CHEMBL243712""]"
ENSG00000059573,ALDH18A1,0,0,{},unknown,0,[]
ENSG00000129351,ILF3,0,0,{},unknown,0,[]
ENSG00000103126,AXIN1,0,0,{},unknown,0,[]
ENSG00000140995,DEF8,0,0,{},unknown,0,[]
ENSG00000166192,SENP8,0,0,{},unknown,0,[]
ENSG00000111729,CLEC4A,0,0,{},unknown,0,[]
ENSG00000277443,MARCKS,0,0,{},unknown,0,[]
ENSG00000231925,TAPBP,0,0,{},unknown,0,[]
ENSG00000096384,HSP90AB1,0,0,{},unknown,0,[]
ENSG00000164326,CARTPT,0,0,{},unknown,0,[]
ENSG00000169432,SCN9A,0,0,{},unknown,0,"[""CHEMBL1068"", ""CHEMBL1075"", ""CHEMBL1077896"", ""CHEMBL108"", ""CHEMBL1087"", ""CHEMBL1093"", ""CHEMBL1095"", ""CHEMBL1179047"", ""CHEMBL1194"", ""CHEMBL1195"", ""CHEMBL1196"", ""CHEMBL1197"", ""CHEMBL1200"", ""CHEMBL1200443"", ""CHEMBL1201217"", ""CHEMBL1201242"", ""CHEMBL1201336"", ""CHEMBL1201486"", ""CHEMBL1201754"", ""CHEMBL1242"", ""CHEMBL1294"", ""CHEMBL16"", ""CHEMBL1762"", ""CHEMBL184412"", ""CHEMBL220492"", ""CHEMBL315985"", ""CHEMBL370805"", ""CHEMBL3989949"", ""CHEMBL492"", ""CHEMBL517"", ""CHEMBL558"", ""CHEMBL569"", ""CHEMBL58323"", ""CHEMBL631"", ""CHEMBL640"", ""CHEMBL698"", ""CHEMBL741"", ""CHEMBL744"", ""CHEMBL750"", ""CHEMBL79"", ""CHEMBL856"", ""CHEMBL861"", ""CHEMBL87992"", ""CHEMBL900"", ""CHEMBL918""]"
ENSG00000147894,C9orf72,0,0,{},unknown,0,[]
ENSG00000204842,ATXN2,0,0,{},unknown,0,[]
ENSG00000109861,CTSC,0,0,{},unknown,0,[]
ENSG00000100503,NIN,0,0,{},unknown,0,[]
ENSG00000166484,MAPK7,0,0,{},unknown,0,[]
ENSG00000181449,SOX2,0,0,{},unknown,0,[]
ENSG00000204539,CDSN,0,0,{},unknown,0,[]
ENSG00000086589,RBM22,0,0,{},unknown,0,[]
ENSG00000269858,EGLN2,0,0,{},unknown,0,"[""CHEMBL2338329"", ""CHEMBL3544988"", ""CHEMBL3646221""]"
ENSG00000162374,ELAVL4,0,0,{},unknown,0,[]
ENSG00000159086,PAXBP1,0,0,{},unknown,0,[]
ENSG00000206561,COLQ,0,0,{},unknown,0,[]
ENSG00000138376,BARD1,0,0,{},unknown,0,[]
ENSG00000171109,MFN1,0,0,{},unknown,0,[]
ENSG00000197852,INKA2,0,0,{},unknown,0,[]
ENSG00000019144,PHLDB1,0,0,{},unknown,0,[]
ENSG00000152795,HNRNPDL,0,0,{},unknown,0,[]
ENSG00000158874,APOA2,0,0.030355811248803224,"{""expression_atlas"": 0.030355811248803224}",unknown,0,[]
ENSG00000050165,DKK3,0,0.03035289865964941,"{""expression_atlas"": 0.03035289865964941}",unknown,0,[]
ENSG00000134258,VTCN1,0,0.030346138824489926,"{""expression_atlas"": 0.030346138824489926}",unknown,0,[]
ENSG00000101842,VSIG1,0,0.030300400794144103,"{""expression_atlas"": 0.030300400794144103}",unknown,0,[]
ENSG00000261742,LINC00922,0,0.030293738837762395,"{""expression_atlas"": 0.030293738837762395}",unknown,0,[]
ENSG00000113749,HRH2,0,0.024422109132747515,"{""expression_atlas"": 0.024422109132747515}",unknown,0,"[""CHEMBL1201264"", ""CHEMBL1201323"", ""CHEMBL1790041"", ""CHEMBL30"", ""CHEMBL3183075"", ""CHEMBL770"", ""CHEMBL902""]"
ENSG00000160323,ADAMTS13,0,0,{},unknown,0,"[""CHEMBL4594607""]"
ENSG00000253980,ENSG00000253980,0,0.030202779723980788,"{""expression_atlas"": 0.030202779723980788}",unknown,0,[]
ENSG00000204687,MAS1L,0,0.030149808118622494,"{""expression_atlas"": 0.030149808118622494}",unknown,0,[]
ENSG00000177822,TENM3-AS1,0,0.03014697330056077,"{""expression_atlas"": 0.03014697330056077}",unknown,0,[]
ENSG00000233999,IGKV3OR2-268,0,0.03011779047931087,"{""expression_atlas"": 0.03011779047931087}",unknown,0,[]
ENSG00000156049,GNA14,0,0.030109282549838048,"{""expression_atlas"": 0.030109282549838048}",unknown,0,[]
ENSG00000130830,MPP1,0,0.030081387887494034,"{""expression_atlas"": 0.030081387887494034}",unknown,0,[]
ENSG00000263167,ENSG00000263167,0,0.03005861848144823,"{""expression_atlas"": 0.03005861848144823}",unknown,0,[]
ENSG00000137198,GMPR,0,0.030045861221291745,"{""expression_atlas"": 0.030045861221291745}",unknown,0,[]
ENSG00000169851,PCDH7,0,0.030032764231559064,"{""expression_atlas"": 0.030032764231559064}",unknown,0,[]
ENSG00000250230,ENSG00000250230,0,0.029999842765536966,"{""expression_atlas"": 0.029999842765536966}",unknown,0,[]
ENSG00000271930,ENSG00000271930,0,0.02995818996608425,"{""expression_atlas"": 0.02995818996608425}",unknown,0,[]
ENSG00000018408,WWTR1,0,0.022472370264195275,"{""expression_atlas"": 0.022472370264195275}",unknown,0,[]
ENSG00000267774,ENSG00000267774,0,0.02987249833204768,"{""expression_atlas"": 0.02987249833204768}",unknown,0,[]
ENSG00000254087,LYN,0,0.029863183201050535,"{""expression_atlas"": 0.029863183201050535}",unknown,0,"[""CHEMBL1421"", ""CHEMBL288441""]"
ENSG00000128284,APOL3,0,0.029843915001127215,"{""expression_atlas"": 0.029843915001127215}",unknown,0,[]
ENSG00000140937,CDH11,0,0.0298041481752747,"{""expression_atlas"": 0.0298041481752747}",unknown,0,[]
ENSG00000155542,SETD9,0,0.029766842266348358,"{""expression_atlas"": 0.029766842266348358}",unknown,0,[]
ENSG00000251602,MTA1-DT,0,0.02975362986997635,"{""expression_atlas"": 0.02975362986997635}",unknown,0,[]
ENSG00000236708,SDK1-AS1,0,0.02973035207864809,"{""expression_atlas"": 0.02973035207864809}",unknown,0,[]
ENSG00000078018,MAP2,0,0.0297207974160231,"{""expression_atlas"": 0.0297207974160231}",unknown,0,[]
ENSG00000204397,CARD16,0,0.029716627792450316,"{""expression_atlas"": 0.029716627792450316}",unknown,0,[]
ENSG00000100346,CACNA1I,0,0.029712047663247972,"{""expression_atlas"": 0.029712047663247972}",unknown,0,"[""CHEMBL1008"", ""CHEMBL1059"", ""CHEMBL1100"", ""CHEMBL1628502"", ""CHEMBL695"", ""CHEMBL696"", ""CHEMBL697"", ""CHEMBL797"", ""CHEMBL940""]"
ENSG00000134817,APLNR,0,0.0296842742701076,"{""expression_atlas"": 0.0296842742701076}",unknown,0,[]
ENSG00000111799,COL12A1,0,0.029655318486940405,"{""expression_atlas"": 0.029655318486940405}",unknown,0,[]
ENSG00000229246,LINC00377,0,0.029638819153737634,"{""expression_atlas"": 0.029638819153737634}",unknown,0,[]
ENSG00000172346,CSDC2,0,0.029635014537992773,"{""expression_atlas"": 0.029635014537992773}",unknown,0,[]
ENSG00000130037,KCNA5,0,0.02962478407296534,"{""expression_atlas"": 0.02962478407296534}",unknown,0,"[""CHEMBL2111112"", ""CHEMBL284348"", ""CHEMBL354077"", ""CHEMBL821""]"
ENSG00000174749,FAM241A,0,0.029592083883631895,"{""expression_atlas"": 0.029592083883631895}",unknown,0,[]
ENSG00000237330,RNF223,0,0.029527798269820164,"{""expression_atlas"": 0.029527798269820164}",unknown,0,[]
ENSG00000092607,TBX15,0,0.029527798269820164,"{""expression_atlas"": 0.029527798269820164}",unknown,0,[]
ENSG00000128512,DOCK4,0,0.02948892785394082,"{""expression_atlas"": 0.02948892785394082}",unknown,0,[]
ENSG00000147065,MSN,0,0.02945363155504982,"{""expression_atlas"": 0.02945363155504982}",unknown,0,[]
ENSG00000029534,ANK1,0,0.029430237161502386,"{""expression_atlas"": 0.029430237161502386}",unknown,0,[]
ENSG00000186462,NAP1L2,0,0.02935010123103555,"{""expression_atlas"": 0.02935010123103555}",unknown,0,[]
ENSG00000088992,TESC,0,0.02934298544982092,"{""expression_atlas"": 0.02934298544982092}",unknown,0,[]
ENSG00000126337,KRT36,0,0.029316179601411033,"{""expression_atlas"": 0.029316179601411033}",unknown,0,[]
ENSG00000126709,IFI6,0,0.029300113274733006,"{""expression_atlas"": 0.029300113274733006}",unknown,0,[]
ENSG00000168229,PTGDR,0,0.026234882354174174,"{""expression_atlas"": 0.026234882354174174}",unknown,0,[]
ENSG00000124157,SEMG2,0,0.029251365552271587,"{""expression_atlas"": 0.029251365552271587}",unknown,0,[]
ENSG00000238741,SCARNA7,0,0.02923626272523879,"{""expression_atlas"": 0.02923626272523879}",unknown,0,[]
ENSG00000072401,UBE2D1,0,0.026189123352529275,"{""expression_atlas"": 0.026189123352529275}",unknown,0,[]
ENSG00000126759,CFP,0,0.023899782428816494,"{""expression_atlas"": 0.023899782428816494}",unknown,0,[]
ENSG00000274008,Metazoa_SRP,0,0.029190245862263396,"{""expression_atlas"": 0.029190245862263396}",unknown,0,[]
ENSG00000197594,ENPP1,0,0.02916685050908145,"{""expression_atlas"": 0.02916685050908145}",unknown,0,[]
ENSG00000251408,ENSG00000251408,0,0.029158663817749748,"{""expression_atlas"": 0.029158663817749748}",unknown,0,[]
ENSG00000207713,MIR200C,0,0.029138579658443423,"{""expression_atlas"": 0.029138579658443423}",unknown,0,[]
ENSG00000022267,FHL1,0,0.02912653350383051,"{""expression_atlas"": 0.02912653350383051}",unknown,0,[]
ENSG00000117318,ID3,0,0.02910940999203276,"{""expression_atlas"": 0.02910940999203276}",unknown,0,[]
ENSG00000251132,ENSG00000251132,0,0.02909781443589124,"{""expression_atlas"": 0.02909781443589124}",unknown,0,[]
ENSG00000052802,MSMO1,0,0.029097047713268792,"{""expression_atlas"": 0.029097047713268792}",unknown,0,[]
ENSG00000163515,RETNLB,0,0.029095363503023122,"{""expression_atlas"": 0.029095363503023122}",unknown,0,[]
ENSG00000143507,DUSP10,0,0.0290853410481412,"{""expression_atlas"": 0.0290853410481412}",unknown,0,[]
ENSG00000008513,ST3GAL1,0,0.029059590985671693,"{""expression_atlas"": 0.029059590985671693}",unknown,0,[]
ENSG00000206190,ATP10A,0,0.029003058101608508,"{""expression_atlas"": 0.029003058101608508}",unknown,0,[]
ENSG00000085117,CD82,0,0.028978420000707654,"{""expression_atlas"": 0.028978420000707654}",unknown,0,[]
ENSG00000242265,PEG10,0,0.02897793691988734,"{""expression_atlas"": 0.02897793691988734}",unknown,0,[]
ENSG00000200605,Y_RNA,0,0.028965890569596517,"{""expression_atlas"": 0.028965890569596517}",unknown,0,[]
ENSG00000253686,LINC01484,0,0.02891089816067936,"{""expression_atlas"": 0.02891089816067936}",unknown,0,[]
ENSG00000136810,TXN,0,0,{},unknown,0,[]
ENSG00000205726,ITSN1,0,0,{},unknown,0,[]
ENSG00000183258,DDX41,0,0,{},unknown,0,[]
ENSG00000104365,IKBKB,0,0,{},unknown,0,[]
ENSG00000141985,SH3GL1,0,0,{},unknown,0,[]
ENSG00000272506,ENSG00000272506,0,0.028876199128029807,"{""expression_atlas"": 0.028876199128029807}",unknown,0,[]
ENSG00000170786,SDR16C5,0,0.028865557596943224,"{""expression_atlas"": 0.028865557596943224}",unknown,0,[]
ENSG00000176381,PRR18,0,0.02885679038661492,"{""expression_atlas"": 0.02885679038661492}",unknown,0,[]
ENSG00000241388,HNF1A-AS1,0,0.02875111800745181,"{""expression_atlas"": 0.02875111800745181}",unknown,0,[]
ENSG00000135390,ATP5MC2,0,0.028732944901439718,"{""expression_atlas"": 0.028732944901439718}",unknown,0,[]
ENSG00000005059,MCUB,0,0.02871889555614657,"{""expression_atlas"": 0.02871889555614657}",unknown,0,[]
ENSG00000112210,RAB23,0,0.0286884066521988,"{""expression_atlas"": 0.0286884066521988}",unknown,0,[]
ENSG00000223591,CENPVL1,0,0.02868320183636396,"{""expression_atlas"": 0.02868320183636396}",unknown,0,[]
ENSG00000259867,DYNLRB2-AS1,0,0.028682470167169582,"{""expression_atlas"": 0.028682470167169582}",unknown,0,[]
ENSG00000163710,PCOLCE2,0,0.028680299896130718,"{""expression_atlas"": 0.028680299896130718}",unknown,0,[]
ENSG00000262213,ENSG00000262213,0,0.028663353194956567,"{""expression_atlas"": 0.028663353194956567}",unknown,0,[]
ENSG00000121933,TMIGD3,0,0.028646479878746377,"{""expression_atlas"": 0.028646479878746377}",unknown,0,[]
ENSG00000111701,APOBEC1,0,0.02864402517024943,"{""expression_atlas"": 0.02864402517024943}",unknown,0,[]
ENSG00000147234,FRMPD3,0,0.028643035975309372,"{""expression_atlas"": 0.028643035975309372}",unknown,0,[]
ENSG00000260583,ENSG00000260583,0,0.028639933364593414,"{""expression_atlas"": 0.028639933364593414}",unknown,0,[]
ENSG00000197893,NRAP,0,0.028631888350489118,"{""expression_atlas"": 0.028631888350489118}",unknown,0,[]
ENSG00000237803,PIRAT1,0,0.028604451604592573,"{""expression_atlas"": 0.028604451604592573}",unknown,0,[]
ENSG00000187621,TCL6,0,0.02858313447786497,"{""expression_atlas"": 0.02858313447786497}",unknown,0,[]
ENSG00000241886,ENSG00000241886,0,0.028567013310039698,"{""expression_atlas"": 0.028567013310039698}",unknown,0,[]
ENSG00000170899,GSTA4,0,0.028561539074934618,"{""expression_atlas"": 0.028561539074934618}",unknown,0,[]
ENSG00000143196,DPT,0,0.028546253608637943,"{""expression_atlas"": 0.028546253608637943}",unknown,0,[]
ENSG00000210194,MT-TE,0,0.028531267051014938,"{""expression_atlas"": 0.028531267051014938}",unknown,0,[]
ENSG00000231992,ENSG00000231992,0,0.02847528884307091,"{""expression_atlas"": 0.02847528884307091}",unknown,0,[]
ENSG00000136167,LCP1,0,0.028444446052617624,"{""expression_atlas"": 0.028444446052617624}",unknown,0,[]
ENSG00000128203,ASPHD2,0,0.02838112864647404,"{""expression_atlas"": 0.02838112864647404}",unknown,0,[]
ENSG00000157087,ATP2B2,0,0.028359928985993543,"{""expression_atlas"": 0.028359928985993543}",unknown,0,[]
ENSG00000236267,LNC-RHL1,0,0.028304374132352563,"{""expression_atlas"": 0.028304374132352563}",unknown,0,[]
ENSG00000186493,IRX2-DT,0,0.028301127640719907,"{""expression_atlas"": 0.028301127640719907}",unknown,0,[]
ENSG00000164949,GEM,0,0.028296698193446403,"{""expression_atlas"": 0.028296698193446403}",unknown,0,[]
ENSG00000139629,GALNT6,0,0.02825510171094527,"{""expression_atlas"": 0.02825510171094527}",unknown,0,[]
ENSG00000154856,APCDD1,0,0.028229878652089868,"{""expression_atlas"": 0.028229878652089868}",unknown,0,[]
ENSG00000230479,LNCTSI,0,0.028212475116971128,"{""expression_atlas"": 0.028212475116971128}",unknown,0,[]
ENSG00000250722,SELENOP,0,0.017346254648973446,"{""expression_atlas"": 0.017346254648973446}",unknown,0,[]
ENSG00000132965,ALOX5AP,0,0.028211022038513542,"{""expression_atlas"": 0.028211022038513542}",unknown,0,[]
ENSG00000173212,MAB21L3,0,0.028207934325326273,"{""expression_atlas"": 0.028207934325326273}",unknown,0,[]
ENSG00000187091,PLCD1,0,0.028207934325326273,"{""expression_atlas"": 0.028207934325326273}",unknown,0,[]
ENSG00000207624,MIR194-1,0,0.028207786801042897,"{""expression_atlas"": 0.028207786801042897}",unknown,0,[]
ENSG00000163635,ATXN7,0,0.028202232841647846,"{""expression_atlas"": 0.028202232841647846}",unknown,0,[]
ENSG00000066735,KIF26A,0,0.02817158461074433,"{""expression_atlas"": 0.02817158461074433}",unknown,0,[]
ENSG00000250264,ENSG00000250264,0,0.028163964713296387,"{""expression_atlas"": 0.028163964713296387}",unknown,0,[]
ENSG00000266554,LINC01443,0,0.02815049556250805,"{""expression_atlas"": 0.02815049556250805}",unknown,0,[]
ENSG00000226899,ENSG00000226899,0,0.028142234540806263,"{""expression_atlas"": 0.028142234540806263}",unknown,0,[]
ENSG00000158481,CD1C,0,0.010130338890000963,"{""expression_atlas"": 0.010130338890000963}",unknown,0,[]
ENSG00000165186,PTCHD1,0,0.0281012293936453,"{""expression_atlas"": 0.0281012293936453}",unknown,0,[]
ENSG00000278592,ENSG00000278592,0,0.028087655667067023,"{""expression_atlas"": 0.028087655667067023}",unknown,0,[]
ENSG00000138772,ANXA3,0,0.028072336884905406,"{""expression_atlas"": 0.028072336884905406}",unknown,0,[]
ENSG00000105971,CAV2,0,0.023510220121585247,"{""expression_atlas"": 0.023510220121585247}",unknown,0,[]
ENSG00000144648,ACKR2,0,0.02803540279373088,"{""expression_atlas"": 0.02803540279373088}",unknown,0,[]
ENSG00000243766,HOTTIP,0,0.028031705611916306,"{""expression_atlas"": 0.028031705611916306}",unknown,0,[]
ENSG00000278771,RN7SL3,0,0.027979804380412015,"{""expression_atlas"": 0.027979804380412015}",unknown,0,[]
ENSG00000232043,ENSG00000232043,0,0.027958198568940138,"{""expression_atlas"": 0.027958198568940138}",unknown,0,[]
ENSG00000250328,SNCAIP-AS3,0,0.027911062913487966,"{""expression_atlas"": 0.027911062913487966}",unknown,0,[]
ENSG00000258471,ENSG00000258471,0,0.027873240229319772,"{""expression_atlas"": 0.027873240229319772}",unknown,0,[]
ENSG00000255260,ENSG00000255260,0,0.027811757225668785,"{""expression_atlas"": 0.027811757225668785}",unknown,0,[]
ENSG00000259124,ENSG00000259124,0,0.027805205680408288,"{""expression_atlas"": 0.027805205680408288}",unknown,0,[]
ENSG00000279232,ENSG00000279232,0,0.027776404758223364,"{""expression_atlas"": 0.027776404758223364}",unknown,0,[]
ENSG00000152380,FAM151B,0,0.02776146905121993,"{""expression_atlas"": 0.02776146905121993}",unknown,0,[]
ENSG00000258199,ENSG00000258199,0,0.027735049591101554,"{""expression_atlas"": 0.027735049591101554}",unknown,0,[]
ENSG00000259905,PWRN1,0,0.027734703241497172,"{""expression_atlas"": 0.027734703241497172}",unknown,0,[]
ENSG00000075643,MOCOS,0,0.027713020971501058,"{""expression_atlas"": 0.027713020971501058}",unknown,0,[]
ENSG00000116962,NID1,0,0.027627579374030257,"{""expression_atlas"": 0.027627579374030257}",unknown,0,[]
ENSG00000106304,SPAM1,0,0.02761131046436281,"{""expression_atlas"": 0.02761131046436281}",unknown,0,[]
ENSG00000171617,ENC1,0,0.027605161103701016,"{""expression_atlas"": 0.027605161103701016}",unknown,0,[]
ENSG00000185000,DGAT1,0,0.027541888518193232,"{""expression_atlas"": 0.027541888518193232}",unknown,0,[]
ENSG00000284977,ENSG00000284977,0,0.027534556000428843,"{""expression_atlas"": 0.027534556000428843}",unknown,0,[]
ENSG00000168556,ING2,0,0.012800653752171787,"{""expression_atlas"": 0.012800653752171787}",unknown,0,[]
ENSG00000259706,HSP90B2P,0,0,{},unknown,0,[]
ENSG00000158525,CPA5,0,0.027364245816869772,"{""expression_atlas"": 0.027364245816869772}",unknown,0,[]
ENSG00000197694,SPTAN1,0,0,{},unknown,0,[]
ENSG00000119383,PTPA,0,0,{},unknown,0,[]
ENSG00000166311,SMPD1,0,0,{},unknown,0,[]
ENSG00000076604,TRAF4,0,0,{},unknown,0,[]
ENSG00000185104,FAF1,0,0,{},unknown,0,[]
ENSG00000139832,RAB20,0,0,{},unknown,0,[]
ENSG00000171476,HOPX,0,0.027355528663046032,"{""expression_atlas"": 0.027355528663046032}",unknown,0,[]
ENSG00000169258,GPRIN1,0,0.027334958342110235,"{""expression_atlas"": 0.027334958342110235}",unknown,0,[]
ENSG00000126733,DACH2,0,0.027333346953656478,"{""expression_atlas"": 0.027333346953656478}",unknown,0,[]
ENSG00000250978,ENSG00000250978,0,0.027331799733207304,"{""expression_atlas"": 0.027331799733207304}",unknown,0,[]
ENSG00000225421,ENSG00000225421,0,0.027322214136011966,"{""expression_atlas"": 0.027322214136011966}",unknown,0,[]
ENSG00000117281,CD160,0,0.011991145651116543,"{""expression_atlas"": 0.011991145651116543}",unknown,0,[]
ENSG00000183615,FAM167B,0,0.027282794690668608,"{""expression_atlas"": 0.027282794690668608}",unknown,0,[]
ENSG00000078579,FGF20,0,0.027281416807303165,"{""expression_atlas"": 0.027281416807303165}",unknown,0,[]
ENSG00000197971,MBP,0,0,{},unknown,0,[]
ENSG00000105559,PLEKHA4,0,0.027276656519586717,"{""expression_atlas"": 0.027276656519586717}",unknown,0,[]
ENSG00000152583,SPARCL1,0,0.027249315229890606,"{""expression_atlas"": 0.027249315229890606}",unknown,0,[]
ENSG00000004776,HSPB6,0,0.02723979681075289,"{""expression_atlas"": 0.02723979681075289}",unknown,0,[]
ENSG00000120254,MTHFD1L,0,0.027204120421768653,"{""expression_atlas"": 0.027204120421768653}",unknown,0,[]
ENSG00000236543,ENSG00000236543,0,0,{},unknown,0,[]
ENSG00000249388,LINC03234,0,0.027185406227565358,"{""expression_atlas"": 0.027185406227565358}",unknown,0,[]
ENSG00000200052,Y_RNA,0,0.027161768088283345,"{""expression_atlas"": 0.027161768088283345}",unknown,0,[]
ENSG00000105379,ETFB,0,0.027101901810126755,"{""expression_atlas"": 0.027101901810126755}",unknown,0,[]
ENSG00000040731,CDH10,0,0.02709857390276567,"{""expression_atlas"": 0.02709857390276567}",unknown,0,[]
ENSG00000254288,ENSG00000254288,0,0.027057252539983184,"{""expression_atlas"": 0.027057252539983184}",unknown,0,[]
ENSG00000231150,DNAH8-AS1,0,0.027057252539983184,"{""expression_atlas"": 0.027057252539983184}",unknown,0,[]
ENSG00000115841,RMDN2,0,0.027004805384765736,"{""expression_atlas"": 0.027004805384765736}",unknown,0,[]
ENSG00000011201,ANOS1,0,0.026957175227282814,"{""expression_atlas"": 0.026957175227282814}",unknown,0,[]
ENSG00000242593,ENSG00000242593,0,0.026951627692904823,"{""expression_atlas"": 0.026951627692904823}",unknown,0,[]
ENSG00000252822,Y_RNA,0,0.026883673312561664,"{""expression_atlas"": 0.026883673312561664}",unknown,0,[]
ENSG00000236334,PPIAL4G,0,0.026877314114300447,"{""expression_atlas"": 0.026877314114300447}",unknown,0,[]
ENSG00000197757,HOXC6,0,0.026848761040621418,"{""expression_atlas"": 0.026848761040621418}",unknown,0,[]
ENSG00000164116,GUCY1A1,0,0.026830306920734504,"{""expression_atlas"": 0.026830306920734504}",unknown,0,"[""CHEMBL1200689"", ""CHEMBL1311"", ""CHEMBL191083"", ""CHEMBL2097081"", ""CHEMBL2107834"", ""CHEMBL4066936"", ""CHEMBL6622"", ""CHEMBL730""]"
ENSG00000253764,KBTBD11-AS1,0,0.026810304703966052,"{""expression_atlas"": 0.026810304703966052}",unknown,0,[]
ENSG00000218357,LINC01644,0,0.026799384073130664,"{""expression_atlas"": 0.026799384073130664}",unknown,0,[]
ENSG00000214860,EVPLL,0,0.02676632557148984,"{""expression_atlas"": 0.02676632557148984}",unknown,0,[]
ENSG00000101336,HCK,0,0.026764462491785015,"{""expression_atlas"": 0.026764462491785015}",unknown,0,"[""CHEMBL1421"", ""CHEMBL288441""]"
ENSG00000216490,IFI30,0,0.02366357839480641,"{""expression_atlas"": 0.02366357839480641}",unknown,0,[]
ENSG00000121053,EPX,0,0,{},unknown,0,[]
ENSG00000256943,GALNT9-AS1,0,0.02669030815710777,"{""expression_atlas"": 0.02669030815710777}",unknown,0,[]
ENSG00000104522,GFUS,0,0.009460532278616074,"{""expression_atlas"": 0.009460532278616074}",unknown,0,[]
ENSG00000136144,RCBTB1,0,0.026599893242779272,"{""expression_atlas"": 0.026599893242779272}",unknown,0,[]
ENSG00000185028,LRRC14B,0,0.02658851248836349,"{""expression_atlas"": 0.02658851248836349}",unknown,0,[]
ENSG00000142347,MYO1F,0,0.023515238984395618,"{""expression_atlas"": 0.023515238984395618}",unknown,0,[]
ENSG00000223400,ENSG00000223400,0,0.026523750953248833,"{""expression_atlas"": 0.026523750953248833}",unknown,0,[]
ENSG00000278058,ENSG00000278058,0,0.026501404981070762,"{""expression_atlas"": 0.026501404981070762}",unknown,0,[]
ENSG00000173706,HEG1,0,0.026500242718582586,"{""expression_atlas"": 0.026500242718582586}",unknown,0,[]
ENSG00000283674,ENSG00000283674,0,0.026498869411516718,"{""expression_atlas"": 0.026498869411516718}",unknown,0,[]
ENSG00000158769,F11R,0,0,{},unknown,0,[]
ENSG00000077232,DNAJC10,0,0.02643983901955065,"{""expression_atlas"": 0.02643983901955065}",unknown,0,[]
ENSG00000279285,ENSG00000279285,0,0.02643438263596999,"{""expression_atlas"": 0.02643438263596999}",unknown,0,[]
ENSG00000022567,SLC45A4,0,0.026368698597027403,"{""expression_atlas"": 0.026368698597027403}",unknown,0,[]
ENSG00000255921,BCAT1-DT,0,0.026317175717485403,"{""expression_atlas"": 0.026317175717485403}",unknown,0,[]
ENSG00000139508,SLC46A3,0,0.02619707515891015,"{""expression_atlas"": 0.02619707515891015}",unknown,0,[]
ENSG00000059377,TBXAS1,0,0.026185251851190673,"{""expression_atlas"": 0.026185251851190673}",unknown,0,"[""CHEMBL11662"", ""CHEMBL1257015""]"
ENSG00000154277,UCHL1,0,0.013299440389875126,"{""expression_atlas"": 0.013299440389875126}",unknown,0,[]
ENSG00000265554,ENSG00000265554,0,0.02611544983455251,"{""expression_atlas"": 0.02611544983455251}",unknown,0,[]
ENSG00000147443,DOK2,0,0.01930791313345182,"{""expression_atlas"": 0.01930791313345182}",unknown,0,[]
ENSG00000183762,KREMEN1,0,0.026088725619122257,"{""expression_atlas"": 0.026088725619122257}",unknown,0,[]
ENSG00000169919,GUSB,0,0,{},unknown,0,[]
ENSG00000119729,RHOQ,0,0.026040749885596147,"{""expression_atlas"": 0.026040749885596147}",unknown,0,[]
ENSG00000233896,PDYN-AS1,0,0.026024618473869103,"{""expression_atlas"": 0.026024618473869103}",unknown,0,[]
ENSG00000241794,SPRR2A,0,0,{},unknown,0,[]
ENSG00000167531,LALBA,0,0,{},unknown,0,[]
ENSG00000255248,MIR100HG,0,0.02590291252213006,"{""expression_atlas"": 0.02590291252213006}",unknown,0,[]
ENSG00000214050,FBXO16,0,0.025889402036014843,"{""expression_atlas"": 0.025889402036014843}",unknown,0,[]
ENSG00000117009,KMO,0,0.025877950984758456,"{""expression_atlas"": 0.025877950984758456}",unknown,0,[]
ENSG00000157766,ACAN,0,0.025866448236473348,"{""expression_atlas"": 0.025866448236473348}",unknown,0,[]
ENSG00000271811,ENSG00000271811,0,0.0258620187467257,"{""expression_atlas"": 0.0258620187467257}",unknown,0,[]
ENSG00000012171,SEMA3B,0,0.02584793677265362,"{""expression_atlas"": 0.02584793677265362}",unknown,0,[]
ENSG00000122367,LDB3,0,0.025835098568997145,"{""expression_atlas"": 0.025835098568997145}",unknown,0,[]
ENSG00000171873,ADRA1D,0,0.025814812794334265,"{""expression_atlas"": 0.025814812794334265}",unknown,0,"[""CHEMBL1201212"", ""CHEMBL1201234"", ""CHEMBL1201262"", ""CHEMBL1201319"", ""CHEMBL1201454"", ""CHEMBL1215"", ""CHEMBL1266"", ""CHEMBL142635"", ""CHEMBL1437"", ""CHEMBL1546"", ""CHEMBL2"", ""CHEMBL2103827"", ""CHEMBL211456"", ""CHEMBL2364968"", ""CHEMBL312448"", ""CHEMBL3559672"", ""CHEMBL429"", ""CHEMBL524"", ""CHEMBL597"", ""CHEMBL611"", ""CHEMBL644"", ""CHEMBL679"", ""CHEMBL707"", ""CHEMBL709"", ""CHEMBL723"", ""CHEMBL753"", ""CHEMBL761"", ""CHEMBL762"", ""CHEMBL770"", ""CHEMBL836""]"
ENSG00000165379,LRFN5,0,0.025806563989591427,"{""expression_atlas"": 0.025806563989591427}",unknown,0,[]
ENSG00000143119,CD53,0,0.025804541166314456,"{""expression_atlas"": 0.025804541166314456}",unknown,0,[]
ENSG00000105383,CD33,0,0.018094648904836703,"{""expression_atlas"": 0.018094648904836703}",unknown,0,[]
ENSG00000172935,MRGPRF,0,0.025781843887989715,"{""expression_atlas"": 0.025781843887989715}",unknown,0,[]
ENSG00000111912,NCOA7,0,0.025727345408842504,"{""expression_atlas"": 0.025727345408842504}",unknown,0,[]
ENSG00000215910,C1orf167,0,0.025690600756898583,"{""expression_atlas"": 0.025690600756898583}",unknown,0,[]
ENSG00000167703,SLC43A2,0,0.02568954597189403,"{""expression_atlas"": 0.02568954597189403}",unknown,0,[]
ENSG00000064666,CNN2,0,0.025677987755999363,"{""expression_atlas"": 0.025677987755999363}",unknown,0,[]
ENSG00000254499,ENSG00000254499,0,0.02567599984860755,"{""expression_atlas"": 0.02567599984860755}",unknown,0,[]
ENSG00000137571,SLCO5A1,0,0.025659462204419635,"{""expression_atlas"": 0.025659462204419635}",unknown,0,[]
ENSG00000285752,CDC42-AS1,0,0.025648781139041166,"{""expression_atlas"": 0.025648781139041166}",unknown,0,[]
ENSG00000232869,TRBV29-1,0,0.025638495436566867,"{""expression_atlas"": 0.025638495436566867}",unknown,0,[]
ENSG00000130176,CNN1,0,0.025638167559813345,"{""expression_atlas"": 0.025638167559813345}",unknown,0,[]
ENSG00000279660,ENSG00000279660,0,0.025626480816967372,"{""expression_atlas"": 0.025626480816967372}",unknown,0,[]
ENSG00000179388,EGR3,0,0.025620857180485856,"{""expression_atlas"": 0.025620857180485856}",unknown,0,[]
ENSG00000143549,TPM3,0,0,{},unknown,0,[]
ENSG00000198408,OGA,0,0,{},unknown,0,[]
ENSG00000076258,FMO4,0,0.025577366203641625,"{""expression_atlas"": 0.025577366203641625}",unknown,0,[]
ENSG00000170426,SDR9C7,0,0.025553176276903903,"{""expression_atlas"": 0.025553176276903903}",unknown,0,[]
ENSG00000189077,TMEM120A,0,0.02555202551601265,"{""expression_atlas"": 0.02555202551601265}",unknown,0,[]
ENSG00000168615,ADAM9,0,0.025544821666958876,"{""expression_atlas"": 0.025544821666958876}",unknown,0,[]
ENSG00000134851,TMEM165,0,0.025503862895408114,"{""expression_atlas"": 0.025503862895408114}",unknown,0,[]
ENSG00000178719,GRINA,0,0.025436684206569953,"{""expression_atlas"": 0.025436684206569953}",unknown,0,[]
ENSG00000109099,PMP22,0,0.02540812924676274,"{""expression_atlas"": 0.02540812924676274}",unknown,0,[]
ENSG00000135862,LAMC1,0,0.02539203170907374,"{""expression_atlas"": 0.02539203170907374}",unknown,0,"[""CHEMBL2095222""]"
ENSG00000111110,PPM1H,0,0.025389811124843047,"{""expression_atlas"": 0.025389811124843047}",unknown,0,[]
ENSG00000174307,PHLDA3,0,0.025389143802040194,"{""expression_atlas"": 0.025389143802040194}",unknown,0,[]
ENSG00000163568,AIM2,0,0.025363597966492908,"{""expression_atlas"": 0.025363597966492908}",unknown,0,[]
ENSG00000131400,NAPSA,0,0.02532902747504473,"{""expression_atlas"": 0.02532902747504473}",unknown,0,[]
ENSG00000226179,LINC00685,0,0.025317978576715805,"{""expression_atlas"": 0.025317978576715805}",unknown,0,[]
ENSG00000225057,ENSG00000225057,0,0.025272714667971184,"{""expression_atlas"": 0.025272714667971184}",unknown,0,[]
ENSG00000260677,ENSG00000260677,0,0.025272714667971184,"{""expression_atlas"": 0.025272714667971184}",unknown,0,[]
ENSG00000142235,LMTK3,0,0.0207033709844193,"{""expression_atlas"": 0.0207033709844193}",unknown,0,[]
ENSG00000161944,ASGR2,0,0.025243562689100704,"{""expression_atlas"": 0.025243562689100704}",unknown,0,[]
ENSG00000152778,IFIT5,0,0.025239935965130595,"{""expression_atlas"": 0.025239935965130595}",unknown,0,[]
ENSG00000183918,SH2D1A,0,0.025230551045030487,"{""expression_atlas"": 0.025230551045030487}",unknown,0,[]
ENSG00000151883,PARP8,0,0.025224294091712417,"{""expression_atlas"": 0.025224294091712417}",unknown,0,[]
ENSG00000231105,ECE1-AS1,0,0.025205298198086767,"{""expression_atlas"": 0.025205298198086767}",unknown,0,[]
ENSG00000175189,INHBC,0,0.02519142032231594,"{""expression_atlas"": 0.02519142032231594}",unknown,0,[]
ENSG00000230838,LINC01614,0,0.025169597125328895,"{""expression_atlas"": 0.025169597125328895}",unknown,0,[]
ENSG00000172716,SLFN11,0,0.02514549084124599,"{""expression_atlas"": 0.02514549084124599}",unknown,0,[]
ENSG00000036672,USP2,0,0.025131295455229897,"{""expression_atlas"": 0.025131295455229897}",unknown,0,[]
ENSG00000276778,LINC02227,0,0.025102034907283906,"{""expression_atlas"": 0.025102034907283906}",unknown,0,[]
ENSG00000197261,C6orf141,0,0.02509623132358177,"{""expression_atlas"": 0.02509623132358177}",unknown,0,[]
ENSG00000133574,GIMAP4,0,0.025059074725140015,"{""expression_atlas"": 0.025059074725140015}",unknown,0,[]
ENSG00000141756,FKBP10,0,0.025051527111368994,"{""expression_atlas"": 0.025051527111368994}",unknown,0,[]
ENSG00000147454,SLC25A37,0,0.025039143737354497,"{""expression_atlas"": 0.025039143737354497}",unknown,0,[]
ENSG00000122386,ZNF205,0,0.025024269356617185,"{""expression_atlas"": 0.025024269356617185}",unknown,0,[]
ENSG00000267780,ENSG00000267780,0,0.02498638786968681,"{""expression_atlas"": 0.02498638786968681}",unknown,0,[]
ENSG00000048540,LMO3,0,0.024974536860007942,"{""expression_atlas"": 0.024974536860007942}",unknown,0,[]
ENSG00000104213,PDGFRL,0,0.024935943182388735,"{""expression_atlas"": 0.024935943182388735}",unknown,0,[]
ENSG00000228655,ENSG00000228655,0,0.024928991075576324,"{""expression_atlas"": 0.024928991075576324}",unknown,0,[]
ENSG00000283154,IQCJ-SCHIP1,0,0.024922940429121323,"{""expression_atlas"": 0.024922940429121323}",unknown,0,[]
ENSG00000064989,CALCRL,0,0.024908950243651362,"{""expression_atlas"": 0.024908950243651362}",unknown,0,"[""CHEMBL2178422"", ""CHEMBL2364638"", ""CHEMBL2397415"", ""CHEMBL3833329"", ""CHEMBL3991065""]"
ENSG00000140943,MBTPS1,0,0,{},unknown,0,[]
ENSG00000025434,NR1H3,0,0.024866184915869373,"{""expression_atlas"": 0.024866184915869373}",unknown,0,[]
ENSG00000240771,ARHGEF25,0,0.024854892639897944,"{""expression_atlas"": 0.024854892639897944}",unknown,0,[]
ENSG00000114349,GNAT1,0,0.024837628578680025,"{""expression_atlas"": 0.024837628578680025}",unknown,0,[]
ENSG00000136110,CNMD,0,0.024830608242181727,"{""expression_atlas"": 0.024830608242181727}",unknown,0,[]
ENSG00000106804,C5,0,0,{},unknown,0,"[""CHEMBL1201828"", ""CHEMBL3989986"", ""CHEMBL4297889"", ""CHEMBL4298086"", ""CHEMBL4594316"", ""CHEMBL5315048""]"
ENSG00000223609,HBD,0,0,{},unknown,0,[]
ENSG00000116044,NFE2L2,0,0,{},unknown,0,"[""CHEMBL4303525""]"
ENSG00000035862,TIMP2,0,0,{},unknown,0,[]
ENSG00000196136,SERPINA3,0,0,{},unknown,0,[]
ENSG00000196411,EPHB4,0,0,{},unknown,0,"[""CHEMBL24828""]"
ENSG00000196923,PDLIM7,0,0,{},unknown,0,[]
ENSG00000238057,ZEB2-AS1,0,0.024766094485687964,"{""expression_atlas"": 0.024766094485687964}",unknown,0,[]
ENSG00000176472,ZNF575,0,0.024727559159575214,"{""expression_atlas"": 0.024727559159575214}",unknown,0,[]
ENSG00000172264,MACROD2,0,0.024716261253094736,"{""expression_atlas"": 0.024716261253094736}",unknown,0,[]
ENSG00000163762,TM4SF18,0,0.02471026430107493,"{""expression_atlas"": 0.02471026430107493}",unknown,0,[]
ENSG00000143753,DEGS1,0,0.024705576483260352,"{""expression_atlas"": 0.024705576483260352}",unknown,0,[]
ENSG00000138696,BMPR1B,0,0.024692411577541335,"{""expression_atlas"": 0.024692411577541335}",unknown,0,"[""CHEMBL2108594"", ""CHEMBL2109171""]"
ENSG00000153363,LINC00467,0,0.024684439347592096,"{""expression_atlas"": 0.024684439347592096}",unknown,0,[]
ENSG00000235872,ENSG00000235872,0,0.02467209046023865,"{""expression_atlas"": 0.02467209046023865}",unknown,0,[]
ENSG00000139117,CPNE8,0,0.024660059917984728,"{""expression_atlas"": 0.024660059917984728}",unknown,0,[]
ENSG00000158485,CD1B,0,0.021573940393139056,"{""expression_atlas"": 0.021573940393139056}",unknown,0,[]
ENSG00000231826,LINC01819,0,0.024611637147778555,"{""expression_atlas"": 0.024611637147778555}",unknown,0,[]
ENSG00000171227,TMEM37,0,0.021550355516432848,"{""expression_atlas"": 0.021550355516432848}",unknown,0,[]
ENSG00000107165,TYRP1,0,0.024566207152965102,"{""expression_atlas"": 0.024566207152965102}",unknown,0,[]
ENSG00000171819,ANGPTL7,0,0.02456493322006394,"{""expression_atlas"": 0.02456493322006394}",unknown,0,[]
ENSG00000132972,RNF17,0,0.024557163912315487,"{""expression_atlas"": 0.024557163912315487}",unknown,0,[]
ENSG00000135842,NIBAN1,0,0.02454779904570605,"{""expression_atlas"": 0.02454779904570605}",unknown,0,[]
ENSG00000065911,MTHFD2,0,0.021488046925968306,"{""expression_atlas"": 0.021488046925968306}",unknown,0,[]
ENSG00000141574,SECTM1,0,0.024524682713991504,"{""expression_atlas"": 0.024524682713991504}",unknown,0,[]
ENSG00000006740,ARHGAP44,0,0.024455261354171247,"{""expression_atlas"": 0.024455261354171247}",unknown,0,[]
ENSG00000204929,LINC02934,0,0.02444799050939705,"{""expression_atlas"": 0.02444799050939705}",unknown,0,[]
ENSG00000138795,LEF1,0,0.02442524004602076,"{""expression_atlas"": 0.02442524004602076}",unknown,0,[]
ENSG00000086061,DNAJA1,0,0.024331934540133555,"{""expression_atlas"": 0.024331934540133555}",unknown,0,[]
ENSG00000070915,SLC12A3,0,0,{},unknown,0,"[""CHEMBL1054"", ""CHEMBL1055"", ""CHEMBL1201039"", ""CHEMBL1532"", ""CHEMBL1577"", ""CHEMBL1587"", ""CHEMBL1684"", ""CHEMBL1763"", ""CHEMBL406"", ""CHEMBL435"", ""CHEMBL61593"", ""CHEMBL842"", ""CHEMBL878""]"
ENSG00000063176,SPHK2,0,0,{},unknown,0,[]
ENSG00000128917,DLL4,0,0,{},unknown,0,[]
ENSG00000135870,RC3H1,0,0,{},unknown,0,[]
ENSG00000174292,TNK1,0,0,{},unknown,0,[]
ENSG00000086991,NOX4,0,0,{},unknown,0,[]
ENSG00000160703,NLRX1,0,0,{},unknown,0,[]
ENSG00000103769,RAB11A,0,0,{},unknown,0,[]
ENSG00000198160,MIER1,0,0,{},unknown,0,[]
ENSG00000115107,STEAP3,0,0,{},unknown,0,[]
ENSG00000177257,DEFB4B,0,0,{},unknown,0,[]
ENSG00000176945,MUC20,0,0,{},unknown,0,[]
ENSG00000136485,DCAF7,0,0,{},unknown,0,[]
ENSG00000173473,SMARCC1,0,0,{},unknown,0,[]
ENSG00000053918,KCNQ1,0,0,{},unknown,0,"[""CHEMBL284348"", ""CHEMBL354077"", ""CHEMBL41355"", ""CHEMBL821""]"
ENSG00000177694,NAALADL2,0,0,{},unknown,0,[]
ENSG00000166482,MFAP4,0,0,{},unknown,0,[]
ENSG00000124212,PTGIS,0,0,{},unknown,0,[]
ENSG00000166181,API5,0,0,{},unknown,0,[]
ENSG00000011566,MAP4K3,0,0,{},unknown,0,[]
ENSG00000284353,MIR142,0,0,{},unknown,0,[]
ENSG00000186081,KRT5,0,0,{},unknown,0,[]
ENSG00000104938,CLEC4M,0,0,{},unknown,0,[]
ENSG00000083896,YTHDC1,0,0,{},unknown,0,[]
ENSG00000169469,SPRR1B,0,0.02431535395901138,"{""expression_atlas"": 0.02431535395901138}",unknown,0,[]
ENSG00000118733,OLFM3,0,0.024267916667453177,"{""expression_atlas"": 0.024267916667453177}",unknown,0,[]
ENSG00000239205,LINC02023,0,0.024265952567080452,"{""expression_atlas"": 0.024265952567080452}",unknown,0,[]
ENSG00000231170,PDK4-AS1,0,0.024235995913319545,"{""expression_atlas"": 0.024235995913319545}",unknown,0,[]
ENSG00000162817,C1orf115,0,0.024228448207651715,"{""expression_atlas"": 0.024228448207651715}",unknown,0,[]
ENSG00000168280,KIF5C,0,0.024216097337743773,"{""expression_atlas"": 0.024216097337743773}",unknown,0,[]
ENSG00000265121,ENSG00000265121,0,0.024211752046588843,"{""expression_atlas"": 0.024211752046588843}",unknown,0,[]
ENSG00000237125,HAND2-AS1,0,0.024190640811914573,"{""expression_atlas"": 0.024190640811914573}",unknown,0,[]
ENSG00000133313,CNDP2,0,0.024179104730600007,"{""expression_atlas"": 0.024179104730600007}",unknown,0,[]
ENSG00000166483,WEE1,0,0,{},unknown,0,[]
ENSG00000130592,LSP1,0,0,{},unknown,0,[]
ENSG00000114737,CISH,0,0,{},unknown,0,[]
ENSG00000090534,THPO,0,0,{},unknown,0,[]
ENSG00000038002,AGA,0,0,{},unknown,0,[]
ENSG00000178860,MSC,0,0.024147948614758188,"{""expression_atlas"": 0.024147948614758188}",unknown,0,[]
ENSG00000123643,SLC36A1,0,0.024142918345431308,"{""expression_atlas"": 0.024142918345431308}",unknown,0,[]
ENSG00000103222,ABCC1,0,0.011409714553007719,"{""expression_atlas"": 0.011409714553007719}",unknown,0,[]
ENSG00000128656,CHN1,0,0.02410362591951365,"{""expression_atlas"": 0.02410362591951365}",unknown,0,[]
ENSG00000129595,EPB41L4A,0,0.02410002380805744,"{""expression_atlas"": 0.02410002380805744}",unknown,0,[]
ENSG00000251039,IGKV2D-40,0,0.024097247959473198,"{""expression_atlas"": 0.024097247959473198}",unknown,0,[]
ENSG00000089327,FXYD5,0,0.02409418423041337,"{""expression_atlas"": 0.02409418423041337}",unknown,0,[]
ENSG00000281181,ENSG00000281181,0,0.02408190057149746,"{""expression_atlas"": 0.02408190057149746}",unknown,0,[]
ENSG00000188993,LRRC66,0,0.024048509902661025,"{""expression_atlas"": 0.024048509902661025}",unknown,0,[]
ENSG00000125148,MT2A,0,0.02024620442090876,"{""expression_atlas"": 0.02024620442090876}",unknown,0,[]
ENSG00000042980,ADAM28,0,0.024044892099806127,"{""expression_atlas"": 0.024044892099806127}",unknown,0,[]
ENSG00000158246,TENT5B,0,0.024022043080453092,"{""expression_atlas"": 0.024022043080453092}",unknown,0,[]
ENSG00000198133,TMEM229B,0,0.024012467665668506,"{""expression_atlas"": 0.024012467665668506}",unknown,0,[]
ENSG00000122136,OBP2A,0,0.02398940855691953,"{""expression_atlas"": 0.02398940855691953}",unknown,0,[]
ENSG00000175602,CCDC85B,0,0.023988463936459904,"{""expression_atlas"": 0.023988463936459904}",unknown,0,[]
ENSG00000254231,WWP1-AS1,0,0.02398838811572668,"{""expression_atlas"": 0.02398838811572668}",unknown,0,[]
ENSG00000183018,SPNS2,0,0.023986667450449743,"{""expression_atlas"": 0.023986667450449743}",unknown,0,[]
ENSG00000215156,ENSG00000215156,0,0.02398189520239317,"{""expression_atlas"": 0.02398189520239317}",unknown,0,[]
ENSG00000204475,NCR3,0,0.01080196592032807,"{""expression_atlas"": 0.01080196592032807}",unknown,0,[]
ENSG00000229331,GK-IT1,0,0.023972515103803056,"{""expression_atlas"": 0.023972515103803056}",unknown,0,[]
ENSG00000119922,IFIT2,0,0.023936965408155122,"{""expression_atlas"": 0.023936965408155122}",unknown,0,[]
ENSG00000166289,PLEKHF1,0,0.02391527174988243,"{""expression_atlas"": 0.02391527174988243}",unknown,0,[]
ENSG00000120156,TEK,0,0.019349376004753276,"{""expression_atlas"": 0.019349376004753276}",unknown,0,"[""CHEMBL1946170"", ""CHEMBL24828""]"
ENSG00000276644,DACH1,0,0.023897503873353276,"{""expression_atlas"": 0.023897503873353276}",unknown,0,[]
ENSG00000100852,ARHGAP5,0,0.023895015299443725,"{""expression_atlas"": 0.023895015299443725}",unknown,0,[]
ENSG00000266268,ENSG00000266268,0,0.023887227860158754,"{""expression_atlas"": 0.023887227860158754}",unknown,0,[]
ENSG00000265356,ENSG00000265356,0,0.02388626205528632,"{""expression_atlas"": 0.02388626205528632}",unknown,0,[]
ENSG00000106511,MEOX2,0,0.023884550485817824,"{""expression_atlas"": 0.023884550485817824}",unknown,0,[]
ENSG00000065371,ROPN1,0,0.02385780823973934,"{""expression_atlas"": 0.02385780823973934}",unknown,0,[]
ENSG00000253430,ENSG00000253430,0,0.023803605369047572,"{""expression_atlas"": 0.023803605369047572}",unknown,0,[]
ENSG00000061918,GUCY1B1,0,0.02378710715980335,"{""expression_atlas"": 0.02378710715980335}",unknown,0,"[""CHEMBL1200689"", ""CHEMBL1311"", ""CHEMBL191083"", ""CHEMBL2097081"", ""CHEMBL2107834"", ""CHEMBL4066936"", ""CHEMBL6622"", ""CHEMBL730""]"
ENSG00000171992,SYNPO,0,0.02378054020661767,"{""expression_atlas"": 0.02378054020661767}",unknown,0,[]
ENSG00000166922,SCG5,0,0.023710301591461376,"{""expression_atlas"": 0.023710301591461376}",unknown,0,[]
ENSG00000165071,TMEM71,0,0.02369850206701033,"{""expression_atlas"": 0.02369850206701033}",unknown,0,[]
ENSG00000164176,EDIL3,0,0.023662439967309934,"{""expression_atlas"": 0.023662439967309934}",unknown,0,[]
ENSG00000143297,FCRL5,0,0.023614224022587022,"{""expression_atlas"": 0.023614224022587022}",unknown,0,[]
ENSG00000146352,CLVS2,0,0.02358608464757707,"{""expression_atlas"": 0.02358608464757707}",unknown,0,[]
ENSG00000013016,EHD3,0,0.023552341072425865,"{""expression_atlas"": 0.023552341072425865}",unknown,0,[]
ENSG00000180354,MTURN,0,0.02354160592434892,"{""expression_atlas"": 0.02354160592434892}",unknown,0,[]
ENSG00000172986,GXYLT2,0,0.023529618820716074,"{""expression_atlas"": 0.023529618820716074}",unknown,0,[]
ENSG00000150457,LATS2,0,0.02351900977624444,"{""expression_atlas"": 0.02351900977624444}",unknown,0,[]
ENSG00000284976,ENSG00000284976,0,0.02348529455953066,"{""expression_atlas"": 0.02348529455953066}",unknown,0,[]
ENSG00000176788,BASP1,0,0.02347348116326625,"{""expression_atlas"": 0.02347348116326625}",unknown,0,[]
ENSG00000064042,LIMCH1,0,0.02344645239947417,"{""expression_atlas"": 0.02344645239947417}",unknown,0,[]
ENSG00000211688,TRGJP2,0,0.023443240889444272,"{""expression_atlas"": 0.023443240889444272}",unknown,0,[]
ENSG00000251194,ENSG00000251194,0,0.023434910994884407,"{""expression_atlas"": 0.023434910994884407}",unknown,0,[]
ENSG00000198523,PLN,0,0.023420485068977478,"{""expression_atlas"": 0.023420485068977478}",unknown,0,[]
ENSG00000274719,ENSG00000274719,0,0.023400572738998645,"{""expression_atlas"": 0.023400572738998645}",unknown,0,[]
ENSG00000149177,PTPRJ,0,0,{},unknown,0,[]
ENSG00000171503,ETFDH,0,0.023387827644912297,"{""expression_atlas"": 0.023387827644912297}",unknown,0,[]
ENSG00000124225,PMEPA1,0,0.023368899415988454,"{""expression_atlas"": 0.023368899415988454}",unknown,0,[]
ENSG00000259605,ENSG00000259605,0,0.023345180306837698,"{""expression_atlas"": 0.023345180306837698}",unknown,0,[]
ENSG00000229152,ANKRD10-IT1,0,0.023342753019757613,"{""expression_atlas"": 0.023342753019757613}",unknown,0,[]
ENSG00000163923,RPL39L,0,0.023340454457615022,"{""expression_atlas"": 0.023340454457615022}",unknown,0,[]
ENSG00000068650,ATP11A,0,0.023305707429146328,"{""expression_atlas"": 0.023305707429146328}",unknown,0,[]
ENSG00000059915,PSD,0,0.02329367084048922,"{""expression_atlas"": 0.02329367084048922}",unknown,0,[]
ENSG00000116711,PLA2G4A,0,0.023282350008480408,"{""expression_atlas"": 0.023282350008480408}",unknown,0,[]
ENSG00000185565,LSAMP,0,0.02322761037618121,"{""expression_atlas"": 0.02322761037618121}",unknown,0,[]
ENSG00000224387,ENSG00000224387,0,0.02322597042986746,"{""expression_atlas"": 0.02322597042986746}",unknown,0,[]
ENSG00000177706,FAM20C,0,0.023222392408449907,"{""expression_atlas"": 0.023222392408449907}",unknown,0,[]
ENSG00000136267,DGKB,0,0.02314886445737614,"{""expression_atlas"": 0.02314886445737614}",unknown,0,[]
ENSG00000204261,PSMB8-AS1,0,0.023104426408808398,"{""expression_atlas"": 0.023104426408808398}",unknown,0,[]
ENSG00000188343,CIBAR1,0,0.023103174422168686,"{""expression_atlas"": 0.023103174422168686}",unknown,0,[]
ENSG00000129048,ACKR4,0,0.023091260260413464,"{""expression_atlas"": 0.023091260260413464}",unknown,0,[]
ENSG00000269989,ENSG00000269989,0,0.02307905521560353,"{""expression_atlas"": 0.02307905521560353}",unknown,0,[]
ENSG00000248874,LINC02899,0,0.023060389815444074,"{""expression_atlas"": 0.023060389815444074}",unknown,0,[]
ENSG00000141506,PIK3R5,0,0.023016055923452416,"{""expression_atlas"": 0.023016055923452416}",unknown,0,[]
ENSG00000150687,PRSS23,0,0.022968923860343455,"{""expression_atlas"": 0.022968923860343455}",unknown,0,[]
ENSG00000267270,PARD6G-AS1,0,0.022867347820921646,"{""expression_atlas"": 0.022867347820921646}",unknown,0,[]
ENSG00000171798,KNDC1,0,0.022862503380582988,"{""expression_atlas"": 0.022862503380582988}",unknown,0,[]
ENSG00000101542,CDH20,0,0.022841890384139214,"{""expression_atlas"": 0.022841890384139214}",unknown,0,[]
ENSG00000266924,ENSG00000266924,0,0.022815379434752373,"{""expression_atlas"": 0.022815379434752373}",unknown,0,[]
ENSG00000132326,PER2,0,0,{},unknown,0,[]
ENSG00000079739,PGM1,0,0,{},unknown,0,[]
ENSG00000267496,FAM215A,0,0,{},unknown,0,[]
ENSG00000173744,AGFG1,0,0,{},unknown,0,[]
ENSG00000164023,SGMS2,0,0,{},unknown,0,[]
ENSG00000173599,PC,0,0,{},unknown,0,[]
ENSG00000166803,PCLAF,0,0,{},unknown,0,[]
ENSG00000064651,SLC12A2,0,0,{},unknown,0,[]
ENSG00000104998,IL27RA,0,0,{},unknown,0,[]
ENSG00000175003,SLC22A1,0,0,{},unknown,0,[]
ENSG00000129675,ARHGEF6,0,0,{},unknown,0,[]
ENSG00000101000,PROCR,0,0,{},unknown,0,[]
ENSG00000169398,PTK2,0,0,{},unknown,0,[]
ENSG00000169083,AR,0,0,{},unknown,0,"[""CHEMBL1082407"", ""CHEMBL1170"", ""CHEMBL1200335"", ""CHEMBL1200412"", ""CHEMBL1200436"", ""CHEMBL1200585"", ""CHEMBL1200623"", ""CHEMBL1200946"", ""CHEMBL1201048"", ""CHEMBL1201101"", ""CHEMBL1274"", ""CHEMBL1395"", ""CHEMBL1445"", ""CHEMBL1479"", ""CHEMBL2079587"", ""CHEMBL2107067"", ""CHEMBL254328"", ""CHEMBL3183409"", ""CHEMBL3590187"", ""CHEMBL386630"", ""CHEMBL409"", ""CHEMBL4297185"", ""CHEMBL806""]"
ENSG00000110395,CBL,0,0,{},unknown,0,[]
ENSG00000163931,TKT,0,0,{},unknown,0,[]
ENSG00000291137,GBA1LP,0,0,{},unknown,0,[]
ENSG00000198805,PNP,0,0,{},unknown,0,"[""CHEMBL218291""]"
ENSG00000180549,FUT7,0,0,{},unknown,0,[]
ENSG00000213341,CHUK,0,0,{},unknown,0,[]
ENSG00000142507,PSMB6,0,0,{},unknown,0,"[""CHEMBL325041"", ""CHEMBL3545432"", ""CHEMBL451887""]"
ENSG00000166349,RAG1,0,0,{},unknown,0,[]
ENSG00000226690,C7orf78,0,0.02279438482815562,"{""expression_atlas"": 0.02279438482815562}",unknown,0,[]
ENSG00000159674,SPON2,0,0.0227683111811713,"{""expression_atlas"": 0.0227683111811713}",unknown,0,[]
ENSG00000106927,AMBP,0,0.018051516199744645,"{""expression_atlas"": 0.018051516199744645}",unknown,0,[]
ENSG00000115935,WIPF1,0,0.02274423233478949,"{""expression_atlas"": 0.02274423233478949}",unknown,0,[]
ENSG00000125901,MRPS26,0,0.022727543249472404,"{""expression_atlas"": 0.022727543249472404}",unknown,0,[]
ENSG00000268926,ENSG00000268926,0,0.022718887136153124,"{""expression_atlas"": 0.022718887136153124}",unknown,0,[]
ENSG00000134548,SPX,0,0.02269654361128205,"{""expression_atlas"": 0.02269654361128205}",unknown,0,[]
ENSG00000177191,B3GNT8,0,0.019647291448195776,"{""expression_atlas"": 0.019647291448195776}",unknown,0,[]
ENSG00000184985,SORCS2,0,0.022678385557154637,"{""expression_atlas"": 0.022678385557154637}",unknown,0,[]
ENSG00000115165,CYTIP,0,0.022672766684468312,"{""expression_atlas"": 0.022672766684468312}",unknown,0,[]
ENSG00000161533,ACOX1,0,0.022668447444958738,"{""expression_atlas"": 0.022668447444958738}",unknown,0,[]
ENSG00000196371,FUT4,0,0,{},unknown,0,[]
ENSG00000196712,NF1,0,0,{},unknown,0,[]
ENSG00000086475,SEPHS1,0,0,{},unknown,0,[]
ENSG00000213930,GALT,0,0,{},unknown,0,[]
ENSG00000171552,BCL2L1,0,0,{},unknown,0,[]
ENSG00000213199,ASIC3,0,0,{},unknown,0,[]
ENSG00000164362,TERT,0,0,{},unknown,0,"[""CHEMBL2108702""]"
ENSG00000100462,PRMT5,0,0,{},unknown,0,[]
ENSG00000168903,BTNL3,0,0,{},unknown,0,[]
ENSG00000175832,ETV4,0,0.01748550469717227,"{""expression_atlas"": 0.01748550469717227}",unknown,0,[]
ENSG00000065243,PKN2,0,0.022597786077450353,"{""expression_atlas"": 0.022597786077450353}",unknown,0,[]
ENSG00000196099,OR6M1,0,0.022597786077450353,"{""expression_atlas"": 0.022597786077450353}",unknown,0,[]
ENSG00000173546,CSPG4,0,0.022589397483082575,"{""expression_atlas"": 0.022589397483082575}",unknown,0,[]
ENSG00000249751,ECSCR,0,0.022568401287655266,"{""expression_atlas"": 0.022568401287655266}",unknown,0,[]
ENSG00000138769,CDKL2,0,0.022542932015582332,"{""expression_atlas"": 0.022542932015582332}",unknown,0,[]
ENSG00000142227,EMP3,0,0.022524438844818057,"{""expression_atlas"": 0.022524438844818057}",unknown,0,[]
ENSG00000274798,ENSG00000274798,0,0.02251156054933194,"{""expression_atlas"": 0.02251156054933194}",unknown,0,[]
ENSG00000117091,CD48,0,0.01703738925746152,"{""expression_atlas"": 0.01703738925746152}",unknown,0,[]
ENSG00000142156,COL6A1,0,0.02249374896634733,"{""expression_atlas"": 0.02249374896634733}",unknown,0,"[""CHEMBL2095222"", ""CHEMBL2108709""]"
ENSG00000132002,DNAJB1,0,0.016914585179187962,"{""expression_atlas"": 0.016914585179187962}",unknown,0,[]
ENSG00000155926,SLA,0,0.02242917120946362,"{""expression_atlas"": 0.02242917120946362}",unknown,0,[]
ENSG00000145431,PDGFC,0,0.0224259804880615,"{""expression_atlas"": 0.0224259804880615}",unknown,0,[]
ENSG00000025039,RRAGD,0,0.022422151738507375,"{""expression_atlas"": 0.022422151738507375}",unknown,0,[]
ENSG00000282961,PRNCR1,0,0.022422151738507375,"{""expression_atlas"": 0.022422151738507375}",unknown,0,[]
ENSG00000112053,SLC26A8,0,0.022406013078140184,"{""expression_atlas"": 0.022406013078140184}",unknown,0,[]
ENSG00000140280,LYSMD2,0,0.02239109588626743,"{""expression_atlas"": 0.02239109588626743}",unknown,0,[]
ENSG00000187231,SESTD1,0,0.022381275208337426,"{""expression_atlas"": 0.022381275208337426}",unknown,0,[]
ENSG00000140545,MFGE8,0,0.016450766544225146,"{""expression_atlas"": 0.016450766544225146}",unknown,0,[]
ENSG00000202198,7SK,0,0.022349309581466623,"{""expression_atlas"": 0.022349309581466623}",unknown,0,[]
ENSG00000112972,HMGCS1,0,0.022317921814757804,"{""expression_atlas"": 0.022317921814757804}",unknown,0,[]
ENSG00000171401,KRT13,0,0.02227587937428243,"{""expression_atlas"": 0.02227587937428243}",unknown,0,[]
ENSG00000115364,MRPL19,0,0.022270431947030725,"{""expression_atlas"": 0.022270431947030725}",unknown,0,[]
ENSG00000103355,PRSS33,0,0.022262250922085725,"{""expression_atlas"": 0.022262250922085725}",unknown,0,[]
ENSG00000204174,NPY4R,0,0.022256848163733176,"{""expression_atlas"": 0.022256848163733176}",unknown,0,[]
ENSG00000109089,CDR2L,0,0.022217016295202292,"{""expression_atlas"": 0.022217016295202292}",unknown,0,[]
ENSG00000266714,MYO15B,0,0.022209653652964567,"{""expression_atlas"": 0.022209653652964567}",unknown,0,[]
ENSG00000258693,ENSG00000258693,0,0.022199430139411884,"{""expression_atlas"": 0.022199430139411884}",unknown,0,[]
ENSG00000157224,CLDN12,0,0.022187784247668346,"{""expression_atlas"": 0.022187784247668346}",unknown,0,[]
ENSG00000187758,ADH1A,0,0.022179689713714527,"{""expression_atlas"": 0.022179689713714527}",unknown,0,"[""CHEMBL1308""]"
ENSG00000229312,ENSG00000229312,0,0.0221762090472739,"{""expression_atlas"": 0.0221762090472739}",unknown,0,[]
ENSG00000142185,TRPM2,0,0.01573779624523084,"{""expression_atlas"": 0.01573779624523084}",unknown,0,[]
ENSG00000140367,UBE2Q2,0,0.022152554578560288,"{""expression_atlas"": 0.022152554578560288}",unknown,0,[]
ENSG00000168676,KCTD19,0,0.022147022925533624,"{""expression_atlas"": 0.022147022925533624}",unknown,0,[]
ENSG00000253250,C8orf88,0,0.022146604710447226,"{""expression_atlas"": 0.022146604710447226}",unknown,0,[]
ENSG00000077984,CST7,0,0.02213982476872036,"{""expression_atlas"": 0.02213982476872036}",unknown,0,[]
ENSG00000120280,TASL,0,0.022132790269213796,"{""expression_atlas"": 0.022132790269213796}",unknown,0,[]
ENSG00000184292,TACSTD2,0,0.022122460683775068,"{""expression_atlas"": 0.022122460683775068}",unknown,0,"[""CHEMBL3545262""]"
ENSG00000019549,SNAI2,0,0.01546961112537409,"{""expression_atlas"": 0.01546961112537409}",unknown,0,[]
ENSG00000177459,ERICH5,0,0.022103347842687037,"{""expression_atlas"": 0.022103347842687037}",unknown,0,[]
ENSG00000230317,LINC01284,0,0.022103347842687037,"{""expression_atlas"": 0.022103347842687037}",unknown,0,[]
ENSG00000104435,STMN2,0,0.02209985557999486,"{""expression_atlas"": 0.02209985557999486}",unknown,0,[]
ENSG00000148175,STOM,0,0.02209589043315846,"{""expression_atlas"": 0.02209589043315846}",unknown,0,[]
ENSG00000172955,ADH6,0,0.022040163511739746,"{""expression_atlas"": 0.022040163511739746}",unknown,0,[]
ENSG00000138615,CILP,0,0.02200990161787074,"{""expression_atlas"": 0.02200990161787074}",unknown,0,[]
ENSG00000176641,RNF152,0,0.022008316549723263,"{""expression_atlas"": 0.022008316549723263}",unknown,0,[]
ENSG00000100055,CYTH4,0,0.02200405806646738,"{""expression_atlas"": 0.02200405806646738}",unknown,0,[]
ENSG00000269404,SPIB,0,0.02200348334052425,"{""expression_atlas"": 0.02200348334052425}",unknown,0,[]
ENSG00000077782,FGFR1,0,0.01504934646658357,"{""expression_atlas"": 0.01504934646658357}",unknown,0,"[""CHEMBL1852688"", ""CHEMBL1946170"", ""CHEMBL3545376"", ""CHEMBL3701238"", ""CHEMBL4297522"", ""CHEMBL477772"", ""CHEMBL502835""]"
ENSG00000198467,TPM2,0,0.021964904939334975,"{""expression_atlas"": 0.021964904939334975}",unknown,0,[]
ENSG00000108176,DNAJC12,0,0.021922998641797243,"{""expression_atlas"": 0.021922998641797243}",unknown,0,[]
ENSG00000172403,SYNPO2,0,0.02189494219765491,"{""expression_atlas"": 0.02189494219765491}",unknown,0,[]
ENSG00000183844,FAM3B,0,0.021890761849523505,"{""expression_atlas"": 0.021890761849523505}",unknown,0,[]
ENSG00000188517,COL25A1,0,0.021889611665541032,"{""expression_atlas"": 0.021889611665541032}",unknown,0,[]
ENSG00000066382,MPPED2,0,0.021882816544160112,"{""expression_atlas"": 0.021882816544160112}",unknown,0,[]
ENSG00000249806,INPP4B-AS1,0,0.021875098563446153,"{""expression_atlas"": 0.021875098563446153}",unknown,0,[]
ENSG00000260194,ENSG00000260194,0,0.021828457643287166,"{""expression_atlas"": 0.021828457643287166}",unknown,0,[]
ENSG00000254325,ENSG00000254325,0,0.021821100378470508,"{""expression_atlas"": 0.021821100378470508}",unknown,0,[]
ENSG00000243364,EFNA4,0,0.021819731131598137,"{""expression_atlas"": 0.021819731131598137}",unknown,0,[]
ENSG00000050344,NFE2L3,0,0.02181680281499735,"{""expression_atlas"": 0.02181680281499735}",unknown,0,[]
ENSG00000226089,ENSG00000226089,0,0.02180467286798022,"{""expression_atlas"": 0.02180467286798022}",unknown,0,[]
ENSG00000273812,LINC02970,0,0.02180451177107732,"{""expression_atlas"": 0.02180451177107732}",unknown,0,[]
ENSG00000188175,HEPACAM2,0,0.021782759908248104,"{""expression_atlas"": 0.021782759908248104}",unknown,0,[]
ENSG00000163145,C1QTNF7,0,0.021770477279922117,"{""expression_atlas"": 0.021770477279922117}",unknown,0,[]
ENSG00000231703,ENSG00000231703,0,0.02176747826569494,"{""expression_atlas"": 0.02176747826569494}",unknown,0,[]
ENSG00000168421,RHOH,0,0.02174315531650995,"{""expression_atlas"": 0.02174315531650995}",unknown,0,[]
ENSG00000171004,HS6ST2,0,0.021716980080422832,"{""expression_atlas"": 0.021716980080422832}",unknown,0,[]
ENSG00000163508,EOMES,0,0.013835911017758619,"{""expression_atlas"": 0.013835911017758619}",unknown,0,[]
ENSG00000151572,ANO4,0,0.021684012432710967,"{""expression_atlas"": 0.021684012432710967}",unknown,0,[]
ENSG00000260260,SNHG19,0,0.021679186845026496,"{""expression_atlas"": 0.021679186845026496}",unknown,0,[]
ENSG00000255801,ENSG00000255801,0,0.021674425767084813,"{""expression_atlas"": 0.021674425767084813}",unknown,0,[]
ENSG00000145246,ATP10D,0,0.021673290687762924,"{""expression_atlas"": 0.021673290687762924}",unknown,0,[]
ENSG00000139329,LUM,0,0.02165802438810563,"{""expression_atlas"": 0.02165802438810563}",unknown,0,[]
ENSG00000172375,C2CD2L,0,0.021650408578803886,"{""expression_atlas"": 0.021650408578803886}",unknown,0,[]
ENSG00000128591,FLNC,0,0.021644391487358593,"{""expression_atlas"": 0.021644391487358593}",unknown,0,[]
ENSG00000151575,TEX9,0,0.021638691006927335,"{""expression_atlas"": 0.021638691006927335}",unknown,0,[]
ENSG00000285513,ENSG00000285513,0,0.021631557006483577,"{""expression_atlas"": 0.021631557006483577}",unknown,0,[]
ENSG00000254166,CASC19,0,0.021628794028128145,"{""expression_atlas"": 0.021628794028128145}",unknown,0,[]
ENSG00000167600,CYP2S1,0,0.02160961780993406,"{""expression_atlas"": 0.02160961780993406}",unknown,0,[]
ENSG00000280244,ENSG00000280244,0,0.02159932980703654,"{""expression_atlas"": 0.02159932980703654}",unknown,0,[]
ENSG00000123572,NRK,0,0.021573940393139056,"{""expression_atlas"": 0.021573940393139056}",unknown,0,[]
ENSG00000260135,MMP2-AS1,0,0.02154456382742544,"{""expression_atlas"": 0.02154456382742544}",unknown,0,[]
ENSG00000111696,NT5DC3,0,0.021512518959008447,"{""expression_atlas"": 0.021512518959008447}",unknown,0,[]
ENSG00000142875,PRKACB,0,0.02151037653689501,"{""expression_atlas"": 0.02151037653689501}",unknown,0,[]
ENSG00000231013,SCTR-AS1,0,0.021510167471924174,"{""expression_atlas"": 0.021510167471924174}",unknown,0,[]
ENSG00000204241,LINC02731,0,0.021493534546012487,"{""expression_atlas"": 0.021493534546012487}",unknown,0,[]
ENSG00000186310,NAP1L3,0,0.021484869906658096,"{""expression_atlas"": 0.021484869906658096}",unknown,0,[]
ENSG00000254732,ENSG00000254732,0,0.021450279348258522,"{""expression_atlas"": 0.021450279348258522}",unknown,0,[]
ENSG00000205221,VIT,0,0.02144779853973799,"{""expression_atlas"": 0.02144779853973799}",unknown,0,[]
ENSG00000164211,STARD4,0,0.02143794928167249,"{""expression_atlas"": 0.02143794928167249}",unknown,0,[]
ENSG00000269906,ENSG00000269906,0,0.021397701978993766,"{""expression_atlas"": 0.021397701978993766}",unknown,0,[]
ENSG00000065357,DGKA,0,0.012632326334617507,"{""expression_atlas"": 0.012632326334617507}",unknown,0,[]
ENSG00000175084,DES,0,0.012545191371415836,"{""expression_atlas"": 0.012545191371415836}",unknown,0,[]
ENSG00000197888,UGT2B17,0,0.021361325934910632,"{""expression_atlas"": 0.021361325934910632}",unknown,0,[]
ENSG00000163900,TMEM41A,0,0.02135602180330937,"{""expression_atlas"": 0.02135602180330937}",unknown,0,[]
ENSG00000023902,PLEKHO1,0,0.02135103702656547,"{""expression_atlas"": 0.02135103702656547}",unknown,0,[]
ENSG00000109790,KLHL5,0,0.021312751256245703,"{""expression_atlas"": 0.021312751256245703}",unknown,0,[]
ENSG00000173627,APOBEC4,0,0.021311671314624442,"{""expression_atlas"": 0.021311671314624442}",unknown,0,[]
ENSG00000116147,TNR,0,0.021311190343746615,"{""expression_atlas"": 0.021311190343746615}",unknown,0,[]
ENSG00000083454,P2RX5,0,0,{},unknown,0,[]
ENSG00000175104,TRAF6,0,0,{},unknown,0,[]
ENSG00000134545,KLRC1,0,0,{},unknown,0,[]
ENSG00000137992,DBT,0,0,{},unknown,0,[]
ENSG00000127920,GNG11,0,0,{},unknown,0,[]
ENSG00000157764,BRAF,0,0,{},unknown,0,"[""CHEMBL1229517"", ""CHEMBL1336"", ""CHEMBL1946170"", ""CHEMBL2028663"", ""CHEMBL3301612"", ""CHEMBL3348923""]"
ENSG00000140443,IGF1R,0,0,{},unknown,0,"[""CHEMBL1201716"", ""CHEMBL1201717"", ""CHEMBL1743079"", ""CHEMBL313972""]"
ENSG00000121897,LIAS,0,0,{},unknown,0,[]
ENSG00000150768,DLAT,0,0,{},unknown,0,[]
ENSG00000141448,GATA6,0,0,{},unknown,0,[]
ENSG00000138814,PPP3CA,0,0,{},unknown,0,"[""CHEMBL5314379""]"
ENSG00000176890,TYMS,0,0,{},unknown,0,"[""CHEMBL1773"", ""CHEMBL185"", ""CHEMBL20883"", ""CHEMBL225071"", ""CHEMBL225072"", ""CHEMBL917""]"
ENSG00000174516,PELI3,0,0,{},unknown,0,[]
ENSG00000198589,LRBA,0,0,{},unknown,0,[]
ENSG00000173915,ATP5MK,0,0,{},unknown,0,[]
ENSG00000240583,AQP1,0,0,{},unknown,0,[]
ENSG00000196189,SEMA4A,0,0,{},unknown,0,[]
ENSG00000166573,GALR1,0,0,{},unknown,0,[]
ENSG00000081026,MAGI3,0,0,{},unknown,0,[]
ENSG00000136715,SAP130,0,0,{},unknown,0,[]
ENSG00000158477,CD1A,0,0,{},unknown,0,[]
ENSG00000168040,FADD,0,0,{},unknown,0,[]
ENSG00000137310,TCF19,0,0,{},unknown,0,[]
ENSG00000168398,BDKRB2,0,0,{},unknown,0,"[""CHEMBL2028850""]"
ENSG00000131828,PDHA1,0,0,{},unknown,0,[]
ENSG00000182352,CD300LD-AS1,0,0.02127675865993712,"{""expression_atlas"": 0.02127675865993712}",unknown,0,[]
ENSG00000149596,JPH2,0,0.021261200143204897,"{""expression_atlas"": 0.021261200143204897}",unknown,0,[]
ENSG00000261762,ENSG00000261762,0,0.021185576321072788,"{""expression_atlas"": 0.021185576321072788}",unknown,0,[]
ENSG00000165923,AGBL2,0,0.011764624989949641,"{""expression_atlas"": 0.011764624989949641}",unknown,0,[]
ENSG00000147571,CRH,0,0.02116828391656959,"{""expression_atlas"": 0.02116828391656959}",unknown,0,[]
ENSG00000242611,ENSG00000242611,0,0.02115257032328372,"{""expression_atlas"": 0.02115257032328372}",unknown,0,[]
ENSG00000274020,LINC01138,0,0.021138103213479677,"{""expression_atlas"": 0.021138103213479677}",unknown,0,[]
ENSG00000256642,LINC00273,0,0.02110492929507634,"{""expression_atlas"": 0.02110492929507634}",unknown,0,[]
ENSG00000152784,PRDM8,0,0.021103735205381408,"{""expression_atlas"": 0.021103735205381408}",unknown,0,[]
ENSG00000149557,FEZ1,0,0.0210688832529787,"{""expression_atlas"": 0.0210688832529787}",unknown,0,[]
ENSG00000137975,CLCA2,0,0.011295232595855213,"{""expression_atlas"": 0.011295232595855213}",unknown,0,[]
ENSG00000036565,SLC18A1,0,0.02105066940878119,"{""expression_atlas"": 0.02105066940878119}",unknown,0,[]
ENSG00000107551,RASSF4,0,0.02105066940878119,"{""expression_atlas"": 0.02105066940878119}",unknown,0,[]
ENSG00000118922,KLF12,0,0.02105066940878119,"{""expression_atlas"": 0.02105066940878119}",unknown,0,[]
ENSG00000180353,HCLS1,0,0.02101145892325513,"{""expression_atlas"": 0.02101145892325513}",unknown,0,[]
ENSG00000126856,PRDM7,0,0.02097550249960858,"{""expression_atlas"": 0.02097550249960858}",unknown,0,[]
ENSG00000151651,ADAM8,0,0.02093105038646505,"{""expression_atlas"": 0.02093105038646505}",unknown,0,[]
ENSG00000120756,PLS1,0,0.020920486543449152,"{""expression_atlas"": 0.020920486543449152}",unknown,0,[]
ENSG00000061455,PRDM6,0,0.02091241058161245,"{""expression_atlas"": 0.02091241058161245}",unknown,0,[]
ENSG00000269220,LINC00528,0,0.020908798041476807,"{""expression_atlas"": 0.020908798041476807}",unknown,0,[]
ENSG00000230393,ENSG00000230393,0,0.020886553189154222,"{""expression_atlas"": 0.020886553189154222}",unknown,0,[]
ENSG00000114439,BBX,0,0.020862067432848092,"{""expression_atlas"": 0.020862067432848092}",unknown,0,[]
ENSG00000139330,KERA,0,0.020804201422517075,"{""expression_atlas"": 0.020804201422517075}",unknown,0,[]
ENSG00000178878,APOLD1,0,0.017763471069735665,"{""expression_atlas"": 0.017763471069735665}",unknown,0,[]
ENSG00000165501,LRR1,0,0.020793655239636343,"{""expression_atlas"": 0.020793655239636343}",unknown,0,[]
ENSG00000123609,NMI,0,0.020791731894391183,"{""expression_atlas"": 0.020791731894391183}",unknown,0,[]
ENSG00000213468,FIRRE,0,0.020764842821118394,"{""expression_atlas"": 0.020764842821118394}",unknown,0,[]
ENSG00000127951,FGL2,0,0.010103044388802414,"{""expression_atlas"": 0.010103044388802414}",unknown,0,[]
ENSG00000135697,BCO1,0,0.02073896347579808,"{""expression_atlas"": 0.02073896347579808}",unknown,0,[]
ENSG00000139220,PPFIA2,0,0.020731843305292794,"{""expression_atlas"": 0.020731843305292794}",unknown,0,[]
ENSG00000259439,LINC01833,0,0.02072353502845075,"{""expression_atlas"": 0.02072353502845075}",unknown,0,[]
ENSG00000149782,PLCB3,0,0.020686637093278993,"{""expression_atlas"": 0.020686637093278993}",unknown,0,[]
ENSG00000100065,CARD10,0,0.02068132592958502,"{""expression_atlas"": 0.02068132592958502}",unknown,0,[]
ENSG00000049449,RCN1,0,0.020668632054314056,"{""expression_atlas"": 0.020668632054314056}",unknown,0,[]
ENSG00000134917,ADAMTS8,0,0.020667545657807332,"{""expression_atlas"": 0.020667545657807332}",unknown,0,[]
ENSG00000176014,TUBB6,0,0.009412066797331744,"{""expression_atlas"": 0.009412066797331744}",unknown,0,"[""CHEMBL107"", ""CHEMBL1201748"", ""CHEMBL1201752"", ""CHEMBL159"", ""CHEMBL1683590"", ""CHEMBL1742994"", ""CHEMBL1743082"", ""CHEMBL2110725"", ""CHEMBL3301582"", ""CHEMBL3301589"", ""CHEMBL3545132"", ""CHEMBL428647"", ""CHEMBL4297841"", ""CHEMBL553025"", ""CHEMBL90555"", ""CHEMBL92""]"
ENSG00000201098,RNY1,0,0.02057012836842607,"{""expression_atlas"": 0.02057012836842607}",unknown,0,[]
ENSG00000197380,DACT3,0,0.020569935238553192,"{""expression_atlas"": 0.020569935238553192}",unknown,0,[]
ENSG00000263096,HLF-AS1,0,0.020567344579818344,"{""expression_atlas"": 0.020567344579818344}",unknown,0,[]
ENSG00000263069,RNF213-AS1,0,0.020552598010951377,"{""expression_atlas"": 0.020552598010951377}",unknown,0,[]
ENSG00000279166,ENSG00000279166,0,0.020547099314833863,"{""expression_atlas"": 0.020547099314833863}",unknown,0,[]
ENSG00000285444,ENSG00000285444,0,0.020544782920369084,"{""expression_atlas"": 0.020544782920369084}",unknown,0,[]
ENSG00000226237,GAS1RR,0,0.0205358274245462,"{""expression_atlas"": 0.0205358274245462}",unknown,0,[]
ENSG00000281769,LINC-ADAIN,0,0.020498305094018218,"{""expression_atlas"": 0.020498305094018218}",unknown,0,[]
ENSG00000259803,SLC22A31,0,0.02049790118869041,"{""expression_atlas"": 0.02049790118869041}",unknown,0,[]
ENSG00000256969,LINC03141,0,0.020490674670464944,"{""expression_atlas"": 0.020490674670464944}",unknown,0,[]
ENSG00000171608,PIK3CD,0,0.00899834621345842,"{""expression_atlas"": 0.00899834621345842}",unknown,0,"[""CHEMBL2216870"", ""CHEMBL3039502"", ""CHEMBL3218576"", ""CHEMBL3643413"", ""CHEMBL3948730""]"
ENSG00000262874,C19orf84,0,0.020481195498750448,"{""expression_atlas"": 0.020481195498750448}",unknown,0,[]
ENSG00000136286,MYO1G,0,0.020464179040581714,"{""expression_atlas"": 0.020464179040581714}",unknown,0,[]
ENSG00000266402,SNHG25,0,0.020464128143616138,"{""expression_atlas"": 0.020464128143616138}",unknown,0,[]
ENSG00000254418,SPON1-AS1,0,0.020455197863471473,"{""expression_atlas"": 0.020455197863471473}",unknown,0,[]
ENSG00000164107,HAND2,0,0.020453447702921023,"{""expression_atlas"": 0.020453447702921023}",unknown,0,[]
ENSG00000106211,HSPB1,0,0.01738614543584041,"{""expression_atlas"": 0.01738614543584041}",unknown,0,[]
ENSG00000011465,DCN,0,0.020418736618385124,"{""expression_atlas"": 0.020418736618385124}",unknown,0,[]
ENSG00000068078,FGFR3,0,0.008518873000102881,"{""expression_atlas"": 0.008518873000102881}",unknown,0,"[""CHEMBL1852688"", ""CHEMBL3545376"", ""CHEMBL3701238"", ""CHEMBL4297522"", ""CHEMBL477772"", ""CHEMBL502835""]"
ENSG00000134138,MEIS2,0,0.020352345359134754,"{""expression_atlas"": 0.020352345359134754}",unknown,0,[]
ENSG00000251661,IFITM3-AS1,0,0.020331622421456388,"{""expression_atlas"": 0.020331622421456388}",unknown,0,[]
ENSG00000231674,LINC00410,0,0.020326014907631883,"{""expression_atlas"": 0.020326014907631883}",unknown,0,[]
ENSG00000091039,OSBPL8,0,0.020295984805036416,"{""expression_atlas"": 0.020295984805036416}",unknown,0,[]
ENSG00000162998,FRZB,0,0.020295984805036416,"{""expression_atlas"": 0.020295984805036416}",unknown,0,[]
ENSG00000271913,TAGAP-AS1,0,0.02029399485462474,"{""expression_atlas"": 0.02029399485462474}",unknown,0,[]
ENSG00000222032,ENSG00000222032,0,0.0202763784351995,"{""expression_atlas"": 0.0202763784351995}",unknown,0,[]
ENSG00000103534,TMC5,0,0.02023893943460057,"{""expression_atlas"": 0.02023893943460057}",unknown,0,[]
ENSG00000143155,TIPRL,0,0.02021885909952931,"{""expression_atlas"": 0.02021885909952931}",unknown,0,[]
ENSG00000236081,ELFN1-AS1,0,0.020204047172879512,"{""expression_atlas"": 0.020204047172879512}",unknown,0,[]
ENSG00000137962,ARHGAP29,0,0.020180071684930537,"{""expression_atlas"": 0.020180071684930537}",unknown,0,[]
ENSG00000147570,DNAJC5B,0,0.020171596279451327,"{""expression_atlas"": 0.020171596279451327}",unknown,0,[]
ENSG00000112559,MDFI,0,0.020166535942629876,"{""expression_atlas"": 0.020166535942629876}",unknown,0,[]
ENSG00000248405,PRR5-ARHGAP8,0,0.020157608521835076,"{""expression_atlas"": 0.020157608521835076}",unknown,0,[]
ENSG00000166347,CYB5A,0,0.020145542117438138,"{""expression_atlas"": 0.020145542117438138}",unknown,0,[]
ENSG00000137101,CD72,0,0.020129071876228623,"{""expression_atlas"": 0.020129071876228623}",unknown,0,[]
ENSG00000133687,TMTC1,0,0.020107162992229023,"{""expression_atlas"": 0.020107162992229023}",unknown,0,[]
ENSG00000243238,IGKV2-30,0,0.020104469479368624,"{""expression_atlas"": 0.020104469479368624}",unknown,0,[]
ENSG00000196511,TPK1,0,0.02008900500760833,"{""expression_atlas"": 0.02008900500760833}",unknown,0,[]
ENSG00000198963,RORB,0,0.020080022357471288,"{""expression_atlas"": 0.020080022357471288}",unknown,0,[]
ENSG00000146166,LGSN,0,0.020039442410824816,"{""expression_atlas"": 0.020039442410824816}",unknown,0,[]
ENSG00000086619,ERO1B,0,0.020037644475753458,"{""expression_atlas"": 0.020037644475753458}",unknown,0,[]
ENSG00000092067,CEBPE,0,0.020036147137775354,"{""expression_atlas"": 0.020036147137775354}",unknown,0,[]
ENSG00000168993,CPLX1,0,0.020028033457697634,"{""expression_atlas"": 0.020028033457697634}",unknown,0,[]
ENSG00000183486,MX2,0,0.019969776497719898,"{""expression_atlas"": 0.019969776497719898}",unknown,0,[]
ENSG00000260401,ENSG00000260401,0,0.019959594206007927,"{""expression_atlas"": 0.019959594206007927}",unknown,0,[]
ENSG00000005249,PRKAR2B,0,0.01995865154169171,"{""expression_atlas"": 0.01995865154169171}",unknown,0,[]
ENSG00000241666,ENSG00000241666,0,0.019947731922573552,"{""expression_atlas"": 0.019947731922573552}",unknown,0,[]
ENSG00000170542,SERPINB9,0,0.01994321014921586,"{""expression_atlas"": 0.01994321014921586}",unknown,0,[]
ENSG00000188133,TMEM215,0,0.019919194681039438,"{""expression_atlas"": 0.019919194681039438}",unknown,0,[]
ENSG00000214575,CPEB1,0,0.019900073758429247,"{""expression_atlas"": 0.019900073758429247}",unknown,0,[]
ENSG00000138639,ARHGAP24,0,0.01988209650003313,"{""expression_atlas"": 0.01988209650003313}",unknown,0,[]
ENSG00000114346,ECT2,0,0.019855735153141818,"{""expression_atlas"": 0.019855735153141818}",unknown,0,[]
ENSG00000223492,ENSG00000223492,0,0.019842237813446354,"{""expression_atlas"": 0.019842237813446354}",unknown,0,[]
ENSG00000168899,VAMP5,0,0.019832466517507984,"{""expression_atlas"": 0.019832466517507984}",unknown,0,[]
ENSG00000183876,ARSI,0,0.019803374224727957,"{""expression_atlas"": 0.019803374224727957}",unknown,0,[]
ENSG00000130700,GATA5,0,0.01974791846851909,"{""expression_atlas"": 0.01974791846851909}",unknown,0,[]
ENSG00000284825,ENSG00000284825,0,0.0197445203139962,"{""expression_atlas"": 0.0197445203139962}",unknown,0,[]
ENSG00000226321,CROCC2,0,0.01972017242343493,"{""expression_atlas"": 0.01972017242343493}",unknown,0,[]
ENSG00000188176,SMTNL2,0,0.01971798185505019,"{""expression_atlas"": 0.01971798185505019}",unknown,0,[]
ENSG00000158560,DYNC1I1,0,0.01971383868395161,"{""expression_atlas"": 0.01971383868395161}",unknown,0,[]
ENSG00000280194,ENSG00000280194,0,0.01970849514433965,"{""expression_atlas"": 0.01970849514433965}",unknown,0,[]
ENSG00000164109,MAD2L1,0,0.019703537933082372,"{""expression_atlas"": 0.019703537933082372}",unknown,0,[]
ENSG00000249279,LINC02057,0,0.019699875090030954,"{""expression_atlas"": 0.019699875090030954}",unknown,0,[]
ENSG00000105967,TFEC,0,0.019661734812169956,"{""expression_atlas"": 0.019661734812169956}",unknown,0,[]
ENSG00000258869,LINC02312,0,0.019653824852674626,"{""expression_atlas"": 0.019653824852674626}",unknown,0,[]
ENSG00000237499,WAKMAR2,0,0.019653824852674626,"{""expression_atlas"": 0.019653824852674626}",unknown,0,[]
ENSG00000184164,CRELD2,0,0.019638855521404094,"{""expression_atlas"": 0.019638855521404094}",unknown,0,[]
ENSG00000076864,RAP1GAP,0,0.01957196047214554,"{""expression_atlas"": 0.01957196047214554}",unknown,0,[]
ENSG00000118231,CRYGD,0,0.01652111315787649,"{""expression_atlas"": 0.01652111315787649}",unknown,0,[]
ENSG00000182333,LIPF,0,0.01954530937388433,"{""expression_atlas"": 0.01954530937388433}",unknown,0,"[""CHEMBL175247""]"
ENSG00000084710,EFR3B,0,0.01953525781510107,"{""expression_atlas"": 0.01953525781510107}",unknown,0,[]
ENSG00000133131,MORC4,0,0.0195267413228124,"{""expression_atlas"": 0.0195267413228124}",unknown,0,[]
ENSG00000126785,RHOJ,0,0.01952097876259215,"{""expression_atlas"": 0.01952097876259215}",unknown,0,[]
ENSG00000211751,TRBC1,0,0.01949903046758773,"{""expression_atlas"": 0.01949903046758773}",unknown,0,[]
ENSG00000196358,NTNG2,0,0.019495240655876586,"{""expression_atlas"": 0.019495240655876586}",unknown,0,[]
ENSG00000257057,C11orf97,0,0.019495240655876586,"{""expression_atlas"": 0.019495240655876586}",unknown,0,[]
ENSG00000146250,PRSS35,0,0.019483501348297936,"{""expression_atlas"": 0.019483501348297936}",unknown,0,[]
ENSG00000079819,EPB41L2,0,0.019479477947187122,"{""expression_atlas"": 0.019479477947187122}",unknown,0,[]
ENSG00000278668,ENSG00000278668,0,0.01947690564115657,"{""expression_atlas"": 0.01947690564115657}",unknown,0,[]
ENSG00000146276,GABRR1,0,0.01947318400357882,"{""expression_atlas"": 0.01947318400357882}",unknown,0,[]
ENSG00000235931,LINC01553,0,0.019462209679251455,"{""expression_atlas"": 0.019462209679251455}",unknown,0,[]
ENSG00000134333,LDHA,0,0.01638380336493279,"{""expression_atlas"": 0.01638380336493279}",unknown,0,[]
ENSG00000168765,GSTM4,0,0.01939022736542747,"{""expression_atlas"": 0.01939022736542747}",unknown,0,[]
ENSG00000173221,GLRX,0,0.019388296628208845,"{""expression_atlas"": 0.019388296628208845}",unknown,0,[]
ENSG00000249437,NAIP,0,0.019370640414276302,"{""expression_atlas"": 0.019370640414276302}",unknown,0,[]
ENSG00000170006,TMEM154,0,0.019322709124281197,"{""expression_atlas"": 0.019322709124281197}",unknown,0,[]
ENSG00000279198,ENSG00000279198,0,0.01931121834779922,"{""expression_atlas"": 0.01931121834779922}",unknown,0,[]
ENSG00000225313,ENSG00000225313,0,0.01931121834779922,"{""expression_atlas"": 0.01931121834779922}",unknown,0,[]
ENSG00000205413,SAMD9,0,0.019310067476301387,"{""expression_atlas"": 0.019310067476301387}",unknown,0,[]
ENSG00000173166,RAPH1,0,0.019303373553454274,"{""expression_atlas"": 0.019303373553454274}",unknown,0,[]
ENSG00000277966,ENSG00000277966,0,0.019301751876282334,"{""expression_atlas"": 0.019301751876282334}",unknown,0,[]
ENSG00000120896,SORBS3,0,0.019296309628775807,"{""expression_atlas"": 0.019296309628775807}",unknown,0,[]
ENSG00000240571,ENSG00000240571,0,0.019295024584931927,"{""expression_atlas"": 0.019295024584931927}",unknown,0,[]
ENSG00000186469,GNG2,0,0.019294524057312155,"{""expression_atlas"": 0.019294524057312155}",unknown,0,[]
ENSG00000205517,RGL3,0,0.019268010085116607,"{""expression_atlas"": 0.019268010085116607}",unknown,0,[]
ENSG00000166562,SEC11C,0,0.019256395308652606,"{""expression_atlas"": 0.019256395308652606}",unknown,0,[]
ENSG00000132514,CLEC10A,0,0.01925523096526859,"{""expression_atlas"": 0.01925523096526859}",unknown,0,[]
ENSG00000105374,NKG7,0,0.019246701816836104,"{""expression_atlas"": 0.019246701816836104}",unknown,0,[]
ENSG00000189030,VHLL,0,0.019229413014645903,"{""expression_atlas"": 0.019229413014645903}",unknown,0,[]
ENSG00000169933,FRMPD4,0,0.01922930144578052,"{""expression_atlas"": 0.01922930144578052}",unknown,0,[]
ENSG00000184014,DENND5A,0,0.0191608475817628,"{""expression_atlas"": 0.0191608475817628}",unknown,0,[]
ENSG00000021645,NRXN3,0,0.01914520783130303,"{""expression_atlas"": 0.01914520783130303}",unknown,0,[]
ENSG00000260420,LINC02182,0,0.019085582524555292,"{""expression_atlas"": 0.019085582524555292}",unknown,0,[]
ENSG00000285492,ENSG00000285492,0,0.01908028058120096,"{""expression_atlas"": 0.01908028058120096}",unknown,0,[]
ENSG00000132256,TRIM5,0,0.019073920462005928,"{""expression_atlas"": 0.019073920462005928}",unknown,0,[]
ENSG00000077274,CAPN6,0,0.01907278972068562,"{""expression_atlas"": 0.01907278972068562}",unknown,0,[]
ENSG00000235321,ENSG00000235321,0,0.019069685561787685,"{""expression_atlas"": 0.019069685561787685}",unknown,0,[]
ENSG00000173705,SUSD5,0,0.019065764801683566,"{""expression_atlas"": 0.019065764801683566}",unknown,0,[]
ENSG00000177683,THAP5,0,0.019057875769388145,"{""expression_atlas"": 0.019057875769388145}",unknown,0,[]
ENSG00000143603,KCNN3,0,0.019035865787807884,"{""expression_atlas"": 0.019035865787807884}",unknown,0,[]
ENSG00000159289,GOLGA6A,0,0.019002121189842267,"{""expression_atlas"": 0.019002121189842267}",unknown,0,[]
ENSG00000199094,MIR30C2,0,0.01898306375969824,"{""expression_atlas"": 0.01898306375969824}",unknown,0,[]
ENSG00000245648,KLRK1-AS1,0,0.018971274303803968,"{""expression_atlas"": 0.018971274303803968}",unknown,0,[]
ENSG00000232192,KIF26B-AS1,0,0.01895007895584759,"{""expression_atlas"": 0.01895007895584759}",unknown,0,[]
ENSG00000271204,ENSG00000271204,0,0.018929951973847947,"{""expression_atlas"": 0.018929951973847947}",unknown,0,[]
ENSG00000240350,SOCAR,0,0.018916183051719816,"{""expression_atlas"": 0.018916183051719816}",unknown,0,[]
ENSG00000111348,ARHGDIB,0,0.018898755258747697,"{""expression_atlas"": 0.018898755258747697}",unknown,0,[]
ENSG00000249669,CARMN,0,0.01889645246434935,"{""expression_atlas"": 0.01889645246434935}",unknown,0,[]
ENSG00000137872,SEMA6D,0,0.01889231660286564,"{""expression_atlas"": 0.01889231660286564}",unknown,0,[]
ENSG00000186767,SPIN4,0,0.018890633589071858,"{""expression_atlas"": 0.018890633589071858}",unknown,0,[]
ENSG00000075275,CELSR1,0,0.01888895251448809,"{""expression_atlas"": 0.01888895251448809}",unknown,0,[]
ENSG00000087085,ACHE,0,0.018881721104742892,"{""expression_atlas"": 0.018881721104742892}",unknown,0,"[""CHEMBL1025"", ""CHEMBL1104"", ""CHEMBL1115"", ""CHEMBL1199307"", ""CHEMBL1201229"", ""CHEMBL1201341"", ""CHEMBL1201349"", ""CHEMBL1420"", ""CHEMBL1652"", ""CHEMBL278020"", ""CHEMBL502"", ""CHEMBL5095056"", ""CHEMBL636"", ""CHEMBL659"", ""CHEMBL94"", ""CHEMBL95""]"
ENSG00000102401,ARMCX3,0,0.01887509693360618,"{""expression_atlas"": 0.01887509693360618}",unknown,0,[]
ENSG00000181191,PJA1,0,0.01887509693360618,"{""expression_atlas"": 0.01887509693360618}",unknown,0,[]
ENSG00000137628,DDX60,0,0.018855852344219978,"{""expression_atlas"": 0.018855852344219978}",unknown,0,[]
ENSG00000119614,VSX2,0,0.018848821009008213,"{""expression_atlas"": 0.018848821009008213}",unknown,0,[]
ENSG00000280511,ENSG00000280511,0,0.018848239709283995,"{""expression_atlas"": 0.018848239709283995}",unknown,0,[]
ENSG00000115665,SLC5A7,0,0.018832717677005,"{""expression_atlas"": 0.018832717677005}",unknown,0,[]
ENSG00000067840,PDZD4,0,0.018822804431576662,"{""expression_atlas"": 0.018822804431576662}",unknown,0,[]
ENSG00000204388,HSPA1B,0,0.015780866738494617,"{""expression_atlas"": 0.015780866738494617}",unknown,0,[]
ENSG00000255438,ENSG00000255438,0,0.018798202549418195,"{""expression_atlas"": 0.018798202549418195}",unknown,0,[]
ENSG00000273132,LRP11-AS1,0,0.018789220895423137,"{""expression_atlas"": 0.018789220895423137}",unknown,0,[]
ENSG00000225285,LINC01770,0,0.018785335560222317,"{""expression_atlas"": 0.018785335560222317}",unknown,0,[]
ENSG00000230825,LINC03016,0,0.018753532206003693,"{""expression_atlas"": 0.018753532206003693}",unknown,0,[]
ENSG00000259230,LINC02323,0,0.018748122223887675,"{""expression_atlas"": 0.018748122223887675}",unknown,0,[]
ENSG00000187955,COL14A1,0,0.01873946426516345,"{""expression_atlas"": 0.01873946426516345}",unknown,0,[]
ENSG00000174279,EVX2,0,0.01873055507792676,"{""expression_atlas"": 0.01873055507792676}",unknown,0,[]
ENSG00000178538,CA8,0,0.018723160775681858,"{""expression_atlas"": 0.018723160775681858}",unknown,0,[]
ENSG00000177103,DSCAML1,0,0.018702870650892277,"{""expression_atlas"": 0.018702870650892277}",unknown,0,[]
ENSG00000164188,RANBP3L,0,0.018674750298184488,"{""expression_atlas"": 0.018674750298184488}",unknown,0,[]
ENSG00000157303,SUSD3,0,0.018652972166088567,"{""expression_atlas"": 0.018652972166088567}",unknown,0,[]
ENSG00000198300,PEG3,0,0.0186474835186399,"{""expression_atlas"": 0.0186474835186399}",unknown,0,[]
ENSG00000130755,GMFG,0,0.01864264889861778,"{""expression_atlas"": 0.01864264889861778}",unknown,0,[]
ENSG00000285836,ENSG00000285836,0,0.01863364171316352,"{""expression_atlas"": 0.01863364171316352}",unknown,0,[]
ENSG00000133063,CHIT1,0,0.018629389176718497,"{""expression_atlas"": 0.018629389176718497}",unknown,0,[]
ENSG00000173917,HOXB2,0,0.018625834720027327,"{""expression_atlas"": 0.018625834720027327}",unknown,0,[]
ENSG00000214711,CAPN14,0,0.018624148932245305,"{""expression_atlas"": 0.018624148932245305}",unknown,0,[]
ENSG00000154269,ENPP3,0,0.018623732461025246,"{""expression_atlas"": 0.018623732461025246}",unknown,0,[]
ENSG00000266835,GAPLINC,0,0.01861754309788834,"{""expression_atlas"": 0.01861754309788834}",unknown,0,[]
ENSG00000112796,ENPP5,0,0.018606384156056782,"{""expression_atlas"": 0.018606384156056782}",unknown,0,[]
ENSG00000127995,CASD1,0,0.01860281949410484,"{""expression_atlas"": 0.01860281949410484}",unknown,0,[]
ENSG00000179299,NSUN7,0,0.018601033581216567,"{""expression_atlas"": 0.018601033581216567}",unknown,0,[]
ENSG00000237011,ENSG00000237011,0,0.018597047130460998,"{""expression_atlas"": 0.018597047130460998}",unknown,0,[]
ENSG00000143333,RGS16,0,0.018582543558717857,"{""expression_atlas"": 0.018582543558717857}",unknown,0,[]
ENSG00000251127,ENSG00000251127,0,0.018580556953357252,"{""expression_atlas"": 0.018580556953357252}",unknown,0,[]
ENSG00000109929,SC5D,0,0.018570986549015123,"{""expression_atlas"": 0.018570986549015123}",unknown,0,[]
ENSG00000119771,KLHL29,0,0.018570965686978625,"{""expression_atlas"": 0.018570965686978625}",unknown,0,[]
ENSG00000221955,SLC12A8,0,0.018562169632473043,"{""expression_atlas"": 0.018562169632473043}",unknown,0,[]
ENSG00000067057,PFKP,0,0.01854464693574059,"{""expression_atlas"": 0.01854464693574059}",unknown,0,[]
ENSG00000073754,CD5L,0,0.018541334576985927,"{""expression_atlas"": 0.018541334576985927}",unknown,0,[]
ENSG00000229720,ENSG00000229720,0,0.018538668150192093,"{""expression_atlas"": 0.018538668150192093}",unknown,0,[]
ENSG00000147869,CER1,0,0.018538668150192093,"{""expression_atlas"": 0.018538668150192093}",unknown,0,[]
ENSG00000200170,Y_RNA,0,0.018530352626988912,"{""expression_atlas"": 0.018530352626988912}",unknown,0,[]
ENSG00000103196,CRISPLD2,0,0.018525670721014298,"{""expression_atlas"": 0.018525670721014298}",unknown,0,[]
ENSG00000153234,NR4A2,0,0.01852366716403424,"{""expression_atlas"": 0.01852366716403424}",unknown,0,[]
ENSG00000279498,ENSG00000279498,0,0.01851659196074005,"{""expression_atlas"": 0.01851659196074005}",unknown,0,[]
ENSG00000260084,ENSG00000260084,0,0.01849729459753154,"{""expression_atlas"": 0.01849729459753154}",unknown,0,[]
ENSG00000196924,FLNA,0,0.01849651219757057,"{""expression_atlas"": 0.01849651219757057}",unknown,0,[]
ENSG00000163689,CFAP20DC,0,0.01846863289690402,"{""expression_atlas"": 0.01846863289690402}",unknown,0,[]
ENSG00000121871,SLITRK3,0,0.018462055693216437,"{""expression_atlas"": 0.018462055693216437}",unknown,0,[]
ENSG00000210174,MT-TR,0,0.018450107811367883,"{""expression_atlas"": 0.018450107811367883}",unknown,0,[]
ENSG00000158352,SHROOM4,0,0.018403902970626634,"{""expression_atlas"": 0.018403902970626634}",unknown,0,[]
ENSG00000277734,TRAC,0,0.01839526575980972,"{""expression_atlas"": 0.01839526575980972}",unknown,0,[]
ENSG00000278685,DRC11L,0,0.01838408491199532,"{""expression_atlas"": 0.01838408491199532}",unknown,0,[]
ENSG00000166819,PLIN1,0,0.01837633586972341,"{""expression_atlas"": 0.01837633586972341}",unknown,0,[]
ENSG00000111846,GCNT2,0,0.018352737792379146,"{""expression_atlas"": 0.018352737792379146}",unknown,0,[]
ENSG00000105370,LIM2,0,0.01835240567893314,"{""expression_atlas"": 0.01835240567893314}",unknown,0,[]
ENSG00000103811,CTSH,0,0.01835213728538403,"{""expression_atlas"": 0.01835213728538403}",unknown,0,[]
ENSG00000170477,KRT4,0,0.018344291541732966,"{""expression_atlas"": 0.018344291541732966}",unknown,0,[]
ENSG00000154721,JAM2,0,0.018336471040220313,"{""expression_atlas"": 0.018336471040220313}",unknown,0,[]
ENSG00000135069,PSAT1,0,0.0183340152712285,"{""expression_atlas"": 0.0183340152712285}",unknown,0,[]
ENSG00000196209,SIRPB2,0,0.018333802446885587,"{""expression_atlas"": 0.018333802446885587}",unknown,0,[]
ENSG00000170153,RNF150,0,0.018328753113093624,"{""expression_atlas"": 0.018328753113093624}",unknown,0,[]
ENSG00000233355,CHRM3-AS2,0,0.01832812775441552,"{""expression_atlas"": 0.01832812775441552}",unknown,0,[]
ENSG00000163121,NEURL3,0,0.018319302946347888,"{""expression_atlas"": 0.018319302946347888}",unknown,0,[]
ENSG00000164542,MATCAP2,0,0.01830724127017392,"{""expression_atlas"": 0.01830724127017392}",unknown,0,[]
ENSG00000026652,AGPAT4,0,0.018303702880115156,"{""expression_atlas"": 0.018303702880115156}",unknown,0,[]
ENSG00000136881,BAAT,0,0.01829562215091279,"{""expression_atlas"": 0.01829562215091279}",unknown,0,[]
ENSG00000177283,FZD8,0,0.01829271707482363,"{""expression_atlas"": 0.01829271707482363}",unknown,0,[]
ENSG00000279286,ENSG00000279286,0,0.018284697390903656,"{""expression_atlas"": 0.018284697390903656}",unknown,0,[]
ENSG00000153885,KCTD15,0,0.018280664195815796,"{""expression_atlas"": 0.018280664195815796}",unknown,0,[]
ENSG00000256262,USP30-AS1,0,0.018275667858948692,"{""expression_atlas"": 0.018275667858948692}",unknown,0,[]
ENSG00000070601,FRMPD1,0,0.018266873490906596,"{""expression_atlas"": 0.018266873490906596}",unknown,0,[]
ENSG00000100721,TCL1A,0,0.018251549421474424,"{""expression_atlas"": 0.018251549421474424}",unknown,0,[]
ENSG00000065717,TLE2,0,0.018249151658242594,"{""expression_atlas"": 0.018249151658242594}",unknown,0,[]
ENSG00000163961,RNF168,0,0,{},unknown,0,[]
ENSG00000152601,MBNL1,0,0,{},unknown,0,[]
ENSG00000180176,TH,0,0,{},unknown,0,"[""CHEMBL1200862""]"
ENSG00000105879,CBLL1,0,0,{},unknown,0,[]
ENSG00000134321,RSAD2,0,0,{},unknown,0,[]
ENSG00000162298,SYVN1,0,0,{},unknown,0,[]
ENSG00000113658,SMAD5,0,0,{},unknown,0,[]
ENSG00000138764,CCNG2,0,0,{},unknown,0,[]
ENSG00000138686,BBS7,0,0,{},unknown,0,[]
ENSG00000203879,GDI1,0,0,{},unknown,0,[]
ENSG00000185591,SP1,0,0,{},unknown,0,[]
ENSG00000068971,PPP2R5B,0,0,{},unknown,0,[]
ENSG00000149435,GGTLC1,0,0,{},unknown,0,[]
ENSG00000137185,ZSCAN9,0,0,{},unknown,0,[]
ENSG00000077498,TYR,0,0,{},unknown,0,"[""CHEMBL1388"", ""CHEMBL544""]"
ENSG00000127472,PLA2G5,0,0,{},unknown,0,[]
ENSG00000103260,METRN,0,0,{},unknown,0,[]
ENSG00000162775,RBM15,0,0,{},unknown,0,[]
ENSG00000006606,CCL26,0,0,{},unknown,0,[]
ENSG00000110911,SLC11A2,0,0,{},unknown,0,[]
ENSG00000166189,HPS6,0,0,{},unknown,0,[]
ENSG00000143376,SNX27,0,0,{},unknown,0,[]
ENSG00000101096,NFATC2,0,0,{},unknown,0,[]
ENSG00000213906,LTB4R2,0,0,{},unknown,0,[]
ENSG00000285448,LNCARGI,0,0,{},unknown,0,[]
ENSG00000072506,HSD17B10,0,0,{},unknown,0,[]
ENSG00000173786,CNP,0,0,{},unknown,0,[]
ENSG00000027697,IFNGR1,0,0,{},unknown,0,"[""CHEMBL1201564""]"
ENSG00000012124,CD22,0,0,{},unknown,0,"[""CHEMBL1743043"", ""CHEMBL2108611""]"
ENSG00000175868,CALCB,0,0,{},unknown,0,"[""CHEMBL3707328"", ""CHEMBL3833320"", ""CHEMBL4297756""]"
ENSG00000111602,TIMELESS,0,0,{},unknown,0,[]
ENSG00000114770,ABCC5,0,0,{},unknown,0,[]
ENSG00000155886,SLC24A2,0,0,{},unknown,0,[]
ENSG00000123066,MED13L,0,0,{},unknown,0,[]
ENSG00000155827,RNF20,0,0,{},unknown,0,[]
ENSG00000109927,TECTA,0,0,{},unknown,0,[]
ENSG00000139437,TCHP,0,0,{},unknown,0,[]
ENSG00000141503,MINK1,0,0,{},unknown,0,[]
ENSG00000184845,DRD1,0,0,{},unknown,0,"[""CHEMBL1113"", ""CHEMBL1201356"", ""CHEMBL1423"", ""CHEMBL2364968"", ""CHEMBL588""]"
ENSG00000171132,PRKCE,0,0,{},unknown,0,"[""CHEMBL608533""]"
ENSG00000162337,LRP5,0,0,{},unknown,0,[]
ENSG00000129455,KLK8,0,0,{},unknown,0,[]
ENSG00000101204,CHRNA4,0,0,{},unknown,0,"[""CHEMBL1076903"", ""CHEMBL3""]"
ENSG00000083067,TRPM3,0,0,{},unknown,0,[]
ENSG00000204439,C6orf47,0,0,{},unknown,0,[]
ENSG00000049759,NEDD4L,0,0,{},unknown,0,[]
ENSG00000196408,NOXO1,0,0,{},unknown,0,[]
ENSG00000204544,MUC21,0,0,{},unknown,0,[]
ENSG00000261272,MUC22,0,0,{},unknown,0,[]
ENSG00000117713,ARID1A,0,0,{},unknown,0,[]
ENSG00000090554,FLT3LG,0,0,{},unknown,0,[]
ENSG00000164024,METAP1,0,0,{},unknown,0,[]
ENSG00000281591,DBET,0,0,{},unknown,0,[]
ENSG00000125445,MRPS7,0,0,{},unknown,0,[]
ENSG00000204091,TDRG1,0,0,{},unknown,0,[]
ENSG00000181019,NQO1,0,0,{},unknown,0,[]
ENSG00000185896,LAMP1,0,0,{},unknown,0,[]
ENSG00000103152,MPG,0,0,{},unknown,0,[]
ENSG00000134363,FST,0,0,{},unknown,0,[]
ENSG00000167232,ZNF91,0,0,{},unknown,0,[]
ENSG00000073712,FERMT2,0,0,{},unknown,0,[]
ENSG00000181856,SLC2A4,0,0,{},unknown,0,[]
ENSG00000164687,FABP5,0,0,{},unknown,0,[]
ENSG00000124568,SLC17A1,0,0,{},unknown,0,[]
ENSG00000239839,DEFA3,0,0,{},unknown,0,[]
ENSG00000182165,TP53TG1,0,0,{},unknown,0,[]
ENSG00000189196,LINC00994,0,0,{},unknown,0,[]
ENSG00000101161,PRPF6,0,0,{},unknown,0,[]
ENSG00000131747,TOP2A,0,0,{},unknown,0,"[""CHEMBL1096885"", ""CHEMBL1117"", ""CHEMBL1200645"", ""CHEMBL1738"", ""CHEMBL178"", ""CHEMBL43"", ""CHEMBL44657"", ""CHEMBL452231"", ""CHEMBL53463"", ""CHEMBL58""]"
ENSG00000117054,ACADM,0,0,{},unknown,0,[]
ENSG00000280634,THRIL,0,0,{},unknown,0,[]
ENSG00000114030,KPNA1,0,0,{},unknown,0,[]
ENSG00000135094,SDS,0,0,{},unknown,0,[]
ENSG00000165802,NSMF,0,0,{},unknown,0,[]
ENSG00000114353,GNAI2,0,0,{},unknown,0,[]
ENSG00000163531,NFASC,0,0,{},unknown,0,[]
ENSG00000117505,DR1,0,0,{},unknown,0,[]
ENSG00000105372,RPS19,0,0,{},unknown,0,"[""CHEMBL256997""]"
ENSG00000048462,TNFRSF17,0,0,{},unknown,0,"[""CHEMBL4297809"", ""CHEMBL4298199"", ""CHEMBL4594505"", ""CHEMBL4802263""]"
ENSG00000109111,SUPT6H,0,0,{},unknown,0,[]
ENSG00000198911,SREBF2,0,0,{},unknown,0,[]
ENSG00000198848,CES1,0,0,{},unknown,0,[]
ENSG00000147437,GNRH1,0,0,{},unknown,0,[]
ENSG00000005471,ABCB4,0,0,{},unknown,0,[]
ENSG00000112406,HECA,0,0,{},unknown,0,[]
ENSG00000215021,PHB2,0,0,{},unknown,0,[]
ENSG00000109065,NAT9,0,0,{},unknown,0,[]
ENSG00000196090,PTPRT,0,0,{},unknown,0,[]
ENSG00000235821,IFITM4P,0,0,{},unknown,0,[]
ENSG00000092439,TRPM7,0,0,{},unknown,0,[]
ENSG00000171097,KYAT1,0,0,{},unknown,0,[]
ENSG00000118579,MED28,0,0,{},unknown,0,[]
ENSG00000100804,PSMB5,0,0,{},unknown,0,"[""CHEMBL325041"", ""CHEMBL3545432"", ""CHEMBL451887""]"
ENSG00000213420,GPC2,0,0,{},unknown,0,[]
ENSG00000111981,ULBP1,0,0,{},unknown,0,[]
ENSG00000121039,RDH10,0,0,{},unknown,0,[]
ENSG00000086598,TMED2,0,0,{},unknown,0,[]
ENSG00000109610,SOD3,0,0,{},unknown,0,[]
ENSG00000254550,OMP,0,0,{},unknown,0,[]
ENSG00000036448,MYOM2,0,0,{},unknown,0,[]
ENSG00000071537,SEL1L,0,0,{},unknown,0,[]
ENSG00000182450,KCNK4,0,0,{},unknown,0,[]
ENSG00000163513,TGFBR2,0,0,{},unknown,0,[]
ENSG00000075673,ATP12A,0,0,{},unknown,0,[]
ENSG00000180616,SSTR2,0,0,{},unknown,0,"[""CHEMBL1201185"", ""CHEMBL1680"", ""CHEMBL3349607"", ""CHEMBL4302409""]"
ENSG00000136874,STX17,0,0,{},unknown,0,[]
ENSG00000157150,TIMP4,0,0,{},unknown,0,[]
ENSG00000027075,PRKCH,0,0,{},unknown,0,"[""CHEMBL608533""]"
ENSG00000259956,RBM15B,0,0,{},unknown,0,[]
ENSG00000138136,LBX1,0,0,{},unknown,0,[]
ENSG00000248131,LINC01194,0,0,{},unknown,0,[]
ENSG00000234127,TRIM26,0,0,{},unknown,0,[]
ENSG00000176358,TAC4,0,0,{},unknown,0,[]
ENSG00000182199,SHMT2,0,0,{},unknown,0,[]
ENSG00000166794,PPIB,0,0,{},unknown,0,[]
ENSG00000170044,ZPLD1,0,0,{},unknown,0,[]
ENSG00000172543,CTSW,0,0,{},unknown,0,[]
ENSG00000131023,LATS1,0,0,{},unknown,0,[]
ENSG00000018510,AGPS,0,0,{},unknown,0,[]
ENSG00000106392,C1GALT1,0,0,{},unknown,0,[]
ENSG00000157152,SYN2,0,0,{},unknown,0,[]
ENSG00000118961,LDAH,0,0,{},unknown,0,[]
ENSG00000240520,UOX,0,0,{},unknown,0,[]
ENSG00000114450,GNB4,0,0,{},unknown,0,[]
ENSG00000110921,MVK,0,0,{},unknown,0,[]
ENSG00000132507,EIF5A,0,0,{},unknown,0,[]
ENSG00000205097,FRG2,0,0,{},unknown,0,[]
ENSG00000147655,RSPO2,0,0,{},unknown,0,[]
ENSG00000170242,USP47,0,0,{},unknown,0,[]
ENSG00000189409,MMP23B,0,0,{},unknown,0,[]
ENSG00000173801,JUP,0,0,{},unknown,0,[]
ENSG00000231130,HLA-T,0,0,{},unknown,0,[]
ENSG00000185010,F8,0,0,{},unknown,0,"[""CHEMBL2108175"", ""CHEMBL2108286"", ""CHEMBL2108319"", ""CHEMBL2109137"", ""CHEMBL4297873"", ""CHEMBL4297945"", ""CHEMBL4594584"", ""CHEMBL4594603"", ""CHEMBL5095275"", ""CHEMBL5315069"", ""CHEMBL5315071"", ""CHEMBL5315075""]"
ENSG00000008056,SYN1,0,0,{},unknown,0,[]
ENSG00000198646,NCOA6,0,0,{},unknown,0,[]
ENSG00000130988,RGN,0,0,{},unknown,0,[]
ENSG00000188488,SERPINA5,0,0,{},unknown,0,[]
ENSG00000131473,ACLY,0,0,{},unknown,0,"[""CHEMBL3545313""]"
ENSG00000169057,MECP2,0,0,{},unknown,0,[]
ENSG00000111664,GNB3,0,0,{},unknown,0,[]
ENSG00000205220,PSMB10,0,0,{},unknown,0,"[""CHEMBL325041"", ""CHEMBL3545432"", ""CHEMBL451887""]"
ENSG00000146376,ARHGAP18,0,0,{},unknown,0,[]
ENSG00000161677,JOSD2,0,0,{},unknown,0,[]
ENSG00000109536,FRG1,0,0,{},unknown,0,[]
ENSG00000187134,AKR1C1,0,0,{},unknown,0,[]
ENSG00000254682,DHCR7-DT,0,0,{},unknown,0,[]
ENSG00000187688,TRPV2,0,0,{},unknown,0,[]
ENSG00000215644,GCGR,0,0,{},unknown,0,"[""CHEMBL4650274"", ""CHEMBL5314341"", ""CHEMBL5314342""]"
ENSG00000164609,SLU7,0,0,{},unknown,0,[]
ENSG00000137106,GRHPR,0,0,{},unknown,0,[]
ENSG00000178338,ZNF354B,0,0,{},unknown,0,[]
ENSG00000129152,MYOD1,0,0,{},unknown,0,[]
ENSG00000204913,LRRC3C,0,0,{},unknown,0,[]
ENSG00000158169,FANCC,0,0,{},unknown,0,[]
ENSG00000144481,TRPM8,0,0,{},unknown,0,"[""CHEMBL256087""]"
ENSG00000179094,PER1,0,0,{},unknown,0,[]
ENSG00000152208,GRID2,0,0,{},unknown,0,[]
ENSG00000171631,P2RY6,0,0,{},unknown,0,"[""CHEMBL221326""]"
ENSG00000182687,GALR2,0,0,{},unknown,0,[]
ENSG00000076356,PLXNA2,0,0,{},unknown,0,[]
ENSG00000167548,KMT2D,0,0,{},unknown,0,[]
ENSG00000205542,TMSB4X,0,0,{},unknown,0,[]
ENSG00000075213,SEMA3A,0,0,{},unknown,0,[]
ENSG00000167768,KRT1,0,0,{},unknown,0,[]
ENSG00000134760,DSG1,0,0,{},unknown,0,[]
ENSG00000148288,GBGT1,0,0,{},unknown,0,[]
ENSG00000138741,TRPC3,0,0,{},unknown,0,[]
ENSG00000130202,NECTIN2,0,0,{},unknown,0,[]
ENSG00000158062,UBXN11,0,0,{},unknown,0,[]
ENSG00000141086,CTRL,0,0,{},unknown,0,[]
ENSG00000116337,AMPD2,0,0,{},unknown,0,[]
ENSG00000101311,FERMT1,0,0,{},unknown,0,[]
ENSG00000163755,HPS3,0,0,{},unknown,0,[]
ENSG00000213281,NRAS,0,0,{},unknown,0,[]
ENSG00000172238,ATOH1,0,0,{},unknown,0,[]
ENSG00000170485,NPAS2,0,0,{},unknown,0,[]
ENSG00000214253,FIS1,0,0,{},unknown,0,[]
ENSG00000168397,ATG4B,0,0,{},unknown,0,[]
ENSG00000062485,CS,0,0,{},unknown,0,[]
ENSG00000289746,TARP,0,0,{},unknown,0,[]
ENSG00000165527,ARF6,0,0,{},unknown,0,[]
ENSG00000178950,GAK,0,0,{},unknown,0,[]
ENSG00000135111,TBX3,0,0.01823542639489494,"{""expression_atlas"": 0.01823542639489494}",unknown,0,[]
ENSG00000128595,CALU,0,0.018219074849301426,"{""expression_atlas"": 0.018219074849301426}",unknown,0,[]
ENSG00000196139,AKR1C3,0,0.018210863635053864,"{""expression_atlas"": 0.018210863635053864}",unknown,0,[]
ENSG00000149451,ADAM33,0,0.018207436308420928,"{""expression_atlas"": 0.018207436308420928}",unknown,0,[]
ENSG00000128011,LRFN1,0,0.01820205731523444,"{""expression_atlas"": 0.01820205731523444}",unknown,0,[]
ENSG00000134668,SPOCD1,0,0.01817595910726721,"{""expression_atlas"": 0.01817595910726721}",unknown,0,[]
ENSG00000214652,ZNF727,0,0.018166890841468514,"{""expression_atlas"": 0.018166890841468514}",unknown,0,[]
ENSG00000237380,HOXD-AS2,0,0.018162016047217233,"{""expression_atlas"": 0.018162016047217233}",unknown,0,[]
ENSG00000256394,ASIC5,0,0.018159432175351146,"{""expression_atlas"": 0.018159432175351146}",unknown,0,[]
ENSG00000112769,LAMA4,0,0.018141992171699654,"{""expression_atlas"": 0.018141992171699654}",unknown,0,"[""CHEMBL2095222""]"
ENSG00000119986,AVPI1,0,0.018126398994749743,"{""expression_atlas"": 0.018126398994749743}",unknown,0,[]
ENSG00000011426,ANLN,0,0.018120087147864436,"{""expression_atlas"": 0.018120087147864436}",unknown,0,[]
ENSG00000123684,LPGAT1,0,0.01811550113963423,"{""expression_atlas"": 0.01811550113963423}",unknown,0,[]
ENSG00000067064,IDI1,0,0.01805375642190174,"{""expression_atlas"": 0.01805375642190174}",unknown,0,[]
ENSG00000236377,MYO1D-DT,0,0.018026399277949603,"{""expression_atlas"": 0.018026399277949603}",unknown,0,[]
ENSG00000196937,FAM3C,0,0.017968368429523752,"{""expression_atlas"": 0.017968368429523752}",unknown,0,[]
ENSG00000159784,FAM131B,0,0.01795574625931166,"{""expression_atlas"": 0.01795574625931166}",unknown,0,[]
ENSG00000162946,DISC1,0,0.01794850722671208,"{""expression_atlas"": 0.01794850722671208}",unknown,0,[]
ENSG00000168004,PLAAT5,0,0.01792224701968447,"{""expression_atlas"": 0.01792224701968447}",unknown,0,[]
ENSG00000178789,CD300LB,0,0.014876814934988176,"{""expression_atlas"": 0.014876814934988176}",unknown,0,[]
ENSG00000169071,ROR2,0,0.01791017690541703,"{""expression_atlas"": 0.01791017690541703}",unknown,0,[]
ENSG00000175471,MCTP1,0,0.01789393509134838,"{""expression_atlas"": 0.01789393509134838}",unknown,0,[]
ENSG00000162882,HAAO,0,0.017868989116216996,"{""expression_atlas"": 0.017868989116216996}",unknown,0,[]
ENSG00000278829,ENSG00000278829,0,0.017841680655378778,"{""expression_atlas"": 0.017841680655378778}",unknown,0,[]
ENSG00000170954,ZNF415,0,0.017821089119633204,"{""expression_atlas"": 0.017821089119633204}",unknown,0,[]
ENSG00000281383,ENSG00000281383,0,0.017805423452442976,"{""expression_atlas"": 0.017805423452442976}",unknown,0,[]
ENSG00000072571,HMMR,0,0.017804008683374332,"{""expression_atlas"": 0.017804008683374332}",unknown,0,[]
ENSG00000259108,LINC01595,0,0.01779242053804346,"{""expression_atlas"": 0.01779242053804346}",unknown,0,[]
ENSG00000147100,SLC16A2,0,0.01778179911039929,"{""expression_atlas"": 0.01778179911039929}",unknown,0,[]
ENSG00000204882,GPR20,0,0.01776925970393886,"{""expression_atlas"": 0.01776925970393886}",unknown,0,[]
ENSG00000004700,RECQL,0,0.017751913581537656,"{""expression_atlas"": 0.017751913581537656}",unknown,0,[]
ENSG00000163840,DTX3L,0,0.01771498181863393,"{""expression_atlas"": 0.01771498181863393}",unknown,0,[]
ENSG00000108946,PRKAR1A,0,0.01771498181863393,"{""expression_atlas"": 0.01771498181863393}",unknown,0,[]
ENSG00000102580,DNAJC3,0,0.01771251298630927,"{""expression_atlas"": 0.01771251298630927}",unknown,0,[]
ENSG00000227217,FCRL3-AS1,0,0.017687683724881716,"{""expression_atlas"": 0.017687683724881716}",unknown,0,[]
ENSG00000229393,ENSG00000229393,0,0.017687683724881716,"{""expression_atlas"": 0.017687683724881716}",unknown,0,[]
ENSG00000285710,ENSG00000285710,0,0.01768396159400452,"{""expression_atlas"": 0.01768396159400452}",unknown,0,[]
ENSG00000237886,NALT1,0,0.01768186095072778,"{""expression_atlas"": 0.01768186095072778}",unknown,0,[]
ENSG00000145832,SLC25A48,0,0.017664442091444073,"{""expression_atlas"": 0.017664442091444073}",unknown,0,[]
ENSG00000100003,SEC14L2,0,0.017662889815809865,"{""expression_atlas"": 0.017662889815809865}",unknown,0,[]
ENSG00000158089,GALNT14,0,0.01766023475253592,"{""expression_atlas"": 0.01766023475253592}",unknown,0,[]
ENSG00000250362,ENSG00000250362,0,0.01764466418010506,"{""expression_atlas"": 0.01764466418010506}",unknown,0,[]
ENSG00000153922,CHD1,0,0.017622885990860905,"{""expression_atlas"": 0.017622885990860905}",unknown,0,[]
ENSG00000101938,CHRDL1,0,0.017618333074229987,"{""expression_atlas"": 0.017618333074229987}",unknown,0,[]
ENSG00000227716,ENSG00000227716,0,0.01761290164547962,"{""expression_atlas"": 0.01761290164547962}",unknown,0,[]
ENSG00000161929,SCIMP,0,0.017599057854609138,"{""expression_atlas"": 0.017599057854609138}",unknown,0,[]
ENSG00000146054,TRIM7,0,0.017556474139866066,"{""expression_atlas"": 0.017556474139866066}",unknown,0,[]
ENSG00000112186,CAP2,0,0.017542511604547305,"{""expression_atlas"": 0.017542511604547305}",unknown,0,[]
ENSG00000168679,SLC16A4,0,0.017538079864003853,"{""expression_atlas"": 0.017538079864003853}",unknown,0,[]
ENSG00000268987,ENSG00000268987,0,0.017529250101027325,"{""expression_atlas"": 0.017529250101027325}",unknown,0,[]
ENSG00000026559,KCNG1,0,0.017522828085875297,"{""expression_atlas"": 0.017522828085875297}",unknown,0,"[""CHEMBL284348"", ""CHEMBL354077"", ""CHEMBL821""]"
ENSG00000241106,HLA-DOB,0,0.017522199155819845,"{""expression_atlas"": 0.017522199155819845}",unknown,0,[]
ENSG00000143641,GALNT2,0,0.017499223028606962,"{""expression_atlas"": 0.017499223028606962}",unknown,0,[]
ENSG00000198910,L1CAM,0,0.0174807386641684,"{""expression_atlas"": 0.0174807386641684}",unknown,0,[]
ENSG00000102760,RGCC,0,0.01747916603969487,"{""expression_atlas"": 0.01747916603969487}",unknown,0,[]
ENSG00000033011,ALG1,0,0.017450006783372246,"{""expression_atlas"": 0.017450006783372246}",unknown,0,[]
ENSG00000134516,DOCK2,0,0.014404429271148399,"{""expression_atlas"": 0.014404429271148399}",unknown,0,[]
ENSG00000101605,MYOM1,0,0.017418018105375722,"{""expression_atlas"": 0.017418018105375722}",unknown,0,[]
ENSG00000276490,ENSG00000276490,0,0.0174124391935744,"{""expression_atlas"": 0.0174124391935744}",unknown,0,[]
ENSG00000260412,ENSG00000260412,0,0.017377868165211276,"{""expression_atlas"": 0.017377868165211276}",unknown,0,[]
ENSG00000197872,CYRIA,0,0.017368835195452393,"{""expression_atlas"": 0.017368835195452393}",unknown,0,[]
ENSG00000188000,OR7D2,0,0.01736513370870679,"{""expression_atlas"": 0.01736513370870679}",unknown,0,[]
ENSG00000165757,JCAD,0,0.017333157187098932,"{""expression_atlas"": 0.017333157187098932}",unknown,0,[]
ENSG00000170011,MYRIP,0,0.0173294324727549,"{""expression_atlas"": 0.0173294324727549}",unknown,0,[]
ENSG00000188760,TMEM198,0,0.01731931640859286,"{""expression_atlas"": 0.01731931640859286}",unknown,0,[]
ENSG00000230234,ENSG00000230234,0,0.01731915594598482,"{""expression_atlas"": 0.01731915594598482}",unknown,0,[]
ENSG00000165685,TMEM52B,0,0.01730817721239041,"{""expression_atlas"": 0.01730817721239041}",unknown,0,[]
ENSG00000285294,LINC00842,0,0.01729598478423625,"{""expression_atlas"": 0.01729598478423625}",unknown,0,[]
ENSG00000234736,FAM170B-AS1,0,0.017253453838672342,"{""expression_atlas"": 0.017253453838672342}",unknown,0,[]
ENSG00000214357,NEURL1B,0,0.01724354612808431,"{""expression_atlas"": 0.01724354612808431}",unknown,0,[]
ENSG00000099337,KCNK6,0,0.01724354612808431,"{""expression_atlas"": 0.01724354612808431}",unknown,0,[]
ENSG00000285966,ENSG00000285966,0,0.017240995102981823,"{""expression_atlas"": 0.017240995102981823}",unknown,0,[]
ENSG00000126803,HSPA2,0,0.017239757214576358,"{""expression_atlas"": 0.017239757214576358}",unknown,0,[]
ENSG00000233392,UICLM,0,0.017238114318307643,"{""expression_atlas"": 0.017238114318307643}",unknown,0,[]
ENSG00000219607,PPP1R3G,0,0.01722116304555464,"{""expression_atlas"": 0.01722116304555464}",unknown,0,[]
ENSG00000138964,PARVG,0,0.017219410165230865,"{""expression_atlas"": 0.017219410165230865}",unknown,0,[]
ENSG00000179954,SSC5D,0,0.017215960855652777,"{""expression_atlas"": 0.017215960855652777}",unknown,0,[]
ENSG00000156218,ADAMTSL3,0,0.017215960855652777,"{""expression_atlas"": 0.017215960855652777}",unknown,0,[]
ENSG00000011332,DPF1,0,0.017195426707744838,"{""expression_atlas"": 0.017195426707744838}",unknown,0,[]
ENSG00000136999,CCN3,0,0.017185689482801154,"{""expression_atlas"": 0.017185689482801154}",unknown,0,[]
ENSG00000165140,FBP1,0,0.017181490029048285,"{""expression_atlas"": 0.017181490029048285}",unknown,0,[]
ENSG00000140015,KCNH5,0,0.01717523527887343,"{""expression_atlas"": 0.01717523527887343}",unknown,0,"[""CHEMBL284348"", ""CHEMBL354077"", ""CHEMBL821""]"
ENSG00000250116,RHOQ-AS1,0,0.017173610104463947,"{""expression_atlas"": 0.017173610104463947}",unknown,0,[]
ENSG00000158186,MRAS,0,0.01716691767839288,"{""expression_atlas"": 0.01716691767839288}",unknown,0,[]
ENSG00000280140,ENSG00000280140,0,0.017158733374400836,"{""expression_atlas"": 0.017158733374400836}",unknown,0,[]
ENSG00000257137,LINC02874,0,0.017130720814850054,"{""expression_atlas"": 0.017130720814850054}",unknown,0,[]
ENSG00000270760,ENSG00000270760,0,0.017128025653399076,"{""expression_atlas"": 0.017128025653399076}",unknown,0,[]
ENSG00000145050,MANF,0,0.017110080046903942,"{""expression_atlas"": 0.017110080046903942}",unknown,0,[]
ENSG00000120693,SMAD9,0,0.017101403678849207,"{""expression_atlas"": 0.017101403678849207}",unknown,0,[]
ENSG00000117525,F3,0,0.017101251504937097,"{""expression_atlas"": 0.017101251504937097}",unknown,0,"[""CHEMBL4297841""]"
ENSG00000154553,PDLIM3,0,0.017087677490019944,"{""expression_atlas"": 0.017087677490019944}",unknown,0,[]
ENSG00000170935,NCBP2L,0,0.017069926692321012,"{""expression_atlas"": 0.017069926692321012}",unknown,0,[]
ENSG00000174482,LINGO2,0,0.017069926692321012,"{""expression_atlas"": 0.017069926692321012}",unknown,0,[]
ENSG00000101746,NOL4,0,0.017057165960835716,"{""expression_atlas"": 0.017057165960835716}",unknown,0,[]
ENSG00000137700,SLC37A4,0,0.01704599256933486,"{""expression_atlas"": 0.01704599256933486}",unknown,0,[]
ENSG00000260171,ENSG00000260171,0,0.017037438339987193,"{""expression_atlas"": 0.017037438339987193}",unknown,0,[]
ENSG00000198832,SELENOM,0,0.017034868297816582,"{""expression_atlas"": 0.017034868297816582}",unknown,0,[]
ENSG00000204161,TMEM273,0,0.01702173552887873,"{""expression_atlas"": 0.01702173552887873}",unknown,0,[]
ENSG00000280055,LINC02912,0,0.017021588570044374,"{""expression_atlas"": 0.017021588570044374}",unknown,0,[]
ENSG00000225680,ENSG00000225680,0,0.017005340829883905,"{""expression_atlas"": 0.017005340829883905}",unknown,0,[]
ENSG00000171243,SOSTDC1,0,0.017005312993599146,"{""expression_atlas"": 0.017005312993599146}",unknown,0,[]
ENSG00000224822,THRB-IT1,0,0.016977273382199398,"{""expression_atlas"": 0.016977273382199398}",unknown,0,[]
ENSG00000232934,ENSG00000232934,0,0.016969592030424457,"{""expression_atlas"": 0.016969592030424457}",unknown,0,[]
ENSG00000162733,DDR2,0,0.016968577615606863,"{""expression_atlas"": 0.016968577615606863}",unknown,0,"[""CHEMBL1946170""]"
ENSG00000262454,MIR193BHG,0,0.01696321025223743,"{""expression_atlas"": 0.01696321025223743}",unknown,0,[]
ENSG00000152977,ZIC1,0,0.016960336053809987,"{""expression_atlas"": 0.016960336053809987}",unknown,0,[]
ENSG00000171914,TLN2,0,0.016957668054408362,"{""expression_atlas"": 0.016957668054408362}",unknown,0,[]
ENSG00000213904,LIPE-AS1,0,0.016933899118009795,"{""expression_atlas"": 0.016933899118009795}",unknown,0,[]
ENSG00000103528,SYT17,0,0.016902855804129754,"{""expression_atlas"": 0.016902855804129754}",unknown,0,[]
ENSG00000187268,FAM9C,0,0.016886742700129496,"{""expression_atlas"": 0.016886742700129496}",unknown,0,[]
ENSG00000184949,FAM227A,0,0.016852228886269926,"{""expression_atlas"": 0.016852228886269926}",unknown,0,[]
ENSG00000121898,CPXM2,0,0.016812125550743434,"{""expression_atlas"": 0.016812125550743434}",unknown,0,[]
ENSG00000277199,LINC01632,0,0.016812125550743434,"{""expression_atlas"": 0.016812125550743434}",unknown,0,[]
ENSG00000168237,GLYCTK,0,0.01680553079490891,"{""expression_atlas"": 0.01680553079490891}",unknown,0,[]
ENSG00000124785,NRN1,0,0.016799854995732083,"{""expression_atlas"": 0.016799854995732083}",unknown,0,[]
ENSG00000226453,LINC02542,0,0.016795771411427553,"{""expression_atlas"": 0.016795771411427553}",unknown,0,[]
ENSG00000070540,WIPI1,0,0.016783752093104797,"{""expression_atlas"": 0.016783752093104797}",unknown,0,[]
ENSG00000137699,TRIM29,0,0.016782265765172305,"{""expression_atlas"": 0.016782265765172305}",unknown,0,[]
ENSG00000112208,BAG2,0,0.016755892772674634,"{""expression_atlas"": 0.016755892772674634}",unknown,0,[]
ENSG00000277542,ENSG00000277542,0,0.0167479604993729,"{""expression_atlas"": 0.0167479604993729}",unknown,0,[]
ENSG00000083782,EPYC,0,0.01673819669738628,"{""expression_atlas"": 0.01673819669738628}",unknown,0,[]
ENSG00000108846,ABCC3,0,0.016732060610538224,"{""expression_atlas"": 0.016732060610538224}",unknown,0,[]
ENSG00000175538,KCNE3,0,0.01672439592944199,"{""expression_atlas"": 0.01672439592944199}",unknown,0,[]
ENSG00000154645,CHODL,0,0.01672309532837311,"{""expression_atlas"": 0.01672309532837311}",unknown,0,[]
ENSG00000174939,ASPHD1,0,0.016714077384282017,"{""expression_atlas"": 0.016714077384282017}",unknown,0,[]
ENSG00000254510,ENSG00000254510,0,0.016704357606576313,"{""expression_atlas"": 0.016704357606576313}",unknown,0,[]
ENSG00000225362,CT62,0,0.016686484424690614,"{""expression_atlas"": 0.016686484424690614}",unknown,0,[]
ENSG00000236304,LRRC32-AS1,0,0.016685245266848767,"{""expression_atlas"": 0.016685245266848767}",unknown,0,[]
ENSG00000261997,ENSG00000261997,0,0.016673772563452063,"{""expression_atlas"": 0.016673772563452063}",unknown,0,[]
ENSG00000136514,RTP4,0,0.016661500592122968,"{""expression_atlas"": 0.016661500592122968}",unknown,0,[]
ENSG00000188372,ZP3,0,0.016656406455558284,"{""expression_atlas"": 0.016656406455558284}",unknown,0,[]
ENSG00000180773,SLC36A4,0,0.0166169146697397,"{""expression_atlas"": 0.0166169146697397}",unknown,0,[]
ENSG00000143867,OSR1,0,0.016616476382091697,"{""expression_atlas"": 0.016616476382091697}",unknown,0,[]
ENSG00000112699,GMDS,0,0.016609252716046817,"{""expression_atlas"": 0.016609252716046817}",unknown,0,[]
ENSG00000183036,PCP4,0,0.016589614694249154,"{""expression_atlas"": 0.016589614694249154}",unknown,0,[]
ENSG00000186479,RGS7BP,0,0.0165804140829112,"{""expression_atlas"": 0.0165804140829112}",unknown,0,[]
ENSG00000095321,CRAT,0,0.01656939897685671,"{""expression_atlas"": 0.01656939897685671}",unknown,0,[]
ENSG00000101384,JAG1,0,0,{},unknown,0,[]
ENSG00000140464,PML,0,0,{},unknown,0,[]
ENSG00000230943,LINC02541,0,0.016543173716933673,"{""expression_atlas"": 0.016543173716933673}",unknown,0,[]
ENSG00000181617,FDCSP,0,0.016503070220679258,"{""expression_atlas"": 0.016503070220679258}",unknown,0,[]
ENSG00000233521,LINC01638,0,0.016477309541489772,"{""expression_atlas"": 0.016477309541489772}",unknown,0,[]
ENSG00000251536,ENSG00000251536,0,0.016458767806331827,"{""expression_atlas"": 0.016458767806331827}",unknown,0,[]
ENSG00000263417,GTSCR1,0,0.016444304358808077,"{""expression_atlas"": 0.016444304358808077}",unknown,0,[]
ENSG00000112981,NME5,0,0.016440400023125256,"{""expression_atlas"": 0.016440400023125256}",unknown,0,[]
ENSG00000099139,PCSK5,0,0.01644034608324536,"{""expression_atlas"": 0.01644034608324536}",unknown,0,[]
ENSG00000092421,SEMA6A,0,0.016437134546140653,"{""expression_atlas"": 0.016437134546140653}",unknown,0,[]
ENSG00000113356,POLR3G,0,0.016436536563746114,"{""expression_atlas"": 0.016436536563746114}",unknown,0,[]
ENSG00000135929,CYP27A1,0,0.016435404153510066,"{""expression_atlas"": 0.016435404153510066}",unknown,0,[]
ENSG00000172965,MIR4435-2HG,0,0.016426483774488174,"{""expression_atlas"": 0.016426483774488174}",unknown,0,[]
ENSG00000261573,PTPRC-AS1,0,0.016409739080931636,"{""expression_atlas"": 0.016409739080931636}",unknown,0,[]
ENSG00000237009,GLIS3-AS1,0,0.016382960169339315,"{""expression_atlas"": 0.016382960169339315}",unknown,0,[]
ENSG00000112902,SEMA5A,0,0.016344898934554476,"{""expression_atlas"": 0.016344898934554476}",unknown,0,[]
ENSG00000048545,GUCA1A,0,0.016340864947086257,"{""expression_atlas"": 0.016340864947086257}",unknown,0,[]
ENSG00000129116,PALLD,0,0.016319913395850035,"{""expression_atlas"": 0.016319913395850035}",unknown,0,[]
ENSG00000033178,UBA6,0,0.016319913395850035,"{""expression_atlas"": 0.016319913395850035}",unknown,0,[]
ENSG00000188803,SHISA6,0,0.01631205978099178,"{""expression_atlas"": 0.01631205978099178}",unknown,0,[]
ENSG00000151929,BAG3,0,0.016294238024829013,"{""expression_atlas"": 0.016294238024829013}",unknown,0,[]
ENSG00000173376,NDNF,0,0.016271041781623457,"{""expression_atlas"": 0.016271041781623457}",unknown,0,[]
ENSG00000211858,TRAJ31,0,0.01625680221202218,"{""expression_atlas"": 0.01625680221202218}",unknown,0,[]
ENSG00000274588,DGKK,0,0.016250966254079884,"{""expression_atlas"": 0.016250966254079884}",unknown,0,[]
ENSG00000007314,SCN4A,0,0.01623682440230527,"{""expression_atlas"": 0.01623682440230527}",unknown,0,"[""CHEMBL1068"", ""CHEMBL1075"", ""CHEMBL1077896"", ""CHEMBL108"", ""CHEMBL1087"", ""CHEMBL1093"", ""CHEMBL1095"", ""CHEMBL1098"", ""CHEMBL1179047"", ""CHEMBL1194"", ""CHEMBL1195"", ""CHEMBL1196"", ""CHEMBL1197"", ""CHEMBL1200"", ""CHEMBL1200443"", ""CHEMBL1201193"", ""CHEMBL1201217"", ""CHEMBL1201242"", ""CHEMBL1201336"", ""CHEMBL1201486"", ""CHEMBL1201754"", ""CHEMBL1242"", ""CHEMBL1294"", ""CHEMBL1404"", ""CHEMBL16"", ""CHEMBL1762"", ""CHEMBL184412"", ""CHEMBL220492"", ""CHEMBL315985"", ""CHEMBL370805"", ""CHEMBL3989949"", ""CHEMBL492"", ""CHEMBL517"", ""CHEMBL558"", ""CHEMBL569"", ""CHEMBL58323"", ""CHEMBL631"", ""CHEMBL640"", ""CHEMBL698"", ""CHEMBL741"", ""CHEMBL744"", ""CHEMBL750"", ""CHEMBL79"", ""CHEMBL856"", ""CHEMBL861"", ""CHEMBL87992"", ""CHEMBL900"", ""CHEMBL918""]"
ENSG00000066294,CD84,0,0.016234629911326244,"{""expression_atlas"": 0.016234629911326244}",unknown,0,[]
ENSG00000147231,RADX,0,0.016226496416256973,"{""expression_atlas"": 0.016226496416256973}",unknown,0,[]
ENSG00000177119,ANO6,0,0.016222950946577042,"{""expression_atlas"": 0.016222950946577042}",unknown,0,[]
ENSG00000234686,ENSG00000234686,0,0.016211720602256563,"{""expression_atlas"": 0.016211720602256563}",unknown,0,[]
ENSG00000165972,CCDC38,0,0.016177438101725262,"{""expression_atlas"": 0.016177438101725262}",unknown,0,[]
ENSG00000102024,PLS3,0,0.016169674862685737,"{""expression_atlas"": 0.016169674862685737}",unknown,0,[]
ENSG00000171860,C3AR1,0,0.01615429873156438,"{""expression_atlas"": 0.01615429873156438}",unknown,0,[]
ENSG00000157502,PWWP3B,0,0.01615429873156438,"{""expression_atlas"": 0.01615429873156438}",unknown,0,[]
ENSG00000277510,Metazoa_SRP,0,0.01615273435626595,"{""expression_atlas"": 0.01615273435626595}",unknown,0,[]
ENSG00000212993,POU5F1B,0,0.01610468423143103,"{""expression_atlas"": 0.01610468423143103}",unknown,0,[]
ENSG00000229205,LINC00200,0,0.016100648685149047,"{""expression_atlas"": 0.016100648685149047}",unknown,0,[]
ENSG00000104972,LILRB1,0,0.013039609076880308,"{""expression_atlas"": 0.013039609076880308}",unknown,0,[]
ENSG00000112137,PHACTR1,0,0.016060557299647945,"{""expression_atlas"": 0.016060557299647945}",unknown,0,[]
ENSG00000162511,LAPTM5,0,0.016059401825342504,"{""expression_atlas"": 0.016059401825342504}",unknown,0,[]
ENSG00000261097,LINC00563,0,0.016032774968301203,"{""expression_atlas"": 0.016032774968301203}",unknown,0,[]
ENSG00000231999,LRRC8C-DT,0,0.016022719323781024,"{""expression_atlas"": 0.016022719323781024}",unknown,0,[]
ENSG00000261652,PIERCE2,0,0.016013081140856304,"{""expression_atlas"": 0.016013081140856304}",unknown,0,[]
ENSG00000138722,MMRN1,0,0.015999768949618864,"{""expression_atlas"": 0.015999768949618864}",unknown,0,[]
ENSG00000253720,CYRIB-AS1,0,0.015985675565056277,"{""expression_atlas"": 0.015985675565056277}",unknown,0,[]
ENSG00000121440,PDZRN3,0,0.015964519379183646,"{""expression_atlas"": 0.015964519379183646}",unknown,0,[]
ENSG00000250208,FZD10-AS1,0,0.01596131010025926,"{""expression_atlas"": 0.01596131010025926}",unknown,0,[]
ENSG00000091181,IL5RA,0,0.015938761686297005,"{""expression_atlas"": 0.015938761686297005}",unknown,0,"[""CHEMBL1742991""]"
ENSG00000136383,ALPK3,0,0.015929247489722465,"{""expression_atlas"": 0.015929247489722465}",unknown,0,[]
ENSG00000087237,CETP,0,0.012878279966662104,"{""expression_atlas"": 0.012878279966662104}",unknown,0,[]
ENSG00000234883,MIR155HG,0,0.015891764041315076,"{""expression_atlas"": 0.015891764041315076}",unknown,0,[]
ENSG00000185567,AHNAK2,0,0.01588392083792139,"{""expression_atlas"": 0.01588392083792139}",unknown,0,[]
ENSG00000269303,GRAMD1A-AS1,0,0.01586320916276647,"{""expression_atlas"": 0.01586320916276647}",unknown,0,[]
ENSG00000144115,THNSL2,0,0.015862446726679344,"{""expression_atlas"": 0.015862446726679344}",unknown,0,[]
ENSG00000197766,CFD,0,0.015849316602842285,"{""expression_atlas"": 0.015849316602842285}",unknown,0,"[""CHEMBL4250860""]"
ENSG00000138135,CH25H,0,0.012800653752171787,"{""expression_atlas"": 0.012800653752171787}",unknown,0,[]
ENSG00000140859,KIFC3,0,0.01583589530828984,"{""expression_atlas"": 0.01583589530828984}",unknown,0,[]
ENSG00000183578,TIPE3,0,0.01581803400124551,"{""expression_atlas"": 0.01581803400124551}",unknown,0,[]
ENSG00000177363,LRRN4CL,0,0.015816898492820617,"{""expression_atlas"": 0.015816898492820617}",unknown,0,[]
ENSG00000198363,ASPH,0,0.015814677023662217,"{""expression_atlas"": 0.015814677023662217}",unknown,0,[]
ENSG00000087076,HSD17B14,0,0.015808277585256342,"{""expression_atlas"": 0.015808277585256342}",unknown,0,[]
ENSG00000164983,TMEM65,0,0.01580658395074395,"{""expression_atlas"": 0.01580658395074395}",unknown,0,[]
ENSG00000149591,TAGLN,0,0.015794167331216608,"{""expression_atlas"": 0.015794167331216608}",unknown,0,[]
ENSG00000131831,RAI2,0,0.01579097643468438,"{""expression_atlas"": 0.01579097643468438}",unknown,0,[]
ENSG00000185761,ADAMTSL5,0,0.015780866738494617,"{""expression_atlas"": 0.015780866738494617}",unknown,0,[]
ENSG00000167618,LAIR2,0,0.01574349018101211,"{""expression_atlas"": 0.01574349018101211}",unknown,0,[]
ENSG00000156113,KCNMA1,0,0.01572579518464908,"{""expression_atlas"": 0.01572579518464908}",unknown,0,[]
ENSG00000123473,STIL,0,0.015722500488610253,"{""expression_atlas"": 0.015722500488610253}",unknown,0,[]
ENSG00000146192,FGD2,0,0.01571269748820152,"{""expression_atlas"": 0.01571269748820152}",unknown,0,[]
ENSG00000105464,GRIN2D,0,0.015691053476461433,"{""expression_atlas"": 0.015691053476461433}",unknown,0,"[""CHEMBL1094"", ""CHEMBL1201293"", ""CHEMBL395091"", ""CHEMBL660"", ""CHEMBL742"", ""CHEMBL807"", ""CHEMBL900""]"
ENSG00000137441,FGFBP2,0,0.01566824535648786,"{""expression_atlas"": 0.01566824535648786}",unknown,0,[]
ENSG00000060656,PTPRU,0,0.015652003009729465,"{""expression_atlas"": 0.015652003009729465}",unknown,0,[]
ENSG00000104447,TRPS1,0,0.015631660249492127,"{""expression_atlas"": 0.015631660249492127}",unknown,0,[]
ENSG00000154556,SORBS2,0,0.015629258300847392,"{""expression_atlas"": 0.015629258300847392}",unknown,0,[]
ENSG00000155629,PIK3AP1,0,0.01562013323005709,"{""expression_atlas"": 0.01562013323005709}",unknown,0,[]
ENSG00000170185,USP38,0,0.015616777874971498,"{""expression_atlas"": 0.015616777874971498}",unknown,0,[]
ENSG00000144445,KANSL1L,0,0.015616591700602343,"{""expression_atlas"": 0.015616591700602343}",unknown,0,[]
ENSG00000167791,CABP2,0,0.015602949240434622,"{""expression_atlas"": 0.015602949240434622}",unknown,0,[]
ENSG00000167641,PPP1R14A,0,0.015596105892485989,"{""expression_atlas"": 0.015596105892485989}",unknown,0,[]
ENSG00000055118,KCNH2,0,0.015594533276521935,"{""expression_atlas"": 0.015594533276521935}",unknown,0,"[""CHEMBL2111112"", ""CHEMBL284348"", ""CHEMBL354077"", ""CHEMBL471"", ""CHEMBL473"", ""CHEMBL533"", ""CHEMBL633"", ""CHEMBL821""]"
ENSG00000229625,ENSG00000229625,0,0.015593368739957274,"{""expression_atlas"": 0.015593368739957274}",unknown,0,[]
ENSG00000266100,ENSG00000266100,0,0.015590918351264462,"{""expression_atlas"": 0.015590918351264462}",unknown,0,[]
ENSG00000221963,APOL6,0,0.015581555645357625,"{""expression_atlas"": 0.015581555645357625}",unknown,0,[]
ENSG00000260592,TMC5-AS1,0,0.015580850390104721,"{""expression_atlas"": 0.015580850390104721}",unknown,0,[]
ENSG00000136108,CKAP2,0,0.015544529049874333,"{""expression_atlas"": 0.015544529049874333}",unknown,0,[]
ENSG00000133065,SLC41A1,0,0.015544529049874333,"{""expression_atlas"": 0.015544529049874333}",unknown,0,[]
ENSG00000102531,FNDC3A,0,0.015529855007249854,"{""expression_atlas"": 0.015529855007249854}",unknown,0,[]
ENSG00000127124,HIVEP3,0,0.015526498364407348,"{""expression_atlas"": 0.015526498364407348}",unknown,0,[]
ENSG00000163017,ACTG2,0,0.015519600900042185,"{""expression_atlas"": 0.015519600900042185}",unknown,0,[]
ENSG00000168994,PXDC1,0,0.015514288695312194,"{""expression_atlas"": 0.015514288695312194}",unknown,0,[]
ENSG00000251538,LINC02201,0,0.015502439012733352,"{""expression_atlas"": 0.015502439012733352}",unknown,0,[]
ENSG00000138175,ARL3,0,0.015493504275077792,"{""expression_atlas"": 0.015493504275077792}",unknown,0,[]
ENSG00000141504,SAT2,0,0.015493028835132323,"{""expression_atlas"": 0.015493028835132323}",unknown,0,[]
ENSG00000271825,ENSG00000271825,0,0.015486852108666795,"{""expression_atlas"": 0.015486852108666795}",unknown,0,[]
ENSG00000000971,CFH,0,0.012435033323358486,"{""expression_atlas"": 0.012435033323358486}",unknown,0,[]
ENSG00000082074,FYB1,0,0.015456607517422845,"{""expression_atlas"": 0.015456607517422845}",unknown,0,[]
ENSG00000101347,SAMHD1,0,0.012415304121090863,"{""expression_atlas"": 0.012415304121090863}",unknown,0,[]
ENSG00000163995,ABLIM2,0,0.015450499900696135,"{""expression_atlas"": 0.015450499900696135}",unknown,0,[]
ENSG00000275993,ENSG00000275993,0,0.015450094617262418,"{""expression_atlas"": 0.015450094617262418}",unknown,0,[]
ENSG00000260528,FAM157C,0,0.015437012738375248,"{""expression_atlas"": 0.015437012738375248}",unknown,0,[]
ENSG00000166128,RAB8B,0,0.015429992193329724,"{""expression_atlas"": 0.015429992193329724}",unknown,0,[]
ENSG00000269506,ENSG00000269506,0,0.015423468062931947,"{""expression_atlas"": 0.015423468062931947}",unknown,0,[]
ENSG00000106560,GIMAP2,0,0.015423131150158635,"{""expression_atlas"": 0.015423131150158635}",unknown,0,[]
ENSG00000104870,FCGRT,0,0.015408943266376573,"{""expression_atlas"": 0.015408943266376573}",unknown,0,"[""CHEMBL4297551"", ""CHEMBL4297820""]"
ENSG00000163453,IGFBP7,0,0.015383868771461397,"{""expression_atlas"": 0.015383868771461397}",unknown,0,[]
ENSG00000280719,PCAT5,0,0.01537946779715745,"{""expression_atlas"": 0.01537946779715745}",unknown,0,[]
ENSG00000184226,PCDH9,0,0.01537068451873554,"{""expression_atlas"": 0.01537068451873554}",unknown,0,[]
ENSG00000168386,FILIP1L,0,0.015366302179473657,"{""expression_atlas"": 0.015366302179473657}",unknown,0,[]
ENSG00000196507,TCEAL3,0,0.015365085424269854,"{""expression_atlas"": 0.015365085424269854}",unknown,0,[]
ENSG00000181072,CHRM2,0,0.015360851261897956,"{""expression_atlas"": 0.015360851261897956}",unknown,0,"[""CHEMBL1180725"", ""CHEMBL1201335"", ""CHEMBL1201764"", ""CHEMBL1231"", ""CHEMBL1346"", ""CHEMBL1382"", ""CHEMBL1482"", ""CHEMBL1734"", ""CHEMBL1888176"", ""CHEMBL3707224"", ""CHEMBL517712""]"
ENSG00000118520,ARG1,0,0.015345048823977386,"{""expression_atlas"": 0.015345048823977386}",unknown,0,[]
ENSG00000133315,MACROD1,0,0.015345048823977386,"{""expression_atlas"": 0.015345048823977386}",unknown,0,[]
ENSG00000274660,Metazoa_SRP,0,0.015329504051008688,"{""expression_atlas"": 0.015329504051008688}",unknown,0,[]
ENSG00000248634,ENSG00000248634,0,0.015329504051008688,"{""expression_atlas"": 0.015329504051008688}",unknown,0,[]
ENSG00000170500,LONRF2,0,0.015328050368309223,"{""expression_atlas"": 0.015328050368309223}",unknown,0,[]
ENSG00000188730,VWC2,0,0.015295646331147349,"{""expression_atlas"": 0.015295646331147349}",unknown,0,[]
ENSG00000258667,ENSG00000258667,0,0.015294081825895684,"{""expression_atlas"": 0.015294081825895684}",unknown,0,[]
ENSG00000267731,ENSG00000267731,0,0.015279540461938903,"{""expression_atlas"": 0.015279540461938903}",unknown,0,[]
ENSG00000123338,NCKAP1L,0,0.01526848718487354,"{""expression_atlas"": 0.01526848718487354}",unknown,0,[]
ENSG00000234602,MCIDAS,0,0.01526802981928441,"{""expression_atlas"": 0.01526802981928441}",unknown,0,[]
ENSG00000137285,TUBB2B,0,0.015263210426171842,"{""expression_atlas"": 0.015263210426171842}",unknown,0,"[""CHEMBL107"", ""CHEMBL1201748"", ""CHEMBL1201752"", ""CHEMBL159"", ""CHEMBL1683590"", ""CHEMBL1742994"", ""CHEMBL1743082"", ""CHEMBL2110725"", ""CHEMBL3301582"", ""CHEMBL3301589"", ""CHEMBL3545132"", ""CHEMBL428647"", ""CHEMBL4297841"", ""CHEMBL553025"", ""CHEMBL90555"", ""CHEMBL92""]"
ENSG00000270472,IGHV3OR16-9,0,0.01524183254989849,"{""expression_atlas"": 0.01524183254989849}",unknown,0,[]
ENSG00000244116,IGKV2-28,0,0.015238398320111314,"{""expression_atlas"": 0.015238398320111314}",unknown,0,[]
ENSG00000257702,LBX2-AS1,0,0.015225049336862738,"{""expression_atlas"": 0.015225049336862738}",unknown,0,[]
ENSG00000235106,BRD3OS,0,0.015209503177642292,"{""expression_atlas"": 0.015209503177642292}",unknown,0,[]
ENSG00000164530,PI16,0,0.015199360445571575,"{""expression_atlas"": 0.015199360445571575}",unknown,0,[]
ENSG00000184216,IRAK1,0,0,{},unknown,0,"[""CHEMBL2035187""]"
ENSG00000125498,KIR2DL1,0,0,{},unknown,0,[]
ENSG00000178252,WDR6,0,0,{},unknown,0,[]
ENSG00000099957,P2RX6,0,0,{},unknown,0,[]
ENSG00000228278,ORM2,0,0,{},unknown,0,[]
ENSG00000108405,P2RX1,0,0,{},unknown,0,[]
ENSG00000157542,KCNJ6,0,0,{},unknown,0,[]
ENSG00000136750,GAD2,0,0,{},unknown,0,[]
ENSG00000135124,P2RX4,0,0,{},unknown,0,[]
ENSG00000005961,ITGA2B,0,0,{},unknown,0,"[""CHEMBL1174"", ""CHEMBL1201584"", ""CHEMBL916""]"
ENSG00000162009,SSTR5,0,0,{},unknown,0,"[""CHEMBL1201185"", ""CHEMBL1680"", ""CHEMBL3349607"", ""CHEMBL4302409""]"
ENSG00000204301,NOTCH4,0,0,{},unknown,0,[]
ENSG00000173578,XCR1,0,0,{},unknown,0,[]
ENSG00000165092,ALDH1A1,0,0,{},unknown,0,[]
ENSG00000108849,PPY,0,0,{},unknown,0,[]
ENSG00000109906,ZBTB16,0,0,{},unknown,0,[]
ENSG00000022556,NLRP2,0,0,{},unknown,0,[]
ENSG00000137857,DUOX1,0,0,{},unknown,0,[]
ENSG00000169860,P2RY1,0,0,{},unknown,0,"[""CHEMBL221326""]"
ENSG00000134215,VAV3,0,0,{},unknown,0,[]
ENSG00000143669,LYST,0,0,{},unknown,0,[]
ENSG00000256195,ENSG00000256195,0,0.01519368816214545,"{""expression_atlas"": 0.01519368816214545}",unknown,0,[]
ENSG00000205795,CYS1,0,0.015177972817851765,"{""expression_atlas"": 0.015177972817851765}",unknown,0,[]
ENSG00000281103,TRG-AS1,0,0.015177972817851765,"{""expression_atlas"": 0.015177972817851765}",unknown,0,[]
ENSG00000166603,MC4R,0,0.015154765073814414,"{""expression_atlas"": 0.015154765073814414}",unknown,0,"[""CHEMBL2070241"", ""CHEMBL3301624""]"
ENSG00000119681,LTBP2,0,0.015146545021594205,"{""expression_atlas"": 0.015146545021594205}",unknown,0,[]
ENSG00000222852,Y_RNA,0,0.015146545021594205,"{""expression_atlas"": 0.015146545021594205}",unknown,0,[]
ENSG00000196329,GIMAP5,0,0.011901912784308825,"{""expression_atlas"": 0.011901912784308825}",unknown,0,[]
ENSG00000181847,TIGIT,0,0.01513194289103235,"{""expression_atlas"": 0.01513194289103235}",unknown,0,[]
ENSG00000151067,CACNA1C,0,0.011880973060645644,"{""expression_atlas"": 0.011880973060645644}",unknown,0,"[""CHEMBL1008"", ""CHEMBL1059"", ""CHEMBL1237132"", ""CHEMBL1428"", ""CHEMBL1480"", ""CHEMBL1484"", ""CHEMBL1491"", ""CHEMBL1628502"", ""CHEMBL1648"", ""CHEMBL1726"", ""CHEMBL184412"", ""CHEMBL193"", ""CHEMBL2111097"", ""CHEMBL23"", ""CHEMBL43064"", ""CHEMBL6966"", ""CHEMBL940""]"
ENSG00000143110,C1orf162,0,0.015126429221714057,"{""expression_atlas"": 0.015126429221714057}",unknown,0,[]
ENSG00000211513,MIR320E,0,0.015125692846773219,"{""expression_atlas"": 0.015125692846773219}",unknown,0,[]
ENSG00000180398,MCFD2,0,0.015122113534471387,"{""expression_atlas"": 0.015122113534471387}",unknown,0,[]
ENSG00000103942,HOMER2,0,0.011716417804541475,"{""expression_atlas"": 0.011716417804541475}",unknown,0,[]
ENSG00000276107,THBS1-IT1,0,0.015085940231147954,"{""expression_atlas"": 0.015085940231147954}",unknown,0,[]
ENSG00000162894,FCMR,0,0.015066890887197783,"{""expression_atlas"": 0.015066890887197783}",unknown,0,[]
ENSG00000156298,TSPAN7,0,0.015057643814968923,"{""expression_atlas"": 0.015057643814968923}",unknown,0,[]
ENSG00000155304,HSPA13,0,0.015049470318993579,"{""expression_atlas"": 0.015049470318993579}",unknown,0,[]
ENSG00000160951,PTGER1,0,0.01504934646658357,"{""expression_atlas"": 0.01504934646658357}",unknown,0,"[""CHEMBL495"", ""CHEMBL548""]"
ENSG00000169122,FAM110B,0,0.015040835099842166,"{""expression_atlas"": 0.015040835099842166}",unknown,0,[]
ENSG00000242221,PSG2,0,0.015019969621140805,"{""expression_atlas"": 0.015019969621140805}",unknown,0,[]
ENSG00000196990,FAM163B,0,0.01501933920863691,"{""expression_atlas"": 0.01501933920863691}",unknown,0,[]
ENSG00000082175,PGR,0,0.01501474225374393,"{""expression_atlas"": 0.01501474225374393}",unknown,0,"[""CHEMBL103"", ""CHEMBL1162"", ""CHEMBL1200624"", ""CHEMBL1200807"", ""CHEMBL1200853"", ""CHEMBL1200934"", ""CHEMBL1201139"", ""CHEMBL1201146"", ""CHEMBL1276308"", ""CHEMBL1387"", ""CHEMBL1389"", ""CHEMBL1476022"", ""CHEMBL1479"", ""CHEMBL1509"", ""CHEMBL1531"", ""CHEMBL1533"", ""CHEMBL2103846"", ""CHEMBL2107797"", ""CHEMBL3707377"", ""CHEMBL717""]"
ENSG00000111728,ST8SIA1,0,0.015005915168787118,"{""expression_atlas"": 0.015005915168787118}",unknown,0,[]
ENSG00000158163,DZIP1L,0,0.01500007582423133,"{""expression_atlas"": 0.01500007582423133}",unknown,0,[]
ENSG00000155760,FZD7,0,0.011360074161649072,"{""expression_atlas"": 0.011360074161649072}",unknown,0,[]
ENSG00000179219,LINC00311,0,0.014995657591325085,"{""expression_atlas"": 0.014995657591325085}",unknown,0,[]
ENSG00000145864,GABRB2,0,0.014994345937037634,"{""expression_atlas"": 0.014994345937037634}",unknown,0,"[""CHEMBL1102"", ""CHEMBL12"", ""CHEMBL1200472"", ""CHEMBL1200694"", ""CHEMBL1200733"", ""CHEMBL1200790"", ""CHEMBL1200802"", ""CHEMBL1201293"", ""CHEMBL1201317"", ""CHEMBL1213252"", ""CHEMBL1256"", ""CHEMBL1257"", ""CHEMBL1522"", ""CHEMBL1568698"", ""CHEMBL1697737"", ""CHEMBL207538"", ""CHEMBL220492"", ""CHEMBL285674"", ""CHEMBL315795"", ""CHEMBL3989949"", ""CHEMBL407"", ""CHEMBL4105630"", ""CHEMBL4297526"", ""CHEMBL440"", ""CHEMBL441"", ""CHEMBL449"", ""CHEMBL450"", ""CHEMBL451"", ""CHEMBL452"", ""CHEMBL454"", ""CHEMBL526"", ""CHEMBL568"", ""CHEMBL580"", ""CHEMBL591"", ""CHEMBL655"", ""CHEMBL661"", ""CHEMBL681"", ""CHEMBL70418"", ""CHEMBL7413"", ""CHEMBL856"", ""CHEMBL931"", ""CHEMBL967"", ""CHEMBL968"", ""CHEMBL969"", ""CHEMBL970""]"
ENSG00000178750,STX19,0,0.014984568426905412,"{""expression_atlas"": 0.014984568426905412}",unknown,0,[]
ENSG00000136250,AOAH,0,0.014983922282006418,"{""expression_atlas"": 0.014983922282006418}",unknown,0,[]
ENSG00000112742,TTK,0,0.014977080690115503,"{""expression_atlas"": 0.014977080690115503}",unknown,0,[]
ENSG00000111196,MAGOHB,0,0.014951867708923447,"{""expression_atlas"": 0.014951867708923447}",unknown,0,[]
ENSG00000128590,DNAJB9,0,0.014947884293806182,"{""expression_atlas"": 0.014947884293806182}",unknown,0,[]
ENSG00000170382,LRRN2,0,0.014942222074119922,"{""expression_atlas"": 0.014942222074119922}",unknown,0,[]
ENSG00000145428,RNF175,0,0.014934096044200417,"{""expression_atlas"": 0.014934096044200417}",unknown,0,[]
ENSG00000144681,STAC,0,0.014923518123551109,"{""expression_atlas"": 0.014923518123551109}",unknown,0,[]
ENSG00000207652,MIR621,0,0.014916955800587273,"{""expression_atlas"": 0.014916955800587273}",unknown,0,[]
ENSG00000069431,ABCC9,0,0.014911028619994713,"{""expression_atlas"": 0.014911028619994713}",unknown,0,"[""CHEMBL1159"", ""CHEMBL802""]"
ENSG00000180113,TDRD6,0,0.014888307430410433,"{""expression_atlas"": 0.014888307430410433}",unknown,0,[]
ENSG00000225706,PTPRD-AS1,0,0.014866365204649522,"{""expression_atlas"": 0.014866365204649522}",unknown,0,[]
ENSG00000273476,ENSG00000273476,0,0.01482929443523786,"{""expression_atlas"": 0.01482929443523786}",unknown,0,[]
ENSG00000260500,ENSG00000260500,0,0.014821216521669315,"{""expression_atlas"": 0.014821216521669315}",unknown,0,[]
ENSG00000258223,PRSS58,0,0.014821216521669315,"{""expression_atlas"": 0.014821216521669315}",unknown,0,[]
ENSG00000131969,ABHD12B,0,0.014796543410634917,"{""expression_atlas"": 0.014796543410634917}",unknown,0,[]
ENSG00000124615,MOCS1,0,0.01479442971623137,"{""expression_atlas"": 0.01479442971623137}",unknown,0,[]
ENSG00000103494,RPGRIP1L,0,0.014780966718856961,"{""expression_atlas"": 0.014780966718856961}",unknown,0,[]
ENSG00000149403,GRIK4,0,0.014767539370273901,"{""expression_atlas"": 0.014767539370273901}",unknown,0,"[""CHEMBL220492""]"
ENSG00000111716,LDHB,0,0.01474708955040546,"{""expression_atlas"": 0.01474708955040546}",unknown,0,[]
ENSG00000277448,LINC02338,0,0.01474202973346283,"{""expression_atlas"": 0.01474202973346283}",unknown,0,[]
ENSG00000188290,HES4,0,0.01473913906462616,"{""expression_atlas"": 0.01473913906462616}",unknown,0,[]
ENSG00000073146,MOV10L1,0,0.014738244672372086,"{""expression_atlas"": 0.014738244672372086}",unknown,0,[]
ENSG00000111700,SLCO1B3,0,0.01472896718007917,"{""expression_atlas"": 0.01472896718007917}",unknown,0,[]
ENSG00000163630,SYNPR,0,0.014712703000836684,"{""expression_atlas"": 0.014712703000836684}",unknown,0,[]
ENSG00000157703,SVOPL,0,0.014709018951577694,"{""expression_atlas"": 0.014709018951577694}",unknown,0,[]
ENSG00000116741,RGS2,0,0.014616138526601163,"{""expression_atlas"": 0.014616138526601163}",unknown,0,[]
ENSG00000125845,BMP2,0,0.014616138526601163,"{""expression_atlas"": 0.014616138526601163}",unknown,0,[]
ENSG00000008323,PLEKHG6,0,0.014616138526601163,"{""expression_atlas"": 0.014616138526601163}",unknown,0,[]
ENSG00000006788,MYH13,0,0.014613536032409504,"{""expression_atlas"": 0.014613536032409504}",unknown,0,[]
ENSG00000141424,SLC39A6,0,0.014599077031103988,"{""expression_atlas"": 0.014599077031103988}",unknown,0,[]
ENSG00000221947,XKR9,0,0.014592915290968815,"{""expression_atlas"": 0.014592915290968815}",unknown,0,[]
ENSG00000187398,LUZP2,0,0.014592869455868018,"{""expression_atlas"": 0.014592869455868018}",unknown,0,[]
ENSG00000078177,N4BP2,0,0.01458910184299283,"{""expression_atlas"": 0.01458910184299283}",unknown,0,[]
ENSG00000108823,SGCA,0,0.014567219444002143,"{""expression_atlas"": 0.014567219444002143}",unknown,0,[]
ENSG00000269793,ZIM2-AS1,0,0.014564611680226235,"{""expression_atlas"": 0.014564611680226235}",unknown,0,[]
ENSG00000231721,LINC-PINT,0,0.014556790657897148,"{""expression_atlas"": 0.014556790657897148}",unknown,0,[]
ENSG00000014914,MTMR11,0,0.014536254627141133,"{""expression_atlas"": 0.014536254627141133}",unknown,0,[]
ENSG00000109738,GLRB,0,0.014527619390192446,"{""expression_atlas"": 0.014527619390192446}",unknown,0,"[""CHEMBL1200694"", ""CHEMBL1200733"", ""CHEMBL1256"", ""CHEMBL1257"", ""CHEMBL931""]"
ENSG00000177432,NAP1L5,0,0.014525497978381985,"{""expression_atlas"": 0.014525497978381985}",unknown,0,[]
ENSG00000223534,HLA-DQB1-AS1,0,0.01452239642842833,"{""expression_atlas"": 0.01452239642842833}",unknown,0,[]
ENSG00000253210,DENND3-AS1,0,0.0145164617522021,"{""expression_atlas"": 0.0145164617522021}",unknown,0,[]
ENSG00000243279,PRAF2,0,0.014512657578196303,"{""expression_atlas"": 0.014512657578196303}",unknown,0,[]
ENSG00000184060,ADAP2,0,0.014507310097303721,"{""expression_atlas"": 0.014507310097303721}",unknown,0,[]
ENSG00000051128,HOMER3,0,0.014497261667299447,"{""expression_atlas"": 0.014497261667299447}",unknown,0,[]
ENSG00000198756,COLGALT2,0,0.014477806111797498,"{""expression_atlas"": 0.014477806111797498}",unknown,0,[]
ENSG00000158445,KCNB1,0,0.014474002085345572,"{""expression_atlas"": 0.014474002085345572}",unknown,0,"[""CHEMBL284348"", ""CHEMBL354077"", ""CHEMBL821""]"
ENSG00000176973,FAM89B,0,0.01447048174531443,"{""expression_atlas"": 0.01447048174531443}",unknown,0,[]
ENSG00000267195,MIR212,0,0.014453192317345655,"{""expression_atlas"": 0.014453192317345655}",unknown,0,[]
ENSG00000173930,SLCO4C1,0,0.014449226685601705,"{""expression_atlas"": 0.014449226685601705}",unknown,0,[]
ENSG00000169684,CHRNA5,0,0.014444007992081377,"{""expression_atlas"": 0.014444007992081377}",unknown,0,[]
ENSG00000110079,MS4A4A,0,0.014428985969190306,"{""expression_atlas"": 0.014428985969190306}",unknown,0,[]
ENSG00000116106,EPHA4,0,0.01442641296603853,"{""expression_atlas"": 0.01442641296603853}",unknown,0,"[""CHEMBL24828""]"
ENSG00000257809,MYL6B-AS1,0,0.014425280033867094,"{""expression_atlas"": 0.014425280033867094}",unknown,0,[]
ENSG00000172476,RAB40A,0,0.014414241748574275,"{""expression_atlas"": 0.014414241748574275}",unknown,0,[]
ENSG00000112280,COL9A1,0,0.014413225848271854,"{""expression_atlas"": 0.014413225848271854}",unknown,0,[]
ENSG00000280604,ENSG00000280604,0,0.014394922406814724,"{""expression_atlas"": 0.014394922406814724}",unknown,0,[]
ENSG00000228325,IGKV3D-7,0,0.014377186373744442,"{""expression_atlas"": 0.014377186373744442}",unknown,0,[]
ENSG00000266698,MIR3945,0,0.014370692593716332,"{""expression_atlas"": 0.014370692593716332}",unknown,0,[]
ENSG00000258815,LINC02820,0,0.014358309481114984,"{""expression_atlas"": 0.014358309481114984}",unknown,0,[]
ENSG00000202019,Y_RNA,0,0.014356590112671793,"{""expression_atlas"": 0.014356590112671793}",unknown,0,[]
ENSG00000123219,CENPK,0,0.014337337224692081,"{""expression_atlas"": 0.014337337224692081}",unknown,0,[]
ENSG00000268655,SAXO3,0,0.014326481217695022,"{""expression_atlas"": 0.014326481217695022}",unknown,0,[]
ENSG00000233117,LINC00702,0,0.014323471344117905,"{""expression_atlas"": 0.014323471344117905}",unknown,0,[]
ENSG00000255595,LINC02350,0,0.014321417263686862,"{""expression_atlas"": 0.014321417263686862}",unknown,0,[]
ENSG00000250565,ATP6V1E2,0,0.014320138909414278,"{""expression_atlas"": 0.014320138909414278}",unknown,0,[]
ENSG00000272660,ACTL6A-AS1,0,0.014311249534137226,"{""expression_atlas"": 0.014311249534137226}",unknown,0,[]
ENSG00000256218,ENSG00000256218,0,0.014245776438878796,"{""expression_atlas"": 0.014245776438878796}",unknown,0,[]
ENSG00000154099,DNAAF1,0,0.014242922424774982,"{""expression_atlas"": 0.014242922424774982}",unknown,0,[]
ENSG00000108830,RND2,0,0.01424088395660709,"{""expression_atlas"": 0.01424088395660709}",unknown,0,[]
ENSG00000197043,ANXA6,0,0.014217306068721576,"{""expression_atlas"": 0.014217306068721576}",unknown,0,[]
ENSG00000177542,SLC25A22,0,0.0142067556233967,"{""expression_atlas"": 0.0142067556233967}",unknown,0,[]
ENSG00000110455,ACCS,0,0.014182472809196586,"{""expression_atlas"": 0.014182472809196586}",unknown,0,[]
ENSG00000047644,WWC3,0,0.014167798484510228,"{""expression_atlas"": 0.014167798484510228}",unknown,0,[]
ENSG00000143228,NUF2,0,0.014149897545566417,"{""expression_atlas"": 0.014149897545566417}",unknown,0,[]
ENSG00000279622,ENSG00000279622,0,0.01414952682922663,"{""expression_atlas"": 0.01414952682922663}",unknown,0,[]
ENSG00000224888,HSALR1,0,0.014126771600442978,"{""expression_atlas"": 0.014126771600442978}",unknown,0,[]
ENSG00000146757,ZNF92,0,0.014091771448393077,"{""expression_atlas"": 0.014091771448393077}",unknown,0,[]
ENSG00000197705,KLHL14,0,0.014061788729280407,"{""expression_atlas"": 0.014061788729280407}",unknown,0,[]
ENSG00000230174,LINC01149,0,0.014059577035116807,"{""expression_atlas"": 0.014059577035116807}",unknown,0,[]
ENSG00000156017,CARNMT1,0,0.014049607763023202,"{""expression_atlas"": 0.014049607763023202}",unknown,0,[]
ENSG00000166394,CYB5R2,0,0.014044840407345851,"{""expression_atlas"": 0.014044840407345851}",unknown,0,[]
ENSG00000167653,PSCA,0,0.014032731386144288,"{""expression_atlas"": 0.014032731386144288}",unknown,0,[]
ENSG00000141052,MYOCD,0,0.014032095702804299,"{""expression_atlas"": 0.014032095702804299}",unknown,0,[]
ENSG00000162695,SLC30A7,0,0.014027709406213368,"{""expression_atlas"": 0.014027709406213368}",unknown,0,[]
ENSG00000107819,SFXN3,0,0.014015950419392043,"{""expression_atlas"": 0.014015950419392043}",unknown,0,[]
ENSG00000152413,HOMER1,0,0.014008304701675455,"{""expression_atlas"": 0.014008304701675455}",unknown,0,[]
ENSG00000266094,RASSF5,0,0.014002686824479907,"{""expression_atlas"": 0.014002686824479907}",unknown,0,[]
ENSG00000120519,SLC10A7,0,0.014002686824479907,"{""expression_atlas"": 0.014002686824479907}",unknown,0,[]
ENSG00000263335,ENSG00000263335,0,0.013990798240829166,"{""expression_atlas"": 0.013990798240829166}",unknown,0,[]
ENSG00000182916,TCEAL7,0,0.013987968195217882,"{""expression_atlas"": 0.013987968195217882}",unknown,0,[]
ENSG00000134198,TSPAN2,0,0.013974666292077666,"{""expression_atlas"": 0.013974666292077666}",unknown,0,[]
ENSG00000110852,CLEC2B,0,0.01397355670749025,"{""expression_atlas"": 0.01397355670749025}",unknown,0,[]
ENSG00000018625,ATP1A2,0,0.013958389825520631,"{""expression_atlas"": 0.013958389825520631}",unknown,0,"[""CHEMBL1614"", ""CHEMBL1751"", ""CHEMBL254219"", ""CHEMBL3545057""]"
ENSG00000171812,COL8A2,0,0.01395146996388395,"{""expression_atlas"": 0.01395146996388395}",unknown,0,[]
ENSG00000142512,SIGLEC10,0,0.013939572955401864,"{""expression_atlas"": 0.013939572955401864}",unknown,0,[]
ENSG00000083720,OXCT1,0,0.013939458941605644,"{""expression_atlas"": 0.013939458941605644}",unknown,0,[]
ENSG00000165475,CRYL1,0,0.013939458941605644,"{""expression_atlas"": 0.013939458941605644}",unknown,0,[]
ENSG00000235361,ABR-AS1,0,0.013925767123544555,"{""expression_atlas"": 0.013925767123544555}",unknown,0,[]
ENSG00000261668,ENSG00000261668,0,0.013910634145362866,"{""expression_atlas"": 0.013910634145362866}",unknown,0,[]
ENSG00000197121,PGAP1,0,0.01389881913623375,"{""expression_atlas"": 0.01389881913623375}",unknown,0,[]
ENSG00000139278,GLIPR1,0,0.013892005712639892,"{""expression_atlas"": 0.013892005712639892}",unknown,0,[]
ENSG00000271727,ENSG00000271727,0,0.013891822799416989,"{""expression_atlas"": 0.013891822799416989}",unknown,0,[]
ENSG00000077264,PAK3,0,0.013867374898186104,"{""expression_atlas"": 0.013867374898186104}",unknown,0,[]
ENSG00000107742,SPOCK2,0,0.013867374898186104,"{""expression_atlas"": 0.013867374898186104}",unknown,0,[]
ENSG00000237903,ENSG00000237903,0,0.013864587342591514,"{""expression_atlas"": 0.013864587342591514}",unknown,0,[]
ENSG00000013583,HEBP1,0,0.013845090384509803,"{""expression_atlas"": 0.013845090384509803}",unknown,0,[]
ENSG00000278921,EPB41L4A-DT,0,0.013829950079804743,"{""expression_atlas"": 0.013829950079804743}",unknown,0,[]
ENSG00000167646,DNAAF3,0,0.01382877854521896,"{""expression_atlas"": 0.01382877854521896}",unknown,0,[]
ENSG00000283994,ENSG00000283994,0,0.013797325433638022,"{""expression_atlas"": 0.013797325433638022}",unknown,0,[]
ENSG00000188153,COL4A5,0,0.013788102878868119,"{""expression_atlas"": 0.013788102878868119}",unknown,0,"[""CHEMBL2095222"", ""CHEMBL2108709""]"
ENSG00000136842,TMOD1,0,0.013788075945330502,"{""expression_atlas"": 0.013788075945330502}",unknown,0,[]
ENSG00000146013,GFRA3,0,0.013774428214909972,"{""expression_atlas"": 0.013774428214909972}",unknown,0,[]
ENSG00000100612,DHRS7,0,0.013765129110352117,"{""expression_atlas"": 0.013765129110352117}",unknown,0,[]
ENSG00000181513,ACBD4,0,0.013763513732598603,"{""expression_atlas"": 0.013763513732598603}",unknown,0,[]
ENSG00000281655,ENSG00000281655,0,0.013760268722395379,"{""expression_atlas"": 0.013760268722395379}",unknown,0,[]
ENSG00000075043,KCNQ2,0,0.013758427023746538,"{""expression_atlas"": 0.013758427023746538}",unknown,0,"[""CHEMBL284348"", ""CHEMBL354077"", ""CHEMBL41355"", ""CHEMBL821""]"
ENSG00000133083,DCLK1,0,0.013706677711630385,"{""expression_atlas"": 0.013706677711630385}",unknown,0,[]
ENSG00000250665,ENSG00000250665,0,0.013706677711630385,"{""expression_atlas"": 0.013706677711630385}",unknown,0,[]
ENSG00000077157,PPP1R12B,0,0.013706677711630385,"{""expression_atlas"": 0.013706677711630385}",unknown,0,[]
ENSG00000145242,EPHA5,0,0.013696271905056701,"{""expression_atlas"": 0.013696271905056701}",unknown,0,"[""CHEMBL24828""]"
ENSG00000279962,ENSG00000279962,0,0.013692710422655489,"{""expression_atlas"": 0.013692710422655489}",unknown,0,[]
ENSG00000272620,AFAP1-AS1,0,0.013685512910059797,"{""expression_atlas"": 0.013685512910059797}",unknown,0,[]
ENSG00000100842,EFS,0,0.013663490944745947,"{""expression_atlas"": 0.013663490944745947}",unknown,0,[]
ENSG00000161013,MGAT4B,0,0.013643969278944885,"{""expression_atlas"": 0.013643969278944885}",unknown,0,[]
ENSG00000148700,ADD3,0,0.01362794851733305,"{""expression_atlas"": 0.01362794851733305}",unknown,0,[]
ENSG00000121552,CSTA,0,0.013627013567348049,"{""expression_atlas"": 0.013627013567348049}",unknown,0,[]
ENSG00000214193,MNMIP1,0,0.013623625810510733,"{""expression_atlas"": 0.013623625810510733}",unknown,0,[]
ENSG00000176092,CRYBG2,0,0.01361803491125933,"{""expression_atlas"": 0.01361803491125933}",unknown,0,[]
ENSG00000144331,ZNF385B,0,0.013588571692671619,"{""expression_atlas"": 0.013588571692671619}",unknown,0,[]
ENSG00000158488,CD1E,0,0.013588571692671619,"{""expression_atlas"": 0.013588571692671619}",unknown,0,[]
ENSG00000125798,FOXA2,0,0.01356937695501147,"{""expression_atlas"": 0.01356937695501147}",unknown,0,[]
ENSG00000136099,PCDH8,0,0.01356135224201778,"{""expression_atlas"": 0.01356135224201778}",unknown,0,[]
ENSG00000232931,LINC00342,0,0.013556451830971216,"{""expression_atlas"": 0.013556451830971216}",unknown,0,[]
ENSG00000197540,GZMM,0,0.013521771166761933,"{""expression_atlas"": 0.013521771166761933}",unknown,0,[]
ENSG00000162520,SYNC,0,0.01351981305886085,"{""expression_atlas"": 0.01351981305886085}",unknown,0,[]
ENSG00000230140,NPAS2-AS1,0,0.013516432126116378,"{""expression_atlas"": 0.013516432126116378}",unknown,0,[]
ENSG00000182489,XKRX,0,0.013483921004752186,"{""expression_atlas"": 0.013483921004752186}",unknown,0,[]
ENSG00000262877,ENSG00000262877,0,0.013478620100850049,"{""expression_atlas"": 0.013478620100850049}",unknown,0,[]
ENSG00000204314,PRRT1,0,0.013478620100850049,"{""expression_atlas"": 0.013478620100850049}",unknown,0,[]
ENSG00000258355,ENSG00000258355,0,0.013475813846452411,"{""expression_atlas"": 0.013475813846452411}",unknown,0,[]
ENSG00000186517,ARHGAP30,0,0.013457382965145539,"{""expression_atlas"": 0.013457382965145539}",unknown,0,[]
ENSG00000145861,C1QTNF2,0,0.013439052525107248,"{""expression_atlas"": 0.013439052525107248}",unknown,0,[]
ENSG00000168209,DDIT4,0,0.013432750753857645,"{""expression_atlas"": 0.013432750753857645}",unknown,0,[]
ENSG00000141497,ZMYND15,0,0.013431075942787099,"{""expression_atlas"": 0.013431075942787099}",unknown,0,[]
ENSG00000070985,TRPM5,0,0.013412293135504138,"{""expression_atlas"": 0.013412293135504138}",unknown,0,[]
ENSG00000139211,AMIGO2,0,0.013402688631236113,"{""expression_atlas"": 0.013402688631236113}",unknown,0,[]
ENSG00000166503,HDGFL3,0,0.01339423792432028,"{""expression_atlas"": 0.01339423792432028}",unknown,0,[]
ENSG00000145358,DDIT4L,0,0.013386417864846676,"{""expression_atlas"": 0.013386417864846676}",unknown,0,[]
ENSG00000225269,LINC00705,0,0.01337006139960456,"{""expression_atlas"": 0.01337006139960456}",unknown,0,[]
ENSG00000196376,SLC35F1,0,0.013352133284878694,"{""expression_atlas"": 0.013352133284878694}",unknown,0,[]
ENSG00000156052,GNAQ,0,0.013352119959508683,"{""expression_atlas"": 0.013352119959508683}",unknown,0,[]
ENSG00000180044,C3orf80,0,0.013348181829989203,"{""expression_atlas"": 0.013348181829989203}",unknown,0,[]
ENSG00000160179,ABCG1,0,0.013345592630704391,"{""expression_atlas"": 0.013345592630704391}",unknown,0,[]
ENSG00000174145,NWD2,0,0.013337289531982684,"{""expression_atlas"": 0.013337289531982684}",unknown,0,[]
ENSG00000163644,PPM1K,0,0.013328927538273562,"{""expression_atlas"": 0.013328927538273562}",unknown,0,[]
ENSG00000261369,ITFG1-AS2,0,0.013299440389875126,"{""expression_atlas"": 0.013299440389875126}",unknown,0,[]
ENSG00000164483,SAMD3,0,0.013291686694591246,"{""expression_atlas"": 0.013291686694591246}",unknown,0,[]
ENSG00000260729,ENSG00000260729,0,0.013287107786863428,"{""expression_atlas"": 0.013287107786863428}",unknown,0,[]
ENSG00000170486,KRT72,0,0.013286123873536402,"{""expression_atlas"": 0.013286123873536402}",unknown,0,[]
ENSG00000087074,PPP1R15A,0,0.013283874280009383,"{""expression_atlas"": 0.013283874280009383}",unknown,0,[]
ENSG00000277117,ENSG00000277117,0,0.01327608148514176,"{""expression_atlas"": 0.01327608148514176}",unknown,0,[]
ENSG00000076344,RGS11,0,0.013261041284307705,"{""expression_atlas"": 0.013261041284307705}",unknown,0,[]
ENSG00000253604,ENSG00000253604,0,0.013231725204321643,"{""expression_atlas"": 0.013231725204321643}",unknown,0,[]
ENSG00000183535,COL18A1-AS1,0,0.013206501550118448,"{""expression_atlas"": 0.013206501550118448}",unknown,0,[]
ENSG00000245694,CRNDE,0,0.013203291318822918,"{""expression_atlas"": 0.013203291318822918}",unknown,0,[]
ENSG00000226644,LINC03086,0,0.013187993680654713,"{""expression_atlas"": 0.013187993680654713}",unknown,0,[]
ENSG00000226272,ARHGAP26-AS1,0,0.013147552666593138,"{""expression_atlas"": 0.013147552666593138}",unknown,0,[]
ENSG00000261655,ENSG00000261655,0,0.013141811627345016,"{""expression_atlas"": 0.013141811627345016}",unknown,0,[]
ENSG00000260805,ENSG00000260805,0,0.01312796582504629,"{""expression_atlas"": 0.01312796582504629}",unknown,0,[]
ENSG00000213186,TRIM59,0,0.013125724536508648,"{""expression_atlas"": 0.013125724536508648}",unknown,0,[]
ENSG00000125900,SIRPD,0,0.013124116310672502,"{""expression_atlas"": 0.013124116310672502}",unknown,0,[]
ENSG00000113532,ST8SIA4,0,0.013118581032981037,"{""expression_atlas"": 0.013118581032981037}",unknown,0,[]
ENSG00000167114,SLC27A4,0,0.013106987996506555,"{""expression_atlas"": 0.013106987996506555}",unknown,0,[]
ENSG00000259645,ENSG00000259645,0,0.013091979198530543,"{""expression_atlas"": 0.013091979198530543}",unknown,0,[]
ENSG00000108352,RAPGEFL1,0,0.013074988751265988,"{""expression_atlas"": 0.013074988751265988}",unknown,0,[]
ENSG00000187140,FOXD3,0,0.013066181851945337,"{""expression_atlas"": 0.013066181851945337}",unknown,0,[]
ENSG00000169826,CSGALNACT2,0,0.013056860030490669,"{""expression_atlas"": 0.013056860030490669}",unknown,0,[]
ENSG00000278002,ENSG00000278002,0,0.01305035072823496,"{""expression_atlas"": 0.01305035072823496}",unknown,0,[]
ENSG00000164122,ASB5,0,0.013046201397900527,"{""expression_atlas"": 0.013046201397900527}",unknown,0,[]
ENSG00000122176,FMOD,0,0.01304183001208259,"{""expression_atlas"": 0.01304183001208259}",unknown,0,[]
ENSG00000225937,PCA3,0,0.013041678261750119,"{""expression_atlas"": 0.013041678261750119}",unknown,0,[]
ENSG00000183508,TENT5C,0,0.013027101588381928,"{""expression_atlas"": 0.013027101588381928}",unknown,0,[]
ENSG00000165813,CCDC186,0,0.013020923184991033,"{""expression_atlas"": 0.013020923184991033}",unknown,0,[]
ENSG00000101986,ABCD1,0,0.01301897852355826,"{""expression_atlas"": 0.01301897852355826}",unknown,0,[]
ENSG00000183479,TREX2,0,0.013010531455899171,"{""expression_atlas"": 0.013010531455899171}",unknown,0,[]
ENSG00000102287,GABRE,0,0.01300725293757502,"{""expression_atlas"": 0.01300725293757502}",unknown,0,"[""CHEMBL1102"", ""CHEMBL12"", ""CHEMBL1200472"", ""CHEMBL1200694"", ""CHEMBL1200733"", ""CHEMBL1200790"", ""CHEMBL1200802"", ""CHEMBL1201293"", ""CHEMBL1201317"", ""CHEMBL1213252"", ""CHEMBL1256"", ""CHEMBL1257"", ""CHEMBL1522"", ""CHEMBL1568698"", ""CHEMBL1697737"", ""CHEMBL207538"", ""CHEMBL220492"", ""CHEMBL285674"", ""CHEMBL315795"", ""CHEMBL3989949"", ""CHEMBL407"", ""CHEMBL4105630"", ""CHEMBL4297526"", ""CHEMBL440"", ""CHEMBL441"", ""CHEMBL449"", ""CHEMBL450"", ""CHEMBL451"", ""CHEMBL452"", ""CHEMBL454"", ""CHEMBL526"", ""CHEMBL568"", ""CHEMBL580"", ""CHEMBL591"", ""CHEMBL655"", ""CHEMBL661"", ""CHEMBL681"", ""CHEMBL70418"", ""CHEMBL7413"", ""CHEMBL856"", ""CHEMBL931"", ""CHEMBL967"", ""CHEMBL968"", ""CHEMBL969"", ""CHEMBL970""]"
ENSG00000206579,XKR4,0,0.012998711938698162,"{""expression_atlas"": 0.012998711938698162}",unknown,0,[]
ENSG00000203364,ENSG00000203364,0,0.01299447592459121,"{""expression_atlas"": 0.01299447592459121}",unknown,0,[]
ENSG00000005175,RPAP3,0,0.012994271303904107,"{""expression_atlas"": 0.012994271303904107}",unknown,0,[]
ENSG00000125249,RAP2A,0,0.012994271303904107,"{""expression_atlas"": 0.012994271303904107}",unknown,0,[]
ENSG00000139055,ERP27,0,0.012990251343918676,"{""expression_atlas"": 0.012990251343918676}",unknown,0,[]
ENSG00000112782,CLIC5,0,0.012945212104466386,"{""expression_atlas"": 0.012945212104466386}",unknown,0,[]
ENSG00000183833,CFAP91,0,0.012915328098235809,"{""expression_atlas"": 0.012915328098235809}",unknown,0,[]
ENSG00000182963,GJC1,0,0.012907773940031234,"{""expression_atlas"": 0.012907773940031234}",unknown,0,[]
ENSG00000150625,GPM6A,0,0.012904502899589897,"{""expression_atlas"": 0.012904502899589897}",unknown,0,[]
ENSG00000119782,FKBP1B,0,0.012878279966662104,"{""expression_atlas"": 0.012878279966662104}",unknown,0,[]
ENSG00000142303,ADAMTS10,0,0.012878279966662104,"{""expression_atlas"": 0.012878279966662104}",unknown,0,[]
ENSG00000273987,ENSG00000273987,0,0.012864001806993335,"{""expression_atlas"": 0.012864001806993335}",unknown,0,[]
ENSG00000104375,STK3,0,0.012834941580927737,"{""expression_atlas"": 0.012834941580927737}",unknown,0,[]
ENSG00000236457,ENSG00000236457,0,0.012813997266794675,"{""expression_atlas"": 0.012813997266794675}",unknown,0,[]
ENSG00000203883,SOX18,0,0.012807341198636092,"{""expression_atlas"": 0.012807341198636092}",unknown,0,[]
ENSG00000148488,ST8SIA6,0,0.012805782015833862,"{""expression_atlas"": 0.012805782015833862}",unknown,0,[]
ENSG00000178826,TMEM139,0,0.012800653752171787,"{""expression_atlas"": 0.012800653752171787}",unknown,0,[]
ENSG00000153551,CMTM7,0,0.012800653752171787,"{""expression_atlas"": 0.012800653752171787}",unknown,0,[]
ENSG00000169905,TOR1AIP2,0,0.012781546695863425,"{""expression_atlas"": 0.012781546695863425}",unknown,0,[]
ENSG00000258484,SPESP1,0,0.012781546695863425,"{""expression_atlas"": 0.012781546695863425}",unknown,0,[]
ENSG00000137747,TMPRSS13,0,0.012773920522676004,"{""expression_atlas"": 0.012773920522676004}",unknown,0,[]
ENSG00000158050,DUSP2,0,0.012771393704604074,"{""expression_atlas"": 0.012771393704604074}",unknown,0,[]
ENSG00000136897,MRPL50,0,0.012757086682233772,"{""expression_atlas"": 0.012757086682233772}",unknown,0,[]
ENSG00000198879,SFMBT2,0,0.012756435966385744,"{""expression_atlas"": 0.012756435966385744}",unknown,0,[]
ENSG00000254415,SIGLEC14,0,0.012703137108566891,"{""expression_atlas"": 0.012703137108566891}",unknown,0,[]
ENSG00000153132,CLGN,0,0.01267333960191929,"{""expression_atlas"": 0.01267333960191929}",unknown,0,[]
ENSG00000232046,LINC01798,0,0.01265968861910655,"{""expression_atlas"": 0.01265968861910655}",unknown,0,[]
ENSG00000197780,TAF13,0,0.01265086196160051,"{""expression_atlas"": 0.01265086196160051}",unknown,0,[]
ENSG00000255372,ENSG00000255372,0,0.01263590969304346,"{""expression_atlas"": 0.01263590969304346}",unknown,0,[]
ENSG00000173227,SYT12,0,0.012604392860436379,"{""expression_atlas"": 0.012604392860436379}",unknown,0,[]
ENSG00000197479,PCDHB11,0,0.012601858954649959,"{""expression_atlas"": 0.012601858954649959}",unknown,0,[]
ENSG00000156427,FGF18,0,0.012599152979396665,"{""expression_atlas"": 0.012599152979396665}",unknown,0,[]
ENSG00000165323,FAT3,0,0.012588074175759228,"{""expression_atlas"": 0.012588074175759228}",unknown,0,[]
ENSG00000242076,IGKV1-33,0,0.012587636407360174,"{""expression_atlas"": 0.012587636407360174}",unknown,0,[]
ENSG00000136546,SCN7A,0,0.01258407039414361,"{""expression_atlas"": 0.01258407039414361}",unknown,0,"[""CHEMBL1068"", ""CHEMBL1075"", ""CHEMBL1077896"", ""CHEMBL108"", ""CHEMBL1087"", ""CHEMBL1093"", ""CHEMBL1095"", ""CHEMBL1179047"", ""CHEMBL1194"", ""CHEMBL1195"", ""CHEMBL1196"", ""CHEMBL1197"", ""CHEMBL1200"", ""CHEMBL1200443"", ""CHEMBL1201217"", ""CHEMBL1201242"", ""CHEMBL1201336"", ""CHEMBL1201486"", ""CHEMBL1201754"", ""CHEMBL1242"", ""CHEMBL1294"", ""CHEMBL16"", ""CHEMBL1762"", ""CHEMBL184412"", ""CHEMBL220492"", ""CHEMBL315985"", ""CHEMBL370805"", ""CHEMBL3989949"", ""CHEMBL492"", ""CHEMBL517"", ""CHEMBL558"", ""CHEMBL569"", ""CHEMBL58323"", ""CHEMBL631"", ""CHEMBL640"", ""CHEMBL698"", ""CHEMBL741"", ""CHEMBL744"", ""CHEMBL750"", ""CHEMBL79"", ""CHEMBL856"", ""CHEMBL861"", ""CHEMBL87992"", ""CHEMBL900"", ""CHEMBL918""]"
ENSG00000141527,CARD14,0,0.012582026561884856,"{""expression_atlas"": 0.012582026561884856}",unknown,0,[]
ENSG00000131873,CHSY1,0,0.0125737677871842,"{""expression_atlas"": 0.0125737677871842}",unknown,0,[]
ENSG00000163001,CFAP36,0,0.0125737677871842,"{""expression_atlas"": 0.0125737677871842}",unknown,0,[]
ENSG00000109846,CRYAB,0,0.012561341557518304,"{""expression_atlas"": 0.012561341557518304}",unknown,0,[]
ENSG00000123329,ARHGAP9,0,0.012559370464362438,"{""expression_atlas"": 0.012559370464362438}",unknown,0,[]
ENSG00000264553,MIR4257,0,0.012553514107023548,"{""expression_atlas"": 0.012553514107023548}",unknown,0,[]
ENSG00000261613,ENSG00000261613,0,0.012548536287717777,"{""expression_atlas"": 0.012548536287717777}",unknown,0,[]
ENSG00000138180,CEP55,0,0.012548536287717777,"{""expression_atlas"": 0.012548536287717777}",unknown,0,[]
ENSG00000172554,SNTG2,0,0.012545326070586772,"{""expression_atlas"": 0.012545326070586772}",unknown,0,[]
ENSG00000160685,ZBTB7B,0,0.012544562602497665,"{""expression_atlas"": 0.012544562602497665}",unknown,0,[]
ENSG00000165929,TC2N,0,0.012540030979784362,"{""expression_atlas"": 0.012540030979784362}",unknown,0,[]
ENSG00000104723,TUSC3,0,0.012525705473102389,"{""expression_atlas"": 0.012525705473102389}",unknown,0,[]
ENSG00000157680,DGKI,0,0.012516303069813413,"{""expression_atlas"": 0.012516303069813413}",unknown,0,[]
ENSG00000181790,ADGRB1,0,0.012516303069813413,"{""expression_atlas"": 0.012516303069813413}",unknown,0,[]
ENSG00000254192,ENSG00000254192,0,0.012508213106544699,"{""expression_atlas"": 0.012508213106544699}",unknown,0,[]
ENSG00000101187,SLCO4A1,0,0.01247326855715353,"{""expression_atlas"": 0.01247326855715353}",unknown,0,[]
ENSG00000225614,ZNF469,0,0.012459624439271889,"{""expression_atlas"": 0.012459624439271889}",unknown,0,[]
ENSG00000161642,ZNF385A,0,0.012456319639224974,"{""expression_atlas"": 0.012456319639224974}",unknown,0,[]
ENSG00000231424,FMO1-AS1,0,0.012448623755675528,"{""expression_atlas"": 0.012448623755675528}",unknown,0,[]
ENSG00000138759,FRAS1,0,0.012439212781340686,"{""expression_atlas"": 0.012439212781340686}",unknown,0,[]
ENSG00000181234,TMEM132C,0,0.012435033323358486,"{""expression_atlas"": 0.012435033323358486}",unknown,0,[]
ENSG00000214336,FOXI3,0,0.012422199660134343,"{""expression_atlas"": 0.012422199660134343}",unknown,0,[]
ENSG00000261544,ENSG00000261544,0,0.01240801609037486,"{""expression_atlas"": 0.01240801609037486}",unknown,0,[]
ENSG00000167355,OR51B5,0,0.012404388103866333,"{""expression_atlas"": 0.012404388103866333}",unknown,0,[]
ENSG00000223843,EFCAB6-AS1,0,0.012404388103866333,"{""expression_atlas"": 0.012404388103866333}",unknown,0,[]
ENSG00000234622,ENSG00000234622,0,0.012404388103866333,"{""expression_atlas"": 0.012404388103866333}",unknown,0,[]
ENSG00000134533,RERG,0,0.012401358471264622,"{""expression_atlas"": 0.012401358471264622}",unknown,0,[]
ENSG00000279957,ENSG00000279957,0,0.012394588418161202,"{""expression_atlas"": 0.012394588418161202}",unknown,0,[]
ENSG00000127084,FGD3,0,0.012388450557724848,"{""expression_atlas"": 0.012388450557724848}",unknown,0,[]
ENSG00000285938,BCL6-AS1,0,0.012380578278926895,"{""expression_atlas"": 0.012380578278926895}",unknown,0,[]
ENSG00000231226,TRIM31-AS1,0,0.01236725209916782,"{""expression_atlas"": 0.01236725209916782}",unknown,0,[]
ENSG00000133740,E2F5,0,0.012354505898874445,"{""expression_atlas"": 0.012354505898874445}",unknown,0,[]
ENSG00000116260,QSOX1,0,0.012354505898874445,"{""expression_atlas"": 0.012354505898874445}",unknown,0,[]
ENSG00000131370,SH3BP5,0,0.012346240443118182,"{""expression_atlas"": 0.012346240443118182}",unknown,0,[]
ENSG00000226017,PRICKLE2-AS3,0,0.012341407430162698,"{""expression_atlas"": 0.012341407430162698}",unknown,0,[]
ENSG00000135925,WNT10A,0,0.012341407430162698,"{""expression_atlas"": 0.012341407430162698}",unknown,0,[]
ENSG00000169436,COL22A1,0,0.01231512895726418,"{""expression_atlas"": 0.01231512895726418}",unknown,0,[]
ENSG00000205045,SLFN12L,0,0.01231512895726418,"{""expression_atlas"": 0.01231512895726418}",unknown,0,[]
ENSG00000183963,SMTN,0,0.01231512895726418,"{""expression_atlas"": 0.01231512895726418}",unknown,0,[]
ENSG00000144791,LIMD1,0,0.012285089989703924,"{""expression_atlas"": 0.012285089989703924}",unknown,0,[]
ENSG00000080224,EPHA6,0,0.012282406246543979,"{""expression_atlas"": 0.012282406246543979}",unknown,0,"[""CHEMBL24828""]"
ENSG00000163873,GRIK3,0,0.01227609222408013,"{""expression_atlas"": 0.01227609222408013}",unknown,0,"[""CHEMBL220492""]"
ENSG00000162739,SLAMF6,0,0.012212548700338105,"{""expression_atlas"": 0.012212548700338105}",unknown,0,[]
ENSG00000185873,TMPRSS11B,0,0.012190291243294897,"{""expression_atlas"": 0.012190291243294897}",unknown,0,[]
ENSG00000176531,PHLDB3,0,0.012185351296007204,"{""expression_atlas"": 0.012185351296007204}",unknown,0,[]
ENSG00000254656,RTL1,0,0.012184867164422006,"{""expression_atlas"": 0.012184867164422006}",unknown,0,[]
ENSG00000159239,ENSG00000159239,0,0.012164480866947658,"{""expression_atlas"": 0.012164480866947658}",unknown,0,[]
ENSG00000033327,GAB2,0,0,{},unknown,0,[]
ENSG00000169710,FASN,0,0,{},unknown,0,[]
ENSG00000110497,AMBRA1,0,0,{},unknown,0,[]
ENSG00000151923,TIAL1,0,0,{},unknown,0,[]
ENSG00000147162,OGT,0,0,{},unknown,0,[]
ENSG00000124795,DEK,0,0,{},unknown,0,[]
ENSG00000213672,NCKIPSD,0,0,{},unknown,0,[]
ENSG00000101844,ATG4A,0,0,{},unknown,0,[]
ENSG00000175324,LSM1,0,0,{},unknown,0,[]
ENSG00000170315,UBB,0,0,{},unknown,0,[]
ENSG00000119541,VPS4B,0,0,{},unknown,0,[]
ENSG00000241549,GUSBP2,0,0,{},unknown,0,[]
ENSG00000006756,ARSD,0,0,{},unknown,0,[]
ENSG00000125084,WNT1,0,0,{},unknown,0,[]
ENSG00000245532,NEAT1,0,0,{},unknown,0,[]
ENSG00000235040,MTCO3P1,0,0,{},unknown,0,[]
ENSG00000198125,MB,0,0,{},unknown,0,[]
ENSG00000143437,ARNT,0,0,{},unknown,0,[]
ENSG00000148120,AOPEP,0,0,{},unknown,0,[]
ENSG00000145476,CYP4V2,0,0,{},unknown,0,[]
ENSG00000132612,VPS4A,0,0,{},unknown,0,[]
ENSG00000164690,SHH,0,0,{},unknown,0,[]
ENSG00000163218,PGLYRP4,0,0,{},unknown,0,[]
ENSG00000163956,LRPAP1,0,0,{},unknown,0,[]
ENSG00000213722,DDAH2,0,0,{},unknown,0,[]
ENSG00000115355,CCDC88A,0,0,{},unknown,0,[]
ENSG00000198604,BAZ1A,0,0,{},unknown,0,[]
ENSG00000131669,NINJ1,0,0,{},unknown,0,[]
ENSG00000063438,AHRR,0,0,{},unknown,0,[]
ENSG00000129103,SUMF2,0,0,{},unknown,0,[]
ENSG00000107902,LHPP,0,0,{},unknown,0,[]
ENSG00000206531,CD200R1L,0,0,{},unknown,0,[]
ENSG00000014123,UFL1,0,0,{},unknown,0,[]
ENSG00000232629,HLA-DQB2,0,0,{},unknown,0,[]
ENSG00000149972,CNTN5,0,0,{},unknown,0,[]
ENSG00000205359,SLCO6A1,0,0,{},unknown,0,[]
ENSG00000150787,PTS,0,0,{},unknown,0,[]
ENSG00000143418,CERS2,0,0,{},unknown,0,[]
ENSG00000100263,RHBDD3,0,0,{},unknown,0,[]
ENSG00000164038,SLC9B2,0,0,{},unknown,0,[]
ENSG00000102452,NALCN,0,0,{},unknown,0,[]
ENSG00000189056,RELN,0,0,{},unknown,0,[]
ENSG00000156508,EEF1A1,0,0,{},unknown,0,[]
ENSG00000169218,RSPO1,0,0,{},unknown,0,[]
ENSG00000225851,HLA-S,0,0,{},unknown,0,[]
ENSG00000184895,SRY,0,0,{},unknown,0,[]
ENSG00000197386,HTT,0,0,{},unknown,0,[]
ENSG00000165553,NGB,0,0,{},unknown,0,[]
ENSG00000153802,TMPRSS11D,0,0,{},unknown,0,[]
ENSG00000163939,PBRM1,0,0,{},unknown,0,[]
ENSG00000126457,PRMT1,0,0,{},unknown,0,[]
ENSG00000145506,NKD2,0,0,{},unknown,0,[]
ENSG00000162891,IL20,0,0,{},unknown,0,[]
ENSG00000275152,CCL16,0,0,{},unknown,0,[]
ENSG00000104325,DECR1,0,0,{},unknown,0,[]
ENSG00000127603,MACF1,0,0,{},unknown,0,[]
ENSG00000053747,LAMA3,0,0,{},unknown,0,"[""CHEMBL2095222""]"
ENSG00000284182,MIR143,0,0,{},unknown,0,[]
ENSG00000146197,SCUBE3,0,0,{},unknown,0,[]
ENSG00000141968,VAV1,0,0,{},unknown,0,[]
ENSG00000142082,SIRT3,0,0,{},unknown,0,[]
ENSG00000109618,SEPSECS,0,0,{},unknown,0,[]
ENSG00000120915,EPHX2,0,0,{},unknown,0,[]
ENSG00000123191,ATP7B,0,0,{},unknown,0,[]
ENSG00000168769,TET2,0,0,{},unknown,0,[]
ENSG00000197081,IGF2R,0,0,{},unknown,0,[]
ENSG00000183709,IFNL2,0,0,{},unknown,0,[]
ENSG00000068001,HYAL2,0,0,{},unknown,0,[]
ENSG00000148225,WDR31,0,0,{},unknown,0,[]
ENSG00000127863,TNFRSF19,0,0,{},unknown,0,[]
ENSG00000216819,TUBB2BP1,0,0,{},unknown,0,[]
ENSG00000125648,SLC25A23,0,0,{},unknown,0,[]
ENSG00000067208,EVI5,0,0,{},unknown,0,[]
ENSG00000197912,SPG7,0,0,{},unknown,0,[]
ENSG00000213760,ATP6V1G2,0,0,{},unknown,0,[]
ENSG00000164885,CDK5,0,0,{},unknown,0,[]
ENSG00000168264,IRF2BP2,0,0,{},unknown,0,[]
ENSG00000130066,SAT1,0,0,{},unknown,0,[]
ENSG00000078747,ITCH,0,0,{},unknown,0,[]
ENSG00000121764,HCRTR1,0,0,{},unknown,0,"[""CHEMBL1083659"", ""CHEMBL3545367"", ""CHEMBL4297590""]"
ENSG00000050748,MAPK9,0,0,{},unknown,0,[]
ENSG00000089692,LAG3,0,0,{},unknown,0,"[""CHEMBL3990044""]"
ENSG00000184451,CCR10,0,0,{},unknown,0,[]
ENSG00000143178,TBX19,0,0,{},unknown,0,[]
ENSG00000185187,SIGIRR,0,0,{},unknown,0,[]
ENSG00000065559,MAP2K4,0,0,{},unknown,0,[]
ENSG00000075651,PLD1,0,0,{},unknown,0,[]
ENSG00000116729,WLS,0,0,{},unknown,0,[]
ENSG00000204308,RNF5,0,0,{},unknown,0,[]
ENSG00000164039,BDH2,0,0,{},unknown,0,[]
ENSG00000172354,GNB2,0,0,{},unknown,0,[]
ENSG00000113522,RAD50,0,0,{},unknown,0,[]
ENSG00000173540,GMPPB,0,0,{},unknown,0,[]
ENSG00000180884,ZNF792,0,0,{},unknown,0,[]
ENSG00000109762,SNX25,0,0,{},unknown,0,[]
ENSG00000234741,GAS5,0,0,{},unknown,0,[]
ENSG00000146856,AGBL3,0,0,{},unknown,0,[]
ENSG00000184678,H2BC21,0,0,{},unknown,0,[]
ENSG00000137478,FCHSD2,0,0,{},unknown,0,[]
ENSG00000226677,IGBP1P1,0,0,{},unknown,0,[]
ENSG00000162878,PKDCC,0,0,{},unknown,0,[]
ENSG00000120833,SOCS2,0,0,{},unknown,0,[]
ENSG00000204644,ZFP57,0,0,{},unknown,0,[]
ENSG00000186260,MRTFB,0,0,{},unknown,0,[]
ENSG00000044115,CTNNA1,0,0,{},unknown,0,[]
ENSG00000007372,PAX6,0,0,{},unknown,0,[]
ENSG00000144401,METTL21A,0,0,{},unknown,0,[]
ENSG00000090889,KIF4A,0,0,{},unknown,0,[]
ENSG00000113318,MSH3,0,0,{},unknown,0,[]
ENSG00000100600,LGMN,0,0,{},unknown,0,[]
ENSG00000163608,RMP64,0,0,{},unknown,0,[]
ENSG00000180902,D2HGDH,0,0,{},unknown,0,[]
ENSG00000125875,TBC1D20,0,0,{},unknown,0,[]
ENSG00000142330,CAPN10,0,0,{},unknown,0,[]
ENSG00000100345,MYH9,0,0,{},unknown,0,[]
ENSG00000159958,TNFRSF13C,0,0,{},unknown,0,[]
ENSG00000174371,EXO1,0,0,{},unknown,0,[]
ENSG00000124557,BTN1A1,0,0,{},unknown,0,[]
ENSG00000130299,GTPBP3,0,0,{},unknown,0,[]
ENSG00000137714,FDX1,0,0,{},unknown,0,[]
ENSG00000083290,ULK2,0,0,{},unknown,0,[]
ENSG00000125888,BANF2,0,0,{},unknown,0,[]
ENSG00000158321,AUTS2,0,0,{},unknown,0,[]
ENSG00000172260,NEGR1,0,0,{},unknown,0,[]
ENSG00000105851,PIK3CG,0,0,{},unknown,0,"[""CHEMBL3039502""]"
ENSG00000134452,FBH1,0,0,{},unknown,0,[]
ENSG00000162496,DHRS3,0,0,{},unknown,0,[]
ENSG00000013306,SLC25A39,0,0,{},unknown,0,[]
ENSG00000168350,DEGS2,0,0,{},unknown,0,[]
ENSG00000177752,YIPF7,0,0,{},unknown,0,[]
ENSG00000164904,ALDH7A1,0,0,{},unknown,0,[]
ENSG00000049540,ELN,0,0,{},unknown,0,[]
ENSG00000284190,MIR21,0,0,{},unknown,0,[]
ENSG00000160310,PRMT2,0,0,{},unknown,0,[]
ENSG00000290741,SAA3P,0,0,{},unknown,0,[]
ENSG00000176454,LPCAT4,0,0,{},unknown,0,[]
ENSG00000047617,ANO2,0,0,{},unknown,0,[]
ENSG00000082641,NFE2L1,0,0,{},unknown,0,[]
ENSG00000179241,LDLRAD3,0,0,{},unknown,0,[]
ENSG00000122033,MTIF3,0,0,{},unknown,0,[]
ENSG00000112033,PPARD,0,0,{},unknown,0,"[""CHEMBL230158"", ""CHEMBL3707395""]"
ENSG00000100739,BDKRB1,0,0,{},unknown,0,[]
ENSG00000161016,RPL8,0,0,{},unknown,0,"[""CHEMBL256997""]"
ENSG00000187848,P2RX2,0,0,{},unknown,0,[]
ENSG00000180155,LYNX1,0,0,{},unknown,0,[]
ENSG00000133216,EPHB2,0,0,{},unknown,0,"[""CHEMBL24828""]"
ENSG00000134758,RNF138,0,0,{},unknown,0,[]
ENSG00000131016,AKAP12,0,0,{},unknown,0,[]
ENSG00000108064,TFAM,0,0,{},unknown,0,[]
ENSG00000073614,KDM5A,0,0,{},unknown,0,[]
ENSG00000185122,HSF1,0,0,{},unknown,0,[]
ENSG00000184330,S100A7A,0,0,{},unknown,0,[]
ENSG00000148840,PPRC1,0,0,{},unknown,0,[]
ENSG00000153904,DDAH1,0,0,{},unknown,0,[]
ENSG00000186130,ZBTB6,0,0,{},unknown,0,[]
ENSG00000143324,XPR1,0,0,{},unknown,0,[]
ENSG00000136160,EDNRB,0,0,{},unknown,0,"[""CHEMBL1111"", ""CHEMBL2103873"", ""CHEMBL2165326"", ""CHEMBL957""]"
ENSG00000071054,MAP4K4,0,0,{},unknown,0,[]
ENSG00000141639,MAPK4,0,0,{},unknown,0,[]
ENSG00000252010,SCARNA5,0,0,{},unknown,0,[]
ENSG00000114302,PRKAR2A,0,0,{},unknown,0,[]
ENSG00000145675,PIK3R1,0,0,{},unknown,0,[]
ENSG00000122507,BBS9,0,0,{},unknown,0,[]
ENSG00000258498,DIO3OS,0,0,{},unknown,0,[]
ENSG00000170180,GYPA,0,0,{},unknown,0,[]
ENSG00000132842,AP3B1,0,0,{},unknown,0,[]
ENSG00000008283,CYB561,0,0,{},unknown,0,[]
ENSG00000161955,TNFSF13,0,0,{},unknown,0,[]
ENSG00000125257,ABCC4,0,0,{},unknown,0,[]
ENSG00000156575,PRG3,0,0,{},unknown,0,[]
ENSG00000166272,WBP1L,0,0,{},unknown,0,[]
ENSG00000105202,FBL,0,0,{},unknown,0,[]
ENSG00000177570,SAMD12,0,0,{},unknown,0,[]
ENSG00000135341,MAP3K7,0,0,{},unknown,0,[]
ENSG00000164930,FZD6,0,0,{},unknown,0,[]
ENSG00000197471,SPN,0,0,{},unknown,0,[]
ENSG00000204351,SKIC2,0,0,{},unknown,0,[]
ENSG00000198026,ZNF335,0,0,{},unknown,0,[]
ENSG00000244682,FCGR2C,0,0,{},unknown,0,[]
ENSG00000148408,CACNA1B,0,0,{},unknown,0,"[""CHEMBL1008"", ""CHEMBL1059"", ""CHEMBL1286"", ""CHEMBL1628502"", ""CHEMBL1795072"", ""CHEMBL4594214"", ""CHEMBL940""]"
ENSG00000144182,LIPT1,0,0,{},unknown,0,[]
ENSG00000060718,COL11A1,0,0,{},unknown,0,"[""CHEMBL2095222"", ""CHEMBL2108709""]"
ENSG00000143556,S100A7,0,0,{},unknown,0,[]
ENSG00000140465,CYP1A1,0,0,{},unknown,0,[]
ENSG00000119655,NPC2,0,0,{},unknown,0,[]
ENSG00000109991,P2RX3,0,0,{},unknown,0,"[""CHEMBL3716057""]"
ENSG00000163406,SLC15A2,0,0,{},unknown,0,[]
ENSG00000180875,GREM2,0,0,{},unknown,0,[]
ENSG00000186318,BACE1,0,0,{},unknown,0,[]
ENSG00000170927,PKHD1,0,0,{},unknown,0,[]
ENSG00000183873,SCN5A,0,0,{},unknown,0,"[""CHEMBL1068"", ""CHEMBL1075"", ""CHEMBL1077896"", ""CHEMBL108"", ""CHEMBL1086"", ""CHEMBL1087"", ""CHEMBL1093"", ""CHEMBL1095"", ""CHEMBL1179047"", ""CHEMBL1194"", ""CHEMBL1195"", ""CHEMBL1196"", ""CHEMBL1197"", ""CHEMBL1200"", ""CHEMBL1200443"", ""CHEMBL1201217"", ""CHEMBL1201242"", ""CHEMBL1201336"", ""CHEMBL1201486"", ""CHEMBL1201754"", ""CHEMBL1242"", ""CHEMBL1294"", ""CHEMBL1404"", ""CHEMBL16"", ""CHEMBL1762"", ""CHEMBL184412"", ""CHEMBL2111112"", ""CHEMBL220492"", ""CHEMBL315985"", ""CHEMBL370805"", ""CHEMBL3989949"", ""CHEMBL492"", ""CHEMBL517"", ""CHEMBL558"", ""CHEMBL569"", ""CHEMBL58323"", ""CHEMBL631"", ""CHEMBL640"", ""CHEMBL652"", ""CHEMBL698"", ""CHEMBL741"", ""CHEMBL744"", ""CHEMBL750"", ""CHEMBL79"", ""CHEMBL856"", ""CHEMBL861"", ""CHEMBL87992"", ""CHEMBL900"", ""CHEMBL918""]"
ENSG00000160145,KALRN,0,0,{},unknown,0,[]
ENSG00000154889,MPPE1,0,0,{},unknown,0,[]
ENSG00000258839,MC1R,0,0,{},unknown,0,"[""CHEMBL441738""]"
ENSG00000049656,CLPTM1L,0,0,{},unknown,0,[]
ENSG00000196954,CASP4,0,0,{},unknown,0,[]
ENSG00000163349,HIPK1,0,0,{},unknown,0,[]
ENSG00000179909,ZNF154,0,0,{},unknown,0,[]
ENSG00000101230,ISM1,0,0,{},unknown,0,[]
ENSG00000100099,HPS4,0,0,{},unknown,0,[]
ENSG00000184347,SLIT3,0,0,{},unknown,0,[]
ENSG00000168959,GRM5,0,0,{},unknown,0,[]
ENSG00000233217,MROH3P,0,0,{},unknown,0,[]
ENSG00000181195,PENK,0,0,{},unknown,0,[]
ENSG00000134962,KLB,0,0,{},unknown,0,[]
ENSG00000103187,COTL1,0,0,{},unknown,0,[]
ENSG00000152492,CCDC50,0,0,{},unknown,0,[]
ENSG00000112685,EXOC2,0,0,{},unknown,0,[]
ENSG00000104388,RAB2A,0,0,{},unknown,0,[]
ENSG00000147649,MTDH,0,0,{},unknown,0,[]
ENSG00000227868,TEX46,0,0,{},unknown,0,[]
ENSG00000166012,TAF1D,0,0,{},unknown,0,[]
ENSG00000255052,FAM66D,0,0,{},unknown,0,[]
ENSG00000055332,EIF2AK2,0,0,{},unknown,0,[]
ENSG00000205189,ZBTB10,0,0.012149338791712679,"{""expression_atlas"": 0.012149338791712679}",unknown,0,[]
ENSG00000155011,DKK2,0,0.012132439485636156,"{""expression_atlas"": 0.012132439485636156}",unknown,0,[]
ENSG00000224383,PRR29,0,0.01213090304062617,"{""expression_atlas"": 0.01213090304062617}",unknown,0,[]
ENSG00000241839,PLEKHO2,0,0.012127817381732298,"{""expression_atlas"": 0.012127817381732298}",unknown,0,[]
ENSG00000222033,LINC01124,0,0.012111980289928636,"{""expression_atlas"": 0.012111980289928636}",unknown,0,[]
ENSG00000228261,ITPRIP-AS1,0,0.012111980289928636,"{""expression_atlas"": 0.012111980289928636}",unknown,0,[]
ENSG00000181215,C4orf50,0,0.012108967245588263,"{""expression_atlas"": 0.012108967245588263}",unknown,0,[]
ENSG00000102879,CORO1A,0,0.012100161335515251,"{""expression_atlas"": 0.012100161335515251}",unknown,0,[]
ENSG00000088899,LZTS3,0,0.012100161335515251,"{""expression_atlas"": 0.012100161335515251}",unknown,0,[]
ENSG00000183688,RFLNB,0,0.012079042576139436,"{""expression_atlas"": 0.012079042576139436}",unknown,0,[]
ENSG00000279602,ENSG00000279602,0,0.012072317865087856,"{""expression_atlas"": 0.012072317865087856}",unknown,0,[]
ENSG00000273096,ENSG00000273096,0,0.012069721024522228,"{""expression_atlas"": 0.012069721024522228}",unknown,0,[]
ENSG00000139163,ETNK1,0,0.012049930234574863,"{""expression_atlas"": 0.012049930234574863}",unknown,0,[]
ENSG00000145779,TNFAIP8,0,0.012045560327080153,"{""expression_atlas"": 0.012045560327080153}",unknown,0,[]
ENSG00000136404,TM6SF1,0,0.01203785061515302,"{""expression_atlas"": 0.01203785061515302}",unknown,0,[]
ENSG00000279706,ENSG00000279706,0,0.01199117886653339,"{""expression_atlas"": 0.01199117886653339}",unknown,0,[]
ENSG00000259135,ENSG00000259135,0,0.011990973448770578,"{""expression_atlas"": 0.011990973448770578}",unknown,0,[]
ENSG00000088826,SMOX,0,0.011985406355327159,"{""expression_atlas"": 0.011985406355327159}",unknown,0,[]
ENSG00000123119,NECAB1,0,0.011983756730343333,"{""expression_atlas"": 0.011983756730343333}",unknown,0,[]
ENSG00000184922,FMNL1,0,0.011980150769426491,"{""expression_atlas"": 0.011980150769426491}",unknown,0,[]
ENSG00000267423,ENSG00000267423,0,0.011972012825886834,"{""expression_atlas"": 0.011972012825886834}",unknown,0,[]
ENSG00000088387,DOCK9,0,0.011961786690817232,"{""expression_atlas"": 0.011961786690817232}",unknown,0,[]
ENSG00000005448,WDR54,0,0.011961588529897605,"{""expression_atlas"": 0.011961588529897605}",unknown,0,[]
ENSG00000283632,EXOC3L2,0,0.01194376386786996,"{""expression_atlas"": 0.01194376386786996}",unknown,0,[]
ENSG00000128298,BAIAP2L2,0,0.01189850330712056,"{""expression_atlas"": 0.01189850330712056}",unknown,0,[]
ENSG00000099769,IGFALS,0,0.011880973060645644,"{""expression_atlas"": 0.011880973060645644}",unknown,0,[]
ENSG00000100889,PCK2,0,0.011878816796726097,"{""expression_atlas"": 0.011878816796726097}",unknown,0,[]
ENSG00000153012,LGI2,0,0.011878072077956662,"{""expression_atlas"": 0.011878072077956662}",unknown,0,[]
ENSG00000163519,TRAT1,0,0.011874169093725668,"{""expression_atlas"": 0.011874169093725668}",unknown,0,[]
ENSG00000088280,ASAP3,0,0.011861845465066051,"{""expression_atlas"": 0.011861845465066051}",unknown,0,[]
ENSG00000137393,RNF144B,0,0.011857904333003773,"{""expression_atlas"": 0.011857904333003773}",unknown,0,[]
ENSG00000198934,MAGEE1,0,0.011850461468588099,"{""expression_atlas"": 0.011850461468588099}",unknown,0,[]
ENSG00000253837,LOXL2-AS1,0,0.011850461468588099,"{""expression_atlas"": 0.011850461468588099}",unknown,0,[]
ENSG00000258122,ENSG00000258122,0,0.011843373788994777,"{""expression_atlas"": 0.011843373788994777}",unknown,0,[]
ENSG00000188596,CFAP54,0,0.011841347100275516,"{""expression_atlas"": 0.011841347100275516}",unknown,0,[]
ENSG00000130701,RBBP8NL,0,0.011841347100275516,"{""expression_atlas"": 0.011841347100275516}",unknown,0,[]
ENSG00000184619,KRABD2,0,0.011831005854618444,"{""expression_atlas"": 0.011831005854618444}",unknown,0,[]
ENSG00000102934,PLLP,0,0.011828559887501701,"{""expression_atlas"": 0.011828559887501701}",unknown,0,[]
ENSG00000273445,ENSG00000273445,0,0.011826932327549902,"{""expression_atlas"": 0.011826932327549902}",unknown,0,[]
ENSG00000165507,DEPP1,0,0.011825684036175413,"{""expression_atlas"": 0.011825684036175413}",unknown,0,[]
ENSG00000145794,MEGF10,0,0.01181466960140514,"{""expression_atlas"": 0.01181466960140514}",unknown,0,[]
ENSG00000252947,SCARNA1,0,0.011792747266323877,"{""expression_atlas"": 0.011792747266323877}",unknown,0,[]
ENSG00000197859,ADAMTSL2,0,0.011772404536120048,"{""expression_atlas"": 0.011772404536120048}",unknown,0,[]
ENSG00000141753,IGFBP4,0,0.011771734080416355,"{""expression_atlas"": 0.011771734080416355}",unknown,0,[]
ENSG00000008405,CRY1,0,0.011771734080416355,"{""expression_atlas"": 0.011771734080416355}",unknown,0,[]
ENSG00000132819,RBM38,0,0.011725972715600204,"{""expression_atlas"": 0.011725972715600204}",unknown,0,[]
ENSG00000143995,MEIS1,0,0.011672207097643342,"{""expression_atlas"": 0.011672207097643342}",unknown,0,[]
ENSG00000072195,SPEG,0,0.011670766433602401,"{""expression_atlas"": 0.011670766433602401}",unknown,0,[]
ENSG00000163291,PAQR3,0,0.011660474714405334,"{""expression_atlas"": 0.011660474714405334}",unknown,0,[]
ENSG00000226891,LINC01359,0,0.011619356683717082,"{""expression_atlas"": 0.011619356683717082}",unknown,0,[]
ENSG00000015285,WAS,0,0.011619356683717082,"{""expression_atlas"": 0.011619356683717082}",unknown,0,[]
ENSG00000211898,IGHD,0,0.011598759404970512,"{""expression_atlas"": 0.011598759404970512}",unknown,0,[]
ENSG00000145681,HAPLN1,0,0.011582860606315628,"{""expression_atlas"": 0.011582860606315628}",unknown,0,[]
ENSG00000163219,ARHGAP25,0,0.01158030098823394,"{""expression_atlas"": 0.01158030098823394}",unknown,0,[]
ENSG00000160932,LY6E,0,0.011565232355449923,"{""expression_atlas"": 0.011565232355449923}",unknown,0,[]
ENSG00000230587,LINC02580,0,0.011553102943585757,"{""expression_atlas"": 0.011553102943585757}",unknown,0,[]
ENSG00000113578,FGF1,0,0.011548486242442133,"{""expression_atlas"": 0.011548486242442133}",unknown,0,[]
ENSG00000198865,CCDC152,0,0.011546283653880463,"{""expression_atlas"": 0.011546283653880463}",unknown,0,[]
ENSG00000106025,TSPAN12,0,0.011528565746268218,"{""expression_atlas"": 0.011528565746268218}",unknown,0,[]
ENSG00000100344,PNPLA3,0,0.011515186722783977,"{""expression_atlas"": 0.011515186722783977}",unknown,0,[]
ENSG00000170190,SLC16A5,0,0.011511728188651444,"{""expression_atlas"": 0.011511728188651444}",unknown,0,[]
ENSG00000185274,GALNT17,0,0.011504884639929503,"{""expression_atlas"": 0.011504884639929503}",unknown,0,[]
ENSG00000165244,ZNF367,0,0.011494464593786911,"{""expression_atlas"": 0.011494464593786911}",unknown,0,[]
ENSG00000205309,NT5M,0,0.011449356236815027,"{""expression_atlas"": 0.011449356236815027}",unknown,0,[]
ENSG00000142552,RCN3,0,0.011436630734852968,"{""expression_atlas"": 0.011436630734852968}",unknown,0,[]
ENSG00000226777,FAM30A,0,0.011433640245950713,"{""expression_atlas"": 0.011433640245950713}",unknown,0,[]
ENSG00000126950,TMEM35A,0,0.011430369940413847,"{""expression_atlas"": 0.011430369940413847}",unknown,0,[]
ENSG00000143942,CHAC2,0,0.011398767368850682,"{""expression_atlas"": 0.011398767368850682}",unknown,0,[]
ENSG00000279801,ENSG00000279801,0,0.01139674736224584,"{""expression_atlas"": 0.01139674736224584}",unknown,0,[]
ENSG00000108932,SLC16A6,0,0.011393596589417562,"{""expression_atlas"": 0.011393596589417562}",unknown,0,[]
ENSG00000136014,USP44,0,0.011392068397073261,"{""expression_atlas"": 0.011392068397073261}",unknown,0,[]
ENSG00000258405,ZNF578,0,0.01138365972126731,"{""expression_atlas"": 0.01138365972126731}",unknown,0,[]
ENSG00000152689,RASGRP3,0,0.011364734472619263,"{""expression_atlas"": 0.011364734472619263}",unknown,0,[]
ENSG00000126787,DLGAP5,0,0.011343721846956945,"{""expression_atlas"": 0.011343721846956945}",unknown,0,[]
ENSG00000260428,SCX,0,0.011333555694910005,"{""expression_atlas"": 0.011333555694910005}",unknown,0,[]
ENSG00000142102,PGGHG,0,0.01133308128599335,"{""expression_atlas"": 0.01133308128599335}",unknown,0,[]
ENSG00000088367,EPB41L1,0,0.011326953377622328,"{""expression_atlas"": 0.011326953377622328}",unknown,0,[]
ENSG00000128815,WDFY4,0,0.01132059738014286,"{""expression_atlas"": 0.01132059738014286}",unknown,0,[]
ENSG00000136490,LIMD2,0,0.0113198584715301,"{""expression_atlas"": 0.0113198584715301}",unknown,0,[]
ENSG00000272950,ENSG00000272950,0,0.011317387072858334,"{""expression_atlas"": 0.011317387072858334}",unknown,0,[]
ENSG00000160219,GAB3,0,0.01131130216001085,"{""expression_atlas"": 0.01131130216001085}",unknown,0,[]
ENSG00000145808,ADAMTS19,0,0.01130520421300071,"{""expression_atlas"": 0.01130520421300071}",unknown,0,[]
ENSG00000171033,PKIA,0,0.011295197222110923,"{""expression_atlas"": 0.011295197222110923}",unknown,0,[]
ENSG00000282572,FAM157D,0,0.011276248848345735,"{""expression_atlas"": 0.011276248848345735}",unknown,0,[]
ENSG00000174099,MSRB3,0,0.011238025398126185,"{""expression_atlas"": 0.011238025398126185}",unknown,0,[]
ENSG00000222012,ENSG00000222012,0,0.011238025398126185,"{""expression_atlas"": 0.011238025398126185}",unknown,0,[]
ENSG00000174327,SLC16A13,0,0.011238025398126185,"{""expression_atlas"": 0.011238025398126185}",unknown,0,[]
ENSG00000134775,FHOD3,0,0.011237682756431434,"{""expression_atlas"": 0.011237682756431434}",unknown,0,[]
ENSG00000262691,ENSG00000262691,0,0.011226118918663753,"{""expression_atlas"": 0.011226118918663753}",unknown,0,[]
ENSG00000152749,GPR180,0,0.011216245396447026,"{""expression_atlas"": 0.011216245396447026}",unknown,0,[]
ENSG00000213424,KRT222,0,0.011212230647297478,"{""expression_atlas"": 0.011212230647297478}",unknown,0,[]
ENSG00000130720,FIBCD1,0,0.011173259768512163,"{""expression_atlas"": 0.011173259768512163}",unknown,0,[]
ENSG00000211937,IGHV2-5,0,0.011168937065815792,"{""expression_atlas"": 0.011168937065815792}",unknown,0,[]
ENSG00000140538,NTRK3,0,0.011153578433341074,"{""expression_atlas"": 0.011153578433341074}",unknown,0,"[""CHEMBL1983268"", ""CHEMBL3889654"", ""CHEMBL4297852"", ""CHEMBL4298138""]"
ENSG00000178053,MLF1,0,0.011150286107766806,"{""expression_atlas"": 0.011150286107766806}",unknown,0,[]
ENSG00000210195,MT-TT,0,0.011129802830726933,"{""expression_atlas"": 0.011129802830726933}",unknown,0,[]
ENSG00000226363,HAGLROS,0,0.011120941009381375,"{""expression_atlas"": 0.011120941009381375}",unknown,0,[]
ENSG00000184254,ALDH1A3,0,0.011112789299734466,"{""expression_atlas"": 0.011112789299734466}",unknown,0,[]
ENSG00000135374,ELF5,0,0.011105869629479686,"{""expression_atlas"": 0.011105869629479686}",unknown,0,[]
ENSG00000165410,CFL2,0,0.011101680569274072,"{""expression_atlas"": 0.011101680569274072}",unknown,0,[]
ENSG00000113296,THBS4,0,0.011094034604124501,"{""expression_atlas"": 0.011094034604124501}",unknown,0,[]
ENSG00000168314,MOBP,0,0.011079473805828247,"{""expression_atlas"": 0.011079473805828247}",unknown,0,[]
ENSG00000203436,Metazoa_SRP,0,0.011077828552602767,"{""expression_atlas"": 0.011077828552602767}",unknown,0,[]
ENSG00000131094,C1QL1,0,0.011077482738398736,"{""expression_atlas"": 0.011077482738398736}",unknown,0,[]
ENSG00000136231,IGF2BP3,0,0.011062169889136275,"{""expression_atlas"": 0.011062169889136275}",unknown,0,[]
ENSG00000105122,RASAL3,0,0.011046725385059374,"{""expression_atlas"": 0.011046725385059374}",unknown,0,[]
ENSG00000107130,NCS1,0,0.011043779818239117,"{""expression_atlas"": 0.011043779818239117}",unknown,0,[]
ENSG00000260317,LINC02986,0,0.011035850113514958,"{""expression_atlas"": 0.011035850113514958}",unknown,0,[]
ENSG00000165259,HDX,0,0.011035334704593953,"{""expression_atlas"": 0.011035334704593953}",unknown,0,[]
ENSG00000163431,LMOD1,0,0.010984397891525142,"{""expression_atlas"": 0.010984397891525142}",unknown,0,[]
ENSG00000135678,CPM,0,0.010963287758614338,"{""expression_atlas"": 0.010963287758614338}",unknown,0,[]
ENSG00000025293,PHF20,0,0.010934982320950474,"{""expression_atlas"": 0.010934982320950474}",unknown,0,[]
ENSG00000076641,PAG1,0,0.010934982320950474,"{""expression_atlas"": 0.010934982320950474}",unknown,0,[]
ENSG00000171241,SHCBP1,0,0.010931486793709746,"{""expression_atlas"": 0.010931486793709746}",unknown,0,[]
ENSG00000184160,ADRA2C,0,0.010920894429482362,"{""expression_atlas"": 0.010920894429482362}",unknown,0,"[""CHEMBL1079"", ""CHEMBL1201233"", ""CHEMBL1201234"", ""CHEMBL1201262"", ""CHEMBL1201454"", ""CHEMBL1266"", ""CHEMBL134"", ""CHEMBL1437"", ""CHEMBL1546"", ""CHEMBL17860"", ""CHEMBL2103827"", ""CHEMBL211456"", ""CHEMBL2364968"", ""CHEMBL27810"", ""CHEMBL312448"", ""CHEMBL3559672"", ""CHEMBL420"", ""CHEMBL429"", ""CHEMBL459"", ""CHEMBL597"", ""CHEMBL647"", ""CHEMBL654"", ""CHEMBL677"", ""CHEMBL679"", ""CHEMBL753"", ""CHEMBL761"", ""CHEMBL762"", ""CHEMBL770"", ""CHEMBL778"", ""CHEMBL844"", ""CHEMBL862""]"
ENSG00000250137,ENSG00000250137,0,0.010896575403017595,"{""expression_atlas"": 0.010896575403017595}",unknown,0,[]
ENSG00000278126,ENSG00000278126,0,0.010895368492614988,"{""expression_atlas"": 0.010895368492614988}",unknown,0,[]
ENSG00000206172,HBA1,0,0.010888915396998926,"{""expression_atlas"": 0.010888915396998926}",unknown,0,[]
ENSG00000126838,PZP,0,0.010877935640933813,"{""expression_atlas"": 0.010877935640933813}",unknown,0,[]
ENSG00000280401,ENSG00000280401,0,0.010869976291319068,"{""expression_atlas"": 0.010869976291319068}",unknown,0,[]
ENSG00000108797,CNTNAP1,0,0.0108694093311147,"{""expression_atlas"": 0.0108694093311147}",unknown,0,[]
ENSG00000021300,PLEKHB1,0,0.010843868455601638,"{""expression_atlas"": 0.010843868455601638}",unknown,0,[]
ENSG00000242371,IGKV1-39,0,0.010838455970566927,"{""expression_atlas"": 0.010838455970566927}",unknown,0,[]
ENSG00000065413,ANKRD44,0,0.010829974098412999,"{""expression_atlas"": 0.010829974098412999}",unknown,0,[]
ENSG00000064309,CDON,0,0.010825980592621631,"{""expression_atlas"": 0.010825980592621631}",unknown,0,[]
ENSG00000103647,CORO2B,0,0.010821282009854083,"{""expression_atlas"": 0.010821282009854083}",unknown,0,[]
ENSG00000182534,MXRA7,0,0.010786340465823224,"{""expression_atlas"": 0.010786340465823224}",unknown,0,[]
ENSG00000260947,ENSG00000260947,0,0.010785314265416858,"{""expression_atlas"": 0.010785314265416858}",unknown,0,[]
ENSG00000104490,NCALD,0,0.010784239574120506,"{""expression_atlas"": 0.010784239574120506}",unknown,0,[]
ENSG00000152292,SH2D6,0,0.010775397051116496,"{""expression_atlas"": 0.010775397051116496}",unknown,0,[]
ENSG00000184232,OAF,0,0.010770931378625052,"{""expression_atlas"": 0.010770931378625052}",unknown,0,[]
ENSG00000154920,EME1,0,0.010770931378625052,"{""expression_atlas"": 0.010770931378625052}",unknown,0,[]
ENSG00000151150,ANK3,0,0.010747502591354943,"{""expression_atlas"": 0.010747502591354943}",unknown,0,[]
ENSG00000126882,FAM78A,0,0.010726136399522345,"{""expression_atlas"": 0.010726136399522345}",unknown,0,[]
ENSG00000200953,Y_RNA,0,0.010724059068590395,"{""expression_atlas"": 0.010724059068590395}",unknown,0,[]
ENSG00000272505,ENSG00000272505,0,0.010716326322319966,"{""expression_atlas"": 0.010716326322319966}",unknown,0,[]
ENSG00000173156,RHOD,0,0.010706547143049699,"{""expression_atlas"": 0.010706547143049699}",unknown,0,[]
ENSG00000116675,DNAJC6,0,0.01070609874521974,"{""expression_atlas"": 0.01070609874521974}",unknown,0,[]
ENSG00000211753,TRBV28,0,0.010695175128046573,"{""expression_atlas"": 0.010695175128046573}",unknown,0,[]
ENSG00000125355,TMEM255A,0,0.010687334090909242,"{""expression_atlas"": 0.010687334090909242}",unknown,0,[]
ENSG00000067715,SYT1,0,0.010687099187978397,"{""expression_atlas"": 0.010687099187978397}",unknown,0,[]
ENSG00000149256,TENM4,0,0.010640935062739913,"{""expression_atlas"": 0.010640935062739913}",unknown,0,[]
ENSG00000261971,MMP25-AS1,0,0.010629403128723668,"{""expression_atlas"": 0.010629403128723668}",unknown,0,[]
ENSG00000275880,NAXD-AS1,0,0.010614629894421104,"{""expression_atlas"": 0.010614629894421104}",unknown,0,[]
ENSG00000178031,ADAMTSL1,0,0.010595118805311362,"{""expression_atlas"": 0.010595118805311362}",unknown,0,[]
ENSG00000124749,COL21A1,0,0.010591538185643078,"{""expression_atlas"": 0.010591538185643078}",unknown,0,[]
ENSG00000109667,SLC2A9,0,0.010572777482935563,"{""expression_atlas"": 0.010572777482935563}",unknown,0,[]
ENSG00000125895,TMEM74B,0,0.010507288160918048,"{""expression_atlas"": 0.010507288160918048}",unknown,0,[]
ENSG00000153902,LGI4,0,0.010506511059902371,"{""expression_atlas"": 0.010506511059902371}",unknown,0,[]
ENSG00000226756,SERTAD2-AS1,0,0.010489729495893888,"{""expression_atlas"": 0.010489729495893888}",unknown,0,[]
ENSG00000110777,POU2AF1,0,0.010483461265381414,"{""expression_atlas"": 0.010483461265381414}",unknown,0,[]
ENSG00000142494,SLC47A1,0,0.010464891998415814,"{""expression_atlas"": 0.010464891998415814}",unknown,0,[]
ENSG00000126264,HCST,0,0.010455649271651381,"{""expression_atlas"": 0.010455649271651381}",unknown,0,[]
ENSG00000257221,ENSG00000257221,0,0.01044956030633046,"{""expression_atlas"": 0.01044956030633046}",unknown,0,[]
ENSG00000260244,ENSG00000260244,0,0.01041772889326941,"{""expression_atlas"": 0.01041772889326941}",unknown,0,[]
ENSG00000148429,USP6NL,0,0.010398637622087623,"{""expression_atlas"": 0.010398637622087623}",unknown,0,[]
ENSG00000205363,INSYN1,0,0.010379000438180259,"{""expression_atlas"": 0.010379000438180259}",unknown,0,[]
ENSG00000169760,NLGN1,0,0.010379000438180259,"{""expression_atlas"": 0.010379000438180259}",unknown,0,[]
ENSG00000174943,KCTD13,0,0.010375500048114035,"{""expression_atlas"": 0.010375500048114035}",unknown,0,[]
ENSG00000172578,KLHL6,0,0.010373561905962633,"{""expression_atlas"": 0.010373561905962633}",unknown,0,[]
ENSG00000092096,SLC22A17,0,0.010373561905962633,"{""expression_atlas"": 0.010373561905962633}",unknown,0,[]
ENSG00000167779,IGFBP6,0,0.010327869395069017,"{""expression_atlas"": 0.010327869395069017}",unknown,0,[]
ENSG00000256061,DNAAF4,0,0.010307217574149576,"{""expression_atlas"": 0.010307217574149576}",unknown,0,[]
ENSG00000183230,CTNNA3,0,0.010289861116539602,"{""expression_atlas"": 0.010289861116539602}",unknown,0,[]
ENSG00000210184,MT-TS2,0,0.010289861116539602,"{""expression_atlas"": 0.010289861116539602}",unknown,0,[]
ENSG00000250131,AGA-DT,0,0.010278551000760437,"{""expression_atlas"": 0.010278551000760437}",unknown,0,[]
ENSG00000250033,SLC7A11-AS1,0,0.010276402886584702,"{""expression_atlas"": 0.010276402886584702}",unknown,0,[]
ENSG00000174332,GLIS1,0,0.010270056092994589,"{""expression_atlas"": 0.010270056092994589}",unknown,0,[]
ENSG00000276570,ENSG00000276570,0,0.01024914918741791,"{""expression_atlas"": 0.01024914918741791}",unknown,0,[]
ENSG00000230923,LINC00309,0,0.010244709937125583,"{""expression_atlas"": 0.010244709937125583}",unknown,0,[]
ENSG00000162669,HFM1,0,0.010220852073008494,"{""expression_atlas"": 0.010220852073008494}",unknown,0,[]
ENSG00000152931,PART1,0,0.01021383720618537,"{""expression_atlas"": 0.01021383720618537}",unknown,0,[]
ENSG00000150627,WDR17,0,0.010207199485594192,"{""expression_atlas"": 0.010207199485594192}",unknown,0,[]
ENSG00000255874,PRECSIT,0,0.010186723524756598,"{""expression_atlas"": 0.010186723524756598}",unknown,0,[]
ENSG00000200651,Y_RNA,0,0.010166393822030297,"{""expression_atlas"": 0.010166393822030297}",unknown,0,[]
ENSG00000143479,DYRK3,0,0.01015435917686551,"{""expression_atlas"": 0.01015435917686551}",unknown,0,[]
ENSG00000170891,CYTL1,0,0.01013762405567926,"{""expression_atlas"": 0.01013762405567926}",unknown,0,[]
ENSG00000174599,TRAM1L1,0,0.010137206444794418,"{""expression_atlas"": 0.010137206444794418}",unknown,0,[]
ENSG00000180828,BHLHE22,0,0.010129089088924924,"{""expression_atlas"": 0.010129089088924924}",unknown,0,[]
ENSG00000197614,MFAP5,0,0.010116195937388711,"{""expression_atlas"": 0.010116195937388711}",unknown,0,[]
ENSG00000102886,GDPD3,0,0.010107037481126077,"{""expression_atlas"": 0.010107037481126077}",unknown,0,[]
ENSG00000205710,C17orf107,0,0.010103044388802414,"{""expression_atlas"": 0.010103044388802414}",unknown,0,[]
ENSG00000143851,PTPN7,0,0.010096830234051788,"{""expression_atlas"": 0.010096830234051788}",unknown,0,[]
ENSG00000072163,LIMS2,0,0.010096769779078665,"{""expression_atlas"": 0.010096769779078665}",unknown,0,[]
ENSG00000057704,TMCC3,0,0.010095771094846183,"{""expression_atlas"": 0.010095771094846183}",unknown,0,[]
ENSG00000187372,PCDHB13,0,0.010092892651792636,"{""expression_atlas"": 0.010092892651792636}",unknown,0,[]
ENSG00000091986,CCDC80,0,0.010037676577552536,"{""expression_atlas"": 0.010037676577552536}",unknown,0,[]
ENSG00000148057,IDNK,0,0.01003273868003964,"{""expression_atlas"": 0.01003273868003964}",unknown,0,[]
ENSG00000198838,RYR3,0,0.010008781443270671,"{""expression_atlas"": 0.010008781443270671}",unknown,0,"[""CHEMBL1201288""]"
ENSG00000231896,ENSG00000231896,0,0.009999214556008723,"{""expression_atlas"": 0.009999214556008723}",unknown,0,[]
ENSG00000173208,ABCD2,0,0.00999702812426589,"{""expression_atlas"": 0.00999702812426589}",unknown,0,[]
ENSG00000162482,AKR7A3,0,0.009961265376716964,"{""expression_atlas"": 0.009961265376716964}",unknown,0,[]
ENSG00000101445,PPP1R16B,0,0.00994484962559285,"{""expression_atlas"": 0.00994484962559285}",unknown,0,[]
ENSG00000225032,ENSG00000225032,0,0.009935251306353018,"{""expression_atlas"": 0.009935251306353018}",unknown,0,[]
ENSG00000235162,C12orf75,0,0.009935251306353018,"{""expression_atlas"": 0.009935251306353018}",unknown,0,[]
ENSG00000068137,PLEKHH3,0,0.00992515960242414,"{""expression_atlas"": 0.00992515960242414}",unknown,0,[]
ENSG00000265107,GJA5,0,0.00991001378287077,"{""expression_atlas"": 0.00991001378287077}",unknown,0,[]
ENSG00000232762,ENSG00000232762,0,0.00991001378287077,"{""expression_atlas"": 0.00991001378287077}",unknown,0,[]
ENSG00000101955,SRPX,0,0.00991001378287077,"{""expression_atlas"": 0.00991001378287077}",unknown,0,[]
ENSG00000269365,ENSG00000269365,0,0.009905273808078551,"{""expression_atlas"": 0.009905273808078551}",unknown,0,[]
ENSG00000236426,GRK5-AS1,0,0.00989494148700276,"{""expression_atlas"": 0.00989494148700276}",unknown,0,[]
ENSG00000182575,NXPH3,0,0.009879942004442173,"{""expression_atlas"": 0.009879942004442173}",unknown,0,[]
ENSG00000167037,SGSM1,0,0.009857577776767167,"{""expression_atlas"": 0.009857577776767167}",unknown,0,[]
ENSG00000142173,COL6A2,0,0.009749848626934171,"{""expression_atlas"": 0.009749848626934171}",unknown,0,"[""CHEMBL2095222"", ""CHEMBL2108709""]"
ENSG00000233093,LINC00892,0,0.009748110968502454,"{""expression_atlas"": 0.009748110968502454}",unknown,0,[]
ENSG00000149575,SCN2B,0,0.009740948596579861,"{""expression_atlas"": 0.009740948596579861}",unknown,0,[]
ENSG00000143341,HMCN1,0,0.00974089121407218,"{""expression_atlas"": 0.00974089121407218}",unknown,0,[]
ENSG00000103241,FOXF1,0,0.00974089121407218,"{""expression_atlas"": 0.00974089121407218}",unknown,0,[]
ENSG00000143067,ZNF697,0,0.009730414928319052,"{""expression_atlas"": 0.009730414928319052}",unknown,0,[]
ENSG00000241158,ADAMTS9-AS1,0,0.009677220061369214,"{""expression_atlas"": 0.009677220061369214}",unknown,0,[]
ENSG00000265907,LPIN2-AS1,0,0.009670239135549808,"{""expression_atlas"": 0.009670239135549808}",unknown,0,[]
ENSG00000151892,GFRA1,0,0.009663234060911548,"{""expression_atlas"": 0.009663234060911548}",unknown,0,[]
ENSG00000172752,COL6A5,0,0.009661530924684672,"{""expression_atlas"": 0.009661530924684672}",unknown,0,"[""CHEMBL2095222"", ""CHEMBL2108709""]"
ENSG00000163378,EOGT,0,0.00965822806974123,"{""expression_atlas"": 0.00965822806974123}",unknown,0,[]
ENSG00000205323,SARNP,0,0.009652849549642866,"{""expression_atlas"": 0.009652849549642866}",unknown,0,[]
ENSG00000072818,ACAP1,0,0.009635566648983344,"{""expression_atlas"": 0.009635566648983344}",unknown,0,[]
ENSG00000169116,PARM1,0,0.009614773304667397,"{""expression_atlas"": 0.009614773304667397}",unknown,0,[]
ENSG00000141526,SLC16A3,0,0.009613054882143637,"{""expression_atlas"": 0.009613054882143637}",unknown,0,[]
ENSG00000187624,LIAT1,0,0.009609839493266298,"{""expression_atlas"": 0.009609839493266298}",unknown,0,[]
ENSG00000241560,ZBTB20-AS1,0,0.009609839493266298,"{""expression_atlas"": 0.009609839493266298}",unknown,0,[]
ENSG00000120324,PCDHB10,0,0.009601065172680362,"{""expression_atlas"": 0.009601065172680362}",unknown,0,[]
ENSG00000104450,SPAG1,0,0.009574156018466298,"{""expression_atlas"": 0.009574156018466298}",unknown,0,[]
ENSG00000163424,TEX55,0,0.009571543480152512,"{""expression_atlas"": 0.009571543480152512}",unknown,0,[]
ENSG00000134569,LRP4,0,0.009571543480152512,"{""expression_atlas"": 0.009571543480152512}",unknown,0,[]
ENSG00000163364,LINC01116,0,0.009570545948585377,"{""expression_atlas"": 0.009570545948585377}",unknown,0,[]
ENSG00000282939,TRBV7-2,0,0.009540116690747918,"{""expression_atlas"": 0.009540116690747918}",unknown,0,[]
ENSG00000188042,ARL4C,0,0.009517467153162228,"{""expression_atlas"": 0.009517467153162228}",unknown,0,[]
ENSG00000146426,TIAM2,0,0.009517149752352499,"{""expression_atlas"": 0.009517149752352499}",unknown,0,[]
ENSG00000138623,SEMA7A,0,0.009500992813980416,"{""expression_atlas"": 0.009500992813980416}",unknown,0,[]
ENSG00000171700,RGS19,0,0.009500992813980416,"{""expression_atlas"": 0.009500992813980416}",unknown,0,[]
ENSG00000121236,TRIM6,0,0.009477118905661563,"{""expression_atlas"": 0.009477118905661563}",unknown,0,[]
ENSG00000255833,TIFAB,0,0.009422920025090284,"{""expression_atlas"": 0.009422920025090284}",unknown,0,[]
ENSG00000211599,IGKV5-2,0,0.009421695635511951,"{""expression_atlas"": 0.009421695635511951}",unknown,0,[]
ENSG00000262655,SPON1,0,0.009388293626953318,"{""expression_atlas"": 0.009388293626953318}",unknown,0,[]
ENSG00000142765,SYTL1,0,0.009386834727965233,"{""expression_atlas"": 0.009386834727965233}",unknown,0,[]
ENSG00000204420,MPIG6B,0,0.009383204809703057,"{""expression_atlas"": 0.009383204809703057}",unknown,0,[]
ENSG00000187634,SAMD11,0,0.009370479845778646,"{""expression_atlas"": 0.009370479845778646}",unknown,0,[]
ENSG00000223764,LINC02593,0,0.009364719397570819,"{""expression_atlas"": 0.009364719397570819}",unknown,0,[]
ENSG00000103710,RASL12,0,0.009345185311979946,"{""expression_atlas"": 0.009345185311979946}",unknown,0,[]
ENSG00000132386,SERPINF1,0,0.0093335908601636,"{""expression_atlas"": 0.0093335908601636}",unknown,0,[]
ENSG00000147144,CCDC120,0,0.009322398952232814,"{""expression_atlas"": 0.009322398952232814}",unknown,0,[]
ENSG00000122224,LY9,0,0.009307625738821447,"{""expression_atlas"": 0.009307625738821447}",unknown,0,[]
ENSG00000101265,RASSF2,0,0.009295157740572279,"{""expression_atlas"": 0.009295157740572279}",unknown,0,[]
ENSG00000249306,LINC01411,0,0.009249826278184232,"{""expression_atlas"": 0.009249826278184232}",unknown,0,[]
ENSG00000167615,LENG8,0,0.009248445528379206,"{""expression_atlas"": 0.009248445528379206}",unknown,0,[]
ENSG00000166123,GPT2,0,0.009229719265988966,"{""expression_atlas"": 0.009229719265988966}",unknown,0,[]
ENSG00000106066,CPVL,0,0.009182907673350298,"{""expression_atlas"": 0.009182907673350298}",unknown,0,[]
ENSG00000197253,TPSB2,0,0.009160984574603112,"{""expression_atlas"": 0.009160984574603112}",unknown,0,[]
ENSG00000229989,MIR181A1HG,0,0.009154361660711732,"{""expression_atlas"": 0.009154361660711732}",unknown,0,[]
ENSG00000134070,IRAK2,0,0.009146463387957363,"{""expression_atlas"": 0.009146463387957363}",unknown,0,[]
ENSG00000156804,FBXO32,0,0.009133071359601574,"{""expression_atlas"": 0.009133071359601574}",unknown,0,[]
ENSG00000275832,ARHGAP23,0,0.009074959448535959,"{""expression_atlas"": 0.009074959448535959}",unknown,0,[]
ENSG00000175040,CHST2,0,0.009060873899332807,"{""expression_atlas"": 0.009060873899332807}",unknown,0,[]
ENSG00000268001,CARD8-AS1,0,0.009030750677917415,"{""expression_atlas"": 0.009030750677917415}",unknown,0,[]
ENSG00000151632,AKR1C2,0,0.008991483593812173,"{""expression_atlas"": 0.008991483593812173}",unknown,0,[]
ENSG00000069424,KCNAB2,0,0.008977808304959138,"{""expression_atlas"": 0.008977808304959138}",unknown,0,[]
ENSG00000115380,EFEMP1,0,0.00897099547462143,"{""expression_atlas"": 0.00897099547462143}",unknown,0,[]
ENSG00000166845,C18orf54,0,0.008960518710885759,"{""expression_atlas"": 0.008960518710885759}",unknown,0,[]
ENSG00000285128,ENSG00000285128,0,0.008953591846049012,"{""expression_atlas"": 0.008953591846049012}",unknown,0,[]
ENSG00000006047,YBX2,0,0.008858380488622596,"{""expression_atlas"": 0.008858380488622596}",unknown,0,[]
ENSG00000272183,ENSG00000272183,0,0.008832495515358613,"{""expression_atlas"": 0.008832495515358613}",unknown,0,[]
ENSG00000253368,TRNP1,0,0.008825149324502377,"{""expression_atlas"": 0.008825149324502377}",unknown,0,[]
ENSG00000121413,ZSCAN18,0,0.008811966975298336,"{""expression_atlas"": 0.008811966975298336}",unknown,0,[]
ENSG00000128652,HOXD3,0,0.008805818980039659,"{""expression_atlas"": 0.008805818980039659}",unknown,0,[]
ENSG00000182218,HHIPL1,0,0.008799409184392332,"{""expression_atlas"": 0.008799409184392332}",unknown,0,[]
ENSG00000130702,LAMA5,0,0.00877391485680647,"{""expression_atlas"": 0.00877391485680647}",unknown,0,"[""CHEMBL2095222""]"
ENSG00000253372,ENSG00000253372,0,0.008748649180977694,"{""expression_atlas"": 0.008748649180977694}",unknown,0,[]
ENSG00000165626,BEND7,0,0.008661962219133585,"{""expression_atlas"": 0.008661962219133585}",unknown,0,[]
ENSG00000082497,SERTAD4,0,0.008649793284567223,"{""expression_atlas"": 0.008649793284567223}",unknown,0,[]
ENSG00000232807,ENSG00000232807,0,0.008637676689666095,"{""expression_atlas"": 0.008637676689666095}",unknown,0,[]
ENSG00000136732,GYPC,0,0.008625611986122654,"{""expression_atlas"": 0.008625611986122654}",unknown,0,[]
ENSG00000156140,ADAMTS3,0,0.008613598731364658,"{""expression_atlas"": 0.008613598731364658}",unknown,0,[]
ENSG00000204172,AGAP9,0,0.008572198848519945,"{""expression_atlas"": 0.008572198848519945}",unknown,0,[]
ENSG00000173200,PARP15,0,0.008548426227118414,"{""expression_atlas"": 0.008548426227118414}",unknown,0,[]
ENSG00000267457,ENSG00000267457,0,0.008530910498327705,"{""expression_atlas"": 0.008530910498327705}",unknown,0,[]
ENSG00000251323,LINC02728,0,0.008513503003361534,"{""expression_atlas"": 0.008513503003361534}",unknown,0,[]
ENSG00000171174,RBKS,0,0.00847900742166888,"{""expression_atlas"": 0.00847900742166888}",unknown,0,[]
ENSG00000144857,BOC,0,0.00847900742166888,"{""expression_atlas"": 0.00847900742166888}",unknown,0,[]
ENSG00000165698,SPACA9,0,0.008456242821253483,"{""expression_atlas"": 0.008456242821253483}",unknown,0,[]
ENSG00000002587,HS3ST1,0,0.008385945404384204,"{""expression_atlas"": 0.008385945404384204}",unknown,0,[]
ENSG00000078596,ITM2A,0,0.008374680493452654,"{""expression_atlas"": 0.008374680493452654}",unknown,0,[]
